userid_DI,cluster,distance_to_centroid,second_centroid_distance,assignment_confidence,borderline_flag
MHxPC130350604,0,0.2849715576735283,0.28497369373297887,7.495637308187896e-06,True
MHxPC130341303,4,0.5353868990155842,0.5353951363186937,1.538546495984741e-05,True
MHxPC130533162,1,0.35358510033570945,0.35359188786502094,1.919594183134279e-05,True
MHxPC130042405,4,0.35399877785890144,0.3540109340218351,3.433838270346242e-05,True
MHxPC130396598,0,0.22781942740324998,0.22782755032688973,3.5653825132616515e-05,True
MHxPC130453447,4,0.21820987909259354,0.2182180423107204,3.74085389109659e-05,True
MHxPC130550696,2,0.5859003611869583,0.5859240338724888,4.0402311839025173e-05,True
MHxPC130022964,3,0.2190736864213597,0.21908548281735674,5.384380491738596e-05,True
MHxPC130444238,2,0.21098058533681413,0.2109920108813226,5.4151550386910164e-05,True
MHxPC130435027,4,0.3259792590627533,0.3260061987838311,8.26356099309017e-05,True
MHxPC130328566,4,0.3099913946969783,0.31002307440271276,0.00010218499315094958,True
MHxPC130137743,4,0.5235816980432066,0.5236396585739818,0.00011068781713928418,True
MHxPC130543214,4,0.24907347963184195,0.24910494873638364,0.00012632870081994785,True
MHxPC130481722,4,0.2905526082877769,0.2905917159628559,0.00013457945609149515,True
MHxPC130492773,4,0.23145442797028412,0.23149419637676555,0.00017179007985454136,True
MHxPC130044551,2,0.23774468602552207,0.23778574780118383,0.0001726839225709116,True
MHxPC130121667,4,0.5090400983162453,0.5091377030442622,0.00019170595191299862,True
MHxPC130425607,4,0.29458205138157795,0.29463906725775946,0.00019351091731372661,True
MHxPC130052247,2,0.21233183935785466,0.21237303510989727,0.0001939782610409971,True
MHxPC130178761,1,0.29136615825851686,0.2914236678730722,0.00019734023312207484,True
MHxPC130484129,4,0.19948995306276507,0.19952991484027277,0.000200279629947681,True
MHxPC130176236,0,0.21298722925020389,0.21303286091142112,0.00021420010519509314,True
MHxPC130167717,0,0.2258080238600448,0.22585739092406915,0.00021857626098644112,True
MHxPC130141131,0,0.2258080238600448,0.22585739092406915,0.00021857626098644112,True
MHxPC130438469,0,0.3473107993172633,0.347390028672905,0.0002280703218351524,True
MHxPC130500319,0,0.3473107993172633,0.347390028672905,0.0002280703218351524,True
MHxPC130070731,0,0.3473107993172633,0.347390028672905,0.0002280703218351524,True
MHxPC130170694,0,0.3473107993172633,0.347390028672905,0.0002280703218351524,True
MHxPC130179209,0,0.3473107993172633,0.347390028672905,0.0002280703218351524,True
MHxPC130453164,0,0.3473107993172633,0.347390028672905,0.0002280703218351524,True
MHxPC130014416,0,0.3473107993172633,0.347390028672905,0.0002280703218351524,True
MHxPC130005464,0,0.3473107993172633,0.347390028672905,0.0002280703218351524,True
MHxPC130193351,0,0.3473107993172633,0.347390028672905,0.0002280703218351524,True
MHxPC130399158,1,0.24577348218557202,0.24583208602352272,0.00023838970290107557,True
MHxPC130407508,1,0.20598900643072343,0.2060394044190914,0.0002446036403088561,True
MHxPC130271117,1,0.3039872204021496,0.3040663480871553,0.0002602316418884026,True
MHxPC130037071,2,0.24252754657612483,0.24259071776424748,0.0002604023299195132,True
MHxPC130016995,0,0.22602193190265313,0.22608840371971053,0.0002940080780959191,True
MHxPC130478815,1,0.21585805623587057,0.2159223033934317,0.00029754757406456254,True
MHxPC130127437,1,0.27008762423385324,0.27017056183854926,0.0003069823896860501,True
MHxPC130574643,4,0.23057843930041474,0.23064939584637742,0.00030763811759530914,True
MHxPC130092913,4,0.20303238998546966,0.20309503011496577,0.00030842768265009905,True
MHxPC130125561,4,0.1949143310183909,0.19497500504514603,0.0003111887430960061,True
MHxPC130592108,2,0.24961959540444176,0.2496995441702005,0.0003201798626602049,True
MHxPC130484686,1,0.22738061216409033,0.22745429131658168,0.00032392948959048613,True
MHxPC130308977,1,0.21159074431260141,0.21165981321000799,0.0003263203173010519,True
MHxPC130019213,0,0.2584568476913809,0.25854144945154134,0.0003272270668394665,True
MHxPC130072253,1,0.21943841629937455,0.21951512744207913,0.00034945720415017106,True
MHxPC130376762,0,0.5919057550879815,0.5921172360089502,0.00035716055555842606,True
MHxPC130536680,0,0.4737249806290884,0.473898785092945,0.0003667543984576283,True
MHxPC130361287,1,0.23129055564831358,0.2313754166258539,0.00036676747589629735,True
MHxPC130387689,0,0.3607536877790094,0.36088944333077677,0.0003761693623244643,True
MHxPC130097621,0,0.21246459311754157,0.21254600034176924,0.0003830099088986326,True
MHxPC130167672,4,0.23478414368561143,0.23487664167199926,0.0003938151777433924,True
MHxPC130107541,4,0.24177001921523067,0.24186541621115248,0.00039442181282557437,True
MHxPC130097830,2,0.3203412264243156,0.3204692836695416,0.000399592883784813,True
MHxPC130366227,2,0.3203412264243156,0.3204692836695416,0.000399592883784813,True
MHxPC130020802,2,0.3203412264243156,0.3204692836695416,0.000399592883784813,True
MHxPC130518267,2,0.3203412264243156,0.3204692836695416,0.000399592883784813,True
MHxPC130129140,2,0.3203412264243156,0.3204692836695416,0.000399592883784813,True
MHxPC130590368,2,0.3203412264243156,0.3204692836695416,0.000399592883784813,True
MHxPC130450906,2,0.3203412264243156,0.3204692836695416,0.000399592883784813,True
MHxPC130396439,0,0.30119525714914264,0.30131604189821787,0.0004008573467058594,True
MHxPC130142369,2,0.266823725768463,0.2669307487960503,0.00040093930006175924,True
MHxPC130074049,4,0.5988213089077774,0.5990675168013307,0.00041098521727224755,True
MHxPC130396971,1,0.2485740091998472,0.24867749967809635,0.0004161634180137362,True
MHxPC130147695,1,0.23040597811410293,0.23050593926398824,0.00043365975820183555,True
MHxPC130018526,1,0.25423390477037455,0.2543513408557641,0.0004617081435247867,True
MHxPC130389492,0,0.3351660958385742,0.33532518748968554,0.00047443990802577333,True
MHxPC130308374,4,0.22758082793426046,0.22769059251620788,0.00048207780890027616,True
MHxPC130553521,4,0.34093861535349046,0.34110329200367856,0.0004827764904313042,True
MHxPC130315190,4,0.2350491030523369,0.23516273740192903,0.0004832157970585106,True
MHxPC130263535,4,0.2371665805260051,0.23728308590564706,0.0004909974058930628,True
MHxPC130451253,4,0.21984622242739268,0.21995630476075478,0.0005004736439895879,True
MHxPC130319378,3,0.24742215288426328,0.24754628344586105,0.0005014438507008165,True
MHxPC130394785,0,0.23890783696085843,0.2390316897422655,0.0005181437722362308,True
MHxPC130269870,3,0.3942515605082759,0.3944621187567802,0.0005337857261627885,True
MHxPC130426508,3,0.3942515605082759,0.3944621187567802,0.0005337857261627885,True
MHxPC130422388,3,0.3942515605082759,0.3944621187567802,0.0005337857261627885,True
MHxPC130272544,3,0.3942515605082759,0.3944621187567802,0.0005337857261627885,True
MHxPC130217337,3,0.3942515605082759,0.3944621187567802,0.0005337857261627885,True
MHxPC130555055,3,0.3942515605082759,0.3944621187567802,0.0005337857261627885,True
MHxPC130437239,3,0.3942515605082759,0.3944621187567802,0.0005337857261627885,True
MHxPC130122004,3,0.3942515605082759,0.3944621187567802,0.0005337857261627885,True
MHxPC130140998,1,0.2678901920448254,0.26803455973918616,0.0005386159699004792,True
MHxPC130512366,4,0.306984639891127,0.30715162334517837,0.0005436515432760867,True
MHxPC130281368,4,0.306984639891127,0.30715162334517837,0.0005436515432760867,True
MHxPC130262651,4,0.21679238822299673,0.21691164181439493,0.0005497795802967363,True
MHxPC130020395,4,0.21326109751056121,0.21337925011731135,0.0005537211640080975,True
MHxPC130183560,0,0.22873224911725357,0.22885914843771402,0.0005544865535274258,True
MHxPC130403549,0,0.25173748059527934,0.25187836720158596,0.0005593438129359752,True
MHxPC130542767,4,0.4085426871250241,0.40878125654481245,0.0005836114449200142,True
MHxPC130103659,4,0.26783513609036774,0.2679918577354586,0.0005848000249527889,True
MHxPC130335396,4,0.26783513609036774,0.2679918577354586,0.0005848000249527889,True
MHxPC130178066,4,0.26783513609036774,0.2679918577354586,0.0005848000249527889,True
MHxPC130466796,0,0.20204942033949364,0.20216826850693564,0.0005878675635881612,True
MHxPC130538539,2,0.24205924489304775,0.2422023245543999,0.0005907443771045287,True
MHxPC130357185,1,0.22723972394870728,0.22737791738840157,0.0006077698365854539,True
MHxPC130180688,4,0.5517560624467647,0.552093252481529,0.0006107483350841549,True
MHxPC130352479,0,0.521145334057867,0.521466086979711,0.0006150983349689038,True
MHxPC130137192,2,0.20884318883006786,0.20897241501849412,0.0006183887400393029,True
MHxPC130043983,4,0.26702522358507536,0.26719047831357073,0.0006184903352036303,True
MHxPC130247171,1,0.23013699753956746,0.23028290424416295,0.0006335976397135986,True
MHxPC130517452,4,0.21189464625692056,0.2120299289140235,0.00063803566692605,True
MHxPC130595796,1,0.3516582395152104,0.35188352378491194,0.0006402239788846598,True
MHxPC130349838,3,0.30480200588914885,0.30499839142395513,0.0006438903952555452,True
MHxPC130046179,2,0.2699545916217441,0.2701326876981686,0.000659291098541503,True
MHxPC130326674,2,0.2699545916217441,0.2701326876981686,0.000659291098541503,True
MHxPC130299666,4,0.20237724549577135,0.20251200379624829,0.000665433643195378,True
MHxPC130300388,4,0.225777490479792,0.22592988790045776,0.0006745341312827784,True
MHxPC130262300,0,0.350467408871995,0.350704213599327,0.0006752263535748454,True
MHxPC130034748,4,0.2521722064906442,0.25234390393133266,0.0006804104954133481,True
MHxPC130201805,2,0.5457711537979426,0.5461523802772295,0.0006980221876783406,True
MHxPC130498981,2,0.24234044480244235,0.24250998737348878,0.0006991158297547358,True
MHxPC130436151,0,0.2805334629602475,0.2807449762634821,0.0007534001357733758,True
MHxPC130348757,0,0.2805334629602475,0.2807449762634821,0.0007534001357733758,True
MHxPC130405950,0,0.2805334629602475,0.2807449762634821,0.0007534001357733758,True
MHxPC130118671,4,0.20666948050852885,0.2068256270767346,0.0007549672176157552,True
MHxPC130243430,4,0.20666948050852885,0.2068256270767346,0.0007549672176157552,True
MHxPC130382794,0,0.2218963535729824,0.22206565466079708,0.0007623920415486509,True
MHxPC130184118,4,0.2755433149153759,0.27575780221404356,0.0007778104443302253,True
MHxPC130211904,1,0.2117699352652627,0.2119378168420677,0.0007921265742305143,True
MHxPC130280455,1,0.5280449652952305,0.5284798959354233,0.0008229842677799588,True
MHxPC130540395,2,0.3825232631297261,0.38284345302189304,0.0008363467878047062,True
MHxPC130559046,2,0.3825232631297261,0.38284345302189304,0.0008363467878047062,True
MHxPC130343135,4,0.22913300314388743,0.22932487334330517,0.0008366741758993949,True
MHxPC130534438,1,0.23647620370779168,0.23667438150801498,0.0008373436911953515,True
MHxPC130216799,0,0.2872615155850494,0.28750326733552306,0.0008408660976764135,True
MHxPC130526051,0,0.2872615155850494,0.28750326733552306,0.0008408660976764135,True
MHxPC130506653,2,0.2454380098120762,0.2456460066142761,0.0008467339040707923,True
MHxPC130146611,3,0.2703597866949269,0.2705901488669635,0.0008513324413367667,True
MHxPC130531398,2,0.30532779187998504,0.3055911581248249,0.0008618254744539449,True
MHxPC130364380,4,0.24939278441741614,0.24961052456596314,0.0008723195823798734,True
MHxPC130353027,0,0.21975322913732917,0.21994536813888813,0.0008735760301968529,True
MHxPC130256532,0,0.4512700322713763,0.4516721668959327,0.0008903241200803472,True
MHxPC130564040,0,0.2538427391888588,0.2540701354422135,0.0008950137054043355,True
MHxPC130582255,4,0.5870061533823748,0.5875414257619644,0.0009110376836755548,True
MHxPC130169055,1,0.224494909684774,0.22470116606712842,0.000917914161125429,True
MHxPC130557738,4,0.249601222116919,0.24983131759675986,0.0009210033475956475,True
MHxPC130583085,4,0.26370808999463774,0.26395354170399254,0.000929904966496201,True
MHxPC130014831,1,0.20301042100881117,0.20320113572264215,0.000938551416815355,True
MHxPC130227270,1,0.3269301502315815,0.3272439655315062,0.0009589643598622078,True
MHxPC130159326,4,0.35939588765273883,0.35975081727353586,0.000986598511400069,True
MHxPC130419753,4,0.35939588765273883,0.35975081727353586,0.000986598511400069,True
MHxPC130564731,4,0.35939588765273883,0.35975081727353586,0.000986598511400069,True
MHxPC130153276,4,0.35939588765273883,0.35975081727353586,0.000986598511400069,True
MHxPC130065478,4,0.35939588765273883,0.35975081727353586,0.000986598511400069,True
MHxPC130530130,4,0.35939588765273883,0.35975081727353586,0.000986598511400069,True
MHxPC130089185,4,0.35939588765273883,0.35975081727353586,0.000986598511400069,True
MHxPC130050485,4,0.35939588765273883,0.35975081727353586,0.000986598511400069,True
MHxPC130060006,4,0.35939588765273883,0.35975081727353586,0.000986598511400069,True
MHxPC130234105,1,0.22737710793484092,0.22760327721749746,0.0009936995873763637,True
MHxPC130368037,0,0.23061736589608048,0.23084741736485226,0.000996552057622486,True
MHxPC130450754,2,0.2631330789300732,0.2633960235828839,0.0009982863417371968,True
MHxPC130337990,2,0.2631330789300732,0.2633960235828839,0.0009982863417371968,True
MHxPC130357141,2,0.2631330789300732,0.2633960235828839,0.0009982863417371968,True
MHxPC130456096,2,0.2631330789300732,0.2633960235828839,0.0009982863417371968,True
MHxPC130089180,2,0.2631330789300732,0.2633960235828839,0.0009982863417371968,True
MHxPC130255834,2,0.2631330789300732,0.2633960235828839,0.0009982863417371968,True
MHxPC130397493,2,0.2631330789300732,0.2633960235828839,0.0009982863417371968,True
MHxPC130056414,2,0.2631330789300732,0.2633960235828839,0.0009982863417371968,True
MHxPC130058034,2,0.2631330789300732,0.2633960235828839,0.0009982863417371968,True
MHxPC130567107,2,0.2631330789300732,0.2633960235828839,0.0009982863417371968,True
MHxPC130475505,2,0.2631330789300732,0.2633960235828839,0.0009982863417371968,True
MHxPC130443205,2,0.2631330789300732,0.2633960235828839,0.0009982863417371968,True
MHxPC130014968,2,0.2631330789300732,0.2633960235828839,0.0009982863417371968,True
MHxPC130131023,2,0.2631330789300732,0.2633960235828839,0.0009982863417371968,True
MHxPC130569809,2,0.2631330789300732,0.2633960235828839,0.0009982863417371968,True
MHxPC130216603,2,0.2631330789300732,0.2633960235828839,0.0009982863417371968,True
MHxPC130057047,2,0.2631330789300732,0.2633960235828839,0.0009982863417371968,True
MHxPC130285783,2,0.2631330789300732,0.2633960235828839,0.0009982863417371968,True
MHxPC130063512,2,0.2631330789300732,0.2633960235828839,0.0009982863417371968,True
MHxPC130382372,2,0.2631330789300732,0.2633960235828839,0.0009982863417371968,True
MHxPC130225205,2,0.2631330789300732,0.2633960235828839,0.0009982863417371968,True
MHxPC130193476,3,0.20761476061869433,0.2078256822749807,0.0010148969750874404,True
MHxPC130415364,4,0.31290535368816247,0.31322401554367546,0.0010173608653853616,True
MHxPC130140438,4,0.22420374215745775,0.22443263426032575,0.0010198699650893987,True
MHxPC130153711,4,0.5220924867410023,0.5226263203759097,0.0010214442214151647,True
MHxPC130452575,4,0.26758627254191597,0.26786116802540927,0.0010262610497809134,True
MHxPC130198023,2,0.2449054979807862,0.24515717401285986,0.001026590525392717,True
MHxPC130406804,2,0.2025002825669372,0.20270932597411198,0.0010312471129299838,True
MHxPC130583203,1,0.373278870959959,0.3736648777024709,0.001033029234337864,True
MHxPC130396021,4,0.20704653311504004,0.2072608734876185,0.0010341574315100037,True
MHxPC130381659,2,0.2519258116787269,0.2521870893883551,0.001036047127796616,True
MHxPC130398792,4,0.3139596926848219,0.31428906093671055,0.0010479787330396433,True
MHxPC130019044,1,0.2157313156285327,0.21595810046247946,0.0010501334909924077,True
MHxPC130424702,0,0.251538331889773,0.25180448657642246,0.001056989453477034,True
MHxPC130100646,1,0.34102570086444245,0.34138674625986887,0.00105758468769489,True
MHxPC130203585,2,0.21617396600418995,0.21640550465763309,0.0010699295926388046,True
MHxPC130141471,1,0.38612002169576753,0.38653616273933594,0.001076590196941123,True
MHxPC130453496,4,0.20856450193316928,0.20879022878050846,0.0010811178696320924,True
MHxPC130479284,0,0.37797625297910964,0.3783991076052667,0.0011174831485019014,True
MHxPC130534401,1,0.2945481440254146,0.2948803462637434,0.0011265662243614735,True
MHxPC130210796,4,0.313577467465289,0.31393400136258054,0.0011356969800788955,True
MHxPC130100222,4,0.2121116682751536,0.21235297220809687,0.0011363341442040607,True
MHxPC130116932,4,0.30622440087809066,0.30657767469599234,0.0011523142324436717,True
MHxPC130464323,4,0.30622440087809066,0.30657767469599234,0.0011523142324436717,True
MHxPC130549215,1,0.3170851994725094,0.31745145915312706,0.0011537501878073992,True
MHxPC130557045,4,0.248738822889557,0.24902982387160225,0.0011685386815166127,True
MHxPC130293600,4,0.27342202897695,0.27375754291768106,0.001225587931405226,True
MHxPC130128735,2,0.24430004618655804,0.24460276708741555,0.0012376021108106287,True
MHxPC130557134,1,0.24314815111764207,0.2434524085132159,0.0012497612877685259,True
MHxPC130247758,1,0.2435995021104981,0.24391230165585656,0.001282426278768809,True
MHxPC130577489,1,0.2913873009186323,0.29176263065216196,0.0012864215430561004,True
MHxPC130167853,0,0.3362267348959264,0.33666004014131523,0.0012870706164204479,True
MHxPC130369887,2,0.24459560278413103,0.2449133598048683,0.0012974262448991914,True
MHxPC130334218,0,0.5555019175339092,0.5562276049205903,0.0013046590644934083,True
MHxPC130292622,2,0.21566323585099403,0.21594951286842676,0.0013256664191094777,True
MHxPC130434689,2,0.24467424684655945,0.24500095194016655,0.0013334849967721423,True
MHxPC130028279,4,0.23121930499833568,0.23152898664171315,0.0013375502042718096,True
MHxPC130226235,0,0.2911813718272652,0.29157145061049805,0.0013378497188804776,True
MHxPC130212261,4,0.3860279657946127,0.3865470436453388,0.0013428581572658327,True
MHxPC130524654,1,0.2600628306263265,0.2604154551614002,0.0013540845141281118,True
MHxPC130432207,1,0.2866190189087633,0.287010037742888,0.0013623873130006016,True
MHxPC130264430,4,0.23389898469193543,0.23421910891663028,0.0013667724472848134,True
MHxPC130097053,4,0.23389898469193543,0.23421910891663028,0.0013667724472848134,True
MHxPC130254107,4,0.23389898469193543,0.23421910891663028,0.0013667724472848134,True
MHxPC130576925,4,0.23389898469193543,0.23421910891663028,0.0013667724472848134,True
MHxPC130150153,4,0.23389898469193543,0.23421910891663028,0.0013667724472848134,True
MHxPC130250065,4,0.23389898469193543,0.23421910891663028,0.0013667724472848134,True
MHxPC130293661,4,0.23389898469193543,0.23421910891663028,0.0013667724472848134,True
MHxPC130031539,4,0.2717408138638744,0.27211311674566796,0.001368191604455248,True
MHxPC130048135,4,0.2717408138638744,0.27211311674566796,0.001368191604455248,True
MHxPC130178830,4,0.2717408138638744,0.27211311674566796,0.001368191604455248,True
MHxPC130573422,4,0.2717408138638744,0.27211311674566796,0.001368191604455248,True
MHxPC130565441,4,0.2497558279543894,0.25009863653029535,0.0013706935018193759,True
MHxPC130304390,1,0.24002703784940665,0.24035911845594315,0.0013816018658654263,True
MHxPC130467233,3,0.20831400492848268,0.2086031946470342,0.0013863149077886407,True
MHxPC130184180,3,0.20831400492848268,0.2086031946470342,0.0013863149077886407,True
MHxPC130082354,3,0.20831400492848268,0.2086031946470342,0.0013863149077886407,True
MHxPC130254666,4,0.24876744554120422,0.24911328497127114,0.0013882817614756955,True
MHxPC130201078,2,0.22008613733742138,0.22039212416451995,0.0013883745994033303,True
MHxPC130040337,3,0.3232095295482886,0.32366058850181806,0.0013936171704357762,True
MHxPC130442499,4,0.3672334828142505,0.36775059946581545,0.0014061612742877984,True
MHxPC130013574,4,0.5262381682649555,0.5269813745515957,0.0014103084521204202,True
MHxPC130078858,0,0.24622843427293778,0.24657758104145655,0.0014159712616374062,True
MHxPC130356266,4,0.22569996567171186,0.22602410354484703,0.0014340854274016086,True
MHxPC130255692,4,0.35016396403100597,0.35067049431971153,0.001444462242790673,True
MHxPC130269700,4,0.2454010871311817,0.245756207689539,0.0014450115490304881,True
MHxPC130020670,4,0.3261750375614807,0.32665571397433535,0.00147150774436604,True
MHxPC130295761,4,0.19491925160716736,0.19521265280215888,0.001502982469527082,True
MHxPC130213981,4,0.19491925160716736,0.19521265280215888,0.001502982469527082,True
MHxPC130485836,4,0.19491925160716736,0.19521265280215888,0.001502982469527082,True
MHxPC130088281,0,0.5637540347156009,0.5646046844011724,0.0015066288131733807,True
MHxPC130144757,0,0.23147838044038993,0.23183200997142012,0.001525369732479053,True
MHxPC130012182,0,0.21192234621816652,0.21224975782334948,0.001542577049512848,True
MHxPC130173025,0,0.21192234621816652,0.21224975782334948,0.001542577049512848,True
MHxPC130233327,0,0.21192234621816652,0.21224975782334948,0.001542577049512848,True
MHxPC130224766,0,0.21192234621816652,0.21224975782334948,0.001542577049512848,True
MHxPC130011969,0,0.21192234621816652,0.21224975782334948,0.001542577049512848,True
MHxPC130361484,0,0.21192234621816652,0.21224975782334948,0.001542577049512848,True
MHxPC130209079,0,0.21192234621816652,0.21224975782334948,0.001542577049512848,True
MHxPC130395987,0,0.21192234621816652,0.21224975782334948,0.001542577049512848,True
MHxPC130453933,0,0.21192234621816652,0.21224975782334948,0.001542577049512848,True
MHxPC130389741,0,0.21192234621816652,0.21224975782334948,0.001542577049512848,True
MHxPC130008515,0,0.412825370510625,0.4134727251277237,0.0015656525273794624,True
MHxPC130597265,1,0.34928496183450436,0.34983772295462084,0.001580050074211655,True
MHxPC130158132,0,0.20813638317994096,0.2084667214605862,0.001584609180452325,True
MHxPC130173676,1,0.2382309399742751,0.23861260772652393,0.00159952885928917,True
MHxPC130525404,2,0.23782309649328298,0.23820487178748273,0.0016027182455796037,True
MHxPC130554933,1,0.2470890140384039,0.24748649289351113,0.0016060628216921296,True
MHxPC130291575,1,0.20364852636302933,0.2039761405621594,0.001606139807465573,True
MHxPC130204446,1,0.20364852636302933,0.2039761405621594,0.001606139807465573,True
MHxPC130327092,1,0.20364852636302933,0.2039761405621594,0.001606139807465573,True
MHxPC130410397,2,0.2530617734456408,0.2534712337545579,0.0016154113539904758,True
MHxPC130473090,1,0.2490941262751764,0.24950128477643885,0.0016318893973923465,True
MHxPC130244909,1,0.29676297399270096,0.29724907193492645,0.0016353219845608104,True
MHxPC130121293,2,0.2378257340283278,0.2382218248313859,0.0016626973760211184,True
MHxPC130431296,2,0.2548279623410038,0.2552533456655933,0.0016665141978072907,True
MHxPC130483016,0,0.21630584559340377,0.21666714370927062,0.0016675260940886016,True
MHxPC130374327,1,0.3029525002068554,0.3034610565908227,0.0016758538630313184,True
MHxPC130022971,3,0.23224582473370234,0.23263582937972851,0.0016764599290919058,True
MHxPC130306950,4,0.5205232694205515,0.5214094097408069,0.0016995096438628884,True
MHxPC130476460,0,0.24715633675151338,0.2475924153854912,0.0017612762220476932,True
MHxPC130491775,4,0.20239180085482292,0.20275154362027673,0.0017743034604340768,True
MHxPC130363197,1,0.19476974622019785,0.19511637048267508,0.0017765001553675475,True
MHxPC130333567,1,0.3090661777358385,0.30961748989845006,0.001780623448605515,True
MHxPC130025040,2,0.21417328759946497,0.21455533328391882,0.0017806394211058608,True
MHxPC130064574,4,0.2551569240682272,0.255616025679121,0.0017960595767579732,True
MHxPC130443987,0,0.21685741995536922,0.21725072705467918,0.001810383351264773,True
MHxPC130137412,1,0.21241551417899135,0.21280091678666882,0.0018110946771147315,True
MHxPC130114568,1,0.1948628000072548,0.19521791340460273,0.0018190615356692462,True
MHxPC130131058,1,0.1948628000072548,0.19521791340460273,0.0018190615356692462,True
MHxPC130007937,1,0.1948628000072548,0.19521791340460273,0.0018190615356692462,True
MHxPC130015655,1,0.1948628000072548,0.19521791340460273,0.0018190615356692462,True
MHxPC130453950,1,0.1994500719893252,0.19981472326512736,0.0018249469800997052,True
MHxPC130532463,4,0.2394906633756895,0.23992891557457752,0.0018265918379970945,True
MHxPC130162530,1,0.28065299341376637,0.2811672794629903,0.0018291105928335022,True
MHxPC130188680,1,0.2021650830189861,0.2025367360533162,0.0018349907358646243,True
MHxPC130578821,1,0.2021650830189861,0.2025367360533162,0.0018349907358646243,True
MHxPC130253213,1,0.2313677340250845,0.2317964285640322,0.0018494441075017482,True
MHxPC130560352,4,0.2599970999811825,0.2604789604569186,0.001849901715251256,True
MHxPC130578705,1,0.2429074203732928,0.24335935474949633,0.0018570659700701852,True
MHxPC130148071,4,0.2420843028926209,0.24253574832523392,0.001861356256677046,True
MHxPC130005846,0,0.21994656695046663,0.22036183775393384,0.0018844950999678776,True
MHxPC130308175,1,0.30716034699557565,0.30775376855876313,0.0019282349196454126,True
MHxPC130158591,1,0.5429486723297398,0.5440065298930402,0.0019445677674281737,True
MHxPC130058032,4,0.19955360045977094,0.19994428370575468,0.00195396056712819,True
MHxPC130165081,4,0.19955360045977094,0.19994428370575468,0.00195396056712819,True
MHxPC130167253,0,0.4724298592354866,0.4733752403321094,0.00199710719124132,True
MHxPC130212885,0,0.211160849198229,0.21158524396337086,0.002005786212649741,True
MHxPC130436679,4,0.22583285671737505,0.2262888653276467,0.002015161504351465,True
MHxPC130097981,4,0.25997912085072694,0.26050519585993587,0.0020194415219717057,True
MHxPC130247923,4,0.2379040257359388,0.23838564690829347,0.0020203446751135674,True
MHxPC130170049,4,0.30622970947425765,0.30685509672105843,0.002038053965808094,True
MHxPC130536422,4,0.25480106580193274,0.25532802820467965,0.0020638643021379543,True
MHxPC130585997,4,0.25480106580193274,0.25532802820467965,0.0020638643021379543,True
MHxPC130345963,1,0.27176158146457635,0.27232397680775455,0.0020651701321739327,True
MHxPC130119500,4,0.23781702182590408,0.23831697310677005,0.002097841686844441,True
MHxPC130276177,4,0.29083358389723096,0.2914535080449047,0.002127008701429812,True
MHxPC130303148,1,0.20292954975802638,0.20336296405110998,0.002131235129788326,True
MHxPC130284319,0,0.23872891788341452,0.2392392474808942,0.0021331349385741395,True
MHxPC130323991,0,0.2120878694290385,0.21254161342277997,0.002134847790201375,True
MHxPC130489198,1,0.2383018012994928,0.23881186867488194,0.0021358543786763975,True
MHxPC130062936,1,0.2061327074894407,0.2065770423218354,0.0021509400434848456,True
MHxPC130364845,3,0.2516042795083372,0.2521472333048493,0.002153320460413908,True
MHxPC130591745,3,0.21964993091580579,0.22012473823010992,0.002156992067869204,True
MHxPC130342947,1,0.29990987379432754,0.3005590904832464,0.002160030122113584,True
MHxPC130151239,4,0.5194743872768315,0.5206015846064502,0.0021651822870859152,True
MHxPC130260530,4,0.5194743872768315,0.5206015846064502,0.0021651822870859152,True
MHxPC130187031,4,0.5194743872768315,0.5206015846064502,0.0021651822870859152,True
MHxPC130432354,4,0.5194743872768315,0.5206015846064502,0.0021651822870859152,True
MHxPC130168281,4,0.5194743872768315,0.5206015846064502,0.0021651822870859152,True
MHxPC130316745,4,0.5194743872768315,0.5206015846064502,0.0021651822870859152,True
MHxPC130537736,4,0.5194743872768315,0.5206015846064502,0.0021651822870859152,True
MHxPC130107418,4,0.5194743872768315,0.5206015846064502,0.0021651822870859152,True
MHxPC130061927,4,0.5194743872768315,0.5206015846064502,0.0021651822870859152,True
MHxPC130083124,4,0.5194743872768315,0.5206015846064502,0.0021651822870859152,True
MHxPC130035423,4,0.5194743872768315,0.5206015846064502,0.0021651822870859152,True
MHxPC130272488,4,0.5194743872768315,0.5206015846064502,0.0021651822870859152,True
MHxPC130533915,1,0.29885761472109956,0.2995069984119128,0.002168175349011859,True
MHxPC130463640,1,0.22129311774050636,0.22177711270200962,0.002182348555297374,True
MHxPC130590404,1,0.22012469517979305,0.22060758584868248,0.0021889123487378644,True
MHxPC130370882,0,0.2076064501483526,0.20806268614086723,0.002192781420719207,True
MHxPC130432385,4,0.21321541422176712,0.2136853545123989,0.0021992161872960874,True
MHxPC130378801,2,0.25203303842301616,0.2525924871455877,0.0022148272456301086,True
MHxPC130170269,1,0.3077815885032982,0.3084655703097261,0.002217368394602833,True
MHxPC130201034,0,0.20784105600128872,0.20830353556890435,0.002220219480925008,True
MHxPC130005527,2,0.2680685893436826,0.26866738773859483,0.0022287721630540364,True
MHxPC130402899,0,0.2500661894273491,0.2506262549938115,0.002234664386922512,True
MHxPC130156862,0,0.21550212156981224,0.2159866509495203,0.002243330213131073,True
MHxPC130189878,2,0.22180891569452846,0.2223107987784098,0.0022575740208716135,True
MHxPC130031576,0,0.22955658066040108,0.23007786692936344,0.002265694983700466,True
MHxPC130517345,4,0.22057854808216013,0.22108341614443394,0.00228360892498597,True
MHxPC130381904,1,0.3122064486516827,0.3129243083001604,0.002294036063791901,True
MHxPC130129116,1,0.19444616709246695,0.19490313351420668,0.0023445822214367877,True
MHxPC130439913,0,0.25370512202289885,0.25430219083459293,0.0023478712854756085,True
MHxPC130118711,0,0.25370512202289885,0.25430219083459293,0.0023478712854756085,True
MHxPC130078384,0,0.25370512202289885,0.25430219083459293,0.0023478712854756085,True
MHxPC130237536,0,0.25370512202289885,0.25430219083459293,0.0023478712854756085,True
MHxPC130595902,0,0.25370512202289885,0.25430219083459293,0.0023478712854756085,True
MHxPC130204272,0,0.25370512202289885,0.25430219083459293,0.0023478712854756085,True
MHxPC130314178,4,0.2083144427761134,0.20880661715173432,0.0023570822722694517,True
MHxPC130160877,0,0.5455666302771589,0.5468699693246639,0.002383270467593097,True
MHxPC130247068,0,0.26596706643712775,0.26660499334061594,0.0023927792780428733,True
MHxPC130155151,1,0.20808340373040235,0.20858425532915328,0.0024011956125862565,True
MHxPC130261651,2,0.24570976365977423,0.24630770447237588,0.002427617170492142,True
MHxPC130336898,2,0.24570976365977423,0.24630770447237588,0.002427617170492142,True
MHxPC130587949,3,0.20775619011442048,0.2082655127372174,0.0024455447092653223,True
MHxPC130226605,3,0.20775619011442048,0.2082655127372174,0.0024455447092653223,True
MHxPC130123887,4,0.23665474719707327,0.23723765505416045,0.0024570629690050553,True
MHxPC130017047,0,0.2109880640722718,0.21151231019320826,0.0024785608008232847,True
MHxPC130369981,4,0.24081279910529169,0.24141592828503697,0.002498299031177323,True
MHxPC130353030,2,0.21247249028270315,0.21301149338413097,0.00253039445367306,True
MHxPC130483747,1,0.2042255161025585,0.20474369430783115,0.0025308628283983283,True
MHxPC130368058,2,0.2058962041796095,0.20641935934834482,0.0025344287977004786,True
MHxPC130044114,4,0.2907279108375419,0.2914694544299402,0.0025441554205006796,True
MHxPC130197706,4,0.19469724196227264,0.1951965361451148,0.0025579049336765863,True
MHxPC130183299,1,0.30332640667482513,0.30410556230350716,0.0025621222537995023,True
MHxPC130400005,0,0.27259130378525176,0.273292466714399,0.0025656138186932846,True
MHxPC130186874,0,0.27259130378525176,0.273292466714399,0.0025656138186932846,True
MHxPC130230255,0,0.27259130378525176,0.273292466714399,0.0025656138186932846,True
MHxPC130033299,0,0.27259130378525176,0.273292466714399,0.0025656138186932846,True
MHxPC130186396,0,0.27259130378525176,0.273292466714399,0.0025656138186932846,True
MHxPC130508657,0,0.27259130378525176,0.273292466714399,0.0025656138186932846,True
MHxPC130088515,0,0.27259130378525176,0.273292466714399,0.0025656138186932846,True
MHxPC130123909,0,0.27259130378525176,0.273292466714399,0.0025656138186932846,True
MHxPC130557104,0,0.27259130378525176,0.273292466714399,0.0025656138186932846,True
MHxPC130218855,0,0.27259130378525176,0.273292466714399,0.0025656138186932846,True
MHxPC130219362,0,0.27259130378525176,0.273292466714399,0.0025656138186932846,True
MHxPC130586384,0,0.27259130378525176,0.273292466714399,0.0025656138186932846,True
MHxPC130306110,0,0.27259130378525176,0.273292466714399,0.0025656138186932846,True
MHxPC130497633,0,0.27259130378525176,0.273292466714399,0.0025656138186932846,True
MHxPC130422802,0,0.27259130378525176,0.273292466714399,0.0025656138186932846,True
MHxPC130492492,0,0.27259130378525176,0.273292466714399,0.0025656138186932846,True
MHxPC130290132,0,0.27259130378525176,0.273292466714399,0.0025656138186932846,True
MHxPC130074506,4,0.320979346771882,0.3218062466007393,0.002569558041809026,True
MHxPC130102433,4,0.1995559677122421,0.20007067184208738,0.002572611593225048,True
MHxPC130420480,4,0.19879735688291728,0.1993105703111061,0.002574943352917758,True
MHxPC130038477,0,0.2324657831928158,0.2330661518776644,0.0025759582848552958,True
MHxPC130196701,1,0.31807554705388436,0.31889996411638033,0.002585190201511309,True
MHxPC130379276,2,0.2505217158835238,0.251172070401673,0.0025892788044035568,True
MHxPC130135333,4,0.19937356890619706,0.19989214908928932,0.0025942999034975155,True
MHxPC130316644,4,0.3843330378310413,0.385333310660646,0.0025958638973874212,True
MHxPC130206705,1,0.29393838213683976,0.2947083381445444,0.0026126034049535228,True
MHxPC130189322,4,0.21801666170001668,0.21858893451587763,0.00261803195632201,True
MHxPC130141601,4,0.27520026589882146,0.2759246048080351,0.0026251334480213292,True
MHxPC130002126,0,0.45775253775902636,0.45895752477544216,0.0026254870034114323,True
MHxPC130413112,0,0.45775253775902636,0.45895752477544216,0.0026254870034114323,True
MHxPC130440219,0,0.45775253775902636,0.45895752477544216,0.0026254870034114323,True
MHxPC130496734,0,0.45775253775902636,0.45895752477544216,0.0026254870034114323,True
MHxPC130184052,0,0.45775253775902636,0.45895752477544216,0.0026254870034114323,True
MHxPC130198941,0,0.45775253775902636,0.45895752477544216,0.0026254870034114323,True
MHxPC130413790,0,0.45775253775902636,0.45895752477544216,0.0026254870034114323,True
MHxPC130433134,0,0.45775253775902636,0.45895752477544216,0.0026254870034114323,True
MHxPC130277092,0,0.45775253775902636,0.45895752477544216,0.0026254870034114323,True
MHxPC130207508,4,0.27956577051649956,0.28030176069054175,0.0026257065679110587,True
MHxPC130078187,4,0.2752168580948358,0.2759425332173163,0.0026298052497365724,True
MHxPC130003055,4,0.2624183222257011,0.2631128955920684,0.0026398301945799404,True
MHxPC130198992,3,0.2253687610968193,0.22596561060210693,0.0026413289336251885,True
MHxPC130182279,1,0.24908830552551756,0.2497488445159297,0.0026448129988045897,True
MHxPC130567558,2,0.25436626584950583,0.25504097554614696,0.002645495278538282,True
MHxPC130388989,4,0.224909837443455,0.2255074494351955,0.0026500764974162422,True
MHxPC130419550,4,0.28413047903091454,0.2848856102194999,0.002650647001803697,True
MHxPC130548853,2,0.3325707774737425,0.333460764472164,0.00266894067681481,True
MHxPC130507182,4,0.229795856350295,0.23041172952368105,0.0026729245714148717,True
MHxPC130209799,4,0.22629899793060448,0.22690977656699454,0.0026917246388884755,True
MHxPC130585183,1,0.22755679050152125,0.2281721239720161,0.0026967951202063922,True
MHxPC130371143,1,0.22705956498859342,0.22767592193501465,0.0027071678954138935,True
MHxPC130100371,1,0.22705956498859342,0.22767592193501465,0.0027071678954138935,True
MHxPC130540939,1,0.2922304409436804,0.29302708158518603,0.002718658757395602,True
MHxPC130278709,1,0.19691770583521306,0.19746348035572706,0.0027639263702371117,True
MHxPC130492465,1,0.19691770583521306,0.19746348035572706,0.0027639263702371117,True
MHxPC130387616,1,0.19691770583521306,0.19746348035572706,0.0027639263702371117,True
MHxPC130568346,1,0.22490160948250418,0.22552854443773998,0.0027798474769515314,True
MHxPC130381890,1,0.35349523453656834,0.35448621450909445,0.002795538816364026,True
MHxPC130287957,3,0.21017116865173144,0.21076425991066935,0.0028140029964724258,True
MHxPC130537646,4,0.21992644936502484,0.22054983680772064,0.0028265150939072343,True
MHxPC130498429,1,0.21151400521041794,0.21211486277631847,0.0028326990293657713,True
MHxPC130397661,0,0.21928037332506733,0.21990424292013405,0.0028370057202274966,True
MHxPC130348829,4,0.524912356804705,0.526409474423474,0.0028440172365981203,True
MHxPC130517955,4,0.31110803854289826,0.3119965237830264,0.002847740831708813,True
MHxPC130548335,4,0.31110803854289826,0.3119965237830264,0.002847740831708813,True
MHxPC130297206,4,0.21789408424446066,0.21851641317471046,0.00284797339114398,True
MHxPC130407066,2,0.24262374358366134,0.2433174681610726,0.0028511088112754355,True
MHxPC130346182,1,0.25043161763240956,0.2511502943371269,0.002861540364163824,True
MHxPC130452919,0,0.20759683207654886,0.20819472296904698,0.002871786969293219,True
MHxPC130515806,4,0.309531531093278,0.3104233246968933,0.002872830527429189,True
MHxPC130570974,4,0.21139490763743587,0.21200866793697032,0.0028949773870420867,True
MHxPC130460708,4,0.21139490763743587,0.21200866793697032,0.0028949773870420867,True
MHxPC130146909,1,0.20008817293630052,0.2006698994720596,0.002898922744714275,True
MHxPC130500722,4,0.22733721390034503,0.22800243696302913,0.0029176138270485554,True
MHxPC130435405,1,0.21289472353364286,0.21351874178564903,0.002922545565731276,True
MHxPC130332599,4,0.23032218595470494,0.23099775726567828,0.002924579523931684,True
MHxPC130474470,0,0.4314426615349166,0.4327108376258721,0.0029307703451882526,True
MHxPC130205708,1,0.2668359992631875,0.26762363415569534,0.0029430692658840613,True
MHxPC130169908,0,0.36357139924650855,0.36464587657101394,0.0029466323179336246,True
MHxPC130057236,3,0.21925374760852667,0.21990341246567582,0.002954319125223016,True
MHxPC130181742,1,0.33861178508130263,0.33961784903493464,0.002962341221142708,True
MHxPC130475767,1,0.20419923440773702,0.20480694725196427,0.002967247216861319,True
MHxPC130197931,2,0.259079028930612,0.25985158105501727,0.0029730514675670827,True
MHxPC130523488,4,0.2253339960236638,0.22600615181699557,0.0029740597232770687,True
MHxPC130370281,4,0.2253339960236638,0.22600615181699557,0.0029740597232770687,True
MHxPC130276214,0,0.29261103893788154,0.2934854579894304,0.002979428887343125,True
MHxPC130441195,4,0.22923130803038907,0.22991703970247043,0.002982517837602402,True
MHxPC130086281,0,0.26107726032407674,0.26186006688170294,0.002989407919076987,True
MHxPC130070625,0,0.21906129852965564,0.2197197900893186,0.0029969606260559487,True
MHxPC130494409,4,0.23230880445155452,0.2330071656500518,0.002997166188211291,True
MHxPC130235774,1,0.23666386078949378,0.2373804652283149,0.0030188012233099745,True
MHxPC130291799,4,0.23398734968769958,0.23469890457975306,0.0030317776443293805,True
MHxPC130554349,4,0.23398734968769958,0.23469890457975306,0.0030317776443293805,True
MHxPC130058394,4,0.23398734968769958,0.23469890457975306,0.0030317776443293805,True
MHxPC130306228,2,0.25359285262629905,0.2543682754454721,0.003048425822029277,True
MHxPC130490254,2,0.25359285262629905,0.2543682754454721,0.003048425822029277,True
MHxPC130477598,2,0.25359285262629905,0.2543682754454721,0.003048425822029277,True
MHxPC130094742,2,0.25359285262629905,0.2543682754454721,0.003048425822029277,True
MHxPC130026890,2,0.25359285262629905,0.2543682754454721,0.003048425822029277,True
MHxPC130460487,2,0.25359285262629905,0.2543682754454721,0.003048425822029277,True
MHxPC130367258,2,0.25359285262629905,0.2543682754454721,0.003048425822029277,True
MHxPC130497666,2,0.25359285262629905,0.2543682754454721,0.003048425822029277,True
MHxPC130204199,2,0.25359285262629905,0.2543682754454721,0.003048425822029277,True
MHxPC130584564,2,0.25359285262629905,0.2543682754454721,0.003048425822029277,True
MHxPC130563122,4,0.2721728642478519,0.2730053682538296,0.0030494052600593745,True
MHxPC130214497,4,0.20266017374165068,0.20328267597307592,0.003062249296185403,True
MHxPC130466433,2,0.23693780572266332,0.2376683694967051,0.0030738788488718968,True
MHxPC130500732,1,0.3251900914029805,0.3261938163161406,0.0030770813637598098,True
MHxPC130399779,3,0.2511506303452627,0.25192727831917633,0.003082826040495982,True
MHxPC130301530,3,0.2511506303452627,0.25192727831917633,0.003082826040495982,True
MHxPC130194562,4,0.5645435524043597,0.5663016397542652,0.003104506903190926,True
MHxPC130480545,4,0.2113902851321037,0.2120538317715288,0.0031291424157806774,True
MHxPC130510288,4,0.2324630210943605,0.2331948192973421,0.003138140912335108,True
MHxPC130386523,4,0.5896113694585805,0.5914680263359229,0.0031390655025668175,True
MHxPC130122709,1,0.5285513026477946,0.5302161513960137,0.0031399434812307125,True
MHxPC130048807,0,0.21706478930605988,0.2177496484389687,0.0031451675711925953,True
MHxPC130461893,0,0.2569682560632895,0.2577796064941331,0.0031474577910882676,True
MHxPC130451885,1,0.38444112375091544,0.38566318443297704,0.0031687252799572733,True
MHxPC130002117,4,0.21641368604197575,0.21710163339415747,0.00316878017648409,True
MHxPC130359851,4,0.2633167029875002,0.2641547786828001,0.0031726690672752786,True
MHxPC130350042,1,0.2902881788886722,0.2912200700690692,0.0031999552097352864,True
MHxPC130450911,2,0.24969578397763934,0.25049875942069644,0.0032055066656380407,True
MHxPC130247289,0,0.29100317724107844,0.29194316123182307,0.0032197499909861504,True
MHxPC130559280,4,0.22841788346849579,0.2291564981465275,0.003223188886223191,True
MHxPC130341917,1,0.24585194876806896,0.246648265181113,0.0032285506344806535,True
MHxPC130486563,1,0.21425977667733467,0.21495463499041004,0.0032325812053616066,True
MHxPC130329438,1,0.21425977667733467,0.21495463499041004,0.0032325812053616066,True
MHxPC130590007,4,0.19699337486684032,0.19763419888280126,0.003242475338698608,True
MHxPC130306196,4,0.20429924702733043,0.2049672194148867,0.003258923009557787,True
MHxPC130584355,4,0.27301944010001095,0.27392461305342036,0.0033044600969570088,True
MHxPC130495901,0,0.24434004109845134,0.24515121830492081,0.0033088850713380046,True
MHxPC130531519,0,0.24434004109845134,0.24515121830492081,0.0033088850713380046,True
MHxPC130335920,0,0.22506407173265047,0.22581219214997061,0.0033130204804144763,True
MHxPC130310743,0,0.22506407173265047,0.22581219214997061,0.0033130204804144763,True
MHxPC130377173,0,0.22506407173265047,0.22581219214997061,0.0033130204804144763,True
MHxPC130527532,0,0.22506407173265047,0.22581219214997061,0.0033130204804144763,True
MHxPC130003336,0,0.22506407173265047,0.22581219214997061,0.0033130204804144763,True
MHxPC130536319,0,0.22506407173265047,0.22581219214997061,0.0033130204804144763,True
MHxPC130099493,4,0.5295682905854058,0.5313326802479773,0.003320687260847715,True
MHxPC130216305,0,0.285210477078431,0.28616426271637413,0.0033330005252558484,True
MHxPC130487745,4,0.22049136005672273,0.22123279866659726,0.0033513955179488887,True
MHxPC130041104,3,0.2454766260153226,0.24630290656601495,0.0033547332518825764,True
MHxPC130505644,1,0.19431572096753016,0.19497057904233484,0.0033587532950931963,True
MHxPC130536472,1,0.20195293204350578,0.20263414180346936,0.003361771880595874,True
MHxPC130403974,1,0.20195293204350578,0.20263414180346936,0.003361771880595874,True
MHxPC130588121,2,0.22620281631616213,0.22697041133463938,0.0033819166734713048,True
MHxPC130045077,2,0.24479755503990844,0.2456283967759355,0.0033825149979909404,True
MHxPC130075031,4,0.24257263688055566,0.24339740749453118,0.003388576001961086,True
MHxPC130096095,1,0.3010046060293577,0.3020315206207408,0.0034000245711856996,True
MHxPC130119378,1,0.3027600179284198,0.30379783180814424,0.0034161332671388627,True
MHxPC130052168,2,0.5700513080485767,0.5720081895240695,0.003421072479960419,True
MHxPC130310942,4,0.2807622703163036,0.28172717870329644,0.0034249744431263086,True
MHxPC130024071,4,0.2807622703163036,0.28172717870329644,0.0034249744431263086,True
MHxPC130183047,3,0.2706868869585923,0.2716178555100232,0.0034274939314384596,True
MHxPC130454416,4,0.26686828076189845,0.2677892713407663,0.003439236285518986,True
MHxPC130094494,1,0.2675252726017422,0.26844964723256315,0.0034433818049317564,True
MHxPC130253432,1,0.2675252726017422,0.26844964723256315,0.0034433818049317564,True
MHxPC130485163,1,0.2675252726017422,0.26844964723256315,0.0034433818049317564,True
MHxPC130559544,4,0.3460246532967651,0.34722060618698847,0.003444360354521527,True
MHxPC130566356,0,0.22379703749305718,0.22457330547803264,0.003456635165622535,True
MHxPC130195669,1,0.3053783820646387,0.3064383789754432,0.003459086666456485,True
MHxPC130288975,1,0.3053783820646387,0.3064383789754432,0.003459086666456485,True
MHxPC130144718,0,0.2265311514981968,0.22732026520456225,0.0034713742114251636,True
MHxPC130377129,4,0.35806200298266155,0.35930957121820717,0.0034721263653396317,True
MHxPC130401878,1,0.24513151596472577,0.24598604848495917,0.003473906449152353,True
MHxPC130121008,1,0.21594659999221905,0.2167021582417846,0.0034866207872398807,True
MHxPC130479455,2,0.2702196491299609,0.27116873145155684,0.0034999696186044653,True
MHxPC130206937,4,0.3215114086598622,0.3226452004411763,0.0035140512853243998,True
MHxPC130386889,4,0.3215114086598622,0.3226452004411763,0.0035140512853243998,True
MHxPC130207828,4,0.6258237339553129,0.628054049488012,0.0035511522209231714,True
MHxPC130444813,1,0.19942698842800569,0.20013840690893775,0.0035546324761931186,True
MHxPC130343608,1,0.26294248924713887,0.26388335497118215,0.0035654606716139093,True
MHxPC130019602,4,0.269812853575335,0.27078094351998283,0.003575177529346217,True
MHxPC130118067,4,0.24910688838089948,0.2500017751620095,0.003579521707516296,True
MHxPC130111561,3,0.2444503555305148,0.2453341357247229,0.0036023531401261667,True
MHxPC130092757,4,0.5204453022159081,0.5223279484530039,0.0036043375482236236,True
MHxPC130459503,0,0.3081017181912763,0.30921834095598544,0.003611114273677843,True
MHxPC130410831,0,0.22183305111269105,0.22263811898429298,0.003616037879203962,True
MHxPC130266849,4,0.35752800812137053,0.35882737224738204,0.003621139931085578,True
MHxPC130303758,2,0.2284385929184314,0.22927314512674374,0.0036399911025383367,True
MHxPC130464623,1,0.2326391606994986,0.23349277895399118,0.0036558657544641603,True
MHxPC130269849,1,0.5411871331949453,0.5431851706984723,0.003678372701076807,True
MHxPC130457746,3,0.37008771243709415,0.3714615504261925,0.0036984662006662307,True
MHxPC130130708,3,0.37008771243709415,0.3714615504261925,0.0036984662006662307,True
MHxPC130106430,3,0.37008771243709415,0.3714615504261925,0.0036984662006662307,True
MHxPC130000105,3,0.377982809075624,0.3793949028881435,0.0037219630568833054,True
MHxPC130173889,0,0.3212522039818222,0.32245431996308865,0.0037280194645990996,True
MHxPC130407513,0,0.3212522039818222,0.32245431996308865,0.0037280194645990996,True
MHxPC130192370,0,0.3212522039818222,0.32245431996308865,0.0037280194645990996,True
MHxPC130584241,3,0.2296177829823646,0.23048214822931784,0.0037502481367591325,True
MHxPC130219024,4,0.22061340057906892,0.22144638303687156,0.0037615536834663256,True
MHxPC130094106,4,0.21800091691554818,0.21883514932100837,0.0038121499587639436,True
MHxPC130341697,1,0.19981210084453652,0.20057956417919032,0.003826228947073479,True
MHxPC130577620,2,0.23837127880756293,0.23928878805281287,0.003834317740986013,True
MHxPC130452281,2,0.3623780647082772,0.36377755971119463,0.0038471174638383004,True
MHxPC130096220,2,0.24518732244333696,0.24613549225663986,0.00385222709902504,True
MHxPC130421543,4,0.30333853911744196,0.3045119975953078,0.0038535705887862213,True
MHxPC130461848,3,0.21054757718400324,0.21136253025619023,0.0038557121321323605,True
MHxPC130008105,3,0.21054757718400324,0.21136253025619023,0.0038557121321323605,True
MHxPC130239371,1,0.21573617409846466,0.21657279010578698,0.003862978386683151,True
MHxPC130142697,3,0.3377177815060259,0.3390303326823305,0.0038714859697656775,True
MHxPC130507777,4,0.27149034355775037,0.27254648962056915,0.0038751042594205483,True
MHxPC130524235,0,0.31697724704439983,0.318213167656073,0.0038839392498331484,True
MHxPC130472144,4,0.3600350881198227,0.3614420830781687,0.0038927259005468906,True
MHxPC130199449,0,0.20965408740411165,0.21047586077185682,0.003904359220727542,True
MHxPC130301697,4,0.197806443680892,0.19858502780989035,0.003920658760557184,True
MHxPC130431386,1,0.20978149131384677,0.21061090354012765,0.003938125768131738,True
MHxPC130255137,1,0.22688544467392902,0.2277832751773449,0.003941599762830954,True
MHxPC130510399,4,0.23921996670076953,0.24016871493360176,0.003950340630729196,True
MHxPC130444507,2,0.2783667523446122,0.27947118395521414,0.003951862209804452,True
MHxPC130037849,2,0.25196009391842344,0.2529599638987479,0.0039526807519813375,True
MHxPC130287764,4,0.41994136612190586,0.4216082255985559,0.003953574374132722,True
MHxPC130523292,1,0.32326221982038145,0.3245560888835496,0.0039865807713512945,True
MHxPC130119412,4,0.3438383886453677,0.34522155726728665,0.0040066113856500486,True
MHxPC130063133,0,0.3820709811363845,0.3836100273185361,0.0040120071753850335,True
MHxPC130410354,4,0.5286136521522153,0.5307493696776082,0.00402396620214579,True
MHxPC130019285,1,0.2943498455519273,0.29554316286371624,0.004037709078518691,True
MHxPC130202968,4,0.3205618577669407,0.3218734876599416,0.004074985804319071,True
MHxPC130554058,1,0.23339372072547568,0.2343491768828137,0.004077062143110495,True
MHxPC130588119,1,0.23339372072547568,0.2343491768828137,0.004077062143110495,True
MHxPC130315103,2,0.20397133348064475,0.20480782151755003,0.004084258260779371,True
MHxPC130239624,0,0.27496693810880213,0.27609469596971425,0.00408467774779648,True
MHxPC130160702,2,0.2305523935937833,0.23150418875313217,0.004111351783633743,True
MHxPC130511632,1,0.23117812318673286,0.23213848997385308,0.004137042449222407,True
MHxPC130467101,3,0.2284895739353644,0.22944046775013494,0.004144403226226328,True
MHxPC130442283,3,0.2284895739353644,0.22944046775013494,0.004144403226226328,True
MHxPC130245377,1,0.22683520006826785,0.22778007482602736,0.004148188810988747,True
MHxPC130261068,2,0.23647881112371869,0.23746572346442232,0.0041560201881156965,True
MHxPC130130338,4,0.22985888886160621,0.23081991290414366,0.0041635231139548635,True
MHxPC130172761,0,0.21188522843616175,0.21277132192764378,0.004164534409309899,True
MHxPC130376944,2,0.24429399776447155,0.24531635572348595,0.004167508342439148,True
MHxPC130539585,4,0.24808872151401534,0.24913354473778443,0.0041938279522686275,True
MHxPC130448082,1,0.23812107297873045,0.23912662363144527,0.004205097021169123,True
MHxPC130460734,0,0.49979575011903016,0.5019115793623333,0.004215541801189921,True
MHxPC130466811,1,0.30717177397178136,0.308476808264743,0.004230575064306366,True
MHxPC130559914,1,0.30717177397178136,0.308476808264743,0.004230575064306366,True
MHxPC130317583,2,0.3574031266856872,0.35892495611832936,0.00423996550448964,True
MHxPC130501754,2,0.3574031266856872,0.35892495611832936,0.00423996550448964,True
MHxPC130060639,2,0.3574031266856872,0.35892495611832936,0.00423996550448964,True
MHxPC130080527,2,0.3574031266856872,0.35892495611832936,0.00423996550448964,True
MHxPC130542545,2,0.3574031266856872,0.35892495611832936,0.00423996550448964,True
MHxPC130362057,2,0.3574031266856872,0.35892495611832936,0.00423996550448964,True
MHxPC130486843,2,0.3574031266856872,0.35892495611832936,0.00423996550448964,True
MHxPC130276268,2,0.3574031266856872,0.35892495611832936,0.00423996550448964,True
MHxPC130446213,2,0.3574031266856872,0.35892495611832936,0.00423996550448964,True
MHxPC130220396,2,0.3574031266856872,0.35892495611832936,0.00423996550448964,True
MHxPC130083617,2,0.3574031266856872,0.35892495611832936,0.00423996550448964,True
MHxPC130579861,1,0.22673390042258298,0.2277001561251958,0.004243544313081429,True
MHxPC130072920,2,0.25849000987695187,0.2596019725624005,0.004283336811631223,True
MHxPC130474238,4,0.23516730873044722,0.23617933306924382,0.0042849826258925605,True
MHxPC130074808,4,0.2535390726068853,0.25463020273612136,0.0042851559536588955,True
MHxPC130418738,4,0.23011587574827985,0.23110730929447543,0.0042899272602940335,True
MHxPC130435397,4,0.2134627316542777,0.2143847255165943,0.004300650898028753,True
MHxPC130287181,1,0.2115436142676056,0.21245858122316558,0.004306566250665602,True
MHxPC130225447,0,0.24196161382758125,0.2430090352366608,0.00431021590641468,True
MHxPC130123262,0,0.2267745795209549,0.22775653516298514,0.004311426854678583,True
MHxPC130070458,4,0.2936547571221245,0.29492845941103457,0.004318682203316712,True
MHxPC130326457,4,0.20967901588543456,0.2105895492355516,0.004323734740979834,True
MHxPC130182255,4,0.2202907640033728,0.2212477267587154,0.004325299831831619,True
MHxPC130379393,1,0.19458540829647092,0.19543673493870484,0.00435602161743503,True
MHxPC130377051,0,0.21273049088971188,0.21366143174262317,0.004357084221136835,True
MHxPC130203355,4,0.202484806517041,0.203371570107846,0.004360312458298663,True
MHxPC130402085,1,0.24907900208396785,0.25017700784835456,0.004388915567541942,True
MHxPC130520041,3,0.2238440675490816,0.22483123479820788,0.0043907033202583955,True
MHxPC130510432,4,0.19465952846923265,0.19551886289237386,0.00439514842930648,True
MHxPC130542935,0,0.23135876637490702,0.23238509042834657,0.004416479781675191,True
MHxPC130442430,0,0.34507515501967606,0.34660703585107117,0.0044196472458606344,True
MHxPC130213841,0,0.34507515501967606,0.34660703585107117,0.0044196472458606344,True
MHxPC130420034,0,0.2799033870841568,0.281150610289426,0.004436139064344467,True
MHxPC130497045,0,0.22731788158879188,0.22833577110865774,0.004457862712108675,True
MHxPC130553512,4,0.27070837589295044,0.27192343104777983,0.004468372402288106,True
MHxPC130597377,3,0.23016977094991256,0.2312042201150809,0.004474179427406003,True
MHxPC130276590,0,0.2670011682378478,0.2682079640795381,0.004499478029416126,True
MHxPC130363315,4,0.20305800010308006,0.20397726715818176,0.004506713262261831,True
MHxPC130006657,0,0.40949652806923187,0.4113568686864623,0.004522449383599348,True
MHxPC130004986,4,0.2108444038497097,0.21180518303734638,0.004536145781981502,True
MHxPC130320478,0,0.27237449283887305,0.2736168138845979,0.004540368072003159,True
MHxPC130288892,0,0.2503675612532777,0.2515131260710922,0.004554691978543987,True
MHxPC130164135,1,0.27309784080060484,0.2743516985715437,0.004570257000292873,True
MHxPC130223787,0,0.32039245035452946,0.3218679739736109,0.0045842511165848565,True
MHxPC130347899,0,0.32039245035452946,0.3218679739736109,0.0045842511165848565,True
MHxPC130257763,4,0.30587933962840413,0.3072939061590998,0.004603301602613869,True
MHxPC130053773,4,0.2576258633628245,0.2588203805751829,0.004615236287435362,True
MHxPC130159485,4,0.3052494511399934,0.3066664222026088,0.004620561496228092,True
MHxPC130494653,4,0.3052494511399934,0.3066664222026088,0.004620561496228092,True
MHxPC130169572,4,0.5453841263906507,0.5479173283115022,0.004623328721247002,True
MHxPC130279046,0,0.22228271383368084,0.22332047059431007,0.0046469397000082615,True
MHxPC130065696,4,0.22112794204963618,0.2221692885658146,0.004687175814896428,True
MHxPC130441044,3,0.20646768913868882,0.2074403009067029,0.004688634579504959,True
MHxPC130384588,0,0.23640919941575805,0.23752546162433966,0.004699547580911712,True
MHxPC130126747,0,0.6925838726607993,0.6958548356989096,0.004700639947159281,True
MHxPC130065338,0,0.2626333104147526,0.26388091188235846,0.004727895847813662,True
MHxPC130474920,1,0.26665308181778385,0.2679217987643146,0.004735400226417599,True
MHxPC130079339,0,0.2310106481081037,0.23211024560056012,0.004737393171125761,True
MHxPC130398628,0,0.21577964433803704,0.2168077779661134,0.004742143652415692,True
MHxPC130454491,2,0.26157202081641484,0.26282003072264787,0.004748534207234925,True
MHxPC130325709,4,0.2021177928366526,0.20308315321202305,0.0047535226832065135,True
MHxPC130063406,4,0.2021177928366526,0.20308315321202305,0.0047535226832065135,True
MHxPC130521872,1,0.21570524087010218,0.21674015959158813,0.004774928298641505,True
MHxPC130562519,2,0.31782609575969833,0.31935169530948404,0.004777176924979983,True
MHxPC130571992,2,0.31782609575969833,0.31935169530948404,0.004777176924979983,True
MHxPC130345154,2,0.31782609575969833,0.31935169530948404,0.004777176924979983,True
MHxPC130341853,1,0.23213131322484634,0.23325378232387622,0.0048122224979456835,True
MHxPC130395647,2,0.23414462098437708,0.23528006430812,0.004825922362278735,True
MHxPC130569540,1,0.2208964335435288,0.2219705352979671,0.00483893843386213,True
MHxPC130211136,4,0.5097645491476357,0.5122488784061108,0.004849848117198817,True
MHxPC130429056,2,0.253116798759456,0.2543513436922902,0.004853699276414021,True
MHxPC130519635,0,0.2269390977836823,0.22804819143138008,0.004863417862410529,True
MHxPC130296977,1,0.24804672405625133,0.24926677566636507,0.00489456168738161,True
MHxPC130009865,1,0.20833559394469464,0.20936034702827191,0.004894685637098659,True
MHxPC130095917,4,0.30251681398789826,0.3040052444667915,0.004896068426397935,True
MHxPC130085011,1,0.1987204005922828,0.1997006261334007,0.004908475051365676,True
MHxPC130399594,4,0.3558504663680254,0.3576085205814414,0.004916141848514997,True
MHxPC130317334,0,0.25573985280778977,0.25701252706959765,0.004951798561411167,True
MHxPC130244695,0,0.22583847037892416,0.22696580390859916,0.004966975245878856,True
MHxPC130577590,4,0.45601634879578506,0.458294898197469,0.004971797440132425,True
MHxPC130034719,0,0.28680988060363993,0.2882484795645518,0.0049908293118670075,True
MHxPC130567083,2,0.32614332609011004,0.32778057917071657,0.0049949667083656075,True
MHxPC130450346,4,0.28457158547378214,0.28600633981367274,0.005016512364115115,True
MHxPC130539984,4,0.22256665797746453,0.2236893707551634,0.00501907074935504,True
MHxPC130340303,1,0.19656708290591246,0.19755974969806794,0.005024640867750558,True
MHxPC130071249,0,0.20091899365670415,0.2019391184313036,0.005051645181597052,True
MHxPC130141275,4,0.25401903193102127,0.25531021471722226,0.005057309546471102,True
MHxPC130396511,4,0.25401903193102127,0.25531021471722226,0.005057309546471102,True
MHxPC130359590,4,0.25401903193102127,0.25531021471722226,0.005057309546471102,True
MHxPC130257242,4,0.25401903193102127,0.25531021471722226,0.005057309546471102,True
MHxPC130158489,4,0.25401903193102127,0.25531021471722226,0.005057309546471102,True
MHxPC130516537,4,0.25401903193102127,0.25531021471722226,0.005057309546471102,True
MHxPC130374507,2,0.2283654636124161,0.22952694830075812,0.005060341266856709,True
MHxPC130573772,4,0.23910716870102808,0.2403287622971424,0.005083010391423478,True
MHxPC130033530,4,0.3543426651116439,0.35615368029127004,0.0050849261985585325,True
MHxPC130513568,2,0.24248087229431478,0.24372112271127783,0.005088809714832546,True
MHxPC130017754,4,0.26755378658530227,0.26893113536806257,0.005121566831134091,True
MHxPC130319552,4,0.20788344854415516,0.20895761605719124,0.005140599961391575,True
MHxPC130134622,4,0.20788344854415516,0.20895761605719124,0.005140599961391575,True
MHxPC130002358,4,0.20788344854415516,0.20895761605719124,0.005140599961391575,True
MHxPC130368858,4,0.20788344854415516,0.20895761605719124,0.005140599961391575,True
MHxPC130462087,0,0.22155960494855587,0.22270474195023565,0.005141951588689888,True
MHxPC130440856,4,0.25919948208609894,0.2605439329599926,0.005160169567641099,True
MHxPC130300036,4,0.2125175204313072,0.21362012312460543,0.0051615113649900865,True
MHxPC130013872,1,0.19451101617884123,0.1955203066773458,0.005162075058373001,True
MHxPC130206886,3,0.2478446159872912,0.24913267702101358,0.005170181002043828,True
MHxPC130475828,0,0.22965044975934631,0.23084543336935864,0.005176552953942669,True
MHxPC130164231,0,0.22965044975934631,0.23084543336935864,0.005176552953942669,True
MHxPC130343432,0,0.22965044975934631,0.23084543336935864,0.005176552953942669,True
MHxPC130149973,0,0.22965044975934631,0.23084543336935864,0.005176552953942669,True
MHxPC130119160,0,0.22965044975934631,0.23084543336935864,0.005176552953942669,True
MHxPC130523197,0,0.22965044975934631,0.23084543336935864,0.005176552953942669,True
MHxPC130082393,0,0.22965044975934631,0.23084543336935864,0.005176552953942669,True
MHxPC130545288,0,0.22965044975934631,0.23084543336935864,0.005176552953942669,True
MHxPC130197717,0,0.22965044975934631,0.23084543336935864,0.005176552953942669,True
MHxPC130498437,0,0.22965044975934631,0.23084543336935864,0.005176552953942669,True
MHxPC130043067,0,0.22965044975934631,0.23084543336935864,0.005176552953942669,True
MHxPC130337368,0,0.22965044975934631,0.23084543336935864,0.005176552953942669,True
MHxPC130070260,0,0.22965044975934631,0.23084543336935864,0.005176552953942669,True
MHxPC130280725,0,0.22965044975934631,0.23084543336935864,0.005176552953942669,True
MHxPC130325310,0,0.22965044975934631,0.23084543336935864,0.005176552953942669,True
MHxPC130239945,0,0.22965044975934631,0.23084543336935864,0.005176552953942669,True
MHxPC130586564,0,0.20466771495703118,0.20573280855230638,0.005177072158641208,True
MHxPC130557806,4,0.24332929695355118,0.24459893116281456,0.0051906776666095005,True
MHxPC130065927,4,0.24420013272905358,0.24547514039649249,0.005194039874585697,True
MHxPC130242554,2,0.34848953132690047,0.3503171774429444,0.005217118182397946,True
MHxPC130571862,2,0.34848953132690047,0.3503171774429444,0.005217118182397946,True
MHxPC130318896,2,0.34848953132690047,0.3503171774429444,0.005217118182397946,True
MHxPC130138318,2,0.34848953132690047,0.3503171774429444,0.005217118182397946,True
MHxPC130468567,2,0.34848953132690047,0.3503171774429444,0.005217118182397946,True
MHxPC130086120,2,0.34848953132690047,0.3503171774429444,0.005217118182397946,True
MHxPC130555679,2,0.34848953132690047,0.3503171774429444,0.005217118182397946,True
MHxPC130408758,2,0.34848953132690047,0.3503171774429444,0.005217118182397946,True
MHxPC130121065,2,0.34848953132690047,0.3503171774429444,0.005217118182397946,True
MHxPC130488722,2,0.34848953132690047,0.3503171774429444,0.005217118182397946,True
MHxPC130432576,2,0.34848953132690047,0.3503171774429444,0.005217118182397946,True
MHxPC130166129,2,0.34848953132690047,0.3503171774429444,0.005217118182397946,True
MHxPC130595232,2,0.34848953132690047,0.3503171774429444,0.005217118182397946,True
MHxPC130099914,2,0.34848953132690047,0.3503171774429444,0.005217118182397946,True
MHxPC130566299,2,0.34848953132690047,0.3503171774429444,0.005217118182397946,True
MHxPC130519489,4,0.2532280447133013,0.2545570973739123,0.00522103950085036,True
MHxPC130005655,4,0.24140046132129847,0.2426683151686633,0.005224636955523534,True
MHxPC130394779,1,0.5315719053671806,0.5343650067626505,0.005226954160773798,True
MHxPC130364371,3,0.34257313461677436,0.34437422777872173,0.005230046317823387,True
MHxPC130456380,0,0.2334802217199633,0.23470965979727806,0.005238123042641907,True
MHxPC130185602,1,0.23543558231111952,0.2366762968201537,0.005242242360995608,True
MHxPC130389031,2,0.2966931991352743,0.2982584497273085,0.005247967303073016,True
MHxPC130235297,4,0.5232561141586418,0.5260350868329986,0.005282865618503941,True
MHxPC130461109,2,0.275658881147992,0.2771234410633152,0.005284864786983595,True
MHxPC130039431,4,0.22803380015341204,0.22924593670619153,0.005287494165416777,True
MHxPC130511312,1,0.30410363746835856,0.3057202055480803,0.005287737121671971,True
MHxPC130530840,4,0.2384138103086133,0.2396855238616011,0.005305758697893299,True
MHxPC130255379,1,0.24652211395431675,0.24784173763533224,0.005324461059731373,True
MHxPC130214077,4,0.33466289431095225,0.3364550378935514,0.005326547029342336,True
MHxPC130160878,4,0.28830340539073396,0.28984738418936756,0.005326868148048799,True
MHxPC130504684,1,0.28524230800468736,0.2867722518908692,0.005335048548435036,True
MHxPC130574892,2,0.33208399369197455,0.3338656250122831,0.005336372440987346,True
MHxPC130282895,0,0.23674642898459933,0.23802040879817904,0.005352397384797108,True
MHxPC130138008,4,0.2587115339093488,0.2601038211136892,0.0053528133434526245,True
MHxPC130262555,0,0.268072868962221,0.26951797608203126,0.005361820910121546,True
MHxPC130020577,0,0.268072868962221,0.26951797608203126,0.005361820910121546,True
MHxPC130288869,0,0.268072868962221,0.26951797608203126,0.005361820910121546,True
MHxPC130147640,0,0.268072868962221,0.26951797608203126,0.005361820910121546,True
MHxPC130124665,0,0.268072868962221,0.26951797608203126,0.005361820910121546,True
MHxPC130435388,1,0.21757485473990057,0.21875596454775129,0.005399211903970268,True
MHxPC130019363,4,0.2662409734128666,0.26768694010763794,0.005401708033234225,True
MHxPC130422104,1,0.303389406244935,0.30503735813176763,0.005402459216555287,True
MHxPC130238573,4,0.22735429292383058,0.22859207864166073,0.005414823318398935,True
MHxPC130044458,1,0.22994636624797057,0.2312000499992188,0.0054225064019340465,True
MHxPC130328394,1,0.24907389818150222,0.25043317410525434,0.005427699140134024,True
MHxPC130184939,4,0.3642057112907848,0.36619586277207555,0.005434664024397986,True
MHxPC130491569,4,0.3642057112907848,0.36619586277207555,0.005434664024397986,True
MHxPC130470121,4,0.3642057112907848,0.36619586277207555,0.005434664024397986,True
MHxPC130185865,4,0.3642057112907848,0.36619586277207555,0.005434664024397986,True
MHxPC130261426,4,0.3642057112907848,0.36619586277207555,0.005434664024397986,True
MHxPC130147779,0,0.29324376791092077,0.29484773344617093,0.0054399791936775785,True
MHxPC130588695,0,0.45245639934308657,0.45493242812344115,0.005442629778158468,True
MHxPC130132905,4,0.2808843334798119,0.28242212938063127,0.005445026224367938,True
MHxPC130141573,2,0.4115413056109275,0.41379981266155774,0.005457970210531368,True
MHxPC130042959,2,0.4115413056109275,0.41379981266155774,0.005457970210531368,True
MHxPC130512939,2,0.4115413056109275,0.41379981266155774,0.005457970210531368,True
MHxPC130234757,0,0.2246267140299986,0.2258636167441814,0.005476325634082776,True
MHxPC130007583,4,0.2643074732984958,0.26576409224588704,0.005480871908171726,True
MHxPC130275306,0,0.3279815802177868,0.3297909711945033,0.005486478208190149,True
MHxPC130432473,0,0.3279815802177868,0.3297909711945033,0.005486478208190149,True
MHxPC130095847,0,0.3279815802177868,0.3297909711945033,0.005486478208190149,True
MHxPC130250691,0,0.3279815802177868,0.3297909711945033,0.005486478208190149,True
MHxPC130122621,0,0.3279815802177868,0.3297909711945033,0.005486478208190149,True
MHxPC130073987,0,0.3279815802177868,0.3297909711945033,0.005486478208190149,True
MHxPC130578116,0,0.3279815802177868,0.3297909711945033,0.005486478208190149,True
MHxPC130261230,0,0.3279815802177868,0.3297909711945033,0.005486478208190149,True
MHxPC130384702,0,0.3279815802177868,0.3297909711945033,0.005486478208190149,True
MHxPC130550162,0,0.3279815802177868,0.3297909711945033,0.005486478208190149,True
MHxPC130020630,0,0.3279815802177868,0.3297909711945033,0.005486478208190149,True
MHxPC130265571,0,0.3279815802177868,0.3297909711945033,0.005486478208190149,True
MHxPC130443658,0,0.3279815802177868,0.3297909711945033,0.005486478208190149,True
MHxPC130206832,0,0.3279815802177868,0.3297909711945033,0.005486478208190149,True
MHxPC130530555,0,0.3279815802177868,0.3297909711945033,0.005486478208190149,True
MHxPC130358781,0,0.3279815802177868,0.3297909711945033,0.005486478208190149,True
MHxPC130586254,0,0.3279815802177868,0.3297909711945033,0.005486478208190149,True
MHxPC130076599,0,0.3279815802177868,0.3297909711945033,0.005486478208190149,True
MHxPC130092235,0,0.3279815802177868,0.3297909711945033,0.005486478208190149,True
MHxPC130001434,0,0.3279815802177868,0.3297909711945033,0.005486478208190149,True
MHxPC130402279,0,0.3279815802177868,0.3297909711945033,0.005486478208190149,True
MHxPC130430793,0,0.3279815802177868,0.3297909711945033,0.005486478208190149,True
MHxPC130471157,0,0.3279815802177868,0.3297909711945033,0.005486478208190149,True
MHxPC130572455,0,0.3279815802177868,0.3297909711945033,0.005486478208190149,True
MHxPC130027055,4,0.5482195651017463,0.5512467733197876,0.005491566326656974,True
MHxPC130380287,0,0.22313539316950104,0.224374895922151,0.005524248813824657,True
MHxPC130285318,0,0.2791755296489937,0.2807317404734066,0.005543408884896974,True
MHxPC130170833,0,0.2791755296489937,0.2807317404734066,0.005543408884896974,True
MHxPC130301402,0,0.2791755296489937,0.2807317404734066,0.005543408884896974,True
MHxPC130006619,0,0.2791755296489937,0.2807317404734066,0.005543408884896974,True
MHxPC130531549,0,0.2791755296489937,0.2807317404734066,0.005543408884896974,True
MHxPC130382750,0,0.2791755296489937,0.2807317404734066,0.005543408884896974,True
MHxPC130585039,0,0.2791755296489937,0.2807317404734066,0.005543408884896974,True
MHxPC130515180,4,0.3086518961681803,0.31037297280319837,0.005545188485562446,True
MHxPC130553346,2,0.2351786482638605,0.2364932953923857,0.005558919234238553,True
MHxPC130450499,4,0.27844925891865496,0.28001139048916557,0.00557881437530681,True
MHxPC130089322,3,0.23877297608484277,0.24011507858357697,0.005589413653866216,True
MHxPC130420663,0,0.30879719900513297,0.3105330626591077,0.005589947940198182,True
MHxPC130379501,4,0.22104742531433755,0.22229047492190115,0.005592005721344271,True
MHxPC130249829,1,0.21747884577431847,0.21870582204188324,0.005610167375104421,True
MHxPC130375590,2,0.24800348363026722,0.2494026806814521,0.0056101925102080025,True
MHxPC130081821,1,0.24483369562107332,0.24622374605526196,0.005645476752175857,True
MHxPC130211411,3,0.2608045531260293,0.2622874079501632,0.005653549423980203,True
MHxPC130546800,4,0.232069018949866,0.233389825215998,0.005659228138628594,True
MHxPC130517857,4,0.19592046375602315,0.19703908691033975,0.005677163713337832,True
MHxPC130382252,4,0.23125307596678452,0.2325759778368128,0.005688041741595954,True
MHxPC130180121,1,0.2019029696732513,0.20305988523783453,0.005697410708314844,True
MHxPC130437413,1,0.2019029696732513,0.20305988523783453,0.005697410708314844,True
MHxPC130472644,1,0.2019029696732513,0.20305988523783453,0.005697410708314844,True
MHxPC130352311,2,0.2490109260833421,0.2504390745275457,0.005702578349236501,True
MHxPC130144804,4,0.45324499551819386,0.4558592416717316,0.005734766161481634,True
MHxPC130001582,4,0.27605739963241355,0.2776518788536904,0.005742728008396024,True
MHxPC130523139,1,0.2051488256747584,0.20633405911305838,0.005744245246736276,True
MHxPC130498501,4,0.21654668099016675,0.2178021163236449,0.005764109893278705,True
MHxPC130457415,4,0.22658901315319535,0.22790327779460762,0.005766764980873666,True
MHxPC130377714,4,0.2991461500775402,0.3008838925970771,0.005775458780919072,True
MHxPC130204358,0,0.21879132776333562,0.2200629099016699,0.005778266491624869,True
MHxPC130539787,4,0.34474409729675154,0.34674852820701674,0.0057806472045600354,True
MHxPC130280248,4,0.2899097768622816,0.2915960543045489,0.005782922702054499,True
MHxPC130516337,3,0.20897188580705497,0.2101878306188249,0.005785039068103988,True
MHxPC130554318,3,0.2531525282316912,0.25462649503142903,0.005788740875358985,True
MHxPC130002971,0,0.21857269617560585,0.21984728465374262,0.005797608463275942,True
MHxPC130004670,4,0.23217887459541933,0.23353367827953697,0.005801320366717967,True
MHxPC130099630,1,0.23750810372231268,0.23889910058701266,0.0058225286796061,True
MHxPC130492216,4,0.3354612352318784,0.3374269930676912,0.0058257278646894435,True
MHxPC130518970,4,0.3354612352318784,0.3374269930676912,0.0058257278646894435,True
MHxPC130041087,4,0.3354612352318784,0.3374269930676912,0.0058257278646894435,True
MHxPC130537966,4,0.3354612352318784,0.3374269930676912,0.0058257278646894435,True
MHxPC130108441,4,0.3354612352318784,0.3374269930676912,0.0058257278646894435,True
MHxPC130080026,4,0.3354612352318784,0.3374269930676912,0.0058257278646894435,True
MHxPC130500828,4,0.3354612352318784,0.3374269930676912,0.0058257278646894435,True
MHxPC130155610,4,0.3354612352318784,0.3374269930676912,0.0058257278646894435,True
MHxPC130135731,4,0.3354612352318784,0.3374269930676912,0.0058257278646894435,True
MHxPC130550200,4,0.3354612352318784,0.3374269930676912,0.0058257278646894435,True
MHxPC130466206,4,0.3354612352318784,0.3374269930676912,0.0058257278646894435,True
MHxPC130162053,4,0.3354612352318784,0.3374269930676912,0.0058257278646894435,True
MHxPC130313376,4,0.3354612352318784,0.3374269930676912,0.0058257278646894435,True
MHxPC130131768,4,0.3354612352318784,0.3374269930676912,0.0058257278646894435,True
MHxPC130325706,4,0.3354612352318784,0.3374269930676912,0.0058257278646894435,True
MHxPC130069502,4,0.3354612352318784,0.3374269930676912,0.0058257278646894435,True
MHxPC130433075,4,0.3354612352318784,0.3374269930676912,0.0058257278646894435,True
MHxPC130551996,4,0.3354612352318784,0.3374269930676912,0.0058257278646894435,True
MHxPC130572773,4,0.3354612352318784,0.3374269930676912,0.0058257278646894435,True
MHxPC130368954,4,0.3354612352318784,0.3374269930676912,0.0058257278646894435,True
MHxPC130595810,4,0.3354612352318784,0.3374269930676912,0.0058257278646894435,True
MHxPC130496724,4,0.3354612352318784,0.3374269930676912,0.0058257278646894435,True
MHxPC130323548,4,0.3354612352318784,0.3374269930676912,0.0058257278646894435,True
MHxPC130060809,4,0.3354612352318784,0.3374269930676912,0.0058257278646894435,True
MHxPC130258630,2,0.36448052137795317,0.3666330768890216,0.005871143785861908,True
MHxPC130143733,4,0.23321789278445765,0.23460004524928524,0.0058915268467187205,True
MHxPC130030443,4,0.23765631105316476,0.23906658142316278,0.0058990694625852234,True
MHxPC130077985,1,0.22646311865819577,0.22780739283069196,0.005900924266734681,True
MHxPC130526550,1,0.24907167068335015,0.25055078554624377,0.005903453304562174,True
MHxPC130259207,1,0.2687115003590096,0.2703105290995931,0.005915525177320564,True
MHxPC130482212,1,0.22697147398691048,0.2283283439170247,0.005942625899337796,True
MHxPC130168100,4,0.29127799987514796,0.2930205321090653,0.005946792265289997,True
MHxPC130098602,4,0.2665754923801348,0.26817297714610916,0.005956919235393419,True
MHxPC130249193,4,0.2079862245428603,0.2092329318772315,0.005958466113272719,True
MHxPC130098781,0,0.44682579862465405,0.44950852239741546,0.0059681266073740484,True
MHxPC130362377,1,0.5328265376094834,0.5360282131553866,0.005972960876548318,True
MHxPC130001943,4,0.3318886180433634,0.33388438972659634,0.005977433341125058,True
MHxPC130374201,0,0.25946817062484007,0.26103116468532667,0.005987768021380861,True
MHxPC130157945,2,0.4192742054806786,0.4217998535504021,0.005987787924686178,True
MHxPC130364701,1,0.521472339645288,0.5246149816970971,0.005990378013305639,True
MHxPC130374209,0,0.21798055328523044,0.21929700547217523,0.006003055920030893,True
MHxPC130274211,1,0.20266728689034008,0.20389143469620266,0.006003919721721291,True
MHxPC130263098,1,0.20266728689034008,0.20389143469620266,0.006003919721721291,True
MHxPC130186550,0,0.22283023102340757,0.22418028513739022,0.006022180376634178,True
MHxPC130321492,3,0.24526480833036243,0.24675512066804742,0.0060396409754343424,True
MHxPC130177887,0,0.39363680553210073,0.39603004997692315,0.006043088005473002,True
MHxPC130101314,0,0.22285656761775152,0.224213295948393,0.006051060999316316,True
MHxPC130162851,1,0.291318647977844,0.2930945639120856,0.00605919096737079,True
MHxPC130280909,3,0.2178968173715817,0.21922539793281656,0.006060340516029144,True
MHxPC130528307,2,0.20778165531139706,0.2090518218084172,0.00607584514706676,True
MHxPC130436518,4,0.19435713670360952,0.1955456647118993,0.006078007456932671,True
MHxPC130017330,1,0.23705004284966794,0.23850459108048325,0.006098617323154483,True
MHxPC130329541,1,0.30049646400465346,0.3023406287708816,0.006099626020245048,True
MHxPC130184340,2,0.20791373342734024,0.2091917903717243,0.006109498571205981,True
MHxPC130485971,0,0.21050598958178038,0.2118006002850622,0.006112403371564614,True
MHxPC130490789,0,0.21050598958178038,0.2118006002850622,0.006112403371564614,True
MHxPC130381608,3,0.33810033827662883,0.3401854308398468,0.006129282368355178,True
MHxPC130233465,3,0.33810033827662883,0.3401854308398468,0.006129282368355178,True
MHxPC130300000,4,0.5854553408107543,0.5890737702599668,0.006142574380141826,True
MHxPC130487259,4,0.35992987716788666,0.36216085875722337,0.00616019521544227,True
MHxPC130357600,4,0.35992987716788666,0.36216085875722337,0.00616019521544227,True
MHxPC130573232,4,0.35992987716788666,0.36216085875722337,0.00616019521544227,True
MHxPC130316434,4,0.35992987716788666,0.36216085875722337,0.00616019521544227,True
MHxPC130248618,4,0.35992987716788666,0.36216085875722337,0.00616019521544227,True
MHxPC130055748,2,0.2886267477465019,0.2904177458450738,0.006166971971221559,True
MHxPC130496711,2,0.24124435246680415,0.24274187059301094,0.006169179311951446,True
MHxPC130142222,2,0.4236529386718614,0.4262884340509926,0.006182422905745447,True
MHxPC130097564,2,0.4236529386718614,0.4262884340509926,0.006182422905745447,True
MHxPC130273473,4,0.24644979077600215,0.24798405285566924,0.006186938482532393,True
MHxPC130197091,1,0.33351468338749185,0.3355962279991064,0.006202526840140975,True
MHxPC130203702,4,0.25516571368018326,0.2567617833469188,0.006216149638511563,True
MHxPC130111626,1,0.30641036827670043,0.3083315900404201,0.006231024733689509,True
MHxPC130541449,1,0.30641036827670043,0.3083315900404201,0.006231024733689509,True
MHxPC130280323,1,0.30641036827670043,0.3083315900404201,0.006231024733689509,True
MHxPC130426583,1,0.2190404954414776,0.22041422689786105,0.006232499034738029,True
MHxPC130442125,1,0.2190404954414776,0.22041422689786105,0.006232499034738029,True
MHxPC130261571,4,0.3721275304085534,0.37446655101920173,0.006246273810790634,True
MHxPC130118446,4,0.2635507346214668,0.2652127568837086,0.00626675082213558,True
MHxPC130179741,4,0.2635507346214668,0.2652127568837086,0.00626675082213558,True
MHxPC130140682,4,0.2635507346214668,0.2652127568837086,0.00626675082213558,True
MHxPC130218660,0,0.23710703126937321,0.23860625275891628,0.00628324476918824,True
MHxPC130531112,4,0.31311846737547433,0.31510136218905727,0.006292879217682409,True
MHxPC130279310,0,0.21008520881727924,0.21141795055427304,0.006303824880998787,True
MHxPC130520216,4,0.5118586906735609,0.5151181770566758,0.006327647767623393,True
MHxPC130544152,4,0.28687320715200293,0.28870402406912316,0.006341501207069706,True
MHxPC130171807,4,0.28687320715200293,0.28870402406912316,0.006341501207069706,True
MHxPC130477525,4,0.29867816288127946,0.3005856265669738,0.0063458246739197584,True
MHxPC130530253,4,0.31739023413671985,0.31941753895961406,0.00634688010400872,True
MHxPC130100192,1,0.24753445268842764,0.24911985128800967,0.006363999462046664,True
MHxPC130316640,1,0.29131455697262404,0.2931819213447309,0.006369302593904444,True
MHxPC130173801,4,0.39697093003232625,0.39952226467236174,0.006385963601121883,True
MHxPC130161225,0,0.4689334092938898,0.4719775042720898,0.006449661161064735,True
MHxPC130478764,4,0.5632007455487045,0.5668595668578619,0.00645454628108065,True
MHxPC130449492,0,0.38145388353512727,0.3839364165928596,0.0064660004897761445,True
MHxPC130359743,1,0.3032056985626909,0.30518534648790796,0.006486707006083205,True
MHxPC130548824,4,0.22422373058083336,0.22568780402123392,0.00648716241779202,True
MHxPC130162659,4,0.22422373058083336,0.22568780402123392,0.00648716241779202,True
MHxPC130051377,4,0.229958479958399,0.2314609245867487,0.006491137245010873,True
MHxPC130259795,1,0.2520042826684317,0.2536539851280667,0.006503751395043361,True
MHxPC130559712,4,0.2021939903512587,0.20351967378293753,0.006513785164046224,True
MHxPC130051458,0,0.25109727936250714,0.25274572555398067,0.006522152601633056,True
MHxPC130582956,2,0.20691454839667847,0.20827720697862362,0.006542523791789675,True
MHxPC130594298,1,0.3170233385536418,0.31911975085403077,0.006569359291546664,True
MHxPC130017765,2,0.2441269266169174,0.24574176874810483,0.00657129693260532,True
MHxPC130389572,4,0.2724667011757095,0.27426907557806307,0.006571555318640342,True
MHxPC130591495,4,0.2836537674205098,0.28553065000959266,0.006573313894742322,True
MHxPC130201750,1,0.3194036452282614,0.3215273469090547,0.0066050421564731975,True
MHxPC130467018,4,0.2459736016033437,0.24761325868798906,0.006621846880628681,True
MHxPC130416634,4,0.2459736016033437,0.24761325868798906,0.006621846880628681,True
MHxPC130279085,4,0.2459736016033437,0.24761325868798906,0.006621846880628681,True
MHxPC130478339,4,0.2459736016033437,0.24761325868798906,0.006621846880628681,True
MHxPC130266894,1,0.2123792837936684,0.2137958098780547,0.006625602649529185,True
MHxPC130054917,4,0.2445155185360943,0.24614969370789816,0.0066389486299467575,True
MHxPC130010337,4,0.2445155185360943,0.24614969370789816,0.0066389486299467575,True
MHxPC130041839,4,0.2445155185360943,0.24614969370789816,0.0066389486299467575,True
MHxPC130069671,4,0.2445155185360943,0.24614969370789816,0.0066389486299467575,True
MHxPC130006779,4,0.2445155185360943,0.24614969370789816,0.0066389486299467575,True
MHxPC130307162,4,0.2445155185360943,0.24614969370789816,0.0066389486299467575,True
MHxPC130538122,4,0.30529709802506655,0.30733810029370895,0.006640902207347243,True
MHxPC130296420,0,0.29756194302064715,0.29955400284251776,0.006650085804120895,True
MHxPC130264648,4,0.5189786883624032,0.5224532890537743,0.0066505480282533684,True
MHxPC130250458,0,0.2643023451219723,0.266072306988052,0.0066521837094424665,True
MHxPC130335787,3,0.2447013803338453,0.24634106319764626,0.006656149171871471,True
MHxPC130108689,0,0.2942443987316581,0.2962196329206071,0.006668140695044405,True
MHxPC130129976,1,0.21343513858425134,0.2148685457065137,0.0066710886767960805,True
MHxPC130029718,4,0.22597165479338505,0.227491854272455,0.006682434779617592,True
MHxPC130367515,2,0.21561223773931737,0.2170627849943156,0.006682616069061437,True
MHxPC130592858,2,0.26870941803679166,0.270518186018438,0.006686308259966973,True
MHxPC130192465,1,0.3075874635681152,0.30966005808496627,0.006693128360398211,True
MHxPC130465007,4,0.24644248868124788,0.24810970023519743,0.006719654863832849,True
MHxPC130147643,3,0.2098346075610829,0.21125461548489238,0.00672178413972226,True
MHxPC130385276,3,0.25683596698299704,0.2585745378523212,0.006723673892118129,True
MHxPC130471640,0,0.21691728215546194,0.21838642445985568,0.0067272602133004854,True
MHxPC130053466,4,0.29497696217591995,0.29698073815913995,0.006747158067019985,True
MHxPC130301856,4,0.29497696217591995,0.29698073815913995,0.006747158067019985,True
MHxPC130592399,4,0.29497696217591995,0.29698073815913995,0.006747158067019985,True
MHxPC130547235,0,0.32159491534049506,0.32378382091418717,0.006760392065026131,True
MHxPC130109947,4,0.2197097353088223,0.22120581946391485,0.00676331282205084,True
MHxPC130180746,4,0.20200539248006524,0.20338311567235884,0.006774029337386325,True
MHxPC130459481,4,0.27575574625090793,0.27763809117848154,0.006779851134920572,True
MHxPC130594780,1,0.2051546710830756,0.2065550894388105,0.006779878237518604,True
MHxPC130126165,4,0.26237574296474864,0.26416716404805385,0.006781391963534648,True
MHxPC130409331,2,0.3324519259845368,0.33472694900548106,0.006796653295181742,True
MHxPC130570731,2,0.3324519259845368,0.33472694900548106,0.006796653295181742,True
MHxPC130216293,2,0.3324519259845368,0.33472694900548106,0.006796653295181742,True
MHxPC130105249,2,0.3324519259845368,0.33472694900548106,0.006796653295181742,True
MHxPC130258897,2,0.3324519259845368,0.33472694900548106,0.006796653295181742,True
MHxPC130304011,2,0.3324519259845368,0.33472694900548106,0.006796653295181742,True
MHxPC130541502,2,0.3324519259845368,0.33472694900548106,0.006796653295181742,True
MHxPC130363182,2,0.3324519259845368,0.33472694900548106,0.006796653295181742,True
MHxPC130408263,4,0.26838096169649,0.27021758823076236,0.006796843041556203,True
MHxPC130167622,4,0.24403371386805778,0.24570695551170324,0.006809907518331382,True
MHxPC130448236,4,0.24403371386805778,0.24570695551170324,0.006809907518331382,True
MHxPC130593044,4,0.2337976984812603,0.23540407230628718,0.006823899898115617,True
MHxPC130262629,1,0.33578085177143446,0.33808874481414936,0.006826293622946731,True
MHxPC130204234,3,0.2087309922458459,0.21017145880522983,0.006853768668555701,True
MHxPC130206526,0,0.24610224565552513,0.24780465379710864,0.006869960331646422,True
MHxPC130259147,4,0.24389825784387703,0.2455904794708163,0.006890420306949887,True
MHxPC130441362,4,0.21087157920572733,0.21233969385890994,0.0069139906274806396,True
MHxPC130251193,4,0.31590954798916576,0.3181097971904176,0.006916634510111573,True
MHxPC130309555,4,0.27338730982548165,0.27529643263809367,0.006934789507867553,True
MHxPC130001556,4,0.27338730982548165,0.27529643263809367,0.006934789507867553,True
MHxPC130357229,4,0.19846418655533804,0.19985116075635959,0.006940035753469648,True
MHxPC130051625,4,0.22989682970882336,0.2315061810304707,0.006951655953563966,True
MHxPC130383983,4,0.20402276005403724,0.205455832226034,0.006975086355398035,True
MHxPC130519713,4,0.247714323804699,0.249456495425893,0.006983869544946579,True
MHxPC130308410,2,0.3561563142475907,0.3586615520073807,0.006984963249527366,True
MHxPC130176633,3,0.24721618744838356,0.24895631685256484,0.006989697735654589,True
MHxPC130385358,0,0.22611120850587055,0.22770325915184628,0.0069917780356145605,True
MHxPC130040588,2,0.2656541933971306,0.2675263169927329,0.006997904417953571,True
MHxPC130273859,3,0.24828775318755905,0.25003851235747176,0.00700195803200793,True
MHxPC130427553,3,0.206336610549735,0.20779232755388377,0.007005634044747249,True
MHxPC130451689,1,0.2272839855872349,0.22888925976059663,0.0070133224033348904,True
MHxPC130440305,0,0.21804056850086476,0.21958329496125217,0.007025700478078933,True
MHxPC130018386,4,0.32249235059221726,0.32477986590607977,0.007043279322382674,True
MHxPC130387761,4,0.32249235059221726,0.32477986590607977,0.007043279322382674,True
MHxPC130271549,4,0.32249235059221726,0.32477986590607977,0.007043279322382674,True
MHxPC130101812,4,0.32249235059221726,0.32477986590607977,0.007043279322382674,True
MHxPC130285987,4,0.32249235059221726,0.32477986590607977,0.007043279322382674,True
MHxPC130120868,0,0.25059059215326607,0.25236897802248137,0.007046768914113062,True
MHxPC130385489,0,0.2190123420221017,0.22056677076048944,0.00704742937038177,True
MHxPC130057278,4,0.19867007165960038,0.20008172806355837,0.007055398899341572,True
MHxPC130375980,2,0.3339661405673391,0.3363397568788282,0.0070571981543777725,True
MHxPC130034500,1,0.2640938230867581,0.2659722703213033,0.007062567959719787,True
MHxPC130527062,2,0.2334921127205769,0.2351548946705114,0.0070710071855587375,True
MHxPC130327497,3,0.250322530255041,0.2521080021599663,0.007082170695210345,True
MHxPC130093781,1,0.5237639353948743,0.5275022140673855,0.007086754468169213,True
MHxPC130055038,0,0.24341706221358753,0.2451544130493046,0.007086761417456791,True
MHxPC130287194,4,0.21595810081514083,0.2175005736820318,0.0070918105675708935,True
MHxPC130098940,3,0.20915977895569365,0.2106558132982521,0.00710179471971328,True
MHxPC130448699,4,0.24396330839881364,0.2457088705549517,0.007104188596022486,True
MHxPC130529370,1,0.5262745465804151,0.5300420539664941,0.007107940507522755,True
MHxPC130377191,2,0.4850644564049025,0.4885471429777007,0.007128660197603847,True
MHxPC130156469,4,0.1944132588757074,0.19581092327199062,0.007137826495725162,True
MHxPC130513619,4,0.1944132588757074,0.19581092327199062,0.007137826495725162,True
MHxPC130285724,4,0.1944132588757074,0.19581092327199062,0.007137826495725162,True
MHxPC130364031,2,0.21985496035280186,0.2214368462959061,0.007143734069398569,True
MHxPC130185612,4,0.2226764608686587,0.22427906499533215,0.007145580559232363,True
MHxPC130490631,3,0.37934651651985546,0.3820782042450295,0.007149551308669164,True
MHxPC130328826,1,0.2483716983111027,0.25016174246504974,0.007155547192421433,True
MHxPC130524827,3,0.40741256642770696,0.4103494278631443,0.007156977044493014,True
MHxPC130490939,0,0.27007691381491117,0.2720252100365276,0.007162189935832751,True
MHxPC130072863,1,0.3801208221720437,0.38286300676002394,0.007162312732133559,True
MHxPC130126544,2,0.23354508474099206,0.23523566128888448,0.007186735797750872,True
MHxPC130124301,4,0.24099055996883964,0.2427353807805506,0.007188160234821285,True
MHxPC130231953,4,0.3052653370901414,0.30748079033384357,0.007205176106438214,True
MHxPC130323132,1,0.33221814381055764,0.33463104527177756,0.007210632412363982,True
MHxPC130463355,4,0.3000954918094742,0.30227633765449036,0.007214742185704651,True
MHxPC130400404,1,0.1958613875168065,0.19728552094216,0.007218641381041961,True
MHxPC130548119,1,0.27141478281827736,0.27338900022408985,0.007221275926223368,True
MHxPC130001958,4,0.2013205697369486,0.20278509446910542,0.007222053159237265,True
MHxPC130225214,0,0.25915182847330454,0.2610385280080287,0.007227666923811786,True
MHxPC130501335,0,0.25915182847330454,0.2610385280080287,0.007227666923811786,True
MHxPC130247903,0,0.23052600076568464,0.23220570233107346,0.007233679227196348,True
MHxPC130086923,2,0.24266371531512415,0.2444330113297131,0.007238367702316444,True
MHxPC130110399,2,0.2258037003966013,0.2274541329196045,0.007256111383065359,True
MHxPC130216891,0,0.5173017787303938,0.5210946949547502,0.0072787465715531095,True
MHxPC130238735,4,0.21085470042345816,0.21240317652011903,0.007290268074282748,True
MHxPC130351380,2,0.3050469524570213,0.30728731463911846,0.007290773407708912,True
MHxPC130495158,4,0.34527380461282325,0.34781704313441697,0.00731200086883281,True
MHxPC130438743,4,0.34527380461282325,0.34781704313441697,0.00731200086883281,True
MHxPC130436255,4,0.34527380461282325,0.34781704313441697,0.00731200086883281,True
MHxPC130158150,4,0.24077127716382654,0.24254856268978237,0.007327545074876233,True
MHxPC130159647,4,0.29169357014426683,0.2938523847123217,0.007346595366814347,True
MHxPC130110662,1,0.24251483421734438,0.244309848948152,0.0073472876289509,True
MHxPC130426473,0,0.24170354893831342,0.2434975133836269,0.007367485689626423,True
MHxPC130096781,0,0.2982123238328441,0.3004261667872135,0.0073690084257456295,True
MHxPC130446192,0,0.2982123238328441,0.3004261667872135,0.0073690084257456295,True
MHxPC130592523,0,0.2982123238328441,0.3004261667872135,0.0073690084257456295,True
MHxPC130273651,4,0.24662565066807987,0.24845778172627192,0.007374013586785234,True
MHxPC130282575,1,0.5255485898405345,0.5294545025861629,0.007377239642971407,True
MHxPC130582351,0,0.22605223187326215,0.22774053269862732,0.007413264583864499,True
MHxPC130246515,0,0.2510407453825385,0.25291567841195983,0.0074132732347551465,True
MHxPC130235301,0,0.24615512425255776,0.24799497642167231,0.007418909026553062,True
MHxPC130584600,0,0.24615512425255776,0.24799497642167231,0.007418909026553062,True
MHxPC130157366,0,0.24615512425255776,0.24799497642167231,0.007418909026553062,True
MHxPC130352050,0,0.24615512425255776,0.24799497642167231,0.007418909026553062,True
MHxPC130430181,0,0.24615512425255776,0.24799497642167231,0.007418909026553062,True
MHxPC130394284,0,0.24615512425255776,0.24799497642167231,0.007418909026553062,True
MHxPC130228998,0,0.24615512425255776,0.24799497642167231,0.007418909026553062,True
MHxPC130386862,4,0.21261734613521474,0.21420686395800997,0.007420480340475081,True
MHxPC130035921,4,0.21261734613521474,0.21420686395800997,0.007420480340475081,True
MHxPC130268359,1,0.5032532713361968,0.5070342075668876,0.0074569647851461356,True
MHxPC130362073,4,0.22784091348175395,0.22955622416498334,0.0074722900216226944,True
MHxPC130165741,2,0.2544918286057704,0.2564119698160327,0.007488500679745697,True
MHxPC130260371,2,0.2544918286057704,0.2564119698160327,0.007488500679745697,True
MHxPC130365988,2,0.2544918286057704,0.2564119698160327,0.007488500679745697,True
MHxPC130524621,2,0.2544918286057704,0.2564119698160327,0.007488500679745697,True
MHxPC130166982,2,0.2544918286057704,0.2564119698160327,0.007488500679745697,True
MHxPC130472542,2,0.2544918286057704,0.2564119698160327,0.007488500679745697,True
MHxPC130589278,2,0.2544918286057704,0.2564119698160327,0.007488500679745697,True
MHxPC130514950,2,0.2544918286057704,0.2564119698160327,0.007488500679745697,True
MHxPC130495835,2,0.2544918286057704,0.2564119698160327,0.007488500679745697,True
MHxPC130518184,2,0.2544918286057704,0.2564119698160327,0.007488500679745697,True
MHxPC130534022,2,0.2544918286057704,0.2564119698160327,0.007488500679745697,True
MHxPC130433817,2,0.2544918286057704,0.2564119698160327,0.007488500679745697,True
MHxPC130283219,2,0.2544918286057704,0.2564119698160327,0.007488500679745697,True
MHxPC130452477,2,0.2544918286057704,0.2564119698160327,0.007488500679745697,True
MHxPC130494911,2,0.2544918286057704,0.2564119698160327,0.007488500679745697,True
MHxPC130319391,2,0.2544918286057704,0.2564119698160327,0.007488500679745697,True
MHxPC130205878,2,0.2544918286057704,0.2564119698160327,0.007488500679745697,True
MHxPC130524602,2,0.2544918286057704,0.2564119698160327,0.007488500679745697,True
MHxPC130401074,2,0.2544918286057704,0.2564119698160327,0.007488500679745697,True
MHxPC130334165,2,0.2544918286057704,0.2564119698160327,0.007488500679745697,True
MHxPC130207573,2,0.2544918286057704,0.2564119698160327,0.007488500679745697,True
MHxPC130124808,2,0.2544918286057704,0.2564119698160327,0.007488500679745697,True
MHxPC130042655,2,0.2544918286057704,0.2564119698160327,0.007488500679745697,True
MHxPC130471479,2,0.2544918286057704,0.2564119698160327,0.007488500679745697,True
MHxPC130517840,2,0.2544918286057704,0.2564119698160327,0.007488500679745697,True
MHxPC130509855,2,0.2544918286057704,0.2564119698160327,0.007488500679745697,True
MHxPC130173300,2,0.2544918286057704,0.2564119698160327,0.007488500679745697,True
MHxPC130410113,2,0.2544918286057704,0.2564119698160327,0.007488500679745697,True
MHxPC130030054,2,0.2544918286057704,0.2564119698160327,0.007488500679745697,True
MHxPC130276318,2,0.2544918286057704,0.2564119698160327,0.007488500679745697,True
MHxPC130348493,2,0.2544918286057704,0.2564119698160327,0.007488500679745697,True
MHxPC130478753,2,0.2544918286057704,0.2564119698160327,0.007488500679745697,True
MHxPC130343057,2,0.2544918286057704,0.2564119698160327,0.007488500679745697,True
MHxPC130520452,2,0.2544918286057704,0.2564119698160327,0.007488500679745697,True
MHxPC130583254,2,0.2544918286057704,0.2564119698160327,0.007488500679745697,True
MHxPC130485559,2,0.2544918286057704,0.2564119698160327,0.007488500679745697,True
MHxPC130466772,2,0.2544918286057704,0.2564119698160327,0.007488500679745697,True
MHxPC130137081,2,0.2544918286057704,0.2564119698160327,0.007488500679745697,True
MHxPC130072410,2,0.2544918286057704,0.2564119698160327,0.007488500679745697,True
MHxPC130080462,2,0.2544918286057704,0.2564119698160327,0.007488500679745697,True
MHxPC130562284,2,0.2544918286057704,0.2564119698160327,0.007488500679745697,True
MHxPC130560306,2,0.2544918286057704,0.2564119698160327,0.007488500679745697,True
MHxPC130339552,2,0.2544918286057704,0.2564119698160327,0.007488500679745697,True
MHxPC130500999,2,0.2544918286057704,0.2564119698160327,0.007488500679745697,True
MHxPC130268144,2,0.2544918286057704,0.2564119698160327,0.007488500679745697,True
MHxPC130080294,2,0.2544918286057704,0.2564119698160327,0.007488500679745697,True
MHxPC130267683,2,0.2544918286057704,0.2564119698160327,0.007488500679745697,True
MHxPC130339739,2,0.2544918286057704,0.2564119698160327,0.007488500679745697,True
MHxPC130161026,2,0.2544918286057704,0.2564119698160327,0.007488500679745697,True
MHxPC130353890,2,0.2544918286057704,0.2564119698160327,0.007488500679745697,True
MHxPC130113412,2,0.2544918286057704,0.2564119698160327,0.007488500679745697,True
MHxPC130488525,2,0.2544918286057704,0.2564119698160327,0.007488500679745697,True
MHxPC130458808,2,0.2544918286057704,0.2564119698160327,0.007488500679745697,True
MHxPC130305928,2,0.2544918286057704,0.2564119698160327,0.007488500679745697,True
MHxPC130390453,2,0.2544918286057704,0.2564119698160327,0.007488500679745697,True
MHxPC130252185,2,0.2544918286057704,0.2564119698160327,0.007488500679745697,True
MHxPC130564434,2,0.2544918286057704,0.2564119698160327,0.007488500679745697,True
MHxPC130181944,2,0.2544918286057704,0.2564119698160327,0.007488500679745697,True
MHxPC130510638,2,0.2544918286057704,0.2564119698160327,0.007488500679745697,True
MHxPC130350507,2,0.2544918286057704,0.2564119698160327,0.007488500679745697,True
MHxPC130112720,2,0.2544918286057704,0.2564119698160327,0.007488500679745697,True
MHxPC130103035,2,0.2544918286057704,0.2564119698160327,0.007488500679745697,True
MHxPC130068374,2,0.2544918286057704,0.2564119698160327,0.007488500679745697,True
MHxPC130113357,2,0.2544918286057704,0.2564119698160327,0.007488500679745697,True
MHxPC130163626,2,0.2544918286057704,0.2564119698160327,0.007488500679745697,True
MHxPC130233358,2,0.2544918286057704,0.2564119698160327,0.007488500679745697,True
MHxPC130322827,2,0.2544918286057704,0.2564119698160327,0.007488500679745697,True
MHxPC130211753,2,0.2544918286057704,0.2564119698160327,0.007488500679745697,True
MHxPC130218640,2,0.2544918286057704,0.2564119698160327,0.007488500679745697,True
MHxPC130094567,0,0.22220724607863582,0.22388557355233166,0.007496362749355723,True
MHxPC130292637,1,0.23276472386619534,0.2345285965996924,0.007520928189869114,True
MHxPC130128710,0,0.224203103851371,0.22590234591781252,0.0075220204532968965,True
MHxPC130503787,4,0.4739453165294229,0.4775457366524655,0.0075394247015607525,True
MHxPC130479161,0,0.2216831528154223,0.22336918363181427,0.007548180053212225,True
MHxPC130325878,0,0.20774683989984902,0.2093327678147556,0.007576109232502069,True
MHxPC130266510,4,0.2472725127169719,0.2491611494518062,0.007579980823613963,True
MHxPC130584873,0,0.2195939911146441,0.22127311925195206,0.0075884867668722005,True
MHxPC130315129,4,0.4537061167693959,0.45717911619710444,0.007596583712304232,True
MHxPC130494636,2,0.23785057250031366,0.2396766139462672,0.0076187718771882455,True
MHxPC130123164,0,0.29980580933984313,0.30212350002496424,0.0076713353477289945,True
MHxPC130477368,4,0.29077854631306477,0.2930298877250705,0.007682975376620974,True
MHxPC130291534,4,0.20462576670137675,0.2062113357284031,0.007689048816960693,True
MHxPC130130017,0,0.26632014485927574,0.2683839830910224,0.007689871086855102,True
MHxPC130571105,0,0.21899443088648002,0.22070014534534219,0.007728651271131418,True
MHxPC130135267,1,0.27471403755033214,0.2768538895034275,0.007729174247591198,True
MHxPC130550127,4,0.34467652437510526,0.34736144062151575,0.007729459670614286,True
MHxPC130422786,4,0.3731623214361531,0.37607026723761966,0.0077324533599174424,True
MHxPC130216298,4,0.26090637733728295,0.2629414914709956,0.007739798395176993,True
MHxPC130208764,1,0.19423976398700604,0.1957549124434098,0.007740027759670039,True
MHxPC130347961,1,0.238846966497289,0.2407109019383243,0.0077434608321682325,True
MHxPC130200689,2,0.23875826391998298,0.24062308258060866,0.007749957487976947,True
MHxPC130397792,4,0.47662448555109627,0.4803476192893523,0.0077509153553508335,True
MHxPC130577945,0,0.3938087410654853,0.3968870908043295,0.007756235489054631,True
MHxPC130109163,3,0.247877628957781,0.24981744302102735,0.007764926419021353,True
MHxPC130482245,1,0.26723538018918613,0.2693276830470335,0.007768614180971341,True
MHxPC130304874,1,0.26723538018918613,0.2693276830470335,0.007768614180971341,True
MHxPC130358106,1,0.26723538018918613,0.2693276830470335,0.007768614180971341,True
MHxPC130291221,1,0.26723538018918613,0.2693276830470335,0.007768614180971341,True
MHxPC130306539,1,0.21786424217428915,0.21957225257952476,0.007778808046872849,True
MHxPC130144694,1,0.2600848141933367,0.2621254416836657,0.007784927236447564,True
MHxPC130314741,1,0.22266861239477645,0.22441595832453634,0.007786192848340085,True
MHxPC130189387,4,0.4634834995025006,0.4671239343452154,0.007793295472683683,True
MHxPC130560090,3,0.23916887135966736,0.2410490960779745,0.007800173279633187,True
MHxPC130561315,4,0.321933796672792,0.32447338618519017,0.007826803739610068,True
MHxPC130111102,4,0.295221693299592,0.29755209646956626,0.007831916486639818,True
MHxPC130123712,4,0.2807866613797828,0.28300573204456636,0.007841080280430866,True
MHxPC130403010,4,0.2807866613797828,0.28300573204456636,0.007841080280430866,True
MHxPC130582453,4,0.2807866613797828,0.28300573204456636,0.007841080280430866,True
MHxPC130300216,4,0.2807866613797828,0.28300573204456636,0.007841080280430866,True
MHxPC130571198,0,0.2502537290033001,0.25223156885434755,0.007841365218600174,True
MHxPC130381400,0,0.245830667286492,0.24777682842964963,0.007854492106836346,True
MHxPC130180461,4,0.3272705868246826,0.32986398575121795,0.007862025072634948,True
MHxPC130006987,4,0.2099926780746702,0.21166425412296602,0.007897299689180017,True
MHxPC130062375,4,0.29999989373242286,0.30239689058750596,0.00792665840718845,True
MHxPC130347795,2,0.3838493560761658,0.38691982515663503,0.007935672666103896,True
MHxPC130544594,2,0.3838493560761658,0.38691982515663503,0.007935672666103896,True
MHxPC130561864,2,0.3838493560761658,0.38691982515663503,0.007935672666103896,True
MHxPC130238567,2,0.3838493560761658,0.38691982515663503,0.007935672666103896,True
MHxPC130239132,1,0.324678682662057,0.3272803101235628,0.007949233061174819,True
MHxPC130034271,3,0.2798876895434756,0.28213061740503165,0.007949962617265563,True
MHxPC130152690,2,0.21380722855588993,0.21552329526411312,0.007962325864219159,True
MHxPC130409728,4,0.2488846919281091,0.2508837260507994,0.007967970478425998,True
MHxPC130280852,4,0.2488846919281091,0.2508837260507994,0.007967970478425998,True
MHxPC130086517,4,0.2488846919281091,0.2508837260507994,0.007967970478425998,True
MHxPC130547645,4,0.2488846919281091,0.2508837260507994,0.007967970478425998,True
MHxPC130425006,4,0.2488846919281091,0.2508837260507994,0.007967970478425998,True
MHxPC130324281,4,0.2488846919281091,0.2508837260507994,0.007967970478425998,True
MHxPC130139609,4,0.2488846919281091,0.2508837260507994,0.007967970478425998,True
MHxPC130569796,4,0.2488846919281091,0.2508837260507994,0.007967970478425998,True
MHxPC130130956,4,0.2488846919281091,0.2508837260507994,0.007967970478425998,True
MHxPC130098929,4,0.2488846919281091,0.2508837260507994,0.007967970478425998,True
MHxPC130045525,4,0.2488846919281091,0.2508837260507994,0.007967970478425998,True
MHxPC130414139,4,0.2488846919281091,0.2508837260507994,0.007967970478425998,True
MHxPC130244460,4,0.2488846919281091,0.2508837260507994,0.007967970478425998,True
MHxPC130306101,4,0.2488846919281091,0.2508837260507994,0.007967970478425998,True
MHxPC130592773,4,0.2488846919281091,0.2508837260507994,0.007967970478425998,True
MHxPC130178162,4,0.2488846919281091,0.2508837260507994,0.007967970478425998,True
MHxPC130543016,4,0.2488846919281091,0.2508837260507994,0.007967970478425998,True
MHxPC130544253,4,0.2488846919281091,0.2508837260507994,0.007967970478425998,True
MHxPC130276275,4,0.2488846919281091,0.2508837260507994,0.007967970478425998,True
MHxPC130533722,4,0.2488846919281091,0.2508837260507994,0.007967970478425998,True
MHxPC130151656,4,0.2488846919281091,0.2508837260507994,0.007967970478425998,True
MHxPC130386554,4,0.2488846919281091,0.2508837260507994,0.007967970478425998,True
MHxPC130385792,4,0.2488846919281091,0.2508837260507994,0.007967970478425998,True
MHxPC130094539,4,0.2488846919281091,0.2508837260507994,0.007967970478425998,True
MHxPC130125504,4,0.2488846919281091,0.2508837260507994,0.007967970478425998,True
MHxPC130352434,4,0.2488846919281091,0.2508837260507994,0.007967970478425998,True
MHxPC130210455,4,0.2488846919281091,0.2508837260507994,0.007967970478425998,True
MHxPC130582151,4,0.2488846919281091,0.2508837260507994,0.007967970478425998,True
MHxPC130228023,4,0.2488846919281091,0.2508837260507994,0.007967970478425998,True
MHxPC130343735,4,0.2488846919281091,0.2508837260507994,0.007967970478425998,True
MHxPC130236024,4,0.2488846919281091,0.2508837260507994,0.007967970478425998,True
MHxPC130236479,4,0.2488846919281091,0.2508837260507994,0.007967970478425998,True
MHxPC130350055,4,0.2488846919281091,0.2508837260507994,0.007967970478425998,True
MHxPC130332393,4,0.2488846919281091,0.2508837260507994,0.007967970478425998,True
MHxPC130401991,4,0.2488846919281091,0.2508837260507994,0.007967970478425998,True
MHxPC130360777,4,0.2488846919281091,0.2508837260507994,0.007967970478425998,True
MHxPC130082577,4,0.2488846919281091,0.2508837260507994,0.007967970478425998,True
MHxPC130064627,4,0.2488846919281091,0.2508837260507994,0.007967970478425998,True
MHxPC130214136,4,0.2488846919281091,0.2508837260507994,0.007967970478425998,True
MHxPC130122024,4,0.2488846919281091,0.2508837260507994,0.007967970478425998,True
MHxPC130231145,4,0.2488846919281091,0.2508837260507994,0.007967970478425998,True
MHxPC130214879,4,0.2488846919281091,0.2508837260507994,0.007967970478425998,True
MHxPC130213986,4,0.2488846919281091,0.2508837260507994,0.007967970478425998,True
MHxPC130511713,4,0.2488846919281091,0.2508837260507994,0.007967970478425998,True
MHxPC130440313,4,0.2488846919281091,0.2508837260507994,0.007967970478425998,True
MHxPC130525780,4,0.2488846919281091,0.2508837260507994,0.007967970478425998,True
MHxPC130011828,4,0.22478082867424834,0.22659257055892493,0.007995592618979747,True
MHxPC130515146,1,0.21130611661073986,0.21301162534501403,0.008006646264079523,True
MHxPC130341987,1,0.21130611661073986,0.21301162534501403,0.008006646264079523,True
MHxPC130562138,1,0.21130611661073986,0.21301162534501403,0.008006646264079523,True
MHxPC130411309,0,0.2470704496089282,0.2490647034372936,0.00800697088283915,True
MHxPC130456438,4,0.25325064656470114,0.2552957652466841,0.008010781847504794,True
MHxPC130366645,1,0.19813249343549696,0.19973289269817485,0.008012697563522075,True
MHxPC130153615,4,0.5369662545814821,0.5413058790224612,0.008016954201229096,True
MHxPC130433711,0,0.22707198203804208,0.228908514690787,0.008022998424614004,True
MHxPC130323295,2,0.2658521222064256,0.26800441402036573,0.008030807335048434,True
MHxPC130438005,0,0.3039213110066911,0.3063922790898804,0.008064720464005054,True
MHxPC130036781,3,0.4230939994529818,0.4265339778465432,0.008064957476374797,True
MHxPC130182759,1,0.21326591919021734,0.21499991778582983,0.008065112831065344,True
MHxPC130383835,0,0.2326208600883531,0.23451278307852674,0.008067462103079234,True
MHxPC130233664,2,0.20035195547935808,0.20198179555014506,0.008069242410424796,True
MHxPC130260782,0,0.34514845426260926,0.34795662940085303,0.008070474596443741,True
MHxPC130180215,0,0.34514845426260926,0.34795662940085303,0.008070474596443741,True
MHxPC130259649,0,0.34514845426260926,0.34795662940085303,0.008070474596443741,True
MHxPC130229121,1,0.2695865207402382,0.27178693107493374,0.008096085878716755,True
MHxPC130197411,2,0.5726842625974975,0.5773594347380591,0.008097507132073864,True
MHxPC130258718,1,0.3434696651674004,0.3462740312357036,0.008098690098982064,True
MHxPC130014671,4,0.3546782593010403,0.35757634943871064,0.008104814935941613,True
MHxPC130498410,1,0.29129225723992364,0.29367854923196446,0.0081255236321533,True
MHxPC130111939,1,0.29129225723992364,0.29367854923196446,0.0081255236321533,True
MHxPC130417054,4,0.2544911703831356,0.25657629170352686,0.008126710798363974,True
MHxPC130203220,4,0.3040324644243267,0.3065244990975614,0.008129968992923958,True
MHxPC130400027,4,0.3775275585461185,0.38062550460629746,0.008139092159321579,True
MHxPC130173965,2,0.2799742095200218,0.2822718756214078,0.008139904467378629,True
MHxPC130295415,1,0.1962761324927543,0.19788988745502506,0.008154812673980221,True
MHxPC130097428,4,0.23537457192177189,0.23731374612892756,0.008171352223744162,True
MHxPC130268984,0,0.2663044166618454,0.26850154787711844,0.008182936868127749,True
MHxPC130445087,0,0.24148120112157978,0.24347617865452537,0.008193727796986294,True
MHxPC130092421,1,0.19798956888883384,0.199626232623161,0.008198640593577361,True
MHxPC130026375,4,0.2289133804638967,0.2308058107816854,0.008199231689096096,True
MHxPC130376584,1,0.29401014742039056,0.2964407791622705,0.00819938386597427,True
MHxPC130329584,4,0.3042496388936688,0.3067650020092147,0.00819964174228174,True
MHxPC130466185,0,0.21524965162817292,0.21702942486245427,0.00820060798396031,True
MHxPC130216355,4,0.35129992419762646,0.35420742607948275,0.008208472402845267,True
MHxPC130554624,2,0.3572840312452732,0.3602587874381623,0.008257275871167272,True
MHxPC130453999,4,0.344484069022365,0.3473526044421239,0.008258281017832002,True
MHxPC130186534,1,0.23286447647358657,0.23480551823632703,0.008266593465605179,True
MHxPC130596927,2,0.2627927441427816,0.26498641576512977,0.008278430484876394,True
MHxPC130419228,1,0.5297259428358652,0.5341493407445015,0.00828120072650649,True
MHxPC130382389,4,0.2408002636336146,0.24281876645478132,0.0083127957967887,True
MHxPC130248952,2,0.24886033616624334,0.250946436366751,0.008312930164343509,True
MHxPC130262583,4,0.2764179802429576,0.27873939353343924,0.008328256946584562,True
MHxPC130243762,1,0.226120303920047,0.22802160650758865,0.008338256258528604,True
MHxPC130376564,1,0.19380065274632047,0.19543032522549267,0.008338892530070967,True
MHxPC130092382,4,0.1985028318274892,0.20017518736937373,0.00835445973030916,True
MHxPC130051037,4,0.1985028318274892,0.20017518736937373,0.00835445973030916,True
MHxPC130310512,2,0.45657516232565337,0.4604285122435867,0.008369051471544743,True
MHxPC130174978,4,0.5554685558068401,0.560178299985994,0.008407580549392375,True
MHxPC130537702,1,0.29048851990941765,0.2929522108908671,0.00840987331673436,True
MHxPC130169822,3,0.25394720267057336,0.25610148031464636,0.00841181254175592,True
MHxPC130461597,4,0.22150507993668103,0.2233843788314758,0.008412848313858759,True
MHxPC130441759,1,0.19905845560400526,0.20075252065818225,0.008438574263590171,True
MHxPC130529786,1,0.19905845560400526,0.20075252065818225,0.008438574263590171,True
MHxPC130280979,1,0.19905845560400526,0.20075252065818225,0.008438574263590171,True
MHxPC130216122,4,0.33805524090451167,0.3409384626015923,0.008456721705963196,True
MHxPC130209043,1,0.2458715211500534,0.24796961291008654,0.008461084144184672,True
MHxPC130597571,0,0.21906634569704234,0.22093727270983143,0.008468136633723566,True
MHxPC130033431,4,0.22164991257201203,0.22354343028369678,0.008470469068501388,True
MHxPC130375857,4,0.26549637239681406,0.26776446526363445,0.008470477457071397,True
MHxPC130009942,4,0.5558281936633541,0.560579952166785,0.008476504529040219,True
MHxPC130224303,2,0.3090249298736882,0.31166937258902433,0.008484769271259714,True
MHxPC130447778,0,0.323269801702903,0.32603989497478164,0.008496178886614227,True
MHxPC130382502,4,0.3467457679644103,0.3497186947292697,0.008500908900969216,True
MHxPC130483444,4,0.5343768408056275,0.5389657786575619,0.008514339933352254,True
MHxPC130442024,2,0.24472495807950626,0.24683367926075148,0.00854308531785729,True
MHxPC130440607,2,0.3354010516832827,0.3382931169726076,0.008548992409913778,True
MHxPC130382019,0,0.22808840830305463,0.23005759386932373,0.008559532998452671,True
MHxPC130567309,4,0.267316878693563,0.26962669998576944,0.008566737983769133,True
MHxPC130551223,4,0.267316878693563,0.26962669998576944,0.008566737983769133,True
MHxPC130441200,0,0.26422522783683766,0.2665091627863015,0.00856981773379096,True
MHxPC130268976,4,0.21791838546293243,0.21980797732758606,0.008596557266151947,True
MHxPC130279721,4,0.19657456713436527,0.1982808398170068,0.008605333143718035,True
MHxPC130592493,1,0.20362293068494733,0.2053907375320744,0.008607042695150786,True
MHxPC130470587,4,0.35308198954121334,0.3561495216895879,0.008613045818009459,True
MHxPC130466589,0,0.25234347616768465,0.25453585575858223,0.008613244622702451,True
MHxPC130341204,4,0.23068825658891126,0.2326932615951309,0.008616515117262831,True
MHxPC130066932,0,0.21211946938489779,0.21396324950046375,0.008617274788406905,True
MHxPC130554462,3,0.37588248986666106,0.3791500427467605,0.008618099727557957,True
MHxPC130472319,3,0.37588248986666106,0.3791500427467605,0.008618099727557957,True
MHxPC130390372,3,0.37588248986666106,0.3791500427467605,0.008618099727557957,True
MHxPC130178209,3,0.37588248986666106,0.3791500427467605,0.008618099727557957,True
MHxPC130199440,4,0.2017215517091131,0.20347627281797545,0.008623713637766886,True
MHxPC130207818,1,0.34775682991535056,0.350790260341226,0.008647419181264398,True
MHxPC130478008,1,0.23634267558411434,0.23841614212058143,0.008696837881968629,True
MHxPC130587039,4,0.2902717764785843,0.2928184844926467,0.008697224215455306,True
MHxPC130054337,2,0.2847727399098396,0.2872712746014558,0.008697474869642062,True
MHxPC130484485,4,0.28300193182469713,0.28548761354108837,0.008706793564735492,True
MHxPC130417339,2,0.22537973459337915,0.22735942057677525,0.008707296923848338,True
MHxPC130338482,2,0.254214676725255,0.25645059940901505,0.008718726682303283,True
MHxPC130010601,4,0.5744655430145167,0.5795284889972447,0.008736319402499852,True
MHxPC130367135,4,0.24823335080697978,0.25042163877551554,0.008738414057330727,True
MHxPC130399733,4,0.3281013976971985,0.33100013350350227,0.008757506456634452,True
MHxPC130050624,4,0.2218845051464875,0.22384569561454407,0.008761349923090241,True
MHxPC130294567,4,0.3466629586621342,0.3497316224102806,0.008774338811565812,True
MHxPC130355174,0,0.3355240675022912,0.3384954993988254,0.008778349791390212,True
MHxPC130059989,1,0.29403282551982035,0.2966401506564223,0.008789522021318785,True
MHxPC130353111,3,0.245877221742211,0.24805846418319047,0.008793259476800734,True
MHxPC130151294,0,0.2235294148982092,0.22551416700937457,0.008801008546318313,True
MHxPC130087734,3,0.20368919400389435,0.2054997642873294,0.008810571095855509,True
MHxPC130312713,3,0.2529161508040782,0.25516494561817665,0.008813102476323303,True
MHxPC130570566,1,0.20342283458402421,0.20523222453062828,0.008816305289007084,True
MHxPC130547907,0,0.3432192305342411,0.346275812487255,0.00882701546798448,True
MHxPC130233650,2,0.29050183851176004,0.29309139955257396,0.008835336160552938,True
MHxPC130488110,4,0.3067046450396458,0.30945779353163705,0.008896684942303123,True
MHxPC130246106,4,0.2782535685622586,0.28075356668297935,0.008904599682410133,True
MHxPC130515366,3,0.21302637405367283,0.21494655362816656,0.008933288494661887,True
MHxPC130269648,4,0.271888543527238,0.2743417546108601,0.008942171734309348,True
MHxPC130369558,1,0.3508594728295506,0.35402913838937927,0.008953120565862893,True
MHxPC130196434,1,0.2937280509587585,0.2963839552770619,0.008961025963165472,True
MHxPC130582888,2,0.38302090595265864,0.38648978476485163,0.008975344107227895,True
MHxPC130484874,2,0.38302090595265864,0.38648978476485163,0.008975344107227895,True
MHxPC130206622,2,0.38302090595265864,0.38648978476485163,0.008975344107227895,True
MHxPC130099767,2,0.38302090595265864,0.38648978476485163,0.008975344107227895,True
MHxPC130030683,1,0.19833992193055858,0.2001380816084235,0.008984595352438127,True
MHxPC130405869,4,0.2998395281101423,0.3025595294148051,0.008989970700720126,True
MHxPC130408967,0,0.22900889753036952,0.2310865345853163,0.008990731799562014,True
MHxPC130208612,1,0.30947074099791844,0.3122837041231754,0.009007716663138605,True
MHxPC130314420,1,0.30947074099791844,0.3122837041231754,0.009007716663138605,True
MHxPC130402838,1,0.5058696597202302,0.5104772587689612,0.009026061336879948,True
MHxPC130416202,3,0.24130679256634965,0.24350960526433735,0.009046101880032499,True
MHxPC130242146,0,0.22415565537237253,0.22620296049082111,0.00905074413706296,True
MHxPC130447937,0,0.22415565537237253,0.22620296049082111,0.00905074413706296,True
MHxPC130199176,0,0.22415565537237253,0.22620296049082111,0.00905074413706296,True
MHxPC130509796,0,0.22415565537237253,0.22620296049082111,0.00905074413706296,True
MHxPC130542082,0,0.22415565537237253,0.22620296049082111,0.00905074413706296,True
MHxPC130307450,0,0.22415565537237253,0.22620296049082111,0.00905074413706296,True
MHxPC130232655,0,0.22415565537237253,0.22620296049082111,0.00905074413706296,True
MHxPC130491225,0,0.22415565537237253,0.22620296049082111,0.00905074413706296,True
MHxPC130493267,0,0.22415565537237253,0.22620296049082111,0.00905074413706296,True
MHxPC130533792,0,0.22415565537237253,0.22620296049082111,0.00905074413706296,True
MHxPC130247312,0,0.22415565537237253,0.22620296049082111,0.00905074413706296,True
MHxPC130074741,0,0.22415565537237253,0.22620296049082111,0.00905074413706296,True
MHxPC130422944,0,0.22415565537237253,0.22620296049082111,0.00905074413706296,True
MHxPC130383965,0,0.22415565537237253,0.22620296049082111,0.00905074413706296,True
MHxPC130456445,0,0.22415565537237253,0.22620296049082111,0.00905074413706296,True
MHxPC130528614,4,0.5755199392576943,0.5807794459200926,0.009055944901882615,True
MHxPC130192280,3,0.4486627497628784,0.4527829819333206,0.009099794680554019,True
MHxPC130285844,3,0.4486627497628784,0.4527829819333206,0.009099794680554019,True
MHxPC130360910,2,0.2909446596182878,0.2936192763317188,0.009109131889587962,True
MHxPC130386259,1,0.24574811382659273,0.24800855760043833,0.009114378131610102,True
MHxPC130408795,1,0.5276028255175863,0.5324616372721339,0.00912518651942682,True
MHxPC130410803,4,0.23538886424295213,0.23755721388135043,0.009127694347692129,True
MHxPC130442553,0,0.24008813357258324,0.242302101934586,0.009137223095986488,True
MHxPC130492827,2,0.4248338118239097,0.42875236800228644,0.00913943915140271,True
MHxPC130488046,3,0.20428907581750205,0.20617446101417103,0.009144610769902231,True
MHxPC130165071,4,0.2753512038568246,0.2778930806563109,0.009146959663346275,True
MHxPC130446128,4,0.2753512038568246,0.2778930806563109,0.009146959663346275,True
MHxPC130474235,4,0.2753512038568246,0.2778930806563109,0.009146959663346275,True
MHxPC130545732,4,0.2753512038568246,0.2778930806563109,0.009146959663346275,True
MHxPC130365390,4,0.2753512038568246,0.2778930806563109,0.009146959663346275,True
MHxPC130574584,3,0.2451616476523867,0.24742555564690694,0.009149855149768668,True
MHxPC130028145,3,0.2259980644795975,0.2280878690902546,0.009162278638458282,True
MHxPC130359684,3,0.20853033909526322,0.21045894603279008,0.009163815432328444,True
MHxPC130130269,4,0.3141355811824706,0.3170413119629776,0.009165148738869412,True
MHxPC130382064,0,0.23481276385678698,0.23698695222152347,0.009174295649425302,True
MHxPC130120732,0,0.21046281171679573,0.21241844268060123,0.009206502689345291,True
MHxPC130434283,2,0.3153350989860726,0.31826584171829725,0.009208474011542553,True
MHxPC130171757,2,0.3153350989860726,0.31826584171829725,0.009208474011542553,True
MHxPC130141717,2,0.3153350989860726,0.31826584171829725,0.009208474011542553,True
MHxPC130511896,2,0.3153350989860726,0.31826584171829725,0.009208474011542553,True
MHxPC130418080,4,0.2037038198585432,0.20559770643853684,0.009211613362816489,True
MHxPC130118353,0,0.21483349303717292,0.21683571248728403,0.00923380852325482,True
MHxPC130244824,0,0.21483349303717292,0.21683571248728403,0.00923380852325482,True
MHxPC130002584,0,0.21483349303717292,0.21683571248728403,0.00923380852325482,True
MHxPC130412389,0,0.21483349303717292,0.21683571248728403,0.00923380852325482,True
MHxPC130105122,0,0.21483349303717292,0.21683571248728403,0.00923380852325482,True
MHxPC130207426,0,0.21483349303717292,0.21683571248728403,0.00923380852325482,True
MHxPC130583936,0,0.21483349303717292,0.21683571248728403,0.00923380852325482,True
MHxPC130062616,0,0.21483349303717292,0.21683571248728403,0.00923380852325482,True
MHxPC130399908,0,0.21483349303717292,0.21683571248728403,0.00923380852325482,True
MHxPC130220160,1,0.20744752735175012,0.20938130086099896,0.009235655243791817,True
MHxPC130310914,0,0.2421543109745832,0.24441599050085996,0.009253402453915155,True
MHxPC130137560,4,0.21623788104098576,0.21825781079385342,0.009254787929562363,True
MHxPC130464531,4,0.22482375586552567,0.2269278904012587,0.009272260593497105,True
MHxPC130164610,1,0.5482328161415188,0.55337038862064,0.009284147805464363,True
MHxPC130072795,1,0.25332299095952215,0.25569734843967207,0.009285811896911819,True
MHxPC130413223,4,0.29774151897242496,0.3005375042547453,0.0093032824281071,True
MHxPC130077710,0,0.2269541302416876,0.22908780550439073,0.00931378803863152,True
MHxPC130268943,1,0.26135145493597745,0.26381373855553925,0.009333416951837136,True
MHxPC130229534,4,0.291097462431346,0.2938412980759613,0.00933781487687963,True
MHxPC130387318,4,0.2362547948183246,0.23848314768940226,0.009343858854043022,True
MHxPC130147204,3,0.3449954080655111,0.3482511350329684,0.009348790685632886,True
MHxPC130158300,3,0.3449954080655111,0.3482511350329684,0.009348790685632886,True
MHxPC130532858,3,0.3449954080655111,0.3482511350329684,0.009348790685632886,True
MHxPC130064983,3,0.3449954080655111,0.3482511350329684,0.009348790685632886,True
MHxPC130178706,3,0.3449954080655111,0.3482511350329684,0.009348790685632886,True
MHxPC130384967,3,0.3449954080655111,0.3482511350329684,0.009348790685632886,True
MHxPC130270546,3,0.3449954080655111,0.3482511350329684,0.009348790685632886,True
MHxPC130108273,3,0.3449954080655111,0.3482511350329684,0.009348790685632886,True
MHxPC130125400,3,0.3449954080655111,0.3482511350329684,0.009348790685632886,True
MHxPC130030921,3,0.3449954080655111,0.3482511350329684,0.009348790685632886,True
MHxPC130120370,3,0.3449954080655111,0.3482511350329684,0.009348790685632886,True
MHxPC130316472,3,0.3449954080655111,0.3482511350329684,0.009348790685632886,True
MHxPC130194458,3,0.3449954080655111,0.3482511350329684,0.009348790685632886,True
MHxPC130500215,3,0.3449954080655111,0.3482511350329684,0.009348790685632886,True
MHxPC130349869,3,0.3449954080655111,0.3482511350329684,0.009348790685632886,True
MHxPC130462046,3,0.3449954080655111,0.3482511350329684,0.009348790685632886,True
MHxPC130318766,0,0.2581912506774374,0.2606342396869786,0.009373246632810714,True
MHxPC130493944,0,0.2581912506774374,0.2606342396869786,0.009373246632810714,True
MHxPC130182080,1,0.29308941927006127,0.29586271507854106,0.009373590071136813,True
MHxPC130522591,1,0.2939938139065217,0.2967785259669998,0.009383131921033043,True
MHxPC130089062,4,0.24337843980387128,0.24568634989911053,0.009393725358315532,True
MHxPC130536920,0,0.2538916156179351,0.2563005054918602,0.009398693417721614,True
MHxPC130344864,1,0.29126841415490035,0.2940392261080919,0.009423273179793317,True
MHxPC130403623,4,0.24739770769143377,0.2497523291482078,0.009427825817699418,True
MHxPC130470251,4,0.23713190727993172,0.23938895385560593,0.009428365592155164,True
MHxPC130372100,2,0.30928346419090985,0.3122289245147614,0.009433656181691499,True
MHxPC130156121,3,0.2628381668513992,0.26534249516501196,0.009438097399571629,True
MHxPC130018972,3,0.2628381668513992,0.26534249516501196,0.009438097399571629,True
MHxPC130076755,3,0.2628381668513992,0.26534249516501196,0.009438097399571629,True
MHxPC130233095,3,0.2628381668513992,0.26534249516501196,0.009438097399571629,True
MHxPC130574905,3,0.2628381668513992,0.26534249516501196,0.009438097399571629,True
MHxPC130525205,3,0.2628381668513992,0.26534249516501196,0.009438097399571629,True
MHxPC130340507,3,0.2628381668513992,0.26534249516501196,0.009438097399571629,True
MHxPC130109203,3,0.2628381668513992,0.26534249516501196,0.009438097399571629,True
MHxPC130512023,3,0.2628381668513992,0.26534249516501196,0.009438097399571629,True
MHxPC130590364,3,0.2628381668513992,0.26534249516501196,0.009438097399571629,True
MHxPC130010726,3,0.2628381668513992,0.26534249516501196,0.009438097399571629,True
MHxPC130217421,3,0.2628381668513992,0.26534249516501196,0.009438097399571629,True
MHxPC130590105,3,0.2628381668513992,0.26534249516501196,0.009438097399571629,True
MHxPC130373901,3,0.2628381668513992,0.26534249516501196,0.009438097399571629,True
MHxPC130543122,3,0.2628381668513992,0.26534249516501196,0.009438097399571629,True
MHxPC130576205,3,0.2628381668513992,0.26534249516501196,0.009438097399571629,True
MHxPC130281667,3,0.2628381668513992,0.26534249516501196,0.009438097399571629,True
MHxPC130129984,3,0.2628381668513992,0.26534249516501196,0.009438097399571629,True
MHxPC130358488,3,0.2628381668513992,0.26534249516501196,0.009438097399571629,True
MHxPC130107549,3,0.2628381668513992,0.26534249516501196,0.009438097399571629,True
MHxPC130568997,3,0.2628381668513992,0.26534249516501196,0.009438097399571629,True
MHxPC130330315,3,0.2628381668513992,0.26534249516501196,0.009438097399571629,True
MHxPC130115829,3,0.2628381668513992,0.26534249516501196,0.009438097399571629,True
MHxPC130346664,3,0.2628381668513992,0.26534249516501196,0.009438097399571629,True
MHxPC130445141,3,0.2628381668513992,0.26534249516501196,0.009438097399571629,True
MHxPC130568192,3,0.23499325180281017,0.23723482426420084,0.009448749644336809,True
MHxPC130559891,2,0.22872217534517147,0.23090921065093856,0.009471407829950904,True
MHxPC130570675,1,0.5645665710140482,0.5699881730626083,0.009511779901378076,True
MHxPC130134323,2,0.2420546603111406,0.2443801502330081,0.009515870743389911,True
MHxPC130198927,2,0.4119579083301173,0.4159180460944675,0.009521437700374998,True
MHxPC130562318,4,0.5031902739952206,0.5080278112858315,0.009522189894224372,True
MHxPC130342585,2,0.2403179946967952,0.24263613269843806,0.009553968635512186,True
MHxPC130559261,0,0.2238595616667032,0.22602040752835498,0.009560401581793835,True
MHxPC130551177,0,0.2238595616667032,0.22602040752835498,0.009560401581793835,True
MHxPC130234110,0,0.2238595616667032,0.22602040752835498,0.009560401581793835,True
MHxPC130405660,1,0.1982643870447929,0.2001784446008496,0.009561756561118639,True
MHxPC130016522,4,0.22952599569347595,0.2317442390089408,0.009571945887204024,True
MHxPC130279036,4,0.22952599569347595,0.2317442390089408,0.009571945887204024,True
MHxPC130496688,1,0.5391876993913911,0.5444033290218155,0.009580451390324676,True
MHxPC130526115,1,0.3072110163435065,0.3101827543574636,0.00958060360290823,True
MHxPC130508049,1,0.3072110163435065,0.3101827543574636,0.00958060360290823,True
MHxPC130175257,2,0.2679123204474156,0.27050419669829645,0.009581648944883772,True
MHxPC130107560,0,0.21713964373178096,0.21924246854192925,0.00959132062384222,True
MHxPC130091062,4,0.2070743856083336,0.20908216254396306,0.009602813129538406,True
MHxPC130097865,4,0.3743645640525743,0.3779970577833739,0.009609846574206262,True
MHxPC130552995,4,0.19922231103008115,0.2011585582109044,0.009625477524019594,True
MHxPC130140609,0,0.22922882848994755,0.23145707410363778,0.009627036124601241,True
MHxPC130022834,0,0.22922882848994755,0.23145707410363778,0.009627036124601241,True
MHxPC130522870,0,0.22922882848994755,0.23145707410363778,0.009627036124601241,True
MHxPC130562686,0,0.25047236849440485,0.25290910350090706,0.009634825211001041,True
MHxPC130406195,0,0.25047236849440485,0.25290910350090706,0.009634825211001041,True
MHxPC130400937,4,0.2904021305355579,0.2932376417085144,0.009669669816043142,True
MHxPC130224477,4,0.28591738682746926,0.2887095025089878,0.009671021068770075,True
MHxPC130565472,0,0.23859717681081327,0.24092841773725784,0.009676072869854998,True
MHxPC130363531,2,0.25301192483983714,0.25548817963263554,0.009692247979374157,True
MHxPC130247226,4,0.21918254895038589,0.22132835422618755,0.009695121455648398,True
MHxPC130017261,0,0.26597263500800167,0.2685808927719579,0.009711255841906853,True
MHxPC130420383,1,0.22321569113993475,0.22540718266936835,0.009722367776754125,True
MHxPC130425586,1,0.2643825480933773,0.2669787749042437,0.009724468964986403,True
MHxPC130298001,4,0.24908576610125094,0.25153642434205004,0.009742756927587502,True
MHxPC130066624,2,0.34078488652064726,0.34414126358312636,0.009752905035371835,True
MHxPC130374791,4,0.30415249276995504,0.30715037157316777,0.009760296846974801,True
MHxPC130123256,4,0.30415249276995504,0.30715037157316777,0.009760296846974801,True
MHxPC130108052,4,0.30415249276995504,0.30715037157316777,0.009760296846974801,True
MHxPC130042863,1,0.2111932384550866,0.21327689399804362,0.009769720028725268,True
MHxPC130431174,4,0.24245350987900527,0.24484928282241897,0.009784684340493956,True
MHxPC130506244,0,0.2521022595956799,0.25459736270092687,0.009800192267419324,True
MHxPC130078668,0,0.2521022595956799,0.25459736270092687,0.009800192267419324,True
MHxPC130210970,0,0.2521022595956799,0.25459736270092687,0.009800192267419324,True
MHxPC130505516,0,0.2521022595956799,0.25459736270092687,0.009800192267419324,True
MHxPC130282582,0,0.2521022595956799,0.25459736270092687,0.009800192267419324,True
MHxPC130123176,2,0.3549773664374571,0.35849250867044247,0.009805343620769506,True
MHxPC130396263,2,0.3549773664374571,0.35849250867044247,0.009805343620769506,True
MHxPC130461187,2,0.3549773664374571,0.35849250867044247,0.009805343620769506,True
MHxPC130261514,0,0.23363712704368234,0.2359562964711964,0.009828809242211372,True
MHxPC130336088,0,0.2989717584523342,0.3019427588901358,0.009839614795606329,True
MHxPC130170784,4,0.20749243376374846,0.20955569203353894,0.009845870802976137,True
MHxPC130368446,4,0.20749243376374846,0.20955569203353894,0.009845870802976137,True
MHxPC130405328,1,0.2869424225300775,0.2897973680928885,0.009851523433766551,True
MHxPC130332930,4,0.21435991785424902,0.21649583877790587,0.009865875185933766,True
MHxPC130554918,4,0.2686455648514552,0.2713226289962546,0.009866719022674502,True
MHxPC130597331,4,0.21176599687201553,0.21387649480836143,0.009867834884038867,True
MHxPC130452668,2,0.27076873736101476,0.2734704653913527,0.009879414314345181,True
MHxPC130347122,2,0.27076873736101476,0.2734704653913527,0.009879414314345181,True
MHxPC130504719,2,0.27076873736101476,0.2734704653913527,0.009879414314345181,True
MHxPC130509072,2,0.27076873736101476,0.2734704653913527,0.009879414314345181,True
MHxPC130235359,2,0.27076873736101476,0.2734704653913527,0.009879414314345181,True
MHxPC130352756,2,0.27076873736101476,0.2734704653913527,0.009879414314345181,True
MHxPC130162569,2,0.27076873736101476,0.2734704653913527,0.009879414314345181,True
MHxPC130552202,2,0.27076873736101476,0.2734704653913527,0.009879414314345181,True
MHxPC130256116,2,0.27076873736101476,0.2734704653913527,0.009879414314345181,True
MHxPC130218373,2,0.27076873736101476,0.2734704653913527,0.009879414314345181,True
MHxPC130159870,2,0.27076873736101476,0.2734704653913527,0.009879414314345181,True
MHxPC130175199,2,0.27076873736101476,0.2734704653913527,0.009879414314345181,True
MHxPC130071529,2,0.27076873736101476,0.2734704653913527,0.009879414314345181,True
MHxPC130531648,2,0.27076873736101476,0.2734704653913527,0.009879414314345181,True
MHxPC130001315,2,0.27076873736101476,0.2734704653913527,0.009879414314345181,True
MHxPC130087428,2,0.27076873736101476,0.2734704653913527,0.009879414314345181,True
MHxPC130503922,2,0.20657137240867843,0.2086331629486814,0.009882372058511696,True
MHxPC130566163,4,0.27270335423030906,0.275428285697297,0.009893433639501742,True
MHxPC130367163,4,0.25051288444845754,0.25301617338037025,0.009893790181347034,True
MHxPC130469012,1,0.20240379440210823,0.2044281459897497,0.009902509157144019,True
MHxPC130321752,1,0.20240379440210823,0.2044281459897497,0.009902509157144019,True
MHxPC130080409,4,0.19398756196903305,0.19592793086916477,0.009903482834346071,True
MHxPC130437624,1,0.24826813164927666,0.2507528033636206,0.009908849197354245,True
MHxPC130028096,4,0.5254586417359092,0.5307219835288678,0.009917323865052084,True
MHxPC130314338,0,0.23913534065811082,0.2415334256049862,0.009928584173675847,True
MHxPC130266668,4,0.22699518303830957,0.22927401244228027,0.009939327094667546,True
MHxPC130260398,4,0.5417787025150058,0.5472237277419454,0.009950272531872528,True
MHxPC130410047,3,0.2131827297544938,0.21532603601825406,0.009953771979430199,True
MHxPC130499832,4,0.1941553167732513,0.19611863254974785,0.010010857973928287,True
MHxPC130134003,1,0.20440535979311464,0.20647557524718707,0.010026442360526303,True
MHxPC130334420,0,0.320899239283578,0.3241522055267427,0.010035304982357456,True
MHxPC130193909,4,0.2547806349231042,0.25736681595576266,0.01004861882855549,True
MHxPC130017373,1,0.22743691507646455,0.22974630972515286,0.010051933593410327,True
MHxPC130048585,0,0.5288009086353034,0.5341717628327841,0.010054545318903377,True
MHxPC130347586,3,0.2199676067143401,0.2222025063107118,0.010057940540268226,True
MHxPC130016613,1,0.23787844676409253,0.2402961505892096,0.01006135062583747,True
MHxPC130190943,4,0.21901699317863524,0.22125240337367422,0.010103439153443155,True
MHxPC130404897,4,0.21901699317863524,0.22125240337367422,0.010103439153443155,True
MHxPC130334649,4,0.21901699317863524,0.22125240337367422,0.010103439153443155,True
MHxPC130045561,4,0.21901699317863524,0.22125240337367422,0.010103439153443155,True
MHxPC130029738,4,0.21901699317863524,0.22125240337367422,0.010103439153443155,True
MHxPC130056595,2,0.2594780853251961,0.2621397622589464,0.01015365586210095,True
MHxPC130593452,2,0.23681116688452972,0.23924035646717337,0.010153761758739761,True
MHxPC130511281,0,0.27077285210211316,0.27355589580505385,0.010173583335685046,True
MHxPC130390336,4,0.2489761552276216,0.25153609416606254,0.010177223061875533,True
MHxPC130346122,4,0.24778016613822515,0.2503286128938997,0.0101804053728156,True
MHxPC130275575,4,0.1999298409751243,0.20198616490660848,0.010180518712432312,True
MHxPC130546991,1,0.5182577645819647,0.5235898322409296,0.010183673040677632,True
MHxPC130395662,4,0.2002640003752043,0.20232507367931846,0.01018693959494566,True
MHxPC130472937,1,0.22593810423936256,0.22826568810761766,0.010196818836643303,True
MHxPC130272852,0,0.3029769247679463,0.3060993333115551,0.010200638171370107,True
MHxPC130121987,2,0.3801726855097978,0.38409320101894473,0.010207198405872153,True
MHxPC130519369,2,0.3801726855097978,0.38409320101894473,0.010207198405872153,True
MHxPC130520378,2,0.22578923581161858,0.22812369910009334,0.010233322086586302,True
MHxPC130314816,1,0.22075943317332017,0.22304772848912835,0.010259218201003627,True
MHxPC130114668,4,0.22387548225710696,0.22619692071590541,0.010262909200758261,True
MHxPC130404327,4,0.26439780328210055,0.2671394966016873,0.010263152227447218,True
MHxPC130562305,4,0.23419753936059784,0.23662731629634498,0.010268370422221926,True
MHxPC130594983,4,0.23419753936059784,0.23662731629634498,0.010268370422221926,True
MHxPC130208491,4,0.21466251950372428,0.21689194152302418,0.010278952752438888,True
MHxPC130259045,4,0.19543066717555546,0.1974624459819544,0.010289444133516967,True
MHxPC130516273,4,0.19543066717555546,0.1974624459819544,0.010289444133516967,True
MHxPC130561281,0,0.26133932377579466,0.26405809926140167,0.010296126091991525,True
MHxPC130266462,0,0.26133932377579466,0.26405809926140167,0.010296126091991525,True
MHxPC130088058,0,0.26133932377579466,0.26405809926140167,0.010296126091991525,True
MHxPC130132072,0,0.26133932377579466,0.26405809926140167,0.010296126091991525,True
MHxPC130361409,4,0.20957458671613707,0.21175526480248852,0.010298105638060235,True
MHxPC130440005,4,0.20759089908705286,0.20975169281556522,0.010301674801796917,True
MHxPC130444372,4,0.3052025285021984,0.3083797736492999,0.010303027041957574,True
MHxPC130260372,0,0.23037306509583036,0.23277406669677658,0.010314729793649611,True
MHxPC130163611,1,0.5189567259870229,0.5243767553930442,0.010336135899003965,True
MHxPC130409892,4,0.5242982573660385,0.5297813455244308,0.010349719190215271,True
MHxPC130574890,4,0.38885769747161775,0.39292526011738166,0.01035200089846292,True
MHxPC130096130,4,0.22155294723475216,0.22387071154009475,0.010353137707910836,True
MHxPC130548000,4,0.22456163331163542,0.22691294485648733,0.010362174561433733,True
MHxPC130170030,4,0.2016728461268233,0.20378723160494175,0.010375456114038428,True
MHxPC130262464,2,0.22034796448198193,0.2226585252203729,0.01037714920685895,True
MHxPC130272606,1,0.30703971409024383,0.31026130554041237,0.010383478031710004,True
MHxPC130335491,2,0.29918939341759637,0.3023290752235191,0.010384981343926254,True
MHxPC130407451,2,0.603447245384047,0.6097802880491733,0.01038577794206352,True
MHxPC130421986,2,0.40464013151708345,0.40889101214740314,0.010396121470107728,True
MHxPC130319065,1,0.20585396205478626,0.20801911573942022,0.010408436152311077,True
MHxPC130030547,4,0.25621715837475156,0.2589149256322104,0.010419512320008302,True
MHxPC130098048,1,0.20468889875834814,0.20684681232802338,0.010432423615275037,True
MHxPC130027489,4,0.23366522979748108,0.23612889302000437,0.010433552586529789,True
MHxPC130556726,4,0.5075761905665696,0.5129433989384999,0.010463548966684132,True
MHxPC130051659,4,0.2684010566144209,0.27124523907895387,0.010485649348872491,True
MHxPC130478051,0,0.2207406034637706,0.22308021648650406,0.010487765609977282,True
MHxPC130427385,4,0.32349086269846783,0.32692092162337394,0.010492014117278415,True
MHxPC130233116,4,0.32349086269846783,0.32692092162337394,0.010492014117278415,True
MHxPC130436643,4,0.32349086269846783,0.32692092162337394,0.010492014117278415,True
MHxPC130082662,4,0.19646770078159215,0.1985511844870902,0.010493433775679713,True
MHxPC130280874,1,0.21593774025422405,0.21822799823904127,0.010494794450291061,True
MHxPC130411534,1,0.2423416146335166,0.24491376384454827,0.010502264840714528,True
MHxPC130334664,4,0.4544450252007181,0.4592713352551924,0.0105086246059589,True
MHxPC130429304,1,0.23511818090876552,0.23761702844820706,0.010516281411987334,True
MHxPC130099312,2,0.44366348458496235,0.4483838471003211,0.010527503490335599,True
MHxPC130097438,4,0.23361450356236857,0.23610005350368357,0.010527528073076962,True
MHxPC130137229,3,0.2032987017303144,0.20546172509460084,0.010527621936837756,True
MHxPC130078166,3,0.2032987017303144,0.20546172509460084,0.010527621936837756,True
MHxPC130195384,0,0.4029912833120817,0.407280745821303,0.010531955053685073,True
MHxPC130338945,2,0.36242738355694676,0.3662895739543171,0.010544090446461986,True
MHxPC130529810,4,0.23506838180223452,0.23757465443468673,0.010549410830106971,True
MHxPC130296670,1,0.28419928180202175,0.2872322801883262,0.010559392503919934,True
MHxPC130192023,2,0.4380115541485221,0.4426869290563357,0.010561357476219115,True
MHxPC130575827,4,0.23624018001483907,0.23876384568413594,0.0105697144476198,True
MHxPC130516340,4,0.32390116457972323,0.32736762056911567,0.010588878592715246,True
MHxPC130077807,4,0.20647987424960756,0.20869024183351317,0.010591619255820185,True
MHxPC130495097,4,0.29708575322535424,0.30026654008204706,0.010593211137756731,True
MHxPC130546145,3,0.42522069845677324,0.42977480126263196,0.010596486328373034,True
MHxPC130283339,0,0.2073154073994472,0.2095410381606414,0.01062145525635867,True
MHxPC130529135,0,0.20518254233823133,0.20738809193903104,0.01063489026866651,True
MHxPC130455655,0,0.20518254233823133,0.20738809193903104,0.01063489026866651,True
MHxPC130544942,3,0.26919419473269507,0.27209036608202863,0.010644152496235165,True
MHxPC130537125,4,0.3069699839500502,0.3102797935888428,0.01066717751906996,True
MHxPC130443617,0,0.23199405156188935,0.23449911604005735,0.010682618000743717,True
MHxPC130110402,1,0.22460981878422318,0.22703581591869929,0.010685526090495126,True
MHxPC130472438,1,0.29807164844247686,0.30129491240207346,0.01069803646500079,True
MHxPC130147273,1,0.29807164844247686,0.30129491240207346,0.01069803646500079,True
MHxPC130535921,1,0.29807164844247686,0.30129491240207346,0.01069803646500079,True
MHxPC130296014,1,0.307035705348966,0.3103563881510795,0.010699579351004107,True
MHxPC130551984,4,0.2231669097313601,0.22558218927681437,0.010706871642647468,True
MHxPC130352844,4,0.29015813908093546,0.29329952607318127,0.010710508244946843,True
MHxPC130550206,2,0.20056685799562624,0.20273877086977293,0.010712863971843858,True
MHxPC130233751,2,0.3403381726705777,0.3440271189183373,0.010722835628069404,True
MHxPC130053822,4,0.23111972613784332,0.23362630393068715,0.0107290050421184,True
MHxPC130163478,1,0.2103677813918108,0.2126526616106765,0.010744658456468513,True
MHxPC130141226,1,0.24905291809894983,0.25176568739785854,0.010774976236621913,True
MHxPC130209744,4,0.2059197502253301,0.2081634738203708,0.010778661375419055,True
MHxPC130312606,0,0.20291017326497218,0.2051215754666321,0.010780934168573843,True
MHxPC130171176,4,0.3083421485279288,0.3117065566639626,0.010793510961210881,True
MHxPC130181750,0,0.22492170126205402,0.2273764896228178,0.010796139762892395,True
MHxPC130103561,4,0.5031968978988822,0.5086921012069606,0.010802611825581865,True
MHxPC130399262,1,0.2020594741027767,0.20426671248787553,0.010805668521393837,True
MHxPC130157633,4,0.2467721250579843,0.2494688421951546,0.01080983546258145,True
MHxPC130225257,3,0.22406845010107249,0.2265173375082645,0.010811037398418412,True
MHxPC130031563,0,0.22155987247162331,0.22398179500382204,0.010813032961707422,True
MHxPC130106130,0,0.27768636821492765,0.28072510850970295,0.010824611702555522,True
MHxPC130418256,0,0.27768636821492765,0.28072510850970295,0.010824611702555522,True
MHxPC130306139,0,0.27768636821492765,0.28072510850970295,0.010824611702555522,True
MHxPC130191814,0,0.27768636821492765,0.28072510850970295,0.010824611702555522,True
MHxPC130312881,0,0.27768636821492765,0.28072510850970295,0.010824611702555522,True
MHxPC130164139,0,0.27768636821492765,0.28072510850970295,0.010824611702555522,True
MHxPC130042222,2,0.3505059860492493,0.3543425925384836,0.010827392952535356,True
MHxPC130187089,2,0.3505059860492493,0.3543425925384836,0.010827392952535356,True
MHxPC130302892,1,0.2588282309258874,0.2616686554622488,0.01085504311299218,True
MHxPC130479308,1,0.2588282309258874,0.2616686554622488,0.01085504311299218,True
MHxPC130461556,4,0.40857013137717724,0.4130585223203185,0.010866234929443205,True
MHxPC130064714,3,0.21479558754827965,0.21715807709156043,0.010879123516481865,True
MHxPC130582062,4,0.2826539368912797,0.2857671573522673,0.010894255623468721,True
MHxPC130101931,4,0.4586087708403629,0.4636610056206356,0.010896397840292891,True
MHxPC130210850,1,0.2861063070413055,0.28926013507361265,0.010903085665449619,True
MHxPC130229671,0,0.22017855824056112,0.22260675844709385,0.010908025540068355,True
MHxPC130100167,1,0.25046432273240127,0.2532265467508868,0.010908113915887663,True
MHxPC130070681,4,0.26341800145853156,0.2663233664948479,0.010909163077031535,True
MHxPC130484550,4,0.26341800145853156,0.2663233664948479,0.010909163077031535,True
MHxPC130047652,3,0.2622155953008374,0.265108133494167,0.010910786308988413,True
MHxPC130565502,4,0.2589978926567052,0.26185792646089673,0.01092208222544915,True
MHxPC130548245,4,0.2589978926567052,0.26185792646089673,0.01092208222544915,True
MHxPC130279836,4,0.2589978926567052,0.26185792646089673,0.01092208222544915,True
MHxPC130589322,4,0.2589978926567052,0.26185792646089673,0.01092208222544915,True
MHxPC130269040,4,0.2589978926567052,0.26185792646089673,0.01092208222544915,True
MHxPC130156053,4,0.2589978926567052,0.26185792646089673,0.01092208222544915,True
MHxPC130303135,4,0.2589978926567052,0.26185792646089673,0.01092208222544915,True
MHxPC130084150,4,0.2589978926567052,0.26185792646089673,0.01092208222544915,True
MHxPC130431480,4,0.2589978926567052,0.26185792646089673,0.01092208222544915,True
MHxPC130093158,4,0.2589978926567052,0.26185792646089673,0.01092208222544915,True
MHxPC130175330,4,0.2589978926567052,0.26185792646089673,0.01092208222544915,True
MHxPC130202396,4,0.2589978926567052,0.26185792646089673,0.01092208222544915,True
MHxPC130194657,4,0.2589978926567052,0.26185792646089673,0.01092208222544915,True
MHxPC130418641,4,0.2589978926567052,0.26185792646089673,0.01092208222544915,True
MHxPC130504006,1,0.28596101922721645,0.28912684981945486,0.010949625032110671,True
MHxPC130478883,1,0.29306053364488405,0.2963060172640037,0.010953147860740088,True
MHxPC130149394,4,0.3073304935950247,0.31073839444478635,0.010967105805675401,True
MHxPC130392783,1,0.2130261034836312,0.21539037244725656,0.010976669647592054,True
MHxPC130088630,3,0.23018216380690598,0.23273763889795987,0.010980067956151671,True
MHxPC130451230,1,0.21615355825244928,0.21855608535611565,0.0109927257333132,True
MHxPC130494037,4,0.3040579135277472,0.3074404820666906,0.011002352442999574,True
MHxPC130196233,1,0.23212997432159163,0.23471300980798918,0.011005080155167535,True
MHxPC130514736,4,0.2260162302467745,0.22853128831037112,0.011005311711107513,True
MHxPC130551107,4,0.1939947506922425,0.19615438297163929,0.011009859920943115,True
MHxPC130151109,1,0.20822841751974425,0.21054788170848557,0.011016326404806768,True
MHxPC130252654,4,0.23453183999731197,0.23714731292204333,0.011028895467987574,True
MHxPC130475821,4,0.2248320778836116,0.22734058689937342,0.011034145068307388,True
MHxPC130473768,0,0.34251291398465405,0.3463350166263662,0.011035853893559629,True
MHxPC130091454,3,0.2444574820697611,0.24718549401763712,0.011036294660888886,True
MHxPC130314367,1,0.21079170907892386,0.21314821505130516,0.011055715253416878,True
MHxPC130156973,0,0.27888115210281017,0.28200426330017564,0.01107469497381717,True
MHxPC130274267,3,0.24361577046483082,0.24634579914615246,0.01108209959651862,True
MHxPC130504585,4,0.5315681943106809,0.5375282996168276,0.011087984224077628,True
MHxPC130390455,4,0.3360704085266479,0.33983875840084726,0.011088640659858262,True
MHxPC130398118,4,0.21093916328563206,0.2133044619277332,0.011088838089577764,True
MHxPC130569036,1,0.2473203370446433,0.25009611988371894,0.011098864070207224,True
MHxPC130582043,1,0.2473203370446433,0.25009611988371894,0.011098864070207224,True
MHxPC130091037,1,0.19811292809666642,0.20033823434453554,0.011107746133182501,True
MHxPC130336884,4,0.3708960733500655,0.37506286322764526,0.011109577316511585,True
MHxPC130097431,1,0.2190917331499084,0.22155523962803036,0.011119152416607027,True
MHxPC130553753,3,0.26192864889919937,0.2648849132247912,0.011160561353235779,True
MHxPC130197481,0,0.23248049567931667,0.23510611302125253,0.011167796992579778,True
MHxPC130014339,1,0.3579984883326843,0.36204264312258505,0.011170382458321231,True
MHxPC130580156,2,0.22492022172282483,0.2274623613422499,0.011176089109529863,True
MHxPC130545327,3,0.27716581044180855,0.2802997428541164,0.011180646761916343,True
MHxPC130560319,0,0.3673823419425722,0.3715367256206101,0.011181623219342473,True
MHxPC130290391,0,0.27652790738222355,0.27965617479575555,0.011186119583508954,True
MHxPC130035260,0,0.20716872440410267,0.20951332111374166,0.011190680846332172,True
MHxPC130135806,2,0.567875552982704,0.5743125516702079,0.01120818040417874,True
MHxPC130324074,2,0.567875552982704,0.5743125516702079,0.01120818040417874,True
MHxPC130474086,4,0.334580904582141,0.3383788485414945,0.011223940195209274,True
MHxPC130404559,4,0.334580904582141,0.3383788485414945,0.011223940195209274,True
MHxPC130499119,4,0.334580904582141,0.3383788485414945,0.011223940195209274,True
MHxPC130497896,0,0.22909648396965393,0.23169877837033395,0.011231368671787577,True
MHxPC130253211,1,0.19655974558905917,0.19879417269392247,0.011239902430659159,True
MHxPC130135645,0,0.5532101744990087,0.5594997093186157,0.011241354937014565,True
MHxPC130525479,3,0.21565638079804314,0.21810986416501987,0.011248841845687687,True
MHxPC130108713,4,0.21989683697540244,0.22240397775155682,0.01127291337817285,True
MHxPC130262212,4,0.34990665879570826,0.3539001742365894,0.011284299165706039,True
MHxPC130521521,4,0.2655156105609784,0.2685570918628652,0.011325268980198424,True
MHxPC130208700,4,0.2655156105609784,0.2685570918628652,0.011325268980198424,True
MHxPC130102802,4,0.2655156105609784,0.2685570918628652,0.011325268980198424,True
MHxPC130009124,4,0.2655156105609784,0.2685570918628652,0.011325268980198424,True
MHxPC130012101,3,0.20977765983997398,0.2121823221898745,0.011333000436052723,True
MHxPC130243920,4,0.28844724737074545,0.2917573021961404,0.011345233865542351,True
MHxPC130020153,4,0.28844724737074545,0.2917573021961404,0.011345233865542351,True
MHxPC130316093,4,0.28844724737074545,0.2917573021961404,0.011345233865542351,True
MHxPC130129058,4,0.28844724737074545,0.2917573021961404,0.011345233865542351,True
MHxPC130033693,4,0.28844724737074545,0.2917573021961404,0.011345233865542351,True
MHxPC130148712,4,0.28844724737074545,0.2917573021961404,0.011345233865542351,True
MHxPC130223334,4,0.2154159631066536,0.21788929175726618,0.011351308871883134,True
MHxPC130403476,3,0.2154632374952144,0.21794038052774445,0.01136614989168885,True
MHxPC130556183,1,0.29125503544690157,0.29460382549561803,0.011367096279495786,True
MHxPC130208063,1,0.22667605516365097,0.2292847094684651,0.011377358354430163,True
MHxPC130386610,3,0.3127012856414466,0.31630515189284786,0.011393637535888436,True
MHxPC130484570,3,0.3127012856414466,0.31630515189284786,0.011393637535888436,True
MHxPC130112533,3,0.3127012856414466,0.31630515189284786,0.011393637535888436,True
MHxPC130389268,2,0.20472878642965928,0.20708919042843785,0.011398006790674266,True
MHxPC130054594,3,0.21257703767478525,0.21502918072886296,0.011403768761829998,True
MHxPC130343034,1,0.20083828546833643,0.20315503260926596,0.011403838296171543,True
MHxPC130399687,1,0.20083828546833643,0.20315503260926596,0.011403838296171543,True
MHxPC130147976,1,0.20083828546833643,0.20315503260926596,0.011403838296171543,True
MHxPC130458782,1,0.517217182965795,0.5231981672959276,0.011431585016905629,True
MHxPC130514377,4,0.28206931641129657,0.2853317573150596,0.011433851368183659,True
MHxPC130430738,0,0.33036319333879105,0.33418631614669386,0.01144009381349002,True
MHxPC130047531,0,0.33036319333879105,0.33418631614669386,0.01144009381349002,True
MHxPC130526545,0,0.33036319333879105,0.33418631614669386,0.01144009381349002,True
MHxPC130416154,0,0.33036319333879105,0.33418631614669386,0.01144009381349002,True
MHxPC130436247,0,0.33036319333879105,0.33418631614669386,0.01144009381349002,True
MHxPC130184566,0,0.33036319333879105,0.33418631614669386,0.01144009381349002,True
MHxPC130521263,0,0.33036319333879105,0.33418631614669386,0.01144009381349002,True
MHxPC130241484,0,0.33036319333879105,0.33418631614669386,0.01144009381349002,True
MHxPC130498445,0,0.33036319333879105,0.33418631614669386,0.01144009381349002,True
MHxPC130349785,0,0.33036319333879105,0.33418631614669386,0.01144009381349002,True
MHxPC130002130,0,0.33036319333879105,0.33418631614669386,0.01144009381349002,True
MHxPC130349834,0,0.33036319333879105,0.33418631614669386,0.01144009381349002,True
MHxPC130142547,0,0.33036319333879105,0.33418631614669386,0.01144009381349002,True
MHxPC130385920,0,0.33036319333879105,0.33418631614669386,0.01144009381349002,True
MHxPC130429996,0,0.33036319333879105,0.33418631614669386,0.01144009381349002,True
MHxPC130430077,0,0.33036319333879105,0.33418631614669386,0.01144009381349002,True
MHxPC130108973,0,0.33036319333879105,0.33418631614669386,0.01144009381349002,True
MHxPC130596056,0,0.33036319333879105,0.33418631614669386,0.01144009381349002,True
MHxPC130358173,0,0.33036319333879105,0.33418631614669386,0.01144009381349002,True
MHxPC130165800,0,0.33036319333879105,0.33418631614669386,0.01144009381349002,True
MHxPC130249859,0,0.33036319333879105,0.33418631614669386,0.01144009381349002,True
MHxPC130506209,0,0.33036319333879105,0.33418631614669386,0.01144009381349002,True
MHxPC130245756,0,0.33036319333879105,0.33418631614669386,0.01144009381349002,True
MHxPC130368613,0,0.33036319333879105,0.33418631614669386,0.01144009381349002,True
MHxPC130575992,3,0.6345348680048605,0.6418781303753381,0.011440275066208743,True
MHxPC130431324,0,0.27054342522362557,0.2736842429142912,0.011476063280885532,True
MHxPC130113419,0,0.27054342522362557,0.2736842429142912,0.011476063280885532,True
MHxPC130446796,4,0.25500138358788355,0.2579641937666258,0.01148535436442263,True
MHxPC130096791,4,0.24307070552047336,0.24589510535085557,0.011486197849901144,True
MHxPC130297093,3,0.23102731731353557,0.23371314190242182,0.011491970742525101,True
MHxPC130390488,1,0.20446772630564927,0.20684574644875228,0.011496587113490313,True
MHxPC130580747,2,0.2716955163168398,0.274855854709136,0.011498166541297013,True
MHxPC130579353,0,0.30026864933393305,0.30376406176225496,0.011506997924782955,True
MHxPC130105422,2,0.34798966001350673,0.3520451579296926,0.011519823025078497,True
MHxPC130109709,4,0.21132460764634217,0.213793170644165,0.011546500715551297,True
MHxPC130314574,4,0.21132460764634217,0.213793170644165,0.011546500715551297,True
MHxPC130449820,1,0.2779557817320399,0.2812048027707404,0.011553931535619453,True
MHxPC130552016,1,0.2257726680523656,0.22841515831749556,0.011568804297379102,True
MHxPC130403919,1,0.19547879923205932,0.1977681237065492,0.011575801153308212,True
MHxPC130414874,1,0.19547879923205932,0.1977681237065492,0.011575801153308212,True
MHxPC130302133,2,0.23893804357916945,0.24173670902781816,0.011577329152464996,True
MHxPC130149150,0,0.21959863248851985,0.2221763141736778,0.01160196438916055,True
MHxPC130439440,4,0.3605709941925394,0.364803547260622,0.011602280459895743,True
MHxPC130511309,4,0.3605709941925394,0.364803547260622,0.011602280459895743,True
MHxPC130097106,4,0.3605709941925394,0.364803547260622,0.011602280459895743,True
MHxPC130040927,4,0.3605709941925394,0.364803547260622,0.011602280459895743,True
MHxPC130446860,4,0.3605709941925394,0.364803547260622,0.011602280459895743,True
MHxPC130473548,4,0.3605709941925394,0.364803547260622,0.011602280459895743,True
MHxPC130327639,4,0.3605709941925394,0.364803547260622,0.011602280459895743,True
MHxPC130534196,4,0.3605709941925394,0.364803547260622,0.011602280459895743,True
MHxPC130376281,3,0.20456523348425198,0.20696966417143253,0.01161730969998078,True
MHxPC130470161,0,0.32518022739298713,0.32901132372662,0.011644268927400772,True
MHxPC130294579,2,0.24432412300619163,0.24720422000884407,0.011650678950987942,True
MHxPC130586575,0,0.22401163071026725,0.2266526312870906,0.011652194646168073,True
MHxPC130289642,3,0.4051709011321515,0.409954150928838,0.011667767690238222,True
MHxPC130231496,3,0.4051709011321515,0.409954150928838,0.011667767690238222,True
MHxPC130160509,4,0.2175204588996565,0.22008994399353263,0.01167470465598212,True
MHxPC130286333,4,0.2175204588996565,0.22008994399353263,0.01167470465598212,True
MHxPC130541840,4,0.2175204588996565,0.22008994399353263,0.01167470465598212,True
MHxPC130519915,4,0.2175204588996565,0.22008994399353263,0.01167470465598212,True
MHxPC130245221,4,0.2175204588996565,0.22008994399353263,0.01167470465598212,True
MHxPC130344264,4,0.2175204588996565,0.22008994399353263,0.01167470465598212,True
MHxPC130180177,4,0.2175204588996565,0.22008994399353263,0.01167470465598212,True
MHxPC130325075,4,0.2175204588996565,0.22008994399353263,0.01167470465598212,True
MHxPC130531253,4,0.2175204588996565,0.22008994399353263,0.01167470465598212,True
MHxPC130174198,4,0.2175204588996565,0.22008994399353263,0.01167470465598212,True
MHxPC130240130,4,0.2175204588996565,0.22008994399353263,0.01167470465598212,True
MHxPC130569629,4,0.2175204588996565,0.22008994399353263,0.01167470465598212,True
MHxPC130505901,4,0.2175204588996565,0.22008994399353263,0.01167470465598212,True
MHxPC130189459,4,0.4587796992432375,0.46420141703190576,0.011679666605359771,True
MHxPC130440575,0,0.4097158379427896,0.41455864379631974,0.01168183543148964,True
MHxPC130533647,0,0.4097158379427896,0.41455864379631974,0.01168183543148964,True
MHxPC130389739,4,0.2611262736665343,0.26421490192385216,0.01168983367262164,True
MHxPC130595860,4,0.21409790590572567,0.2166404836282675,0.011736392385943067,True
MHxPC130154205,4,0.22856857136480413,0.23128814676778728,0.01175838641533842,True
MHxPC130451425,4,0.21352850302748141,0.21607682483796456,0.011793591526505097,True
MHxPC130443672,1,0.2425591724371065,0.24545557303634316,0.011800101189015581,True
MHxPC130042703,4,0.33257048682092194,0.33655980514287215,0.011853222699177381,True
MHxPC130418068,1,0.218622447988825,0.2212488335611022,0.011870731836205947,True
MHxPC130366421,2,0.3495622340601108,0.35376295966101756,0.011874407668151581,True
MHxPC130220761,0,0.20835394631411916,0.21085896219133923,0.011880054094864383,True
MHxPC130175626,1,0.21569455096498197,0.21829040573470787,0.01189174925480092,True
MHxPC130130531,0,0.2607723817691634,0.2639147970684201,0.011906931078373796,True
MHxPC130325167,1,0.19873896164923138,0.20113450998322063,0.011910180576118418,True
MHxPC130354171,0,0.37397412436346156,0.3784889271469808,0.011928493701391625,True
MHxPC130244511,4,0.20570146618039206,0.20818636202126134,0.011935920377990485,True
MHxPC130198005,2,0.22028558322167846,0.222947535058906,0.011939812819747958,True
MHxPC130390105,1,0.2991927460579658,0.30280866213668034,0.011941257073690965,True
MHxPC130572438,4,0.19470247405480026,0.1970614480051347,0.011970753154482911,True
MHxPC130593245,4,0.22836444385315216,0.23113788445658612,0.011999074102259009,True
MHxPC130103032,4,0.20145285513659777,0.2039010094050979,0.01200658238839945,True
MHxPC130419413,4,0.24132104254701947,0.244255699572472,0.012014692105810236,True
MHxPC130534205,4,0.1980313364964551,0.20044029316829903,0.012018325426321638,True
MHxPC130023105,1,0.23851265985049125,0.24141471672886414,0.012021043777675842,True
MHxPC130184459,1,0.19752014024041983,0.19992587139932919,0.012033115784720917,True
MHxPC130321291,4,0.28683485965573974,0.29032910540410456,0.012035464868399038,True
MHxPC130230495,4,0.2943268544651521,0.29791911577095076,0.012057840922703627,True
MHxPC130129899,2,0.33303872775317933,0.3371041381232513,0.012059805592138944,True
MHxPC130393116,1,0.31967558648940436,0.3235795901733083,0.012065049225796194,True
MHxPC130218746,4,0.3031753320800037,0.3068795733069865,0.012070667288360983,True
MHxPC130272875,4,0.3031753320800037,0.3068795733069865,0.012070667288360983,True
MHxPC130237194,4,0.3031753320800037,0.3068795733069865,0.012070667288360983,True
MHxPC130358808,4,0.3031753320800037,0.3068795733069865,0.012070667288360983,True
MHxPC130212218,4,0.3031753320800037,0.3068795733069865,0.012070667288360983,True
MHxPC130220075,4,0.2452701320651812,0.24826867250210546,0.012077804286397991,True
MHxPC130587343,1,0.30765702716890087,0.3114184342389596,0.012078305766486849,True
MHxPC130551254,3,0.2518474573391632,0.2549289347429519,0.012087593771557617,True
MHxPC130498269,4,0.5445483899471179,0.5512194988152436,0.01210245443505569,True
MHxPC130523519,2,0.2760919299767598,0.2794787593957356,0.012118378607012868,True
MHxPC130400235,4,0.3096464312462254,0.31344806730274566,0.012128439933395579,True
MHxPC130168132,4,0.209888680444081,0.21246593452066215,0.012130199047652616,True
MHxPC130250373,1,0.3587489367896624,0.36315608067708105,0.01213567422360602,True
MHxPC130388233,1,0.20294397585328822,0.205442045962196,0.01215948807951157,True
MHxPC130165821,1,0.2671862440454505,0.27048348852310267,0.012190187636427747,True
MHxPC130413378,0,0.20020943431703472,0.2026809810072662,0.012194270414266784,True
MHxPC130063361,4,0.21241986989070158,0.21504285828197217,0.012197514543036962,True
MHxPC130268192,1,0.3242422275308127,0.3282462518195347,0.01219823308423745,True
MHxPC130364714,1,0.22313873623470837,0.22589947353917642,0.012221087819353722,True
MHxPC130540026,4,0.5223511776036373,0.5288282322797517,0.012247936628103657,True
MHxPC130266274,4,0.280817616515681,0.28430334171476124,0.01226058469118327,True
MHxPC130266951,4,0.280817616515681,0.28430334171476124,0.01226058469118327,True
MHxPC130031199,4,0.280817616515681,0.28430334171476124,0.01226058469118327,True
MHxPC130355842,0,0.2214461183216292,0.22419629639938773,0.012266830995545618,True
MHxPC130273032,4,0.31493311891073944,0.3188460428492208,0.012272142076832186,True
MHxPC130202907,4,0.2186368399626782,0.22136303265232526,0.012315483109272631,True
MHxPC130284007,4,0.2897796033684186,0.29339675617620586,0.01232853714856642,True
MHxPC130577275,4,0.3082740717012772,0.312122346544415,0.012329379442846821,True
MHxPC130213727,1,0.3382083752794151,0.3424447064911889,0.012370847414114733,True
MHxPC130274950,3,0.3359857854213785,0.3402004416520548,0.012388744148036404,True
MHxPC130463594,4,0.2426110964097073,0.24566469277811978,0.012429935836039914,True
MHxPC130457571,4,0.2426110964097073,0.24566469277811978,0.012429935836039914,True
MHxPC130248422,0,0.2242262078350078,0.22704932751380086,0.012433948647663196,True
MHxPC130361160,0,0.2242262078350078,0.22704932751380086,0.012433948647663196,True
MHxPC130245278,4,0.5727996601765997,0.5800184150584363,0.012445733953307966,True
MHxPC130208897,4,0.2537436177866591,0.2569436483846104,0.012454211723347604,True
MHxPC130023028,0,0.23904166719493672,0.2420586952961253,0.012464035210541286,True
MHxPC130388685,4,0.24178929062968685,0.24484146003093943,0.012465900999229838,True
MHxPC130135621,0,0.26616727490135045,0.2695310938741583,0.012480263128299364,True
MHxPC130549827,1,0.5053649804293908,0.511756827942353,0.012490009246505238,True
MHxPC130161349,3,0.37333671992456263,0.378061681260696,0.012497858339880865,True
MHxPC130083486,4,0.2414994152459849,0.24455736529914865,0.012504019453362995,True
MHxPC130340969,1,0.2044246360435811,0.2070135588652829,0.012506054366161411,True
MHxPC130058726,4,0.23308746355597057,0.23604056089397651,0.012510974075054844,True
MHxPC130522662,4,0.5291251275516584,0.5358294957672612,0.012512129825930461,True
MHxPC130316322,4,0.2713814396398744,0.2748200598092256,0.012512260465041097,True
MHxPC130485394,4,0.2879889960589548,0.2916467998486509,0.01254189585345804,True
MHxPC130300701,4,0.22857179942298186,0.23147583888281725,0.012545756282173083,True
MHxPC130354139,4,0.24206989833046966,0.24514640996122838,0.012549690738874368,True
MHxPC130356029,4,0.2460769523631232,0.24920799299357616,0.012563965516682487,True
MHxPC130401027,3,0.25241125914848916,0.25562307999491907,0.012564674701884285,True
MHxPC130352990,4,0.2294138664975618,0.23233836593233909,0.012587242847481155,True
MHxPC130538569,2,0.21419113507234594,0.21692234742890995,0.012590737602353706,True
MHxPC130347905,1,0.19874512889579224,0.20128047596051687,0.012596090369052827,True
MHxPC130175663,4,0.29305309032982424,0.29679461628289067,0.01260644818941116,True
MHxPC130521957,4,0.29305309032982424,0.29679461628289067,0.01260644818941116,True
MHxPC130252944,4,0.20162086123398618,0.20419609796364116,0.012611586388460404,True
MHxPC130031496,4,0.20162086123398618,0.20419609796364116,0.012611586388460404,True
MHxPC130171021,4,0.20162086123398618,0.20419609796364116,0.012611586388460404,True
MHxPC130556176,4,0.3215231579177639,0.32563211144643284,0.012618391688759615,True
MHxPC130159792,3,0.24347908793350478,0.24659121653879795,0.012620597963607982,True
MHxPC130113055,1,0.1957445430867866,0.19824714094892731,0.012623626500547807,True
MHxPC130062213,1,0.1957445430867866,0.19824714094892731,0.012623626500547807,True
MHxPC130168481,4,0.2684018734981869,0.2718369082193916,0.012636380923051091,True
MHxPC130088114,4,0.2684018734981869,0.2718369082193916,0.012636380923051091,True
MHxPC130227252,4,0.22387797926759978,0.22674404337359216,0.012640085549105897,True
MHxPC130271926,4,0.22387797926759978,0.22674404337359216,0.012640085549105897,True
MHxPC130151690,4,0.22387797926759978,0.22674404337359216,0.012640085549105897,True
MHxPC130575232,4,0.22387797926759978,0.22674404337359216,0.012640085549105897,True
MHxPC130366291,4,0.22387797926759978,0.22674404337359216,0.012640085549105897,True
MHxPC130544307,4,0.22387797926759978,0.22674404337359216,0.012640085549105897,True
MHxPC130470470,4,0.22387797926759978,0.22674404337359216,0.012640085549105897,True
MHxPC130585638,4,0.22387797926759978,0.22674404337359216,0.012640085549105897,True
MHxPC130005648,4,0.22387797926759978,0.22674404337359216,0.012640085549105897,True
MHxPC130499381,4,0.22387797926759978,0.22674404337359216,0.012640085549105897,True
MHxPC130014613,4,0.22387797926759978,0.22674404337359216,0.012640085549105897,True
MHxPC130073054,4,0.22387797926759978,0.22674404337359216,0.012640085549105897,True
MHxPC130524619,4,0.22387797926759978,0.22674404337359216,0.012640085549105897,True
MHxPC130454107,4,0.22387797926759978,0.22674404337359216,0.012640085549105897,True
MHxPC130425998,4,0.22387797926759978,0.22674404337359216,0.012640085549105897,True
MHxPC130016406,4,0.22387797926759978,0.22674404337359216,0.012640085549105897,True
MHxPC130161885,4,0.22387797926759978,0.22674404337359216,0.012640085549105897,True
MHxPC130522523,4,0.22387797926759978,0.22674404337359216,0.012640085549105897,True
MHxPC130052487,4,0.22387797926759978,0.22674404337359216,0.012640085549105897,True
MHxPC130348326,4,0.22387797926759978,0.22674404337359216,0.012640085549105897,True
MHxPC130044192,0,0.36344993649023927,0.36810406844689014,0.012643522187319619,True
MHxPC130540043,1,0.24904772869291547,0.252236993241235,0.0126439207323938,True
MHxPC130455545,4,0.22674115058762193,0.2296458483136215,0.012648596729833782,True
MHxPC130573117,3,0.25357861603947124,0.25683577996120444,0.012681893162335865,True
MHxPC130492647,0,0.26798394849526946,0.2714298894384089,0.012695510248591715,True
MHxPC130318977,1,0.25240810787247603,0.25565783379691037,0.012711231555751438,True
MHxPC130012587,4,0.2896887610403585,0.2934203115717918,0.01271742406462651,True
MHxPC130356451,4,0.21057923146366844,0.21329265889473,0.012721616604726984,True
MHxPC130509445,0,0.2319403969546708,0.23492962134230463,0.012723914381483514,True
MHxPC130250316,1,0.34520167044314254,0.34965074408010627,0.012724336247785677,True
MHxPC130105671,4,0.23022508161885533,0.2331923587822081,0.01272459002880141,True
MHxPC130411422,4,0.24000730167976597,0.2431045119972598,0.012740242013808188,True
MHxPC130025660,1,0.30223143404870234,0.30613179864054785,0.012740801867581274,True
MHxPC130223654,4,0.2628792943910492,0.2662729643737811,0.01274507906092963,True
MHxPC130369620,4,0.3327027395698072,0.3369983301795212,0.01274662283170861,True
MHxPC130257956,3,0.20489981966621043,0.2075530314416972,0.01278329570547408,True
MHxPC130134971,1,0.1936875836834932,0.19619604063734583,0.012785461652048977,True
MHxPC130542292,4,0.23129765389551873,0.23429584570962983,0.012796606807219484,True
MHxPC130216786,2,0.32760874655104993,0.3318569809477309,0.012801401328212832,True
MHxPC130371773,3,0.23185002139030486,0.23485698457023618,0.012803379833194021,True
MHxPC130139612,1,0.2041610213170144,0.20681049212850286,0.012811104428116652,True
MHxPC130160142,1,0.2642909667805787,0.2677249162523976,0.012826409733868603,True
MHxPC130572506,0,0.22611608336949568,0.22905408291239193,0.012826663055030421,True
MHxPC130233643,0,0.2566573421283369,0.25999642987332344,0.012842821521100962,True
MHxPC130269270,0,0.20433043608854892,0.2069912211827578,0.012854579430977968,True
MHxPC130234028,4,0.21444248132779267,0.2172360959166554,0.01285980848198695,True
MHxPC130304032,4,0.21959945645474277,0.22246253715072012,0.012869945351911497,True
MHxPC130453038,4,0.193898292723028,0.19642710474542702,0.012874048241338197,True
MHxPC130223218,4,0.193898292723028,0.19642710474542702,0.012874048241338197,True
MHxPC130527253,1,0.19369914172900426,0.19622626528065235,0.012878620239923873,True
MHxPC130484528,4,0.20016192176957484,0.2027756717199064,0.012889859657039772,True
MHxPC130232406,1,0.23776310413164575,0.24087004643647336,0.012898832174414964,True
MHxPC130329042,4,0.30319528354640707,0.307161071037756,0.012911100609039852,True
MHxPC130168627,0,0.21120544271889868,0.2139684259967224,0.012913042029229252,True
MHxPC130254513,2,0.28657490467561225,0.29032443152732784,0.012914954597483305,True
MHxPC130332017,0,0.21824429829329992,0.22110222537859356,0.012925817822050465,True
MHxPC130076392,0,0.2162066614942803,0.21904022568776868,0.012936273164398052,True
MHxPC130521006,1,0.2021991060628846,0.20484916743293008,0.012936647013286668,True
MHxPC130466532,1,0.2021991060628846,0.20484916743293008,0.012936647013286668,True
MHxPC130471817,1,0.2157103030997088,0.21854480237502066,0.012969877318097471,True
MHxPC130471856,1,0.2940864664807932,0.29796266397447707,0.013009004020771962,True
MHxPC130325486,1,0.5260816924217586,0.5330173643051309,0.013012093691195216,True
MHxPC130577569,1,0.309240001197866,0.3133188233735679,0.013018120430124246,True
MHxPC130283160,1,0.309240001197866,0.3133188233735679,0.013018120430124246,True
MHxPC130423884,1,0.3413248325515735,0.3458271715981503,0.013019043662099862,True
MHxPC130360271,1,0.23363703867024177,0.23671911342648458,0.013019965779822748,True
MHxPC130473159,0,0.23396667064550983,0.2370539960997347,0.013023722464167888,True
MHxPC130142284,1,0.19389772064990043,0.19645764303222749,0.013030403616860628,True
MHxPC130181376,0,0.24080584908926073,0.2439862629065978,0.013035216734946254,True
MHxPC130189840,1,0.2272047957949975,0.23020695969815416,0.013041151783999406,True
MHxPC130307011,3,0.20464460785845945,0.20734960116115517,0.0130455679082467,True
MHxPC130279599,4,0.22417271836849212,0.22713714168801893,0.013051248675122265,True
MHxPC130113353,4,0.26552265717132834,0.26903579913727554,0.013058269483886147,True
MHxPC130143254,4,0.2390743172717805,0.24223800047893013,0.013060226722870463,True
MHxPC130239824,2,0.20353970304148306,0.20623341745226098,0.013061483653111008,True
MHxPC130137381,0,0.3124407907215732,0.31658050590227427,0.013076342679100237,True
MHxPC130158001,2,0.2796163415920559,0.2833283796592017,0.013101539886723666,True
MHxPC130448011,2,0.2252171679135722,0.2282074802157788,0.013103480654442768,True
MHxPC130471365,0,0.33035084877147625,0.3347469078807931,0.013132486083732024,True
MHxPC130478872,0,0.44308837787354555,0.44898748118791665,0.013138681058018463,True
MHxPC130124414,1,0.3127164855978863,0.31688132817163267,0.013143224934637293,True
MHxPC130039214,3,0.21064707712193767,0.21345380096314776,0.013149092817956698,True
MHxPC130363582,3,0.257362894409711,0.2607953100927104,0.013161339756375252,True
MHxPC130448446,0,0.20652842776735814,0.20928612626120843,0.013176690414769463,True
MHxPC130228862,0,0.28231922661203535,0.2860898350209421,0.013179805597185016,True
MHxPC130101591,1,0.3452401459632077,0.3498543755640299,0.01318900069031066,True
MHxPC130566210,2,0.26321254516922565,0.2667314934096678,0.013192848716358542,True
MHxPC130571908,4,0.3114946189102038,0.31565915829420826,0.013193152406884795,True
MHxPC130321844,0,0.25950749783181803,0.26298017723229566,0.013205099475654175,True
MHxPC130450627,0,0.23558290634156026,0.23873639522340162,0.013209083093050933,True
MHxPC130018308,4,0.21961251039858487,0.22255456404186227,0.01321947117078222,True
MHxPC130429325,0,0.2320998401077426,0.23521336078429317,0.013237006036429567,True
MHxPC130587961,4,0.22458955655733479,0.22760601842362188,0.013252996942606484,True
MHxPC130287204,4,0.22458955655733479,0.22760601842362188,0.013252996942606484,True
MHxPC130385326,4,0.22458955655733479,0.22760601842362188,0.013252996942606484,True
MHxPC130546038,4,0.5413262377981727,0.5486018572685175,0.013262112356983364,True
MHxPC130132447,0,0.20537884097036763,0.20814030375781942,0.013267314103014264,True
MHxPC130085696,1,0.30760233698585787,0.31173937016096664,0.013270807511327863,True
MHxPC130568331,2,0.4502211860114178,0.45627864953051067,0.013275798736858958,True
MHxPC130205848,4,0.2218106661277136,0.2247956666876306,0.013278728206379787,True
MHxPC130037807,1,0.22529790936169244,0.2283311241613321,0.01328428093533357,True
MHxPC130444166,1,0.22529790936169244,0.2283311241613321,0.01328428093533357,True
MHxPC130309507,4,0.20127841149326306,0.2039915832947295,0.013300410525008828,True
MHxPC130327926,4,0.23691595225883902,0.24010989921264206,0.013302021133974449,True
MHxPC130575936,4,0.2260454725474678,0.22909427912860347,0.013308086927060349,True
MHxPC130076112,1,0.2958398804803507,0.29983029591316207,0.013308913366003166,True
MHxPC130082596,4,0.19332984711598655,0.19593842432757477,0.013313249917877952,True
MHxPC130407973,1,0.24594089260481497,0.24926439125331742,0.013333226746875832,True
MHxPC130427446,2,0.2562452677483638,0.2597131781270246,0.013352847181919463,True
MHxPC130218650,2,0.2889984403083878,0.29291120687091554,0.013358200269380935,True
MHxPC130147711,4,0.22153159176587237,0.2245311377116475,0.0133591535514655,True
MHxPC130376480,4,0.24154741044680558,0.24481964389129168,0.013365894143441708,True
MHxPC130073742,4,0.24588483259430452,0.2492162327163969,0.013367508551834354,True
MHxPC130090506,1,0.24078766774188182,0.24405201267828225,0.013375611618919953,True
MHxPC130109547,2,0.22615495854227877,0.22922133421430357,0.013377357227831121,True
MHxPC130447487,1,0.26662965268857036,0.2702474166361974,0.013386858578179131,True
MHxPC130472788,4,0.2187982869094696,0.22176718019438177,0.013387433083244799,True
MHxPC130352907,2,0.31302761620315833,0.31727899205451676,0.013399487384364651,True
MHxPC130379315,2,0.31302761620315833,0.31727899205451676,0.013399487384364651,True
MHxPC130584484,2,0.31302761620315833,0.31727899205451676,0.013399487384364651,True
MHxPC130200342,2,0.31302761620315833,0.31727899205451676,0.013399487384364651,True
MHxPC130232914,2,0.31302761620315833,0.31727899205451676,0.013399487384364651,True
MHxPC130235712,0,0.3538938846523961,0.35870397308827706,0.01340963244557435,True
MHxPC130205553,0,0.20518748127412603,0.20797661652647145,0.013410811748591057,True
MHxPC130540604,3,0.3280338194393698,0.3324936193464382,0.013413189449574101,True
MHxPC130488353,3,0.3280338194393698,0.3324936193464382,0.013413189449574101,True
MHxPC130425499,3,0.3280338194393698,0.3324936193464382,0.013413189449574101,True
MHxPC130209706,3,0.3280338194393698,0.3324936193464382,0.013413189449574101,True
MHxPC130217222,3,0.3280338194393698,0.3324936193464382,0.013413189449574101,True
MHxPC130226514,3,0.3280338194393698,0.3324936193464382,0.013413189449574101,True
MHxPC130175301,1,0.285562614154117,0.28944960876603815,0.013428916447639808,True
MHxPC130046822,3,0.37223285171037024,0.37730081188393083,0.013432147543641255,True
MHxPC130101323,1,0.342997412860773,0.3476717382215334,0.013444651511426452,True
MHxPC130073205,4,0.4786721101009849,0.4851990966324566,0.013452181953289823,True
MHxPC130043863,4,0.2424142772154757,0.24571978115308188,0.013452331440694498,True
MHxPC130065560,1,0.3382425141628499,0.3428595895924125,0.013466373902655907,True
MHxPC130249866,2,0.2646620456558347,0.2682755828723363,0.013469497215559924,True
MHxPC130370668,2,0.2646620456558347,0.2682755828723363,0.013469497215559924,True
MHxPC130266957,2,0.2646620456558347,0.2682755828723363,0.013469497215559924,True
MHxPC130244297,2,0.2646620456558347,0.2682755828723363,0.013469497215559924,True
MHxPC130070142,2,0.2646620456558347,0.2682755828723363,0.013469497215559924,True
MHxPC130245020,2,0.2646620456558347,0.2682755828723363,0.013469497215559924,True
MHxPC130079232,2,0.2646620456558347,0.2682755828723363,0.013469497215559924,True
MHxPC130522636,2,0.2646620456558347,0.2682755828723363,0.013469497215559924,True
MHxPC130587240,2,0.2646620456558347,0.2682755828723363,0.013469497215559924,True
MHxPC130393735,2,0.2646620456558347,0.2682755828723363,0.013469497215559924,True
MHxPC130167666,2,0.2646620456558347,0.2682755828723363,0.013469497215559924,True
MHxPC130075572,2,0.2646620456558347,0.2682755828723363,0.013469497215559924,True
MHxPC130212065,2,0.2646620456558347,0.2682755828723363,0.013469497215559924,True
MHxPC130373107,2,0.2646620456558347,0.2682755828723363,0.013469497215559924,True
MHxPC130405557,2,0.2646620456558347,0.2682755828723363,0.013469497215559924,True
MHxPC130351054,2,0.2646620456558347,0.2682755828723363,0.013469497215559924,True
MHxPC130590394,2,0.2646620456558347,0.2682755828723363,0.013469497215559924,True
MHxPC130238343,2,0.2646620456558347,0.2682755828723363,0.013469497215559924,True
MHxPC130108882,2,0.2646620456558347,0.2682755828723363,0.013469497215559924,True
MHxPC130063416,2,0.2646620456558347,0.2682755828723363,0.013469497215559924,True
MHxPC130231523,2,0.2646620456558347,0.2682755828723363,0.013469497215559924,True
MHxPC130334424,2,0.2646620456558347,0.2682755828723363,0.013469497215559924,True
MHxPC130324044,2,0.2646620456558347,0.2682755828723363,0.013469497215559924,True
MHxPC130375283,2,0.2646620456558347,0.2682755828723363,0.013469497215559924,True
MHxPC130054591,2,0.2646620456558347,0.2682755828723363,0.013469497215559924,True
MHxPC130498556,2,0.2646620456558347,0.2682755828723363,0.013469497215559924,True
MHxPC130375902,2,0.2646620456558347,0.2682755828723363,0.013469497215559924,True
MHxPC130472950,2,0.2646620456558347,0.2682755828723363,0.013469497215559924,True
MHxPC130225909,4,0.23904894874448174,0.2423156596305175,0.013481220697898047,True
MHxPC130534170,4,0.37495233368581643,0.3800789209543922,0.013488217804088525,True
MHxPC130276035,2,0.25478350912326186,0.258268025431909,0.013491861033977783,True
MHxPC130543681,4,0.2526338842567485,0.25608951051680967,0.013493821957359544,True
MHxPC130064626,0,0.22029608905465417,0.2233095702344174,0.01349463516767257,True
MHxPC130177409,4,0.2086468825741154,0.211503224228968,0.01350495561126954,True
MHxPC130493338,4,0.22548879347964132,0.22857915174497784,0.013519860589842342,True
MHxPC130248923,0,0.2078003967879682,0.21065137527923503,0.013534108132394767,True
MHxPC130096863,4,0.23710936979149758,0.2403672760281569,0.01355386760832494,True
MHxPC130162528,2,0.2675537947215995,0.2712334299667807,0.013566304292327944,True
MHxPC130370575,4,0.19618726754134128,0.19888601657918129,0.013569325205754587,True
MHxPC130065370,4,0.19618726754134128,0.19888601657918129,0.013569325205754587,True
MHxPC130389363,4,0.23565776209490474,0.23890121471273798,0.013576543014790703,True
MHxPC130179839,1,0.2030240839865579,0.2058205025021758,0.013586685882220674,True
MHxPC130139899,4,0.5239808307686594,0.5312115235020336,0.013611701579260822,True
MHxPC130128902,4,0.2202943209091575,0.22333749123089336,0.013625882089764079,True
MHxPC130277790,0,0.2592383136659995,0.26282120215246163,0.01363241799793509,True
MHxPC130032981,0,0.2592383136659995,0.26282120215246163,0.01363241799793509,True
MHxPC130267543,0,0.2592383136659995,0.26282120215246163,0.01363241799793509,True
MHxPC130126965,0,0.2592383136659995,0.26282120215246163,0.01363241799793509,True
MHxPC130027849,0,0.2592383136659995,0.26282120215246163,0.01363241799793509,True
MHxPC130221042,0,0.2592383136659995,0.26282120215246163,0.01363241799793509,True
MHxPC130389261,0,0.2592383136659995,0.26282120215246163,0.01363241799793509,True
MHxPC130318745,0,0.2592383136659995,0.26282120215246163,0.01363241799793509,True
MHxPC130121335,0,0.2592383136659995,0.26282120215246163,0.01363241799793509,True
MHxPC130069078,0,0.2592383136659995,0.26282120215246163,0.01363241799793509,True
MHxPC130129114,0,0.2592383136659995,0.26282120215246163,0.01363241799793509,True
MHxPC130334947,0,0.2592383136659995,0.26282120215246163,0.01363241799793509,True
MHxPC130556164,0,0.2592383136659995,0.26282120215246163,0.01363241799793509,True
MHxPC130510912,0,0.2592383136659995,0.26282120215246163,0.01363241799793509,True
MHxPC130207779,0,0.2592383136659995,0.26282120215246163,0.01363241799793509,True
MHxPC130472407,0,0.2592383136659995,0.26282120215246163,0.01363241799793509,True
MHxPC130234470,0,0.2592383136659995,0.26282120215246163,0.01363241799793509,True
MHxPC130217712,0,0.2592383136659995,0.26282120215246163,0.01363241799793509,True
MHxPC130537987,0,0.2592383136659995,0.26282120215246163,0.01363241799793509,True
MHxPC130163629,0,0.24192607664326585,0.24527544850495714,0.01365555289820864,True
MHxPC130497950,1,0.3126297877307263,0.31696510407841755,0.013677582459104647,True
MHxPC130479723,3,0.2480048635910051,0.2514464016903146,0.01368696499999304,True
MHxPC130555034,4,0.24229301357270014,0.24565649818423876,0.013691820230279686,True
MHxPC130034949,0,0.24246407577265214,0.2458320426377591,0.01370027612742802,True
MHxPC130353629,0,0.24246407577265214,0.2458320426377591,0.01370027612742802,True
MHxPC130464163,0,0.24246407577265214,0.2458320426377591,0.01370027612742802,True
MHxPC130586936,0,0.24246407577265214,0.2458320426377591,0.01370027612742802,True
MHxPC130239083,4,0.3272007517752492,0.33174887761925914,0.013709544028148047,True
MHxPC130414619,0,0.38510551815315847,0.3904608974340737,0.013715532889742034,True
MHxPC130558684,1,0.2604512875556926,0.2640761572720972,0.01372660733119371,True
MHxPC130136209,3,0.21675893367852853,0.2197760037931821,0.013727932361045008,True
MHxPC130475813,1,0.22586776248643572,0.2290138545623522,0.01373756221835879,True
MHxPC130559662,1,0.22586776248643572,0.2290138545623522,0.01373756221835879,True
MHxPC130099302,0,0.21408197999041736,0.2170649450383761,0.013742269842011339,True
MHxPC130556736,0,0.47690301066946866,0.4835516042879019,0.01374950172737866,True
MHxPC130001085,2,0.21255834453229808,0.21552234791824657,0.013752649850830386,True
MHxPC130029204,0,0.22616429005924035,0.2293198907228468,0.013760693211825555,True
MHxPC130209554,4,0.2457720891267862,0.24922116009750742,0.013839398586266833,True
MHxPC130189120,4,0.24941108832604117,0.25291123526924125,0.013839428444030721,True
MHxPC130357384,4,0.20348273645637924,0.2063411105638719,0.013852664162180395,True
MHxPC130310675,4,0.24544155856219585,0.24888949483588507,0.013853281658041667,True
MHxPC130372807,4,0.21223264028308447,0.21521629716029175,0.013863526677931231,True
MHxPC130367332,4,0.19360420538347042,0.19632766776438393,0.013872025333596777,True
MHxPC130526626,4,0.205186008777931,0.20807414859929343,0.013880339488613636,True
MHxPC130108179,0,0.21422581757540976,0.21724675607081365,0.013905563194781062,True
MHxPC130039729,4,0.32452091642542963,0.32909790431536184,0.013907678626680846,True
MHxPC130159035,4,0.32452091642542963,0.32909790431536184,0.013907678626680846,True
MHxPC130471780,4,0.32452091642542963,0.32909790431536184,0.013907678626680846,True
MHxPC130434095,4,0.32452091642542963,0.32909790431536184,0.013907678626680846,True
MHxPC130225177,4,0.32452091642542963,0.32909790431536184,0.013907678626680846,True
MHxPC130446421,4,0.32452091642542963,0.32909790431536184,0.013907678626680846,True
MHxPC130427196,4,0.32452091642542963,0.32909790431536184,0.013907678626680846,True
MHxPC130004858,4,0.2876179331020293,0.2916775922855799,0.013918310116794189,True
MHxPC130183325,4,0.20407744909071868,0.20695999021635864,0.013928011509019272,True
MHxPC130061886,4,0.5023019554189908,0.5093974829545883,0.01392925519467094,True
MHxPC130478280,1,0.30388872204023415,0.3081842539826158,0.013938194073419277,True
MHxPC130532150,4,0.27964079686423804,0.28359447194735865,0.013941298135932988,True
MHxPC130126784,3,0.2148993339628181,0.21794278204178014,0.013964436217844552,True
MHxPC130145967,2,0.24635334999767813,0.24984383432400023,0.013970664258200576,True
MHxPC130176193,0,0.46314795819695526,0.4697155023532194,0.013981961683958748,True
MHxPC130473980,1,0.23699148464851424,0.24035895870963284,0.014010187426326348,True
MHxPC130512894,4,0.45958358766528057,0.46612249678468726,0.014028306216739334,True
MHxPC130464839,1,0.24595157361463618,0.24945210268896562,0.014032870585557416,True
MHxPC130258932,4,0.27309755795098,0.2769876734241341,0.014044363148238028,True
MHxPC130018120,0,0.2354721436587646,0.23882684169609175,0.01404657036664257,True
MHxPC130145676,4,0.4199785105044123,0.4259644221183032,0.014052609333247142,True
MHxPC130074826,4,0.4199785105044123,0.4259644221183032,0.014052609333247142,True
MHxPC130488315,3,0.2440357630848859,0.24751581092855546,0.014059901186167328,True
MHxPC130143326,4,0.2334412973669783,0.23677228741280973,0.014068327346197765,True
MHxPC130296054,0,0.216675405125987,0.21976904791075516,0.01407679022218113,True
MHxPC130118191,3,0.2122138460917606,0.21524615776488878,0.014087645998495999,True
MHxPC130161370,3,0.22927895963686948,0.23255653978888172,0.014093691602857844,True
MHxPC130295233,2,0.5635455238366576,0.571602362686264,0.01409518115310619,True
MHxPC130028984,4,0.3307787293335957,0.33551164767231584,0.014106569389038431,True
MHxPC130455681,0,0.447404847755865,0.4538210562777822,0.01413819044568499,True
MHxPC130097864,4,0.22161546294297915,0.22479647587421028,0.014150635230648079,True
MHxPC130282963,0,0.2385962568618412,0.242022550963868,0.014156920867007629,True
MHxPC130207743,4,0.289352184930841,0.2935083372728831,0.014160253097607893,True
MHxPC130429297,0,0.22505400989901214,0.22829016311314035,0.014175613920449007,True
MHxPC130238543,4,0.23656210894134128,0.23996541739048896,0.014182495486879165,True
MHxPC130181389,4,0.334331999819822,0.3391430123131102,0.014185792773599977,True
MHxPC130462030,4,0.334331999819822,0.3391430123131102,0.014185792773599977,True
MHxPC130524253,4,0.334331999819822,0.3391430123131102,0.014185792773599977,True
MHxPC130489327,4,0.209456498035395,0.21247151268228903,0.014190206530898121,True
MHxPC130594023,1,0.32770062289093127,0.3324234201241149,0.014207173584280908,True
MHxPC130266842,1,0.19990381875517546,0.20278634609826945,0.014214602701589842,True
MHxPC130571993,1,0.20686267023418425,0.20985019446288625,0.014236461568923452,True
MHxPC130245476,4,0.3294367209757426,0.3341950841591017,0.014238280001431016,True
MHxPC130539759,4,0.22792003929418655,0.23121234566002594,0.014239319083248178,True
MHxPC130340060,1,0.3072604009409791,0.311703894514728,0.01425549584700151,True
MHxPC130036236,1,0.3072604009409791,0.311703894514728,0.01425549584700151,True
MHxPC130068413,4,0.2775669090373881,0.28158903160909754,0.014283662075634173,True
MHxPC130595640,0,0.24535879719491607,0.2489171721058335,0.014295417551202508,True
MHxPC130393985,1,0.20132118248510447,0.20424115521015723,0.014296691193546216,True
MHxPC130368769,1,0.20132118248510447,0.20424115521015723,0.014296691193546216,True
MHxPC130596660,1,0.20132118248510447,0.20424115521015723,0.014296691193546216,True
MHxPC130172460,1,0.20132118248510447,0.20424115521015723,0.014296691193546216,True
MHxPC130101531,4,0.24684906682722577,0.25043169944389077,0.014305827196080216,True
MHxPC130440770,1,0.19856997445261876,0.20145321370866595,0.014312202833442136,True
MHxPC130375964,0,0.5273000009161916,0.5349622032850924,0.014322885470877763,True
MHxPC130591796,4,0.22435975298868632,0.22762194954966591,0.014331643180429737,True
MHxPC130365740,4,0.20504825584594338,0.2080299053991888,0.014332792910345914,True
MHxPC130266380,4,0.20504825584594338,0.2080299053991888,0.014332792910345914,True
MHxPC130056013,4,0.20504825584594338,0.2080299053991888,0.014332792910345914,True
MHxPC130206736,3,0.2747183075848763,0.2787132200459164,0.014333415761125264,True
MHxPC130168794,3,0.2747183075848763,0.2787132200459164,0.014333415761125264,True
MHxPC130435219,3,0.2747183075848763,0.2787132200459164,0.014333415761125264,True
MHxPC130006548,3,0.2747183075848763,0.2787132200459164,0.014333415761125264,True
MHxPC130366453,3,0.2747183075848763,0.2787132200459164,0.014333415761125264,True
MHxPC130079006,3,0.2747183075848763,0.2787132200459164,0.014333415761125264,True
MHxPC130217701,3,0.2747183075848763,0.2787132200459164,0.014333415761125264,True
MHxPC130387836,3,0.2747183075848763,0.2787132200459164,0.014333415761125264,True
MHxPC130112500,3,0.2747183075848763,0.2787132200459164,0.014333415761125264,True
MHxPC130155692,3,0.2747183075848763,0.2787132200459164,0.014333415761125264,True
MHxPC130022385,3,0.2747183075848763,0.2787132200459164,0.014333415761125264,True
MHxPC130420781,3,0.2747183075848763,0.2787132200459164,0.014333415761125264,True
MHxPC130020995,3,0.2747183075848763,0.2787132200459164,0.014333415761125264,True
MHxPC130069061,3,0.2747183075848763,0.2787132200459164,0.014333415761125264,True
MHxPC130325040,3,0.2747183075848763,0.2787132200459164,0.014333415761125264,True
MHxPC130443865,1,0.2021049778996689,0.2050440029800445,0.014333631014127449,True
MHxPC130029210,4,0.34727650581134256,0.3523279815218287,0.01433742414856475,True
MHxPC130545571,1,0.35618960539732136,0.3613736685463347,0.01434543687111123,True
MHxPC130453471,2,0.20813265953098925,0.21116658522563747,0.014367451608910497,True
MHxPC130252724,1,0.30902820448315615,0.31353294750369415,0.014367686255636393,True
MHxPC130198908,4,0.3654741756960453,0.3708073326886461,0.01438255536623611,True
MHxPC130260575,4,0.19867258603602853,0.20157318095921423,0.014389785929769097,True
MHxPC130323930,1,0.35262342792052864,0.35778182293766864,0.014417711259855338,True
MHxPC130488809,4,0.26349928479104917,0.267354886068313,0.014421286006640058,True
MHxPC130500045,1,0.2371366925074083,0.24060741921468493,0.01442485322607544,True
MHxPC130543265,4,0.24341027906765844,0.24698156243650554,0.014459716480922384,True
MHxPC130338819,0,0.20273318636322604,0.2057140372817562,0.014490265019919015,True
MHxPC130364589,3,0.21555684306847314,0.2187280001562469,0.014498176207474458,True
MHxPC130583769,1,0.23601933900390945,0.23949166997537855,0.014498754682474241,True
MHxPC130060299,1,0.24092616900714017,0.24447090267158914,0.014499613760623255,True
MHxPC130389599,2,0.2573193119571533,0.26110608501094956,0.01450281426278314,True
MHxPC130305075,2,0.2573193119571533,0.26110608501094956,0.01450281426278314,True
MHxPC130146085,2,0.2573193119571533,0.26110608501094956,0.01450281426278314,True
MHxPC130315058,2,0.2573193119571533,0.26110608501094956,0.01450281426278314,True
MHxPC130226545,2,0.2573193119571533,0.26110608501094956,0.01450281426278314,True
MHxPC130339763,2,0.2573193119571533,0.26110608501094956,0.01450281426278314,True
MHxPC130417585,2,0.2573193119571533,0.26110608501094956,0.01450281426278314,True
MHxPC130071313,2,0.2573193119571533,0.26110608501094956,0.01450281426278314,True
MHxPC130075260,2,0.2573193119571533,0.26110608501094956,0.01450281426278314,True
MHxPC130388455,2,0.2573193119571533,0.26110608501094956,0.01450281426278314,True
MHxPC130453000,3,0.2436284256279473,0.24721397648056617,0.014503835517975861,True
MHxPC130024406,0,0.27192227163246196,0.2759281750017875,0.014517920720852796,True
MHxPC130332439,0,0.27192227163246196,0.2759281750017875,0.014517920720852796,True
MHxPC130529297,0,0.27192227163246196,0.2759281750017875,0.014517920720852796,True
MHxPC130554708,0,0.27192227163246196,0.2759281750017875,0.014517920720852796,True
MHxPC130582182,0,0.27192227163246196,0.2759281750017875,0.014517920720852796,True
MHxPC130364544,0,0.27192227163246196,0.2759281750017875,0.014517920720852796,True
MHxPC130408564,0,0.27192227163246196,0.2759281750017875,0.014517920720852796,True
MHxPC130563964,0,0.27192227163246196,0.2759281750017875,0.014517920720852796,True
MHxPC130315783,0,0.27192227163246196,0.2759281750017875,0.014517920720852796,True
MHxPC130220012,0,0.27192227163246196,0.2759281750017875,0.014517920720852796,True
MHxPC130020628,0,0.27192227163246196,0.2759281750017875,0.014517920720852796,True
MHxPC130131443,1,0.5320660090786198,0.5399062073939955,0.01452140799273007,True
MHxPC130037436,2,0.21720395548432364,0.22040755894402947,0.014534907400881631,True
MHxPC130386185,4,0.24868694481833484,0.2523552077300682,0.014536109417869114,True
MHxPC130448404,2,0.5628435167646222,0.5711660261560095,0.014571086182065943,True
MHxPC130502501,4,0.3077157242016499,0.31226648757334524,0.0145733325630291,True
MHxPC130137237,2,0.24354071677300834,0.24714255145029232,0.014573915564711699,True
MHxPC130327958,0,0.21871599604293424,0.22195787082400037,0.014605811314692019,True
MHxPC130263393,0,0.21887071909585123,0.22211548100809936,0.014608445559586205,True
MHxPC130244033,4,0.21147759754352138,0.21461474755595084,0.01461758825129939,True
MHxPC130182238,4,0.20109713356272976,0.20408603702904204,0.01464531091799755,True
MHxPC130455703,1,0.5285380258438236,0.5364123303170419,0.014679573954916942,True
MHxPC130291728,4,0.19771713495989818,0.20066452449055408,0.014688144494592246,True
MHxPC130549817,3,0.20657100517394142,0.20965353130665487,0.014702953551517914,True
MHxPC130204537,3,0.2787493816385234,0.28291160193296955,0.01471208768395538,True
MHxPC130013969,0,0.24245951401003688,0.24609124358814216,0.014757654620915085,True
MHxPC130596029,0,0.20572839099242832,0.20881021612486675,0.014758976785865335,True
MHxPC130449779,1,0.31676078909593575,0.3215061146544651,0.014759674364605286,True
MHxPC130364843,1,0.2700156461682474,0.27406238737200345,0.014765766446685428,True
MHxPC130594948,4,0.2713622675992212,0.2754345347603785,0.014784882239622016,True
MHxPC130489946,4,0.3143913380298611,0.3191130571614248,0.014796383368215529,True
MHxPC130473633,4,0.21616303095159678,0.21941048925491577,0.014800834337259162,True
MHxPC130402569,0,0.22760916126988961,0.23103217011463828,0.014816156741505594,True
MHxPC130088363,1,0.21087098493465328,0.21404304070647479,0.014819709911388621,True
MHxPC130291677,1,0.19560614248511232,0.19854880702211028,0.014820862341773045,True
MHxPC130089800,4,0.2157687804477824,0.21901480695220885,0.01482103675818947,True
MHxPC130097252,4,0.2157687804477824,0.21901480695220885,0.01482103675818947,True
MHxPC130041883,4,0.2157687804477824,0.21901480695220885,0.01482103675818947,True
MHxPC130365779,4,0.2157687804477824,0.21901480695220885,0.01482103675818947,True
MHxPC130153648,4,0.2157687804477824,0.21901480695220885,0.01482103675818947,True
MHxPC130479091,4,0.2157687804477824,0.21901480695220885,0.01482103675818947,True
MHxPC130369401,4,0.2157687804477824,0.21901480695220885,0.01482103675818947,True
MHxPC130268339,4,0.2157687804477824,0.21901480695220885,0.01482103675818947,True
MHxPC130045575,4,0.2157687804477824,0.21901480695220885,0.01482103675818947,True
MHxPC130218170,4,0.2157687804477824,0.21901480695220885,0.01482103675818947,True
MHxPC130289516,1,0.261456636623527,0.2653909082780907,0.014824440219486293,True
MHxPC130394934,1,0.3333155461016978,0.33833610687463905,0.014838974235763438,True
MHxPC130509563,2,0.2504624585296934,0.25423568054668844,0.014841433778615956,True
MHxPC130569166,4,0.27376678475930294,0.2778919001918406,0.01484431690772542,True
MHxPC130561300,1,0.2919193761324002,0.29631894116459057,0.014847397250068515,True
MHxPC130149540,1,0.28343862417821597,0.2877148368794024,0.01486267704358551,True
MHxPC130056851,0,0.25727606069288966,0.2611578491517252,0.014863763319555887,True
MHxPC130548939,0,0.223095917977179,0.22646419066509774,0.01487331254458606,True
MHxPC130249616,0,0.223095917977179,0.22646419066509774,0.01487331254458606,True
MHxPC130317369,0,0.223095917977179,0.22646419066509774,0.01487331254458606,True
MHxPC130260552,4,0.26395801690790804,0.2679432616941016,0.014873465229154831,True
MHxPC130430161,4,0.32909325716599624,0.334065951187032,0.014885366207978762,True
MHxPC130538345,0,0.20835518832097166,0.21150482384540387,0.014891554089255101,True
MHxPC130005991,0,0.24113760247673807,0.2447851652776604,0.014901077836088975,True
MHxPC130405973,3,0.2642589486940855,0.268259506909291,0.014913015614236002,True
MHxPC130287837,4,0.3090659120725243,0.313746315499338,0.014917795669933757,True
MHxPC130414596,1,0.20034760383358025,0.20338803351948864,0.01494891136560924,True
MHxPC130192669,1,0.20034760383358025,0.20338803351948864,0.01494891136560924,True
MHxPC130584439,1,0.20034760383358025,0.20338803351948864,0.01494891136560924,True
MHxPC130126543,1,0.20034760383358025,0.20338803351948864,0.01494891136560924,True
MHxPC130153723,4,0.27972406470906047,0.28396945069422735,0.014950150358737814,True
MHxPC130131746,4,0.24668800792404552,0.2504334911928985,0.014955999898463947,True
MHxPC130334545,2,0.21936702919988904,0.2226986963306513,0.014960424940322004,True
MHxPC130322662,0,0.2898059102880506,0.29421773669343815,0.014995106872107075,True
MHxPC130005484,4,0.2831608598060935,0.28747449195221203,0.015005269221714423,True
MHxPC130048613,0,0.22120144671372782,0.22457265621374806,0.015011665074716485,True
MHxPC130520069,0,0.3646242266426469,0.37018490631210216,0.015021357096518365,True
MHxPC130365835,1,0.19532582791241962,0.198305622262343,0.01502627265898361,True
MHxPC130222861,0,0.21778261698425586,0.22110523460801057,0.015027313259431702,True
MHxPC130034852,4,0.32515255306711,0.3301140655652609,0.015029691296719556,True
MHxPC130033077,4,0.35044991249646584,0.3558014052359208,0.015040673422598056,True
MHxPC130565753,4,0.207029958821655,0.2101936212740298,0.015051182015891508,True
MHxPC130253085,4,0.207029958821655,0.2101936212740298,0.015051182015891508,True
MHxPC130238569,1,0.2072367088181536,0.21041002038266987,0.0150815610337617,True
MHxPC130133350,1,0.19346174449971776,0.19642447940787763,0.0150833282953889,True
MHxPC130220713,1,0.33227888147925994,0.3373713868096637,0.0150946568959532,True
MHxPC130070182,1,0.33227888147925994,0.3373713868096637,0.0150946568959532,True
MHxPC130573237,1,0.33227888147925994,0.3373713868096637,0.0150946568959532,True
MHxPC130305475,1,0.20199819869134628,0.20509783100383258,0.01511294535546982,True
MHxPC130489292,4,0.19810023954455253,0.20114115024988247,0.015118292311404926,True
MHxPC130595204,2,0.600327377389114,0.6095447310834411,0.015121701860901343,True
MHxPC130041694,4,0.30873831054400525,0.31349309550032056,0.015167112209367478,True
MHxPC130051618,2,0.20355316865167114,0.20669056159483543,0.015179178569916274,True
MHxPC130388871,4,0.5550644253781637,0.5636210458222586,0.015181513372361313,True
MHxPC130491931,4,0.5153484817617375,0.5232937778853738,0.015183242108750347,True
MHxPC130109183,4,0.3140618263573398,0.3189128693381332,0.015211186023509,True
MHxPC130333318,0,0.23102967637164395,0.23459923830203788,0.015215573401812362,True
MHxPC130586898,1,0.35701270004956986,0.36253533465495374,0.015233369212521304,True
MHxPC130183071,4,0.32899718238456427,0.3340887326801071,0.01524011377066708,True
MHxPC130522895,4,0.23411625608343392,0.23774043872883852,0.015244283491620275,True
MHxPC130283370,4,0.530222042303356,0.538433204305452,0.015250103330250533,True
MHxPC130395484,2,0.24663484641905897,0.25045483532616897,0.01525220665887803,True
MHxPC130429972,4,0.5201915049658958,0.5282489354850449,0.015253093717549385,True
MHxPC130476036,0,0.22088373944124462,0.22430642934290224,0.015258991513013093,True
MHxPC130541348,4,0.2257033620271512,0.22920759605324964,0.015288472487117512,True
MHxPC130291069,1,0.22063646552423308,0.22406278566431478,0.015291785871192965,True
MHxPC130113237,1,0.22063646552423308,0.22406278566431478,0.015291785871192965,True
MHxPC130023986,0,0.21000537934894548,0.21326669361885722,0.01529218751681992,True
MHxPC130385720,2,0.24137734694946383,0.24512742306025964,0.015298476457584786,True
MHxPC130558058,1,0.28963256051745745,0.294136212593614,0.01531145055702104,True
MHxPC130414657,1,0.19450859891068686,0.1975341400812267,0.015316548163753933,True
MHxPC130042524,0,0.46212999841096397,0.46932411354952847,0.015328671446593568,True
MHxPC130131180,0,0.2974130679135341,0.3020465536414121,0.01534030324801792,True
MHxPC130421336,1,0.20654472807387872,0.2097628008787478,0.015341484721732265,True
MHxPC130211626,1,0.3365208416543261,0.34177407014406475,0.015370471163960139,True
MHxPC130310316,4,0.27044808149903055,0.2746723345626392,0.015379244765712967,True
MHxPC130396312,0,0.28140474506383845,0.2858048855587496,0.015395609792704814,True
MHxPC130005950,1,0.5049635201610548,0.5128613770105657,0.015399593737291948,True
MHxPC130170356,4,0.23530234643566697,0.2389863209152844,0.015415001434008127,True
MHxPC130383098,2,0.2878916851073699,0.2924012540443264,0.015422536239440517,True
MHxPC130052240,4,0.19853169291596254,0.2016423244090935,0.015426481033912713,True
MHxPC130026551,0,0.2025267932197453,0.20570032972902996,0.015427960244230963,True
MHxPC130277459,1,0.32679851127364573,0.3319244061828524,0.01544295873917416,True
MHxPC130118463,1,0.32679851127364573,0.3319244061828524,0.01544295873917416,True
MHxPC130304286,1,0.32679851127364573,0.3319244061828524,0.01544295873917416,True
MHxPC130351451,4,0.33165168011308516,0.33685709820263593,0.015452897140435084,True
MHxPC130369047,4,0.24656486292376445,0.25043494865167665,0.01545345707038277,True
MHxPC130159740,1,0.30194564637997534,0.3066861910617176,0.0154573137620932,True
MHxPC130064272,4,0.3518609600214862,0.3573860054132422,0.015459601965576303,True
MHxPC130426460,4,0.3188485508175493,0.32386237608875285,0.01548134529164795,True
MHxPC130158846,1,0.5192778131108717,0.5274450585646338,0.015484542553091705,True
MHxPC130385495,4,0.23620803395409884,0.23992509497994197,0.01549258957740072,True
MHxPC130107707,4,0.5225354960906454,0.5307762506152227,0.015525853907414714,True
MHxPC130540714,1,0.5470960299805978,0.555725669913192,0.015528596931544033,True
MHxPC130552151,4,0.2225260140107892,0.2260370791397536,0.015533137936159538,True
MHxPC130350588,0,0.21682391571104745,0.22025143049939994,0.015561827592133733,True
MHxPC130593071,4,0.3062203949276104,0.31106132080951526,0.015562609550125707,True
MHxPC130368583,0,0.34126196801350717,0.3466575092319456,0.015564472353109555,True
MHxPC130246518,0,0.2524017354039633,0.2563930222947431,0.015567065183979465,True
MHxPC130176330,0,0.2524017354039633,0.2563930222947431,0.015567065183979465,True
MHxPC130249858,4,0.22772105244981036,0.23132295673665335,0.015570889883374284,True
MHxPC130569964,0,0.20957661770850125,0.21289267386381686,0.015576187264371622,True
MHxPC130044232,0,0.2127732009987214,0.21614010839528136,0.01557742994374041,True
MHxPC130272808,4,0.40870518875711503,0.41517853967572343,0.015591728136199988,True
MHxPC130447137,4,0.26328803544717766,0.2674598935563801,0.015598069877804061,True
MHxPC130503468,4,0.26328803544717766,0.2674598935563801,0.015598069877804061,True
MHxPC130533335,4,0.26328803544717766,0.2674598935563801,0.015598069877804061,True
MHxPC130459407,0,0.26010879429836015,0.26423377169046397,0.015611090761464127,True
MHxPC130226149,0,0.26010879429836015,0.26423377169046397,0.015611090761464127,True
MHxPC130157559,4,0.2130492538899165,0.2164280552045908,0.015611660472946999,True
MHxPC130196440,4,0.23938043607871498,0.24317774305203138,0.015615355770877071,True
MHxPC130198621,1,0.21175478615810903,0.21511685509173756,0.01562903535473667,True
MHxPC130520109,1,0.23765321711879456,0.24142841806525617,0.015636936930271413,True
MHxPC130384504,4,0.19364963660622492,0.1967273188240673,0.015644406868548563,True
MHxPC130093552,1,0.19408161354558204,0.1971678990232151,0.01565308294566591,True
MHxPC130339874,4,0.3752901987780653,0.3812587200365166,0.015654779667412355,True
MHxPC130381453,4,0.5082277332213969,0.5163118513130026,0.01565743275318482,True
MHxPC130369259,0,0.30242898933868356,0.3072433312082811,0.015669475560834565,True
MHxPC130004560,0,0.30242898933868356,0.3072433312082811,0.015669475560834565,True
MHxPC130551793,2,0.2558324098652609,0.25990541629937625,0.01567111025275359,True
MHxPC130288013,4,0.4795034844678859,0.487140700109316,0.015677638184853553,True
MHxPC130179440,4,0.24357806206238047,0.24745904393755205,0.01568333011159201,True
MHxPC130562539,3,0.3194826150825173,0.3245752874067385,0.015690265161313378,True
MHxPC130231775,2,0.2108842318546689,0.21424786246978664,0.01569971609678058,True
MHxPC130438596,2,0.20438705185598713,0.20764785880269193,0.015703542360161,True
MHxPC130418658,0,0.2647069619613587,0.2689319210153795,0.015710143437302117,True
MHxPC130170125,0,0.2647069619613587,0.2689319210153795,0.015710143437302117,True
MHxPC130307386,1,0.307226581863986,0.3121321073059117,0.015716183395122246,True
MHxPC130494041,1,0.307226581863986,0.3121321073059117,0.015716183395122246,True
MHxPC130471889,1,0.307226581863986,0.3121321073059117,0.015716183395122246,True
MHxPC130338166,4,0.4912970957428721,0.4991434841301215,0.0157197051283232,True
MHxPC130014299,1,0.33239911798405186,0.337707933728868,0.015720139252275764,True
MHxPC130149928,4,0.2571022070012284,0.2612147089834179,0.015743761131194977,True
MHxPC130129490,1,0.20636937765355667,0.20967115046293316,0.015747387287600143,True
MHxPC130260240,4,0.2439393222541295,0.24784292677244243,0.015750316416724003,True
MHxPC130414540,4,0.2439393222541295,0.24784292677244243,0.015750316416724003,True
MHxPC130205512,4,0.2439393222541295,0.24784292677244243,0.015750316416724003,True
MHxPC130297368,4,0.5279468759872297,0.536407965520181,0.015773609037938494,True
MHxPC130474464,1,0.22364220416519381,0.22722644540158077,0.015773873635405725,True
MHxPC130090894,4,0.5341980716798923,0.5427790949741023,0.01580942113221841,True
MHxPC130340385,4,0.22653881521864105,0.23017825993495708,0.015811418147588945,True
MHxPC130576281,1,0.20800773365131628,0.2113553921140793,0.015839001925988826,True
MHxPC130485261,1,0.20800773365131628,0.2113553921140793,0.015839001925988826,True
MHxPC130574833,1,0.20491563644979627,0.20821972574278683,0.01586828184123194,True
MHxPC130079192,0,0.27626800419510283,0.2807264650677097,0.015881868749109622,True
MHxPC130374563,0,0.27626800419510283,0.2807264650677097,0.015881868749109622,True
MHxPC130165122,0,0.27626800419510283,0.2807264650677097,0.015881868749109622,True
MHxPC130272536,2,0.3524051863984365,0.3580980262698606,0.01589743437215712,True
MHxPC130452126,2,0.3524051863984365,0.3580980262698606,0.01589743437215712,True
MHxPC130002687,2,0.3524051863984365,0.3580980262698606,0.01589743437215712,True
MHxPC130206503,2,0.3524051863984365,0.3580980262698606,0.01589743437215712,True
MHxPC130054406,2,0.3524051863984365,0.3580980262698606,0.01589743437215712,True
MHxPC130505448,2,0.3524051863984365,0.3580980262698606,0.01589743437215712,True
MHxPC130371345,2,0.3524051863984365,0.3580980262698606,0.01589743437215712,True
MHxPC130488310,2,0.3524051863984365,0.3580980262698606,0.01589743437215712,True
MHxPC130136066,2,0.3524051863984365,0.3580980262698606,0.01589743437215712,True
MHxPC130025297,2,0.3524051863984365,0.3580980262698606,0.01589743437215712,True
MHxPC130462533,0,0.23360821952740624,0.23738289709207425,0.01590121955249336,True
MHxPC130417757,0,0.23237663094536687,0.23613223090792934,0.01590464778197443,True
MHxPC130118651,0,0.23237663094536687,0.23613223090792934,0.01590464778197443,True
MHxPC130233144,0,0.23237663094536687,0.23613223090792934,0.01590464778197443,True
MHxPC130597660,0,0.23237663094536687,0.23613223090792934,0.01590464778197443,True
MHxPC130558563,0,0.23237663094536687,0.23613223090792934,0.01590464778197443,True
MHxPC130063014,0,0.23237663094536687,0.23613223090792934,0.01590464778197443,True
MHxPC130146569,0,0.23237663094536687,0.23613223090792934,0.01590464778197443,True
MHxPC130048861,1,0.5210663401834454,0.5294889277353649,0.015907013557286406,True
MHxPC130230465,4,0.22165545973463097,0.22524267883768873,0.015926018646060996,True
MHxPC130327650,1,0.235940566020608,0.2397590217627739,0.01592622339752453,True
MHxPC130193285,1,0.235940566020608,0.2397590217627739,0.01592622339752453,True
MHxPC130537110,3,0.2679984712021271,0.2723431493654546,0.01595295557626613,True
MHxPC130106671,1,0.20199582627466198,0.2052709155204838,0.015954959997706047,True
MHxPC130548955,3,0.2573549882717342,0.26153133448114824,0.0159688177238857,True
MHxPC130058521,4,0.23817712577702668,0.24204294963502662,0.01597164413931149,True
MHxPC130070226,3,0.4030438570799857,0.40959020133039314,0.01598266811350521,True
MHxPC130013025,4,0.5427337945371253,0.551557172540355,0.015997213784005437,True
MHxPC130294226,1,0.20628259492906753,0.20963827997911744,0.01600702433918163,True
MHxPC130151445,1,0.20628259492906753,0.20963827997911744,0.01600702433918163,True
MHxPC130456793,4,0.20013954599075684,0.20340162199833564,0.01603761059292582,True
MHxPC130522886,1,0.31002345861022124,0.31507905997563895,0.016045500979368802,True
MHxPC130081306,1,0.3128698421180226,0.3179737155922458,0.0160512433070668,True
MHxPC130023790,1,0.23453759340126532,0.23836580959448844,0.016060257130566448,True
MHxPC130250745,0,0.20966463049967363,0.21309030271591278,0.01607615256338617,True
MHxPC130446499,4,0.30826214710194444,0.3132999438104437,0.016079788100910954,True
MHxPC130362429,4,0.37232771581482205,0.3784127870971287,0.016080511784462494,True
MHxPC130478606,4,0.21007419840395353,0.21350793546734134,0.016082479819177715,True
MHxPC130474642,4,0.2527431111269927,0.2568746876627642,0.016084015803050297,True
MHxPC130356967,2,0.324277778312548,0.3295843415386423,0.0161007746949414,True
MHxPC130531417,0,0.43032481429920305,0.43736771138625297,0.016102919588478985,True
MHxPC130401884,0,0.43032481429920305,0.43736771138625297,0.016102919588478985,True
MHxPC130547755,0,0.43032481429920305,0.43736771138625297,0.016102919588478985,True
MHxPC130068227,0,0.43032481429920305,0.43736771138625297,0.016102919588478985,True
MHxPC130284138,1,0.295626020782447,0.3004660308647982,0.016108343656754544,True
MHxPC130587278,0,0.28423532343661384,0.2888898660900684,0.016111823915634985,True
MHxPC130221443,4,0.20515931650438163,0.20852089490622114,0.016121062607904715,True
MHxPC130475265,4,0.23681882577378222,0.24069952351727794,0.01612258174336253,True
MHxPC130420921,0,0.22366093406605234,0.2273271018375905,0.016127279773959325,True
MHxPC130561641,0,0.21122061245799528,0.21468302082796933,0.016128002841680537,True
MHxPC130372899,4,0.35140559943733574,0.35717035044094037,0.016140060328321836,True
MHxPC130188677,0,0.27566206918039454,0.28018821810222794,0.016153958765610942,True
MHxPC130430578,4,0.4081883773515098,0.4148960264456497,0.01616706033943804,True
MHxPC130231035,1,0.5005514580324644,0.5087928370411625,0.016197906905736175,True
MHxPC130202850,0,0.22008051082181862,0.22370505880084776,0.016202351428520334,True
MHxPC130238583,0,0.22008051082181862,0.22370505880084776,0.016202351428520334,True
MHxPC130376539,0,0.22008051082181862,0.22370505880084776,0.016202351428520334,True
MHxPC130274588,0,0.22008051082181862,0.22370505880084776,0.016202351428520334,True
MHxPC130413139,0,0.22008051082181862,0.22370505880084776,0.016202351428520334,True
MHxPC130305825,0,0.22008051082181862,0.22370505880084776,0.016202351428520334,True
MHxPC130129063,0,0.22008051082181862,0.22370505880084776,0.016202351428520334,True
MHxPC130099785,0,0.22008051082181862,0.22370505880084776,0.016202351428520334,True
MHxPC130370263,0,0.22008051082181862,0.22370505880084776,0.016202351428520334,True
MHxPC130220302,0,0.22008051082181862,0.22370505880084776,0.016202351428520334,True
MHxPC130283537,0,0.22008051082181862,0.22370505880084776,0.016202351428520334,True
MHxPC130116744,0,0.22008051082181862,0.22370505880084776,0.016202351428520334,True
MHxPC130102698,0,0.22008051082181862,0.22370505880084776,0.016202351428520334,True
MHxPC130098578,0,0.22008051082181862,0.22370505880084776,0.016202351428520334,True
MHxPC130478314,0,0.22008051082181862,0.22370505880084776,0.016202351428520334,True
MHxPC130397628,0,0.22008051082181862,0.22370505880084776,0.016202351428520334,True
MHxPC130312697,0,0.22008051082181862,0.22370505880084776,0.016202351428520334,True
MHxPC130164005,0,0.22008051082181862,0.22370505880084776,0.016202351428520334,True
MHxPC130138607,0,0.22008051082181862,0.22370505880084776,0.016202351428520334,True
MHxPC130372601,0,0.22008051082181862,0.22370505880084776,0.016202351428520334,True
MHxPC130487388,0,0.22008051082181862,0.22370505880084776,0.016202351428520334,True
MHxPC130114900,0,0.22008051082181862,0.22370505880084776,0.016202351428520334,True
MHxPC130316245,0,0.22008051082181862,0.22370505880084776,0.016202351428520334,True
MHxPC130507797,0,0.22008051082181862,0.22370505880084776,0.016202351428520334,True
MHxPC130475072,0,0.22008051082181862,0.22370505880084776,0.016202351428520334,True
MHxPC130308141,0,0.22008051082181862,0.22370505880084776,0.016202351428520334,True
MHxPC130144016,0,0.22008051082181862,0.22370505880084776,0.016202351428520334,True
MHxPC130135459,0,0.22008051082181862,0.22370505880084776,0.016202351428520334,True
MHxPC130497925,0,0.22008051082181862,0.22370505880084776,0.016202351428520334,True
MHxPC130491548,0,0.22008051082181862,0.22370505880084776,0.016202351428520334,True
MHxPC130296456,0,0.22008051082181862,0.22370505880084776,0.016202351428520334,True
MHxPC130336433,0,0.22008051082181862,0.22370505880084776,0.016202351428520334,True
MHxPC130309125,0,0.22008051082181862,0.22370505880084776,0.016202351428520334,True
MHxPC130052964,0,0.22008051082181862,0.22370505880084776,0.016202351428520334,True
MHxPC130085646,0,0.22008051082181862,0.22370505880084776,0.016202351428520334,True
MHxPC130049382,0,0.22008051082181862,0.22370505880084776,0.016202351428520334,True
MHxPC130059569,0,0.22008051082181862,0.22370505880084776,0.016202351428520334,True
MHxPC130083771,0,0.22008051082181862,0.22370505880084776,0.016202351428520334,True
MHxPC130004070,0,0.22008051082181862,0.22370505880084776,0.016202351428520334,True
MHxPC130024114,0,0.22008051082181862,0.22370505880084776,0.016202351428520334,True
MHxPC130016191,0,0.22008051082181862,0.22370505880084776,0.016202351428520334,True
MHxPC130586002,0,0.22008051082181862,0.22370505880084776,0.016202351428520334,True
MHxPC130087440,0,0.22008051082181862,0.22370505880084776,0.016202351428520334,True
MHxPC130464451,4,0.2668280083350562,0.2712239799104946,0.016207901590740825,True
MHxPC130547063,2,0.6035716667713815,0.6135178315680333,0.01621169635971509,True
MHxPC130585653,3,0.24722872447464805,0.25130952523129335,0.01623814597910494,True
MHxPC130395191,4,0.2724654039289098,0.2769646622291705,0.01624488215950764,True
MHxPC130518182,4,0.21741250832257306,0.22100378546834,0.016249844490928086,True
MHxPC130142442,4,0.30218609379272854,0.30717852197181583,0.016252530115192617,True
MHxPC130171273,4,0.30218609379272854,0.30717852197181583,0.016252530115192617,True
MHxPC130287214,3,0.23493166134264315,0.23881299120637323,0.016252590967197326,True
MHxPC130321871,4,0.21366707910031568,0.21719897170334293,0.016261092653105266,True
MHxPC130571328,0,0.3845024937515754,0.3908643746452359,0.016276440899569734,True
MHxPC130211048,0,0.3845024937515754,0.3908643746452359,0.016276440899569734,True
MHxPC130442080,0,0.3845024937515754,0.3908643746452359,0.016276440899569734,True
MHxPC130296963,0,0.3845024937515754,0.3908643746452359,0.016276440899569734,True
MHxPC130160789,0,0.3845024937515754,0.3908643746452359,0.016276440899569734,True
MHxPC130542093,0,0.3845024937515754,0.3908643746452359,0.016276440899569734,True
MHxPC130167069,0,0.3845024937515754,0.3908643746452359,0.016276440899569734,True
MHxPC130041344,0,0.3845024937515754,0.3908643746452359,0.016276440899569734,True
MHxPC130296774,0,0.3845024937515754,0.3908643746452359,0.016276440899569734,True
MHxPC130557694,0,0.3845024937515754,0.3908643746452359,0.016276440899569734,True
MHxPC130004709,0,0.3845024937515754,0.3908643746452359,0.016276440899569734,True
MHxPC130577761,0,0.3845024937515754,0.3908643746452359,0.016276440899569734,True
MHxPC130469338,0,0.3845024937515754,0.3908643746452359,0.016276440899569734,True
MHxPC130362317,4,0.28698337806305835,0.2917324724779839,0.016278936570161714,True
MHxPC130074630,2,0.23193088531638478,0.23576924090359105,0.016280137190482036,True
MHxPC130282115,4,0.24012190104530456,0.24409782739707686,0.01628824965043466,True
MHxPC130568942,4,0.2976537237721164,0.302588595985605,0.016308850627415453,True
MHxPC130232690,4,0.5397872303679092,0.5487419702290258,0.016318671337239275,True
MHxPC130142029,4,0.19804600994082472,0.201334362509721,0.0163327935078023,True
MHxPC130117788,4,0.3019992022214923,0.3070154103594731,0.016338620045513418,True
MHxPC130225086,4,0.23770834173811944,0.2416568891845773,0.016339478091361055,True
MHxPC130276639,4,0.5580681705271289,0.5673540792418797,0.01636704318255553,True
MHxPC130470688,0,0.25107753975461267,0.25525628520878807,0.01637078378210111,True
MHxPC130518324,2,0.40253956142085057,0.4092409609005817,0.01637519241716162,True
MHxPC130048169,1,0.19894675614020188,0.20226090733255087,0.01638552519147936,True
MHxPC130156791,2,0.2108409730294385,0.2143562423669333,0.016399192758181438,True
MHxPC130371079,0,0.22110632135195085,0.22479414483671878,0.016405336035093844,True
MHxPC130594584,1,0.2838627964969831,0.28860293564268047,0.016424431494924726,True
MHxPC130175654,2,0.238801508574401,0.24278972678145008,0.016426634931877196,True
MHxPC130094911,3,0.20868598552823903,0.2121721897688541,0.016431014094792713,True
MHxPC130136436,4,0.23406630739400544,0.23797727225299675,0.016434194837032647,True
MHxPC130082182,4,0.28085321798294,0.2855494726654517,0.016446378410979706,True
MHxPC130002357,4,0.28085321798294,0.2855494726654517,0.016446378410979706,True
MHxPC130562657,4,0.28085321798294,0.2855494726654517,0.016446378410979706,True
MHxPC130414956,1,0.20854371739223684,0.21203430127354483,0.016462354724412247,True
MHxPC130235271,2,0.2430397046971581,0.24711042199087407,0.016473272397496467,True
MHxPC130380685,0,0.19970384323983187,0.203049303051011,0.016476096006784405,True
MHxPC130378653,0,0.2209230651426357,0.22462624634749093,0.016485968425641994,True
MHxPC130002174,1,0.24807798115521995,0.2522369062147681,0.016488170275950783,True
MHxPC130428774,1,0.2529660032134445,0.25721029818770674,0.016501263768081576,True
MHxPC130311329,1,0.307289557895153,0.3124506580273579,0.016518128541604758,True
MHxPC130466119,3,0.2464815918009406,0.25062231654614064,0.016521771892718612,True
MHxPC130504158,1,0.2466868149981002,0.25083666018398765,0.01654401387278703,True
MHxPC130171729,0,0.23892523113869166,0.24294459039383734,0.016544345558919017,True
MHxPC130263020,1,0.22755381040478959,0.23138193807596072,0.016544626183891638,True
MHxPC130414033,3,0.25511889057220727,0.25941483518703007,0.01656013470365161,True
MHxPC130347647,1,0.2311864980636684,0.23508034581610449,0.016563901754177778,True
MHxPC130189405,4,0.21521767744339437,0.21884472698867394,0.016573620919215836,True
MHxPC130098535,1,0.31120607218356794,0.31645186680504983,0.016576911599366747,True
MHxPC130020898,1,0.31120607218356794,0.31645186680504983,0.016576911599366747,True
MHxPC130145866,4,0.22916513045393386,0.23302844030437833,0.01657870535200886,True
MHxPC130445930,4,0.22916513045393386,0.23302844030437833,0.01657870535200886,True
MHxPC130455771,4,0.22916513045393386,0.23302844030437833,0.01657870535200886,True
MHxPC130022357,4,0.22916513045393386,0.23302844030437833,0.01657870535200886,True
MHxPC130590126,4,0.22916513045393386,0.23302844030437833,0.01657870535200886,True
MHxPC130287849,4,0.22916513045393386,0.23302844030437833,0.01657870535200886,True
MHxPC130305146,4,0.22916513045393386,0.23302844030437833,0.01657870535200886,True
MHxPC130328910,4,0.22916513045393386,0.23302844030437833,0.01657870535200886,True
MHxPC130225137,4,0.22916513045393386,0.23302844030437833,0.01657870535200886,True
MHxPC130374592,4,0.22916513045393386,0.23302844030437833,0.01657870535200886,True
MHxPC130195516,4,0.22916513045393386,0.23302844030437833,0.01657870535200886,True
MHxPC130525910,4,0.22916513045393386,0.23302844030437833,0.01657870535200886,True
MHxPC130400044,4,0.22916513045393386,0.23302844030437833,0.01657870535200886,True
MHxPC130013475,4,0.22916513045393386,0.23302844030437833,0.01657870535200886,True
MHxPC130057075,4,0.22916513045393386,0.23302844030437833,0.01657870535200886,True
MHxPC130022066,3,0.235154753016276,0.23912117777105266,0.016587509277719934,True
MHxPC130096923,3,0.235154753016276,0.23912117777105266,0.016587509277719934,True
MHxPC130511204,3,0.235154753016276,0.23912117777105266,0.016587509277719934,True
MHxPC130081924,3,0.2510943163899271,0.2553338291892515,0.016603803784190876,True
MHxPC130419359,3,0.22548311487538994,0.22929390480033368,0.01661967389958373,True
MHxPC130239133,4,0.34006096229066557,0.3458099812138418,0.016624791751228187,True
MHxPC130093987,1,0.1984070515454849,0.20176238325127577,0.01663011534519849,True
MHxPC130460095,4,0.34146716500306246,0.34724382165933093,0.016635736321136782,True
MHxPC130205348,1,0.23761335327184233,0.24163391680300214,0.01663906948310438,True
MHxPC130490965,4,0.3253820885312313,0.3308945845475289,0.016659372119478752,True
MHxPC130192425,4,0.3253820885312313,0.3308945845475289,0.016659372119478752,True
MHxPC130497282,4,0.3253820885312313,0.3308945845475289,0.016659372119478752,True
MHxPC130562032,2,0.23042736937540373,0.2343356310110648,0.016678051130331675,True
MHxPC130373807,4,0.24626180224334332,0.25043885856367165,0.016678946487317405,True
MHxPC130322032,1,0.2908123521376475,0.2957454844423614,0.01668033009537058,True
MHxPC130095404,1,0.21196605295645915,0.21556220327534154,0.016682657090347868,True
MHxPC130227676,1,0.24542320915145066,0.24959506666501616,0.016714503092180845,True
MHxPC130023719,2,0.25487747282520556,0.2592132260510399,0.01672658950273095,True
MHxPC130305483,1,0.26664931901785366,0.27118710958707165,0.01673306145018304,True
MHxPC130590236,1,0.26664931901785366,0.27118710958707165,0.01673306145018304,True
MHxPC130409027,0,0.2309563984606141,0.23489035093212543,0.01674803777975574,True
MHxPC130305902,1,0.2596609024244372,0.2640859131755468,0.0167559514928317,True
MHxPC130257213,1,0.5365667454353068,0.545721939483467,0.016776298304637966,True
MHxPC130453923,4,0.2103963371699606,0.21398631723154912,0.01677668043468362,True
MHxPC130037018,4,0.22187006818352148,0.22565594512271345,0.01677720893696454,True
MHxPC130153658,2,0.243765810860449,0.24792815450163252,0.016788507338145527,True
MHxPC130522162,4,0.22639206828310773,0.2302581016421924,0.016789999272608696,True
MHxPC130363513,4,0.22639206828310773,0.2302581016421924,0.016789999272608696,True
MHxPC130003534,0,0.20877302066079004,0.2123422007304806,0.016808623332583872,True
MHxPC130167489,2,0.3197032395808672,0.32517309312747317,0.016821359645712384,True
MHxPC130501196,4,0.3612700162776753,0.36745711031206635,0.016837595084598044,True
MHxPC130019722,4,0.3612700162776753,0.36745711031206635,0.016837595084598044,True
MHxPC130110701,4,0.3612700162776753,0.36745711031206635,0.016837595084598044,True
MHxPC130470564,4,0.3612700162776753,0.36745711031206635,0.016837595084598044,True
MHxPC130379398,2,0.27670592234908165,0.2814568017167241,0.016879604041063617,True
MHxPC130289720,1,0.23697181734586675,0.2410413929675873,0.016883306106133353,True
MHxPC130082044,1,0.5199899332475204,0.5289238184332956,0.01689068420521865,True
MHxPC130270844,2,0.30238561462239943,0.3075811595512381,0.01689162280426729,True
MHxPC130342692,2,0.30238561462239943,0.3075811595512381,0.01689162280426729,True
MHxPC130588226,2,0.30238561462239943,0.3075811595512381,0.01689162280426729,True
MHxPC130436396,2,0.30238561462239943,0.3075811595512381,0.01689162280426729,True
MHxPC130575877,2,0.30238561462239943,0.3075811595512381,0.01689162280426729,True
MHxPC130179953,2,0.23160507753035706,0.23558674504066973,0.01690106762850904,True
MHxPC130382240,2,0.22481567306930084,0.22868102837393023,0.01690282456797822,True
MHxPC130551024,4,0.5180200013582936,0.52693555332378,0.01691962500774376,True
MHxPC130250562,1,0.24662083784604685,0.2508657303939472,0.01692097418501281,True
MHxPC130040080,4,0.23632066861058304,0.2404005146455535,0.016971037025381552,True
MHxPC130474631,4,0.228540663180013,0.23249251581604471,0.016997762797485202,True
MHxPC130153403,4,0.2164598396005388,0.2202038233814301,0.01700235592370298,True
MHxPC130559696,1,0.20274835946429262,0.20625662520678245,0.017009226922881242,True
MHxPC130432920,4,0.3603410849053417,0.36657687836201175,0.017010875002628746,True
MHxPC130143280,4,0.23724857171677463,0.2413575794567174,0.01702456475239734,True
MHxPC130167909,2,0.4296271025149617,0.4370710738376542,0.01703148931209634,True
MHxPC130289982,1,0.2142129074586468,0.21792561074914352,0.017036562512014495,True
MHxPC130201200,4,0.3611969729229152,0.36746615136487853,0.017060560322842658,True
MHxPC130352082,1,0.1952146513826621,0.19860684337691878,0.017079935094778773,True
MHxPC130295146,0,0.251557342082544,0.25593213514890384,0.017093566870039795,True
MHxPC130510834,0,0.251557342082544,0.25593213514890384,0.017093566870039795,True
MHxPC130017439,4,0.2643762063463562,0.26898473050318367,0.017133032600796263,True
MHxPC130251660,4,0.2643762063463562,0.26898473050318367,0.017133032600796263,True
MHxPC130194917,4,0.2643762063463562,0.26898473050318367,0.017133032600796263,True
MHxPC130119937,4,0.2669436049244788,0.2716017893952751,0.017150787118037067,True
MHxPC130583052,1,0.5894883858675009,0.599776079481,0.017152557371746643,True
MHxPC130387345,0,0.22448658287113207,0.2284063016036116,0.01716116720493126,True
MHxPC130430534,1,0.21892732468222068,0.22275087492040263,0.01716514127968411,True
MHxPC130540404,4,0.22250420844205587,0.22639136239969254,0.017170063011387876,True
MHxPC130344278,0,0.24483032406333866,0.2491104645354713,0.01718169680311923,True
MHxPC130145419,4,0.24049689644666689,0.2447025842618188,0.017186936655528087,True
MHxPC130104628,0,0.22339217516957802,0.22729991592812093,0.017192002656871465,True
MHxPC130042404,4,0.21015859386857852,0.2138393072872049,0.01721252030471117,True
MHxPC130295084,0,0.22484779177453174,0.2287887924957727,0.017225497273052715,True
MHxPC130285066,3,0.22779675459357437,0.23179024916068425,0.017228915286861175,True
MHxPC130356236,1,0.22632356900708264,0.23029252615922893,0.017234415802977788,True
MHxPC130109994,4,0.20321604232584278,0.20678152199251587,0.017242738288782568,True
MHxPC130223501,0,0.22690993152325784,0.23089223962563513,0.017247474877605848,True
MHxPC130140296,0,0.4454804265597172,0.4533008254328095,0.01725211699234254,True
MHxPC130040943,3,0.2703662284610558,0.2751142285179269,0.01725828606702436,True
MHxPC130254377,4,0.2118517675074542,0.21557324673334596,0.017263177515227913,True
MHxPC130348450,4,0.24854047595413728,0.25290717660156464,0.01726602109953865,True
MHxPC130147710,0,0.353725836933294,0.3599409839132665,0.017267127828572405,True
MHxPC130443833,0,0.21258076320811167,0.21631600922197322,0.01726754310647723,True
MHxPC130281236,0,0.25050167024739467,0.25490450579806195,0.017272490091466867,True
MHxPC130494519,0,0.25050167024739467,0.25490450579806195,0.017272490091466867,True
MHxPC130206242,0,0.25050167024739467,0.25490450579806195,0.017272490091466867,True
MHxPC130596188,0,0.40479116627183076,0.4119091772597436,0.01728053508121842,True
MHxPC130088585,0,0.20750738171772518,0.21115645198420183,0.017281358121842588,True
MHxPC130184363,0,0.23349870300721373,0.237608080998285,0.017294773703849485,True
MHxPC130063762,0,0.23349870300721373,0.237608080998285,0.017294773703849485,True
MHxPC130562893,0,0.23349870300721373,0.237608080998285,0.017294773703849485,True
MHxPC130469554,0,0.23349870300721373,0.237608080998285,0.017294773703849485,True
MHxPC130298994,0,0.23349870300721373,0.237608080998285,0.017294773703849485,True
MHxPC130016386,0,0.23349870300721373,0.237608080998285,0.017294773703849485,True
MHxPC130022225,0,0.23349870300721373,0.237608080998285,0.017294773703849485,True
MHxPC130298705,0,0.23349870300721373,0.237608080998285,0.017294773703849485,True
MHxPC130359170,0,0.23349870300721373,0.237608080998285,0.017294773703849485,True
MHxPC130417052,0,0.23349870300721373,0.237608080998285,0.017294773703849485,True
MHxPC130421262,0,0.23349870300721373,0.237608080998285,0.017294773703849485,True
MHxPC130355692,0,0.23349870300721373,0.237608080998285,0.017294773703849485,True
MHxPC130348097,0,0.23349870300721373,0.237608080998285,0.017294773703849485,True
MHxPC130392732,0,0.23349870300721373,0.237608080998285,0.017294773703849485,True
MHxPC130447428,0,0.23349870300721373,0.237608080998285,0.017294773703849485,True
MHxPC130292085,0,0.23349870300721373,0.237608080998285,0.017294773703849485,True
MHxPC130500918,0,0.23349870300721373,0.237608080998285,0.017294773703849485,True
MHxPC130333402,0,0.23349870300721373,0.237608080998285,0.017294773703849485,True
MHxPC130191540,0,0.23349870300721373,0.237608080998285,0.017294773703849485,True
MHxPC130291885,0,0.23349870300721373,0.237608080998285,0.017294773703849485,True
MHxPC130263654,0,0.23349870300721373,0.237608080998285,0.017294773703849485,True
MHxPC130063401,0,0.23349870300721373,0.237608080998285,0.017294773703849485,True
MHxPC130388988,0,0.23349870300721373,0.237608080998285,0.017294773703849485,True
MHxPC130153709,0,0.23349870300721373,0.237608080998285,0.017294773703849485,True
MHxPC130007004,0,0.23349870300721373,0.237608080998285,0.017294773703849485,True
MHxPC130535766,0,0.23349870300721373,0.237608080998285,0.017294773703849485,True
MHxPC130155306,0,0.23349870300721373,0.237608080998285,0.017294773703849485,True
MHxPC130283776,0,0.23349870300721373,0.237608080998285,0.017294773703849485,True
MHxPC130187591,0,0.23349870300721373,0.237608080998285,0.017294773703849485,True
MHxPC130332774,0,0.23349870300721373,0.237608080998285,0.017294773703849485,True
MHxPC130136868,0,0.23349870300721373,0.237608080998285,0.017294773703849485,True
MHxPC130017018,0,0.23349870300721373,0.237608080998285,0.017294773703849485,True
MHxPC130312267,0,0.23349870300721373,0.237608080998285,0.017294773703849485,True
MHxPC130262249,0,0.23349870300721373,0.237608080998285,0.017294773703849485,True
MHxPC130255945,0,0.23349870300721373,0.237608080998285,0.017294773703849485,True
MHxPC130363062,0,0.23349870300721373,0.237608080998285,0.017294773703849485,True
MHxPC130018684,0,0.23349870300721373,0.237608080998285,0.017294773703849485,True
MHxPC130274198,0,0.23349870300721373,0.237608080998285,0.017294773703849485,True
MHxPC130358722,0,0.23349870300721373,0.237608080998285,0.017294773703849485,True
MHxPC130424720,0,0.23349870300721373,0.237608080998285,0.017294773703849485,True
MHxPC130126343,0,0.23349870300721373,0.237608080998285,0.017294773703849485,True
MHxPC130472817,0,0.23349870300721373,0.237608080998285,0.017294773703849485,True
MHxPC130097637,0,0.23349870300721373,0.237608080998285,0.017294773703849485,True
MHxPC130441122,0,0.23349870300721373,0.237608080998285,0.017294773703849485,True
MHxPC130081319,0,0.23349870300721373,0.237608080998285,0.017294773703849485,True
MHxPC130179883,0,0.23349870300721373,0.237608080998285,0.017294773703849485,True
MHxPC130475386,0,0.23349870300721373,0.237608080998285,0.017294773703849485,True
MHxPC130143781,0,0.23349870300721373,0.237608080998285,0.017294773703849485,True
MHxPC130157971,0,0.23349870300721373,0.237608080998285,0.017294773703849485,True
MHxPC130171360,0,0.23349870300721373,0.237608080998285,0.017294773703849485,True
MHxPC130495801,0,0.23349870300721373,0.237608080998285,0.017294773703849485,True
MHxPC130001921,0,0.23349870300721373,0.237608080998285,0.017294773703849485,True
MHxPC130071771,0,0.23349870300721373,0.237608080998285,0.017294773703849485,True
MHxPC130079484,0,0.23349870300721373,0.237608080998285,0.017294773703849485,True
MHxPC130341404,0,0.23349870300721373,0.237608080998285,0.017294773703849485,True
MHxPC130050037,0,0.23349870300721373,0.237608080998285,0.017294773703849485,True
MHxPC130368718,0,0.23349870300721373,0.237608080998285,0.017294773703849485,True
MHxPC130557259,0,0.23349870300721373,0.237608080998285,0.017294773703849485,True
MHxPC130301302,0,0.23349870300721373,0.237608080998285,0.017294773703849485,True
MHxPC130336634,0,0.34375764875152615,0.3498161485727852,0.017319097034191037,True
MHxPC130396232,4,0.22683495399813552,0.23083445610031433,0.01732627862298311,True
MHxPC130130536,4,0.22345201315087407,0.22739217282285315,0.01732759585814157,True
MHxPC130519152,4,0.3248483032209228,0.3305772285148331,0.01733006631959611,True
MHxPC130439164,3,0.203154994992007,0.20673827455290864,0.01733244397367063,True
MHxPC130406085,4,0.2349311885653675,0.23907623401415393,0.01733775615915483,True
MHxPC130137053,4,0.5181041099301323,0.5272467246368184,0.017340296827796833,True
MHxPC130383415,1,0.32202279511839077,0.3277075945877153,0.017347170353120788,True
MHxPC130482819,4,0.2660138400292454,0.2707131316196775,0.01735893475989238,True
MHxPC130187403,0,0.41415570034842125,0.42147308007985645,0.01736144033220053,True
MHxPC130074520,0,0.23950286004658308,0.243734566150773,0.0173619448854546,True
MHxPC130271690,3,0.2112630019439611,0.21499686020554454,0.017367036234918636,True
MHxPC130225004,3,0.2112630019439611,0.21499686020554454,0.017367036234918636,True
MHxPC130120352,4,0.35295105524288717,0.3591975438292934,0.017390120544295423,True
MHxPC130241051,0,0.3177951404953961,0.32341948645053564,0.017390250713912227,True
MHxPC130112567,0,0.3177951404953961,0.32341948645053564,0.017390250713912227,True
MHxPC130152134,0,0.3177951404953961,0.32341948645053564,0.017390250713912227,True
MHxPC130309554,4,0.24008836593187502,0.24433880505639766,0.017395677790687243,True
MHxPC130369396,4,0.21803476976354424,0.22189705166564036,0.017405737809963746,True
MHxPC130488423,4,0.37499842620807666,0.38164496996446506,0.01741551515013354,True
MHxPC130008161,4,0.3440706562029117,0.3501721869732369,0.01742437291512101,True
MHxPC130182868,1,0.2579824477978441,0.26255865915043824,0.017429291295900796,True
MHxPC130550179,0,0.4123410261580991,0.419659226968709,0.0174384365702403,True
MHxPC130020100,2,0.20193290456755444,0.20551962729435824,0.0174519717363377,True
MHxPC130145245,1,0.31294735586218003,0.31851178799248714,0.017470097936966644,True
MHxPC130460757,1,0.20325934706219864,0.20687348437207204,0.017470278130827015,True
MHxPC130280281,1,0.20189386774905949,0.20548383575025983,0.01747080488395937,True
MHxPC130132150,1,0.20189386774905949,0.20548383575025983,0.01747080488395937,True
MHxPC130442227,4,0.3313703724650931,0.337263945526215,0.017474660838491043,True
MHxPC130040278,4,0.24635811743291175,0.2507443527177693,0.017492857714704203,True
MHxPC130119304,4,0.23197739220910904,0.2361089428978498,0.01749849301781104,True
MHxPC130500305,0,0.2709520603131031,0.2757788252796566,0.01750230447047141,True
MHxPC130444783,1,0.20835108248977716,0.21206566388269865,0.017516184963239347,True
MHxPC130237039,0,0.283001965590344,0.28805079411032986,0.017527563274316208,True
MHxPC130516286,0,0.22098457098014226,0.22492903267559064,0.017536472053109174,True
MHxPC130442135,4,0.19765654138986968,0.20118558388073776,0.017541229459860724,True
MHxPC130455231,4,0.20924311976949758,0.21298316133834716,0.017560268827581684,True
MHxPC130519496,4,0.24604403504702968,0.2504419519536209,0.017560623818351592,True
MHxPC130555713,0,0.21767530110064462,0.22156849005338722,0.017571040682745682,True
MHxPC130523204,4,0.20464952151069551,0.20831152970397596,0.017579479150695066,True
MHxPC130401718,0,0.24939042314634818,0.2538530505632528,0.017579569782607996,True
MHxPC130339219,0,0.24939042314634818,0.2538530505632528,0.017579569782607996,True
MHxPC130150266,0,0.24939042314634818,0.2538530505632528,0.017579569782607996,True
MHxPC130106750,0,0.24939042314634818,0.2538530505632528,0.017579569782607996,True
MHxPC130535297,0,0.24939042314634818,0.2538530505632528,0.017579569782607996,True
MHxPC130348832,0,0.24939042314634818,0.2538530505632528,0.017579569782607996,True
MHxPC130223562,0,0.24939042314634818,0.2538530505632528,0.017579569782607996,True
MHxPC130017212,0,0.24939042314634818,0.2538530505632528,0.017579569782607996,True
MHxPC130165092,0,0.24939042314634818,0.2538530505632528,0.017579569782607996,True
MHxPC130153464,0,0.24939042314634818,0.2538530505632528,0.017579569782607996,True
MHxPC130247658,0,0.24939042314634818,0.2538530505632528,0.017579569782607996,True
MHxPC130501026,0,0.24939042314634818,0.2538530505632528,0.017579569782607996,True
MHxPC130597092,0,0.24939042314634818,0.2538530505632528,0.017579569782607996,True
MHxPC130516388,0,0.24939042314634818,0.2538530505632528,0.017579569782607996,True
MHxPC130563485,0,0.24939042314634818,0.2538530505632528,0.017579569782607996,True
MHxPC130220947,0,0.24939042314634818,0.2538530505632528,0.017579569782607996,True
MHxPC130519848,0,0.24939042314634818,0.2538530505632528,0.017579569782607996,True
MHxPC130279360,0,0.24939042314634818,0.2538530505632528,0.017579569782607996,True
MHxPC130353305,0,0.24939042314634818,0.2538530505632528,0.017579569782607996,True
MHxPC130108819,0,0.24939042314634818,0.2538530505632528,0.017579569782607996,True
MHxPC130068811,0,0.24939042314634818,0.2538530505632528,0.017579569782607996,True
MHxPC130167090,0,0.24939042314634818,0.2538530505632528,0.017579569782607996,True
MHxPC130475171,0,0.24939042314634818,0.2538530505632528,0.017579569782607996,True
MHxPC130595740,0,0.24939042314634818,0.2538530505632528,0.017579569782607996,True
MHxPC130210141,0,0.24939042314634818,0.2538530505632528,0.017579569782607996,True
MHxPC130212859,0,0.24939042314634818,0.2538530505632528,0.017579569782607996,True
MHxPC130489815,0,0.24939042314634818,0.2538530505632528,0.017579569782607996,True
MHxPC130181578,0,0.24939042314634818,0.2538530505632528,0.017579569782607996,True
MHxPC130454487,0,0.24939042314634818,0.2538530505632528,0.017579569782607996,True
MHxPC130439907,0,0.24939042314634818,0.2538530505632528,0.017579569782607996,True
MHxPC130527386,0,0.24939042314634818,0.2538530505632528,0.017579569782607996,True
MHxPC130225328,0,0.24939042314634818,0.2538530505632528,0.017579569782607996,True
MHxPC130127780,0,0.24939042314634818,0.2538530505632528,0.017579569782607996,True
MHxPC130089043,0,0.24939042314634818,0.2538530505632528,0.017579569782607996,True
MHxPC130479984,0,0.24939042314634818,0.2538530505632528,0.017579569782607996,True
MHxPC130589782,0,0.24939042314634818,0.2538530505632528,0.017579569782607996,True
MHxPC130513834,0,0.24939042314634818,0.2538530505632528,0.017579569782607996,True
MHxPC130351515,0,0.24939042314634818,0.2538530505632528,0.017579569782607996,True
MHxPC130369929,0,0.24939042314634818,0.2538530505632528,0.017579569782607996,True
MHxPC130367546,0,0.37409043260315183,0.3807847363134293,0.01758028374532136,True
MHxPC130510039,1,0.34490681268532997,0.35107912477281694,0.017580971501740737,True
MHxPC130147995,3,0.22028071009266315,0.2242253030933251,0.01759209574585872,True
MHxPC130224634,2,0.2463943213373684,0.25080824572612653,0.01759880093247798,True
MHxPC130186106,0,0.23575494692064886,0.23998090095335314,0.01760954315912714,True
MHxPC130305861,0,0.2291316629582149,0.2332402965247143,0.01761545336598408,True
MHxPC130357432,4,0.5576904213384353,0.5676994403112783,0.017630841713275093,True
MHxPC130588150,4,0.5576904213384353,0.5676994403112783,0.017630841713275093,True
MHxPC130349661,4,0.23602544167855313,0.24026345677783587,0.017639033235093644,True
MHxPC130549575,0,0.2291859658040164,0.2333055516751247,0.017657470392495336,True
MHxPC130061272,4,0.552820377323713,0.5627675541837734,0.017675462606382124,True
MHxPC130553887,2,0.24348780288287156,0.24787249180231835,0.017689292133891334,True
MHxPC130587910,1,0.30898122438413245,0.31454537419795664,0.017689498146370577,True
MHxPC130124953,1,0.30898122438413245,0.31454537419795664,0.017689498146370577,True
MHxPC130169009,1,0.2490394694362443,0.2535260158196621,0.01769659168473334,True
MHxPC130015548,1,0.24731885832467435,0.2517760029343653,0.017702817416054062,True
MHxPC130181222,4,0.2006828384875077,0.20430317439378046,0.017720409469971343,True
MHxPC130471204,4,0.2950014815462184,0.30032638171201037,0.01773037764926733,True
MHxPC130102645,4,0.2950014815462184,0.30032638171201037,0.01773037764926733,True
MHxPC130492988,4,0.2950014815462184,0.30032638171201037,0.01773037764926733,True
MHxPC130193592,2,0.3106854238792349,0.3162963411271851,0.017739431407756825,True
MHxPC130011512,2,0.3106854238792349,0.3162963411271851,0.017739431407756825,True
MHxPC130524471,2,0.3106854238792349,0.3162963411271851,0.017739431407756825,True
MHxPC130489475,4,0.2874929419968866,0.29268868715307217,0.01775177990896618,True
MHxPC130330542,1,0.3489019194890272,0.355208704162458,0.01775515239217308,True
MHxPC130434056,4,0.21554946552445872,0.2194466019467966,0.017758928084394388,True
MHxPC130538587,4,0.24979053411852498,0.254308286266705,0.017764864112379066,True
MHxPC130370241,4,0.34396831341236994,0.35019103271984636,0.01776949929056182,True
MHxPC130297804,0,0.20363737355054404,0.2073238448752174,0.0177812220629622,True
MHxPC130069276,4,0.23941609787826518,0.24375588037779716,0.017803806385330103,True
MHxPC130309782,4,0.23941609787826518,0.24375588037779716,0.017803806385330103,True
MHxPC130200729,1,0.216297582925771,0.22022028567077967,0.017812631261740104,True
MHxPC130101289,4,0.4764370524174567,0.4850782604620327,0.017814049296592457,True
MHxPC130579020,0,0.23037092057232067,0.23455158190678432,0.017824059426404276,True
MHxPC130476294,4,0.5062324590486573,0.5154215909867716,0.017828379910359956,True
MHxPC130428375,4,0.2194368647701448,0.22342108857049464,0.017832800949283415,True
MHxPC130424398,4,0.5407386396555639,0.5505602475967011,0.017839297304900494,True
MHxPC130426526,1,0.5306299946116423,0.5402705471268661,0.017843934981264093,True
MHxPC130447363,1,0.19318991288656176,0.19670089321367623,0.017849335962600296,True
MHxPC130517864,1,0.19824913758957788,0.20185775218101784,0.017877017614879132,True
MHxPC130415249,1,0.3164669467177492,0.32223463097043237,0.017899020460070844,True
MHxPC130077697,3,0.21214796127869776,0.21601981189712777,0.017923590361581518,True
MHxPC130581193,1,0.24652524029956355,0.25102817523379095,0.017937966246353302,True
MHxPC130056873,4,0.21754962572145484,0.221529187977612,0.01796405382282785,True
MHxPC130338409,4,0.2781182145121037,0.28320805004342425,0.0179720722293738,True
MHxPC130593449,0,0.28231520137890725,0.2874828097334439,0.01797536471599158,True
MHxPC130306732,4,0.23016752957321132,0.23438155080878886,0.017979321414318093,True
MHxPC130273718,1,0.25032165021810915,0.2549055193851269,0.017982620298198252,True
MHxPC130428761,1,0.2036992066300922,0.20743193929955978,0.017994975518582073,True
MHxPC130372580,1,0.19741527147222962,0.20103400805591864,0.018000618993192708,True
MHxPC130454558,4,0.24872199137790493,0.2532855309579499,0.018017371789005275,True
MHxPC130374051,1,0.2669735406341088,0.27187501287426524,0.018028402788244705,True
MHxPC130409799,2,0.5578357184829732,0.5680787430057439,0.018030994204384684,True
MHxPC130372352,1,0.1931552116209296,0.1967056258380302,0.018049378109927794,True
MHxPC130398440,4,0.3001756880581805,0.3056933433102713,0.01804964148823652,True
MHxPC130167465,4,0.21779583740461805,0.22179994186814714,0.01805277508102051,True
MHxPC130447065,0,0.25407756413689153,0.25874960609644576,0.01805622829745597,True
MHxPC130015377,0,0.21115808645955778,0.215041312702571,0.01805804751752155,True
MHxPC130546678,1,0.2010661710184428,0.20476800351437735,0.018078178389206414,True
MHxPC130531867,1,0.2010661710184428,0.20476800351437735,0.018078178389206414,True
MHxPC130539485,1,0.519662095741849,0.5292306327923231,0.01808008920418809,True
MHxPC130266436,0,0.3639838863443922,0.3706917918953954,0.018095640900773136,True
MHxPC130082782,4,0.2266229177550902,0.23080344549692677,0.018112934721731644,True
MHxPC130174612,4,0.34386342071967524,0.35021046463114996,0.018123513008554967,True
MHxPC130268743,1,0.2282362024125718,0.2324516335111083,0.018134658960506117,True
MHxPC130544617,2,0.3395163706681589,0.3457874964098703,0.01813577936397702,True
MHxPC130230270,0,0.2784348916189914,0.28358323946008773,0.018154626665871587,True
MHxPC130294149,4,0.2868112588392115,0.29212681776993443,0.018196066254037756,True
MHxPC130584162,1,0.2774187689665764,0.28256225399000673,0.01820301526760975,True
MHxPC130146438,0,0.47727587799840027,0.4861254574774769,0.018204311958886922,True
MHxPC130538941,1,0.20578026641465294,0.20959606567932082,0.01820549089173268,True
MHxPC130454913,3,0.5422688491059813,0.5523296561700983,0.018215221565105806,True
MHxPC130221014,0,0.45996236021277725,0.46849734349139605,0.01821778372319743,True
MHxPC130501733,2,0.34007146421236495,0.3463822584825963,0.0182191613908783,True
MHxPC130157275,1,0.530454576687475,0.5403141696081009,0.01824788886765123,True
MHxPC130442444,4,0.2458736422834557,0.25044453804515493,0.01825112976061428,True
MHxPC130447560,1,0.31141421123761465,0.31720362111397904,0.018251399073039323,True
MHxPC130085275,1,0.19989023203225018,0.2036072651758062,0.0182558964207222,True
MHxPC130014764,0,0.2265074815810433,0.23071982014155432,0.018257376232031552,True
MHxPC130042484,4,0.22005310695993138,0.22415095351181208,0.018281637832358148,True
MHxPC130594236,1,0.28769135731174705,0.2930495207560571,0.018284156993282886,True
MHxPC130256256,0,0.23557153716841456,0.2399613616000698,0.018293880324664637,True
MHxPC130478479,0,0.2091409430290646,0.21303871587907366,0.018296077470827107,True
MHxPC130553640,2,0.22192426942285928,0.22606214665659516,0.01830415792707486,True
MHxPC130168104,3,0.2474425493144699,0.2520569246239124,0.018306877767105448,True
MHxPC130521192,0,0.19988658061661113,0.20361429944550416,0.01830774576758409,True
MHxPC130328678,1,0.21677174896730014,0.22081588128607815,0.018314499370353853,True
MHxPC130479916,1,0.2916874426228014,0.2971316957226043,0.018322693870012223,True
MHxPC130345621,1,0.2916874426228014,0.2971316957226043,0.018322693870012223,True
MHxPC130194031,0,0.22858162945180674,0.23284875441094707,0.01832573667802159,True
MHxPC130219983,0,0.3130916297176665,0.31894418563179794,0.01834978086381498,True
MHxPC130405580,4,0.2701346686578272,0.2751866028226454,0.018358212620089315,True
MHxPC130181194,0,0.23302333790619423,0.23738377895370505,0.01836874055476723,True
MHxPC130435833,0,0.23302333790619423,0.23738377895370505,0.01836874055476723,True
MHxPC130188217,1,0.24519693588656685,0.2497878499782649,0.01837925300248797,True
MHxPC130287425,3,0.22718455234596027,0.2314408360592923,0.01839037477483716,True
MHxPC130486098,3,0.26572344910266626,0.27070448653792967,0.018400276622550494,True
MHxPC130422278,0,0.21371937537648591,0.2177273940981373,0.018408426455721168,True
MHxPC130157066,2,0.6151142726731731,0.6266641414078363,0.0184307158675392,True
MHxPC130392303,4,0.3315894025761147,0.337817066677967,0.01843501917500518,True
MHxPC130524852,4,0.3437690816590245,0.35022804246527267,0.018442157746088077,True
MHxPC130414981,1,0.22311794902601967,0.22731459730671638,0.018461851242373848,True
MHxPC130582416,0,0.31768381837136594,0.32366053284756213,0.018465997147113097,True
MHxPC130271790,1,0.5583714318073777,0.5688859746385952,0.018482689501876516,True
MHxPC130283561,2,0.2775794362005671,0.2828090323205548,0.01849161632878885,True
MHxPC130494804,4,0.2626897918832154,0.2676433683906596,0.018508123467545948,True
MHxPC130556359,4,0.30608295714801853,0.3118548497890641,0.018508266409676198,True
MHxPC130263130,4,0.23171236095740952,0.23608694856937207,0.018529561411469195,True
MHxPC130341844,4,0.23171236095740952,0.23608694856937207,0.018529561411469195,True
MHxPC130404973,4,0.23171236095740952,0.23608694856937207,0.018529561411469195,True
MHxPC130280552,4,0.23171236095740952,0.23608694856937207,0.018529561411469195,True
MHxPC130164542,4,0.23171236095740952,0.23608694856937207,0.018529561411469195,True
MHxPC130503905,4,0.22436564747340995,0.2286058143144367,0.018547939621494425,True
MHxPC130235991,4,0.22436564747340995,0.2286058143144367,0.018547939621494425,True
MHxPC130245877,0,0.3322373156840784,0.3385161246578038,0.018548035134434055,True
MHxPC130039144,3,0.2302141598791506,0.2345722765440716,0.01857899291906389,True
MHxPC130238572,1,0.25712219185019347,0.26199168563358866,0.018586443961452533,True
MHxPC130054357,0,0.22941241526232542,0.23376235855937233,0.0186083992472299,True
MHxPC130586347,1,0.2460260479448053,0.2506913900656114,0.01860990167865402,True
MHxPC130299391,0,0.2037655533361544,0.20762996695602773,0.018612022515476983,True
MHxPC130223482,0,0.20881225199372141,0.21277344039663115,0.018616930738750488,True
MHxPC130241319,4,0.1933820676984044,0.19705235017631637,0.018625925925917157,True
MHxPC130281197,4,0.1933820676984044,0.19705235017631637,0.018625925925917157,True
MHxPC130104770,3,0.26137193230131095,0.26633378984087647,0.018630221657304633,True
MHxPC130569080,4,0.25317957000951025,0.2579873070593256,0.01863555654972509,True
MHxPC130328024,4,0.30294330722890017,0.30869832463344204,0.0186428527313051,True
MHxPC130593518,4,0.30294330722890017,0.30869832463344204,0.0186428527313051,True
MHxPC130249378,1,0.29150052587207465,0.29703912525193116,0.018646026428871944,True
MHxPC130382080,1,0.3225900527785141,0.3287202050858522,0.018648541259388304,True
MHxPC130551583,0,0.22385634684026723,0.22811264762688627,0.018658767196376068,True
MHxPC130479955,4,0.5831886631513278,0.5942826314740352,0.01866783199635219,True
MHxPC130387870,3,0.23612924268369787,0.24062215114206045,0.01867204842545867,True
MHxPC130579414,4,0.5167370901100602,0.5265723715007825,0.018677929042670446,True
MHxPC130396433,1,0.561705665226406,0.5724010582690322,0.018685138484840692,True
MHxPC130348095,1,0.1948376249132668,0.1985475186362692,0.018685167905818912,True
MHxPC130348680,4,0.3151264143045106,0.3211336495607582,0.0187063400688909,True
MHxPC130000808,1,0.2490388378614751,0.25379586281828687,0.018743508676568574,True
MHxPC130531873,4,0.24396454960933125,0.2486275932661548,0.018755133312302052,True
MHxPC130095533,4,0.28914234951390094,0.294673269099465,0.01876966852971363,True
MHxPC130534798,4,0.28914234951390094,0.294673269099465,0.01876966852971363,True
MHxPC130212107,2,0.2284909380012216,0.23286341802244703,0.018777015549964717,True
MHxPC130544229,1,0.2018057946375204,0.2056685146795197,0.018781290116371543,True
MHxPC130438910,1,0.2018057946375204,0.2056685146795197,0.018781290116371543,True
MHxPC130260007,1,0.23683081938495698,0.24136620219732802,0.018790463499372422,True
MHxPC130212793,4,0.2580633145359992,0.2630158458032925,0.01882978286790103,True
MHxPC130494907,0,0.21929322904428433,0.22350342244519222,0.018837265912294118,True
MHxPC130388298,0,0.22489621676740304,0.22921607839968777,0.018846241775204445,True
MHxPC130329474,4,0.5573215297319043,0.5680273856676622,0.018847429201277306,True
MHxPC130163755,4,0.20052984920797404,0.20438380649180687,0.018856470823129183,True
MHxPC130548556,1,0.5467187491118245,0.5572292601377271,0.018862094613094783,True
MHxPC130301017,4,0.226887313511051,0.2312520064445722,0.018874184058452106,True
MHxPC130466919,1,0.5595888332457428,0.5703541004864657,0.01887470824096997,True
MHxPC130093881,4,0.24093002273075137,0.24556869580794646,0.01888951302173666,True
MHxPC130391576,1,0.20696778080174894,0.21095449065700797,0.01889843559548134,True
MHxPC130200637,4,0.21270079468287426,0.21680091084830636,0.018911895477694344,True
MHxPC130035341,4,0.30673166557595555,0.3126452575461444,0.018914702294232182,True
MHxPC130181392,3,0.23483840988034418,0.2393715134836513,0.018937523255526032,True
MHxPC130588927,3,0.3269305252061451,0.3332427771704756,0.0189419018108273,True
MHxPC130242487,0,0.2887324141347611,0.29431562247383997,0.018970139240825187,True
MHxPC130582389,0,0.2887324141347611,0.29431562247383997,0.018970139240825187,True
MHxPC130067712,0,0.2887324141347611,0.29431562247383997,0.018970139240825187,True
MHxPC130303152,0,0.2887324141347611,0.29431562247383997,0.018970139240825187,True
MHxPC130215240,0,0.2887324141347611,0.29431562247383997,0.018970139240825187,True
MHxPC130310564,0,0.2887324141347611,0.29431562247383997,0.018970139240825187,True
MHxPC130233795,0,0.2887324141347611,0.29431562247383997,0.018970139240825187,True
MHxPC130453848,0,0.2887324141347611,0.29431562247383997,0.018970139240825187,True
MHxPC130013646,0,0.2887324141347611,0.29431562247383997,0.018970139240825187,True
MHxPC130559852,0,0.2887324141347611,0.29431562247383997,0.018970139240825187,True
MHxPC130574619,0,0.2887324141347611,0.29431562247383997,0.018970139240825187,True
MHxPC130311221,0,0.2887324141347611,0.29431562247383997,0.018970139240825187,True
MHxPC130310489,0,0.2887324141347611,0.29431562247383997,0.018970139240825187,True
MHxPC130529046,0,0.2887324141347611,0.29431562247383997,0.018970139240825187,True
MHxPC130546769,0,0.2887324141347611,0.29431562247383997,0.018970139240825187,True
MHxPC130501270,0,0.2887324141347611,0.29431562247383997,0.018970139240825187,True
MHxPC130434755,0,0.2887324141347611,0.29431562247383997,0.018970139240825187,True
MHxPC130019900,0,0.2887324141347611,0.29431562247383997,0.018970139240825187,True
MHxPC130231837,0,0.2887324141347611,0.29431562247383997,0.018970139240825187,True
MHxPC130314810,0,0.2887324141347611,0.29431562247383997,0.018970139240825187,True
MHxPC130519567,0,0.2887324141347611,0.29431562247383997,0.018970139240825187,True
MHxPC130099362,0,0.2887324141347611,0.29431562247383997,0.018970139240825187,True
MHxPC130335270,0,0.2887324141347611,0.29431562247383997,0.018970139240825187,True
MHxPC130503863,0,0.2887324141347611,0.29431562247383997,0.018970139240825187,True
MHxPC130577168,0,0.2887324141347611,0.29431562247383997,0.018970139240825187,True
MHxPC130209141,0,0.2887324141347611,0.29431562247383997,0.018970139240825187,True
MHxPC130417705,0,0.2887324141347611,0.29431562247383997,0.018970139240825187,True
MHxPC130209103,0,0.2887324141347611,0.29431562247383997,0.018970139240825187,True
MHxPC130565606,0,0.2887324141347611,0.29431562247383997,0.018970139240825187,True
MHxPC130257329,0,0.2887324141347611,0.29431562247383997,0.018970139240825187,True
MHxPC130144876,0,0.2887324141347611,0.29431562247383997,0.018970139240825187,True
MHxPC130074895,0,0.2887324141347611,0.29431562247383997,0.018970139240825187,True
MHxPC130124703,0,0.2887324141347611,0.29431562247383997,0.018970139240825187,True
MHxPC130391726,0,0.2887324141347611,0.29431562247383997,0.018970139240825187,True
MHxPC130439904,0,0.2887324141347611,0.29431562247383997,0.018970139240825187,True
MHxPC130556782,0,0.2887324141347611,0.29431562247383997,0.018970139240825187,True
MHxPC130192519,0,0.2887324141347611,0.29431562247383997,0.018970139240825187,True
MHxPC130177160,0,0.2887324141347611,0.29431562247383997,0.018970139240825187,True
MHxPC130556584,0,0.2887324141347611,0.29431562247383997,0.018970139240825187,True
MHxPC130510562,0,0.2887324141347611,0.29431562247383997,0.018970139240825187,True
MHxPC130341500,0,0.2887324141347611,0.29431562247383997,0.018970139240825187,True
MHxPC130284541,0,0.2887324141347611,0.29431562247383997,0.018970139240825187,True
MHxPC130008212,0,0.2887324141347611,0.29431562247383997,0.018970139240825187,True
MHxPC130019915,0,0.2887324141347611,0.29431562247383997,0.018970139240825187,True
MHxPC130530198,0,0.2887324141347611,0.29431562247383997,0.018970139240825187,True
MHxPC130423466,0,0.2887324141347611,0.29431562247383997,0.018970139240825187,True
MHxPC130236903,0,0.2887324141347611,0.29431562247383997,0.018970139240825187,True
MHxPC130240628,0,0.2887324141347611,0.29431562247383997,0.018970139240825187,True
MHxPC130135788,0,0.2887324141347611,0.29431562247383997,0.018970139240825187,True
MHxPC130071922,0,0.2887324141347611,0.29431562247383997,0.018970139240825187,True
MHxPC130374438,0,0.2887324141347611,0.29431562247383997,0.018970139240825187,True
MHxPC130292550,0,0.2887324141347611,0.29431562247383997,0.018970139240825187,True
MHxPC130098207,0,0.2887324141347611,0.29431562247383997,0.018970139240825187,True
MHxPC130216170,0,0.2887324141347611,0.29431562247383997,0.018970139240825187,True
MHxPC130441345,0,0.2887324141347611,0.29431562247383997,0.018970139240825187,True
MHxPC130217729,0,0.2887324141347611,0.29431562247383997,0.018970139240825187,True
MHxPC130553740,0,0.2887324141347611,0.29431562247383997,0.018970139240825187,True
MHxPC130485068,0,0.2887324141347611,0.29431562247383997,0.018970139240825187,True
MHxPC130275348,0,0.2887324141347611,0.29431562247383997,0.018970139240825187,True
MHxPC130444368,0,0.2887324141347611,0.29431562247383997,0.018970139240825187,True
MHxPC130017512,0,0.2887324141347611,0.29431562247383997,0.018970139240825187,True
MHxPC130355930,0,0.2887324141347611,0.29431562247383997,0.018970139240825187,True
MHxPC130517368,0,0.2887324141347611,0.29431562247383997,0.018970139240825187,True
MHxPC130243874,0,0.2887324141347611,0.29431562247383997,0.018970139240825187,True
MHxPC130581373,0,0.2887324141347611,0.29431562247383997,0.018970139240825187,True
MHxPC130587954,0,0.2887324141347611,0.29431562247383997,0.018970139240825187,True
MHxPC130404849,0,0.2887324141347611,0.29431562247383997,0.018970139240825187,True
MHxPC130523359,0,0.2887324141347611,0.29431562247383997,0.018970139240825187,True
MHxPC130038593,0,0.2887324141347611,0.29431562247383997,0.018970139240825187,True
MHxPC130499668,0,0.2887324141347611,0.29431562247383997,0.018970139240825187,True
MHxPC130081997,0,0.2887324141347611,0.29431562247383997,0.018970139240825187,True
MHxPC130456569,0,0.2887324141347611,0.29431562247383997,0.018970139240825187,True
MHxPC130425545,0,0.2887324141347611,0.29431562247383997,0.018970139240825187,True
MHxPC130479556,0,0.2887324141347611,0.29431562247383997,0.018970139240825187,True
MHxPC130010763,0,0.2887324141347611,0.29431562247383997,0.018970139240825187,True
MHxPC130122400,2,0.2639657478398828,0.26907012047527934,0.018970417920727463,True
MHxPC130519596,0,0.23508977619039548,0.2396378795413186,0.01897906691391389,True
MHxPC130210513,0,0.2899526022814185,0.2955623191867901,0.018979810825703925,True
MHxPC130502574,3,0.22252366263143944,0.22682913882900715,0.018981142457245557,True
MHxPC130282794,0,0.33394673695969085,0.34041780845249486,0.01900920378466936,True
MHxPC130494264,1,0.3130340670895287,0.3191033049495575,0.01901966468504057,True
MHxPC130510264,2,0.2330218794160787,0.23754378539298432,0.019036094627458873,True
MHxPC130072649,4,0.19707182922356076,0.20089980999133747,0.019054178139550102,True
MHxPC130247872,4,0.35030992897328533,0.3571145724178011,0.019054510709114278,True
MHxPC130396293,4,0.24839031155286356,0.2532170670235236,0.019061730425191388,True
MHxPC130151820,4,0.24839031155286356,0.2532170670235236,0.019061730425191388,True
MHxPC130589740,1,0.2970835796083922,0.30285813115862487,0.01906685327595902,True
MHxPC130520884,1,0.2970835796083922,0.30285813115862487,0.01906685327595902,True
MHxPC130487606,1,0.2970835796083922,0.30285813115862487,0.01906685327595902,True
MHxPC130570138,1,0.22782992713871078,0.23225943033149785,0.019071359929131622,True
MHxPC130243124,2,0.26677290337168313,0.27195972929466217,0.019072036644657876,True
MHxPC130169541,3,0.22479215790942472,0.22916677936499735,0.019089247873074592,True
MHxPC130564214,0,0.3202354668225174,0.3264689403609464,0.019093618926006375,True
MHxPC130586730,0,0.3202354668225174,0.3264689403609464,0.019093618926006375,True
MHxPC130385983,0,0.3202354668225174,0.3264689403609464,0.019093618926006375,True
MHxPC130423260,4,0.22733307233966513,0.2317604340132631,0.01910318166449674,True
MHxPC130258708,2,0.30690900483338734,0.3128868214385771,0.019105363970605145,True
MHxPC130483869,3,0.2127056907169152,0.2168489231194601,0.019106538980885053,True
MHxPC130429413,4,0.22231893558669816,0.22665066617880703,0.019111925259868955,True
MHxPC130360809,4,0.5152539774316699,0.5253035640645305,0.01913100789779919,True
MHxPC130349391,4,0.5128241481233401,0.5228288564284991,0.019135723252733668,True
MHxPC130278026,2,0.24607395296940815,0.25087606584353567,0.019141375076897373,True
MHxPC130213820,0,0.345043593601754,0.3517821957890642,0.019155608976159807,True
MHxPC130506177,1,0.22293030896926241,0.22728463990840242,0.01915805195148619,True
MHxPC130087088,4,0.3535758659228345,0.3604918929147922,0.01918497233332349,True
MHxPC130210444,4,0.3305692870980826,0.3370432585606427,0.01920813218519038,True
MHxPC130461251,4,0.2124022684143943,0.2165635658714008,0.019215131780188487,True
MHxPC130365790,4,0.21365398010675454,0.21783999248628394,0.019215995794679273,True
MHxPC130215165,4,0.21365398010675454,0.21783999248628394,0.019215995794679273,True
MHxPC130228067,4,0.21365398010675454,0.21783999248628394,0.019215995794679273,True
MHxPC130006484,4,0.21365398010675454,0.21783999248628394,0.019215995794679273,True
MHxPC130457558,4,0.21365398010675454,0.21783999248628394,0.019215995794679273,True
MHxPC130532861,4,0.21365398010675454,0.21783999248628394,0.019215995794679273,True
MHxPC130264795,4,0.21365398010675454,0.21783999248628394,0.019215995794679273,True
MHxPC130115811,4,0.21365398010675454,0.21783999248628394,0.019215995794679273,True
MHxPC130056352,4,0.21365398010675454,0.21783999248628394,0.019215995794679273,True
MHxPC130101567,4,0.21365398010675454,0.21783999248628394,0.019215995794679273,True
MHxPC130304161,4,0.21365398010675454,0.21783999248628394,0.019215995794679273,True
MHxPC130492104,4,0.21365398010675454,0.21783999248628394,0.019215995794679273,True
MHxPC130009812,4,0.21365398010675454,0.21783999248628394,0.019215995794679273,True
MHxPC130099597,4,0.21365398010675454,0.21783999248628394,0.019215995794679273,True
MHxPC130568794,1,0.33529615320935735,0.34186782145553046,0.019222833603331522,True
MHxPC130092474,4,0.2103609390220188,0.21448424374928018,0.01922427799443064,True
MHxPC130364649,2,0.5561423791355563,0.5670450548133087,0.019227177073860437,True
MHxPC130291010,1,0.5348979368031395,0.5453906140930858,0.01923882996665475,True
MHxPC130184670,0,0.22300212731276528,0.22737846327627786,0.01924692383110658,True
MHxPC130247120,4,0.4568025770759397,0.4657724306239896,0.019258017345580348,True
MHxPC130320469,4,0.4187331134644837,0.426957980093844,0.019263878444320173,True
MHxPC130194400,4,0.3303629546939311,0.3368523095969688,0.01926468876167711,True
MHxPC130388148,4,0.3303629546939311,0.3368523095969688,0.01926468876167711,True
MHxPC130374555,4,0.3303629546939311,0.3368523095969688,0.01926468876167711,True
MHxPC130513509,4,0.3303629546939311,0.3368523095969688,0.01926468876167711,True
MHxPC130365733,4,0.3303629546939311,0.3368523095969688,0.01926468876167711,True
MHxPC130282230,4,0.3303629546939311,0.3368523095969688,0.01926468876167711,True
MHxPC130208613,4,0.3303629546939311,0.3368523095969688,0.01926468876167711,True
MHxPC130456189,4,0.3303629546939311,0.3368523095969688,0.01926468876167711,True
MHxPC130551698,4,0.3303629546939311,0.3368523095969688,0.01926468876167711,True
MHxPC130210007,4,0.3303629546939311,0.3368523095969688,0.01926468876167711,True
MHxPC130523306,4,0.3303629546939311,0.3368523095969688,0.01926468876167711,True
MHxPC130099155,4,0.3303629546939311,0.3368523095969688,0.01926468876167711,True
MHxPC130308750,4,0.3303629546939311,0.3368523095969688,0.01926468876167711,True
MHxPC130233316,4,0.3303629546939311,0.3368523095969688,0.01926468876167711,True
MHxPC130099065,4,0.29127658876095286,0.2970012721704738,0.019274945752538908,True
MHxPC130215654,1,0.19824104033970422,0.20214146771613414,0.019295533076406024,True
MHxPC130013130,1,0.19824104033970422,0.20214146771613414,0.019295533076406024,True
MHxPC130143701,0,0.30723812673187284,0.31329112588406277,0.019320684986238384,True
MHxPC130058447,0,0.30723812673187284,0.31329112588406277,0.019320684986238384,True
MHxPC130579015,0,0.2072177440010796,0.21130918802836113,0.019362357432050704,True
MHxPC130044868,4,0.30540848605399645,0.31143878904488664,0.01936272295876755,True
MHxPC130213615,4,0.23608526738542265,0.24074820766986296,0.01936853582243312,True
MHxPC130078261,0,0.22655162098681705,0.23102641299583074,0.019369179268235615,True
MHxPC130178490,4,0.2534930270328886,0.2585007381485146,0.01937213468515875,True
MHxPC130098112,4,0.2534930270328886,0.2585007381485146,0.01937213468515875,True
MHxPC130465488,4,0.2534930270328886,0.2585007381485146,0.01937213468515875,True
MHxPC130398186,4,0.2534930270328886,0.2585007381485146,0.01937213468515875,True
MHxPC130180217,4,0.2534930270328886,0.2585007381485146,0.01937213468515875,True
MHxPC130489635,4,0.2534930270328886,0.2585007381485146,0.01937213468515875,True
MHxPC130476509,2,0.2324661416389658,0.2370589677980217,0.019374192850485486,True
MHxPC130188486,4,0.26556381499159515,0.2708127505733573,0.019382158227961004,True
MHxPC130079042,1,0.3481583143501848,0.35504070106969277,0.019384782360929914,True
MHxPC130208737,0,0.20537142991635207,0.20943290656212343,0.019392733990284464,True
MHxPC130167918,0,0.2753651120325301,0.28081157073970653,0.019395421252868947,True
MHxPC130377963,0,0.2385333643171917,0.2432522718101002,0.01939923297650607,True
MHxPC130035674,2,0.348814842205445,0.35572372449547507,0.019422045296048126,True
MHxPC130034385,2,0.348814842205445,0.35572372449547507,0.019422045296048126,True
MHxPC130120394,2,0.348814842205445,0.35572372449547507,0.019422045296048126,True
MHxPC130226274,2,0.348814842205445,0.35572372449547507,0.019422045296048126,True
MHxPC130343417,2,0.348814842205445,0.35572372449547507,0.019422045296048126,True
MHxPC130029508,2,0.348814842205445,0.35572372449547507,0.019422045296048126,True
MHxPC130306480,2,0.348814842205445,0.35572372449547507,0.019422045296048126,True
MHxPC130281947,2,0.348814842205445,0.35572372449547507,0.019422045296048126,True
MHxPC130449721,2,0.348814842205445,0.35572372449547507,0.019422045296048126,True
MHxPC130107427,2,0.348814842205445,0.35572372449547507,0.019422045296048126,True
MHxPC130168850,2,0.348814842205445,0.35572372449547507,0.019422045296048126,True
MHxPC130349783,2,0.348814842205445,0.35572372449547507,0.019422045296048126,True
MHxPC130102937,2,0.348814842205445,0.35572372449547507,0.019422045296048126,True
MHxPC130500157,2,0.348814842205445,0.35572372449547507,0.019422045296048126,True
MHxPC130287511,2,0.348814842205445,0.35572372449547507,0.019422045296048126,True
MHxPC130302094,2,0.348814842205445,0.35572372449547507,0.019422045296048126,True
MHxPC130567681,2,0.348814842205445,0.35572372449547507,0.019422045296048126,True
MHxPC130136566,2,0.348814842205445,0.35572372449547507,0.019422045296048126,True
MHxPC130381852,2,0.348814842205445,0.35572372449547507,0.019422045296048126,True
MHxPC130297146,2,0.348814842205445,0.35572372449547507,0.019422045296048126,True
MHxPC130429855,2,0.348814842205445,0.35572372449547507,0.019422045296048126,True
MHxPC130063083,2,0.348814842205445,0.35572372449547507,0.019422045296048126,True
MHxPC130138237,2,0.348814842205445,0.35572372449547507,0.019422045296048126,True
MHxPC130539245,2,0.348814842205445,0.35572372449547507,0.019422045296048126,True
MHxPC130215323,2,0.348814842205445,0.35572372449547507,0.019422045296048126,True
MHxPC130136023,1,0.23750326865217564,0.2422099249573321,0.019432136424572973,True
MHxPC130038882,4,0.29212452163477876,0.2979250944268247,0.019469903343340717,True
MHxPC130340782,1,0.234258017474679,0.23890992488641813,0.01947138618854249,True
MHxPC130069685,3,0.20446506635754255,0.20852708832184344,0.019479588944490082,True
MHxPC130173684,4,0.2902961159452131,0.2960646984382725,0.0194841955947075,True
MHxPC130351310,2,0.24436929170942087,0.24922619397677984,0.01948792857548303,True
MHxPC130280570,4,0.32629877448198935,0.33278488100124687,0.019490388204364415,True
MHxPC130375851,4,0.32629877448198935,0.33278488100124687,0.019490388204364415,True
MHxPC130372260,2,0.24316140697225355,0.24799578783970663,0.019493802332553357,True
MHxPC130396441,4,0.20630107091158703,0.21040380810470866,0.019499348562550135,True
MHxPC130532116,0,0.21633445342970692,0.2206368133420586,0.01949973736106141,True
MHxPC130502822,0,0.21633445342970692,0.2206368133420586,0.01949973736106141,True
MHxPC130470384,0,0.21633445342970692,0.2206368133420586,0.01949973736106141,True
MHxPC130568483,0,0.21633445342970692,0.2206368133420586,0.01949973736106141,True
MHxPC130058416,0,0.21633445342970692,0.2206368133420586,0.01949973736106141,True
MHxPC130089875,0,0.21633445342970692,0.2206368133420586,0.01949973736106141,True
MHxPC130417586,0,0.21633445342970692,0.2206368133420586,0.01949973736106141,True
MHxPC130002625,0,0.21633445342970692,0.2206368133420586,0.01949973736106141,True
MHxPC130135095,4,0.2864811785166508,0.29218822973688136,0.019532105127471548,True
MHxPC130037471,1,0.5221202232252246,0.5325241830926518,0.01953706554133545,True
MHxPC130500179,4,0.21728466110679756,0.2216284602087649,0.019599464337186897,True
MHxPC130326354,4,0.32339074683091706,0.3298595165300697,0.019610680835284992,True
MHxPC130507500,4,0.19807047685598542,0.2020325483758149,0.01961105550408328,True
MHxPC130250095,4,0.5177468806251773,0.5281066099479629,0.019616738604741973,True
MHxPC130360429,1,0.5314677316185056,0.5421091052076116,0.019629579150917724,True
MHxPC130387105,3,0.2059284922071692,0.21005319291831162,0.019636458050635307,True
MHxPC130120468,1,0.23146430185863576,0.2361030783772518,0.019647251321323684,True
MHxPC130021379,1,0.26641457316551165,0.27175469778429756,0.01965053286042761,True
MHxPC130257108,2,0.24492174108315626,0.2498314849631555,0.019652222299856685,True
MHxPC130026945,4,0.20893622722100075,0.2131258650055804,0.01965804471676841,True
MHxPC130218053,4,0.20893622722100075,0.2131258650055804,0.01965804471676841,True
MHxPC130083508,4,0.3992245205273047,0.40723118614323883,0.019661229022665896,True
MHxPC130200138,4,0.3992245205273047,0.40723118614323883,0.019661229022665896,True
MHxPC130142174,4,0.21025181952027056,0.21446976826260472,0.019666868559160063,True
MHxPC130361165,4,0.3016188778069634,0.3076756209638358,0.019685482840333144,True
MHxPC130079463,0,0.21614366001425686,0.22048748176627236,0.01970099035654173,True
MHxPC130365356,0,0.21614366001425686,0.22048748176627236,0.01970099035654173,True
MHxPC130552988,0,0.21614366001425686,0.22048748176627236,0.01970099035654173,True
MHxPC130143343,0,0.21614366001425686,0.22048748176627236,0.01970099035654173,True
MHxPC130094492,0,0.21614366001425686,0.22048748176627236,0.01970099035654173,True
MHxPC130320367,0,0.21614366001425686,0.22048748176627236,0.01970099035654173,True
MHxPC130529534,0,0.21614366001425686,0.22048748176627236,0.01970099035654173,True
MHxPC130564098,0,0.21614366001425686,0.22048748176627236,0.01970099035654173,True
MHxPC130350484,0,0.21614366001425686,0.22048748176627236,0.01970099035654173,True
MHxPC130090225,0,0.21614366001425686,0.22048748176627236,0.01970099035654173,True
MHxPC130467306,0,0.21614366001425686,0.22048748176627236,0.01970099035654173,True
MHxPC130221221,0,0.21614366001425686,0.22048748176627236,0.01970099035654173,True
MHxPC130272074,0,0.21614366001425686,0.22048748176627236,0.01970099035654173,True
MHxPC130438709,0,0.21614366001425686,0.22048748176627236,0.01970099035654173,True
MHxPC130211020,0,0.21614366001425686,0.22048748176627236,0.01970099035654173,True
MHxPC130187408,0,0.21614366001425686,0.22048748176627236,0.01970099035654173,True
MHxPC130071621,2,0.2187226421399391,0.22312087542283573,0.019712334287688434,True
MHxPC130174583,0,0.20305670754532676,0.20714003230599884,0.019712871120151052,True
MHxPC130436407,1,0.30680160118419386,0.31297667636753035,0.019730144926470686,True
MHxPC130356648,0,0.23912018346318187,0.24393337129933765,0.019731567724898858,True
MHxPC130278536,1,0.1934366648330472,0.19733040530276,0.019732085705386947,True
MHxPC130398924,4,0.20212697675880956,0.20619696825460881,0.019738367301180178,True
MHxPC130528915,4,0.1972488933957479,0.20122088316825898,0.019739451044898517,True
MHxPC130250534,4,0.4810844644006069,0.49079040247411226,0.019776136665625398,True
MHxPC130140447,1,0.24604634972740774,0.2510107099253424,0.01977748359586413,True
MHxPC130459992,0,0.3631516906797026,0.3704894052478411,0.01980546397333513,True
MHxPC130328796,0,0.3631516906797026,0.3704894052478411,0.01980546397333513,True
MHxPC130097463,4,0.33408096698066075,0.34083316873152963,0.01981087045019234,True
MHxPC130289815,4,0.21433897935447863,0.2186758342524536,0.019832346417246207,True
MHxPC130457072,0,0.24331577759777592,0.2482445248605539,0.01985440470659563,True
MHxPC130003984,4,0.30652266812780815,0.31273514940356784,0.01986499211108123,True
MHxPC130263380,0,0.4587313559857541,0.468031866503413,0.01987153265255514,True
MHxPC130360086,2,0.31834526229773313,0.32480044127651875,0.01987429251455357,True
MHxPC130058464,4,0.1975473921308152,0.20155580880831353,0.019887378593541123,True
MHxPC130379332,4,0.1975473921308152,0.20155580880831353,0.019887378593541123,True
MHxPC130093325,4,0.22762339797433673,0.23224451884511868,0.019897653101831555,True
MHxPC130341629,4,0.21935553452041587,0.22381316397205211,0.019916743825635196,True
MHxPC130111570,2,0.21362972609019396,0.21797560668840113,0.019937463022730178,True
MHxPC130289150,4,0.24382273770742438,0.24878423018275428,0.019942954067809035,True
MHxPC130332624,4,0.24382273770742438,0.24878423018275428,0.019942954067809035,True
MHxPC130102123,4,0.24382273770742438,0.24878423018275428,0.019942954067809035,True
MHxPC130419462,4,0.24382273770742438,0.24878423018275428,0.019942954067809035,True
MHxPC130352197,4,0.24382273770742438,0.24878423018275428,0.019942954067809035,True
MHxPC130081922,4,0.24382273770742438,0.24878423018275428,0.019942954067809035,True
MHxPC130214628,4,0.28570103941389413,0.2915149733217061,0.019943860315524593,True
MHxPC130473311,4,0.28570103941389413,0.2915149733217061,0.019943860315524593,True
MHxPC130151472,1,0.2445001774525099,0.24947703181351866,0.019949148524137074,True
MHxPC130026550,4,0.403123296961644,0.41132911578501186,0.019949520975939765,True
MHxPC130280053,1,0.30707132658457553,0.31332798161835107,0.01996838903904999,True
MHxPC130176158,4,0.34994470897438745,0.357080522489423,0.01998376574921397,True
MHxPC130401110,4,0.34994470897438745,0.357080522489423,0.01998376574921397,True
MHxPC130438190,3,0.3209578408405285,0.32750673519761214,0.019996212759203786,True
MHxPC130038457,1,0.2088436756652902,0.2131062486387843,0.020002102241118157,True
MHxPC130000506,4,0.20658912784571282,0.21080993032262643,0.020021838963914275,True
MHxPC130189036,1,0.19294050148277953,0.19688272295310597,0.020023196607583536,True
MHxPC130316827,4,0.23972727342062486,0.24462687973445663,0.020028895921618703,True
MHxPC130338955,4,0.24429544676691464,0.24929199008524286,0.020042935661990984,True
MHxPC130017910,0,0.30021017264153194,0.30636031596118296,0.02007486935883129,True
MHxPC130095960,0,0.30021017264153194,0.30636031596118296,0.02007486935883129,True
MHxPC130182003,0,0.22396002943835772,0.22855003129181345,0.020083138153655308,True
MHxPC130527298,1,0.2786449925345813,0.2843564675787696,0.02008561680632831,True
MHxPC130361389,0,0.23285069303485917,0.23762416727762956,0.02008833654193629,True
MHxPC130537329,1,0.21222550722420333,0.21657994585801413,0.020105456285714876,True
MHxPC130240979,2,0.2359552473943965,0.24079683059532195,0.020106507170196585,True
MHxPC130289149,1,0.3162413117833161,0.32273909949003754,0.020133252267818307,True
MHxPC130474761,0,0.22483582931862903,0.22945750418064037,0.020141746414067727,True
MHxPC130089487,1,0.28061214541134183,0.2863836394248714,0.020153015811657855,True
MHxPC130011463,4,0.32747801858693826,0.3342173227025758,0.020164436903334745,True
MHxPC130253397,4,0.3529680852110652,0.36023950614059685,0.02018496251961245,True
MHxPC130345686,0,0.4385181826758808,0.44755571098278035,0.02019308006829857,True
MHxPC130595957,4,0.20034918024749385,0.20447933934699786,0.020198417662604058,True
MHxPC130402746,1,0.19808509058130644,0.20216912525804784,0.02020108001915997,True
MHxPC130582818,0,0.21833820256072708,0.22284063793400521,0.020204732022942498,True
MHxPC130101996,0,0.4001888870355385,0.40844204246932486,0.020206429739431604,True
MHxPC130228829,2,0.22474183197657427,0.2293811035190499,0.020225168818626477,True
MHxPC130561710,0,0.2486150947450932,0.2537521379667365,0.020244334738636644,True
MHxPC130485216,3,0.20697951693173647,0.21125671405686186,0.020246443499893414,True
MHxPC130418236,3,0.40095511384607,0.40924336931966687,0.020252632284245405,True
MHxPC130362059,3,0.40095511384607,0.40924336931966687,0.020252632284245405,True
MHxPC130216502,3,0.40095511384607,0.40924336931966687,0.020252632284245405,True
MHxPC130047559,4,0.2878861403124054,0.29384038822074754,0.020263544927898135,True
MHxPC130287847,4,0.4089199657734416,0.4173783341575265,0.020265470657833847,True
MHxPC130595820,4,0.4089199657734416,0.4173783341575265,0.020265470657833847,True
MHxPC130524778,4,0.27455139962954783,0.28023117847241635,0.020268190262874665,True
MHxPC130137406,1,0.35624265943193223,0.36361769877337174,0.020282399251517404,True
MHxPC130039151,4,0.31571646184358676,0.3222526987497003,0.020282954747852595,True
MHxPC130231190,1,0.4208125435208603,0.4295247506975616,0.020283364724739135,True
MHxPC130225859,1,0.4208125435208603,0.4295247506975616,0.020283364724739135,True
MHxPC130173946,0,0.21463812853012296,0.21908265175612385,0.020286970193095884,True
MHxPC130241709,4,0.3033786549106939,0.3096611073280365,0.020288154594394522,True
MHxPC130498028,1,0.20170450800596787,0.2058817760872925,0.020289644672355518,True
MHxPC130117594,2,0.6037542840792275,0.6162581125198895,0.020289921035738814,True
MHxPC130542370,1,0.20615475492000393,0.2104258070148342,0.020297187666383464,True
MHxPC130516223,4,0.28792553485255923,0.2938947334676835,0.020310668873488553,True
MHxPC130547951,3,0.22626297962032738,0.23095447027772956,0.02031348712047238,True
MHxPC130084176,3,0.28551082200383987,0.29143288596498573,0.02032050686914369,True
MHxPC130407530,3,0.27096257999802065,0.2765840176054998,0.020324520759175454,True
MHxPC130260600,0,0.2080376866576416,0.2123569718894811,0.02033973828788359,True
MHxPC130532224,1,0.24497769231850194,0.25006476929467225,0.020343037487922894,True
MHxPC130142069,3,0.2522565242424339,0.25749527478825507,0.020345035652126583,True
MHxPC130385557,4,0.2797234263104654,0.2855328017137286,0.020345737401784084,True
MHxPC130224226,0,0.27674748582935893,0.2824969262773896,0.020352223026969037,True
MHxPC130132162,4,0.36231950371822047,0.36984796432515765,0.02035555507429647,True
MHxPC130019329,4,0.23332067443835927,0.2381701816417431,0.020361521202845182,True
MHxPC130363413,4,0.23332067443835927,0.2381701816417431,0.020361521202845182,True
MHxPC130447020,3,0.20592744205612937,0.21020954239685793,0.02037062776457751,True
MHxPC130521073,1,0.2736532887215327,0.2793445090638672,0.020373482054137294,True
MHxPC130591483,1,0.20780178744881483,0.21212476369976463,0.02037940396750854,True
MHxPC130466346,4,0.27726626640498625,0.2830425695763459,0.020407895462528906,True
MHxPC130272452,2,0.2517648735788949,0.2570106554485964,0.020410756357729005,True
MHxPC130417967,2,0.21979987135416168,0.224380948881502,0.02041651731208091,True
MHxPC130230400,4,0.343186065387486,0.3503388077902266,0.020416643100022985,True
MHxPC130056889,4,0.22121845901896486,0.22583474963643158,0.020441011070698456,True
MHxPC130376976,4,0.5363685215744161,0.547576822539047,0.020468910485764286,True
MHxPC130136302,4,0.5788513753918445,0.5909476879756963,0.02046934581517354,True
MHxPC130166925,1,0.31320829437259956,0.31975772639842065,0.02048248247068296,True
MHxPC130507300,0,0.2749814290034785,0.28073417521402855,0.02049179158954988,True
MHxPC130260092,0,0.2749814290034785,0.28073417521402855,0.02049179158954988,True
MHxPC130003111,0,0.2749814290034785,0.28073417521402855,0.02049179158954988,True
MHxPC130406821,0,0.2749814290034785,0.28073417521402855,0.02049179158954988,True
MHxPC130489216,0,0.2749814290034785,0.28073417521402855,0.02049179158954988,True
MHxPC130292612,0,0.2749814290034785,0.28073417521402855,0.02049179158954988,True
MHxPC130028461,0,0.2749814290034785,0.28073417521402855,0.02049179158954988,True
MHxPC130478003,4,0.30634806538342313,0.312761212333698,0.020504930590409785,True
MHxPC130307148,4,0.30634806538342313,0.312761212333698,0.020504930590409785,True
MHxPC130492143,1,0.21213420046960532,0.21657615985817122,0.020509918503840836,True
MHxPC130257199,1,0.19289586379712176,0.19693601690416246,0.020515054435201727,True
MHxPC130419852,1,0.19289586379712176,0.19693601690416246,0.020515054435201727,True
MHxPC130381318,1,0.19289586379712176,0.19693601690416246,0.020515054435201727,True
MHxPC130208327,4,0.29255254711157347,0.29868207807678243,0.02052192419671474,True
MHxPC130247434,2,0.2671436295048495,0.2727432214071022,0.02053063637425718,True
MHxPC130112595,0,0.3089251341783176,0.31540254387303857,0.02053696084749524,True
MHxPC130197128,1,0.2906999956142285,0.2967966780959439,0.02054161293457795,True
MHxPC130377218,0,0.34239580307865675,0.34958070683820747,0.02055291845060554,True
MHxPC130102803,1,0.3808987770775825,0.3888916484168545,0.02055295188726801,True
MHxPC130477648,0,0.2589663770689217,0.26440313445503033,0.020562378722606585,True
MHxPC130140639,0,0.2589663770689217,0.26440313445503033,0.020562378722606585,True
MHxPC130113661,0,0.2589663770689217,0.26440313445503033,0.020562378722606585,True
MHxPC130405431,0,0.2589663770689217,0.26440313445503033,0.020562378722606585,True
MHxPC130053134,2,0.2224289214244106,0.22709941460204844,0.02056585300240452,True
MHxPC130342142,3,0.3841199127641083,0.3921958731270581,0.020591650540732472,True
MHxPC130291150,2,0.2045402391602261,0.20884205684778084,0.020598426162265888,True
MHxPC130235421,4,0.2597892644837695,0.2652581480743621,0.020617212441140436,True
MHxPC130328133,4,0.34419035722216346,0.35143641017034866,0.02061838995189168,True
MHxPC130178500,4,0.25453153287437413,0.25989131670243504,0.020623173933116197,True
MHxPC130285830,4,0.25453153287437413,0.25989131670243504,0.020623173933116197,True
MHxPC130269458,4,0.25453153287437413,0.25989131670243504,0.020623173933116197,True
MHxPC130361733,4,0.25453153287437413,0.25989131670243504,0.020623173933116197,True
MHxPC130262270,4,0.25453153287437413,0.25989131670243504,0.020623173933116197,True
MHxPC130364068,4,0.25453153287437413,0.25989131670243504,0.020623173933116197,True
MHxPC130006114,4,0.25453153287437413,0.25989131670243504,0.020623173933116197,True
MHxPC130233172,4,0.25453153287437413,0.25989131670243504,0.020623173933116197,True
MHxPC130545677,4,0.25453153287437413,0.25989131670243504,0.020623173933116197,True
MHxPC130377798,4,0.25453153287437413,0.25989131670243504,0.020623173933116197,True
MHxPC130287913,4,0.25453153287437413,0.25989131670243504,0.020623173933116197,True
MHxPC130382395,4,0.25453153287437413,0.25989131670243504,0.020623173933116197,True
MHxPC130360728,4,0.25453153287437413,0.25989131670243504,0.020623173933116197,True
MHxPC130412033,4,0.25453153287437413,0.25989131670243504,0.020623173933116197,True
MHxPC130048114,4,0.25453153287437413,0.25989131670243504,0.020623173933116197,True
MHxPC130026269,4,0.26315325676758405,0.2686974231275933,0.020633492854066435,True
MHxPC130467504,4,0.26315325676758405,0.2686974231275933,0.020633492854066435,True
MHxPC130277776,3,0.20880712518042244,0.21320774770885315,0.020640068551542507,True
MHxPC130220412,4,0.19952270830779645,0.2037293422167534,0.02064814946725443,True
MHxPC130265336,4,0.19952270830779645,0.2037293422167534,0.02064814946725443,True
MHxPC130241826,1,0.2249084489903896,0.22965043529631346,0.020648714642344922,True
MHxPC130554713,4,0.21492177741324048,0.21945571776461573,0.02065993266230717,True
MHxPC130351137,4,0.34003807409083103,0.3472121252064187,0.020661868047732117,True
MHxPC130215248,2,0.2214133097747312,0.22608580365972994,0.020666905260584473,True
MHxPC130561981,1,0.2460621837698607,0.2512549257421059,0.020667224560505362,True
MHxPC130335550,1,0.294382833339528,0.30059741775974386,0.0206741111301991,True
MHxPC130004381,0,0.22192762824162005,0.22661394333603793,0.02067972969990074,True
MHxPC130312271,1,0.24903867134058585,0.25429783535112555,0.020681119850186776,True
MHxPC130586642,1,0.2914149433938305,0.29756902955149384,0.02068120518771385,True
MHxPC130159060,2,0.24406356485660027,0.24921812655485762,0.020682932535899336,True
MHxPC130009968,4,0.2808957482871234,0.2868287591373115,0.020684853457626384,True
MHxPC130205284,4,0.2808957482871234,0.2868287591373115,0.020684853457626384,True
MHxPC130317310,4,0.2808957482871234,0.2868287591373115,0.020684853457626384,True
MHxPC130119517,2,0.2856525027617695,0.291689398215379,0.020696314266286493,True
MHxPC130324892,4,0.20111121364698314,0.20536484686221407,0.02071256731725281,True
MHxPC130162619,3,0.24215441352255504,0.24728019457825715,0.020728635645261683,True
MHxPC130540234,3,0.24215441352255504,0.24728019457825715,0.020728635645261683,True
MHxPC130473051,3,0.24215441352255504,0.24728019457825715,0.020728635645261683,True
MHxPC130260723,3,0.24215441352255504,0.24728019457825715,0.020728635645261683,True
MHxPC130010535,3,0.24215441352255504,0.24728019457825715,0.020728635645261683,True
MHxPC130165332,3,0.24215441352255504,0.24728019457825715,0.020728635645261683,True
MHxPC130438108,3,0.24215441352255504,0.24728019457825715,0.020728635645261683,True
MHxPC130580889,3,0.24215441352255504,0.24728019457825715,0.020728635645261683,True
MHxPC130075491,3,0.24215441352255504,0.24728019457825715,0.020728635645261683,True
MHxPC130580305,3,0.24215441352255504,0.24728019457825715,0.020728635645261683,True
MHxPC130165689,3,0.24215441352255504,0.24728019457825715,0.020728635645261683,True
MHxPC130580192,3,0.24215441352255504,0.24728019457825715,0.020728635645261683,True
MHxPC130334347,3,0.24215441352255504,0.24728019457825715,0.020728635645261683,True
MHxPC130439382,3,0.24215441352255504,0.24728019457825715,0.020728635645261683,True
MHxPC130356934,3,0.24215441352255504,0.24728019457825715,0.020728635645261683,True
MHxPC130162821,3,0.24215441352255504,0.24728019457825715,0.020728635645261683,True
MHxPC130010465,3,0.24215441352255504,0.24728019457825715,0.020728635645261683,True
MHxPC130512674,3,0.24215441352255504,0.24728019457825715,0.020728635645261683,True
MHxPC130261414,3,0.24215441352255504,0.24728019457825715,0.020728635645261683,True
MHxPC130270378,3,0.24215441352255504,0.24728019457825715,0.020728635645261683,True
MHxPC130068240,3,0.24215441352255504,0.24728019457825715,0.020728635645261683,True
MHxPC130340143,3,0.24215441352255504,0.24728019457825715,0.020728635645261683,True
MHxPC130270086,3,0.24215441352255504,0.24728019457825715,0.020728635645261683,True
MHxPC130346742,3,0.24215441352255504,0.24728019457825715,0.020728635645261683,True
MHxPC130137277,3,0.24215441352255504,0.24728019457825715,0.020728635645261683,True
MHxPC130584008,3,0.24215441352255504,0.24728019457825715,0.020728635645261683,True
MHxPC130147627,3,0.24215441352255504,0.24728019457825715,0.020728635645261683,True
MHxPC130346837,3,0.24215441352255504,0.24728019457825715,0.020728635645261683,True
MHxPC130016676,3,0.24215441352255504,0.24728019457825715,0.020728635645261683,True
MHxPC130463866,3,0.24215441352255504,0.24728019457825715,0.020728635645261683,True
MHxPC130586727,3,0.24215441352255504,0.24728019457825715,0.020728635645261683,True
MHxPC130347600,3,0.24215441352255504,0.24728019457825715,0.020728635645261683,True
MHxPC130269425,3,0.24215441352255504,0.24728019457825715,0.020728635645261683,True
MHxPC130463375,3,0.24215441352255504,0.24728019457825715,0.020728635645261683,True
MHxPC130340046,3,0.24215441352255504,0.24728019457825715,0.020728635645261683,True
MHxPC130148857,3,0.24215441352255504,0.24728019457825715,0.020728635645261683,True
MHxPC130452736,3,0.24215441352255504,0.24728019457825715,0.020728635645261683,True
MHxPC130136170,3,0.24215441352255504,0.24728019457825715,0.020728635645261683,True
MHxPC130268422,3,0.24215441352255504,0.24728019457825715,0.020728635645261683,True
MHxPC130534272,3,0.24215441352255504,0.24728019457825715,0.020728635645261683,True
MHxPC130534496,3,0.24215441352255504,0.24728019457825715,0.020728635645261683,True
MHxPC130348733,3,0.24215441352255504,0.24728019457825715,0.020728635645261683,True
MHxPC130066246,3,0.24215441352255504,0.24728019457825715,0.020728635645261683,True
MHxPC130465280,3,0.24215441352255504,0.24728019457825715,0.020728635645261683,True
MHxPC130451644,3,0.24215441352255504,0.24728019457825715,0.020728635645261683,True
MHxPC130267610,3,0.24215441352255504,0.24728019457825715,0.020728635645261683,True
MHxPC130451442,3,0.24215441352255504,0.24728019457825715,0.020728635645261683,True
MHxPC130529892,3,0.24215441352255504,0.24728019457825715,0.020728635645261683,True
MHxPC130066099,3,0.24215441352255504,0.24728019457825715,0.020728635645261683,True
MHxPC130016728,3,0.24215441352255504,0.24728019457825715,0.020728635645261683,True
MHxPC130017464,3,0.24215441352255504,0.24728019457825715,0.020728635645261683,True
MHxPC130146707,3,0.24215441352255504,0.24728019457825715,0.020728635645261683,True
MHxPC130463237,3,0.24215441352255504,0.24728019457825715,0.020728635645261683,True
MHxPC130459932,3,0.24215441352255504,0.24728019457825715,0.020728635645261683,True
MHxPC130342409,3,0.24215441352255504,0.24728019457825715,0.020728635645261683,True
MHxPC130585648,3,0.24215441352255504,0.24728019457825715,0.020728635645261683,True
MHxPC130015254,3,0.24215441352255504,0.24728019457825715,0.020728635645261683,True
MHxPC130272610,3,0.24215441352255504,0.24728019457825715,0.020728635645261683,True
MHxPC130343677,3,0.24215441352255504,0.24728019457825715,0.020728635645261683,True
MHxPC130531124,3,0.24215441352255504,0.24728019457825715,0.020728635645261683,True
MHxPC130584467,3,0.24215441352255504,0.24728019457825715,0.020728635645261683,True
MHxPC130458264,3,0.24215441352255504,0.24728019457825715,0.020728635645261683,True
MHxPC130458162,3,0.24215441352255504,0.24728019457825715,0.020728635645261683,True
MHxPC130140010,3,0.24215441352255504,0.24728019457825715,0.020728635645261683,True
MHxPC130142661,3,0.24215441352255504,0.24728019457825715,0.020728635645261683,True
MHxPC130344118,3,0.24215441352255504,0.24728019457825715,0.020728635645261683,True
MHxPC130272170,3,0.24215441352255504,0.24728019457825715,0.020728635645261683,True
MHxPC130270461,3,0.24215441352255504,0.24728019457825715,0.020728635645261683,True
MHxPC130069433,3,0.24215441352255504,0.24728019457825715,0.020728635645261683,True
MHxPC130143042,3,0.24215441352255504,0.24728019457825715,0.020728635645261683,True
MHxPC130071039,3,0.24215441352255504,0.24728019457825715,0.020728635645261683,True
MHxPC130530872,3,0.24215441352255504,0.24728019457825715,0.020728635645261683,True
MHxPC130344760,3,0.24215441352255504,0.24728019457825715,0.020728635645261683,True
MHxPC130275546,3,0.24215441352255504,0.24728019457825715,0.020728635645261683,True
MHxPC130143758,3,0.24215441352255504,0.24728019457825715,0.020728635645261683,True
MHxPC130586182,3,0.24215441352255504,0.24728019457825715,0.020728635645261683,True
MHxPC130462109,3,0.24215441352255504,0.24728019457825715,0.020728635645261683,True
MHxPC130138788,3,0.24215441352255504,0.24728019457825715,0.020728635645261683,True
MHxPC130462267,3,0.24215441352255504,0.24728019457825715,0.020728635645261683,True
MHxPC130456206,3,0.24215441352255504,0.24728019457825715,0.020728635645261683,True
MHxPC130530665,3,0.24215441352255504,0.24728019457825715,0.020728635645261683,True
MHxPC130145582,3,0.24215441352255504,0.24728019457825715,0.020728635645261683,True
MHxPC130276422,3,0.24215441352255504,0.24728019457825715,0.020728635645261683,True
MHxPC130139693,3,0.24215441352255504,0.24728019457825715,0.020728635645261683,True
MHxPC130128469,3,0.24215441352255504,0.24728019457825715,0.020728635645261683,True
MHxPC130151549,3,0.24215441352255504,0.24728019457825715,0.020728635645261683,True
MHxPC130065617,3,0.24215441352255504,0.24728019457825715,0.020728635645261683,True
MHxPC130444860,3,0.24215441352255504,0.24728019457825715,0.020728635645261683,True
MHxPC130528288,3,0.24215441352255504,0.24728019457825715,0.020728635645261683,True
MHxPC130352163,3,0.24215441352255504,0.24728019457825715,0.020728635645261683,True
MHxPC130263788,3,0.24215441352255504,0.24728019457825715,0.020728635645261683,True
MHxPC130281010,3,0.24215441352255504,0.24728019457825715,0.020728635645261683,True
MHxPC130538044,3,0.24215441352255504,0.24728019457825715,0.020728635645261683,True
MHxPC130538086,3,0.24215441352255504,0.24728019457825715,0.020728635645261683,True
MHxPC130074052,3,0.24215441352255504,0.24728019457825715,0.020728635645261683,True
MHxPC130019056,3,0.24215441352255504,0.24728019457825715,0.020728635645261683,True
MHxPC130130024,3,0.24215441352255504,0.24728019457825715,0.020728635645261683,True
MHxPC130588489,3,0.24215441352255504,0.24728019457825715,0.020728635645261683,True
MHxPC130019169,3,0.24215441352255504,0.24728019457825715,0.020728635645261683,True
MHxPC130581767,3,0.24215441352255504,0.24728019457825715,0.020728635645261683,True
MHxPC130129900,3,0.24215441352255504,0.24728019457825715,0.020728635645261683,True
MHxPC130445184,3,0.24215441352255504,0.24728019457825715,0.020728635645261683,True
MHxPC130527254,3,0.24215441352255504,0.24728019457825715,0.020728635645261683,True
MHxPC130159464,3,0.24215441352255504,0.24728019457825715,0.020728635645261683,True
MHxPC130442425,3,0.24215441352255504,0.24728019457825715,0.020728635645261683,True
MHxPC130472110,3,0.24215441352255504,0.24728019457825715,0.020728635645261683,True
MHxPC130061892,3,0.24215441352255504,0.24728019457825715,0.020728635645261683,True
MHxPC130160263,3,0.24215441352255504,0.24728019457825715,0.020728635645261683,True
MHxPC130160691,3,0.24215441352255504,0.24728019457825715,0.020728635645261683,True
MHxPC130282464,3,0.24215441352255504,0.24728019457825715,0.020728635645261683,True
MHxPC130074965,3,0.24215441352255504,0.24728019457825715,0.020728635645261683,True
MHxPC130261754,3,0.24215441352255504,0.24728019457825715,0.020728635645261683,True
MHxPC130075021,3,0.24215441352255504,0.24728019457825715,0.020728635645261683,True
MHxPC130261579,3,0.24215441352255504,0.24728019457825715,0.020728635645261683,True
MHxPC130060758,3,0.24215441352255504,0.24728019457825715,0.020728635645261683,True
MHxPC130354409,3,0.24215441352255504,0.24728019457825715,0.020728635645261683,True
MHxPC130354608,3,0.24215441352255504,0.24728019457825715,0.020728635645261683,True
MHxPC130019421,3,0.24215441352255504,0.24728019457825715,0.020728635645261683,True
MHxPC130266985,3,0.24215441352255504,0.24728019457825715,0.020728635645261683,True
MHxPC130445895,3,0.24215441352255504,0.24728019457825715,0.020728635645261683,True
MHxPC130156821,3,0.24215441352255504,0.24728019457825715,0.020728635645261683,True
MHxPC130466441,3,0.24215441352255504,0.24728019457825715,0.020728635645261683,True
MHxPC130072435,3,0.24215441352255504,0.24728019457825715,0.020728635645261683,True
MHxPC130338957,3,0.24215441352255504,0.24728019457825715,0.020728635645261683,True
MHxPC130152907,3,0.24215441352255504,0.24728019457825715,0.020728635645261683,True
MHxPC130153193,3,0.24215441352255504,0.24728019457825715,0.020728635645261683,True
MHxPC130583039,3,0.24215441352255504,0.24728019457825715,0.020728635645261683,True
MHxPC130266601,3,0.24215441352255504,0.24728019457825715,0.020728635645261683,True
MHxPC130541411,3,0.24215441352255504,0.24728019457825715,0.020728635645261683,True
MHxPC130065024,3,0.24215441352255504,0.24728019457825715,0.020728635645261683,True
MHxPC130338200,3,0.24215441352255504,0.24728019457825715,0.020728635645261683,True
MHxPC130064981,3,0.24215441352255504,0.24728019457825715,0.020728635645261683,True
MHxPC130154613,3,0.24215441352255504,0.24728019457825715,0.020728635645261683,True
MHxPC130265562,3,0.24215441352255504,0.24728019457825715,0.020728635645261683,True
MHxPC130447854,3,0.24215441352255504,0.24728019457825715,0.020728635645261683,True
MHxPC130470059,3,0.24215441352255504,0.24728019457825715,0.020728635645261683,True
MHxPC130582489,3,0.24215441352255504,0.24728019457825715,0.020728635645261683,True
MHxPC130468118,3,0.24215441352255504,0.24728019457825715,0.020728635645261683,True
MHxPC130350966,3,0.24215441352255504,0.24728019457825715,0.020728635645261683,True
MHxPC130446874,3,0.24215441352255504,0.24728019457825715,0.020728635645261683,True
MHxPC130351143,3,0.24215441352255504,0.24728019457825715,0.020728635645261683,True
MHxPC130337383,3,0.24215441352255504,0.24728019457825715,0.020728635645261683,True
MHxPC130156185,3,0.24215441352255504,0.24728019457825715,0.020728635645261683,True
MHxPC130337345,3,0.24215441352255504,0.24728019457825715,0.020728635645261683,True
MHxPC130156258,3,0.24215441352255504,0.24728019457825715,0.020728635645261683,True
MHxPC130156360,3,0.24215441352255504,0.24728019457825715,0.020728635645261683,True
MHxPC130018309,3,0.24215441352255504,0.24728019457825715,0.020728635645261683,True
MHxPC130536773,3,0.24215441352255504,0.24728019457825715,0.020728635645261683,True
MHxPC130132115,3,0.24215441352255504,0.24728019457825715,0.020728635645261683,True
MHxPC130351487,3,0.24215441352255504,0.24728019457825715,0.020728635645261683,True
MHxPC130446017,3,0.24215441352255504,0.24728019457825715,0.020728635645261683,True
MHxPC130447704,3,0.24215441352255504,0.24728019457825715,0.020728635645261683,True
MHxPC130133921,3,0.24215441352255504,0.24728019457825715,0.020728635645261683,True
MHxPC130292134,3,0.24215441352255504,0.24728019457825715,0.020728635645261683,True
MHxPC130437616,3,0.24215441352255504,0.24728019457825715,0.020728635645261683,True
MHxPC130044340,3,0.24215441352255504,0.24728019457825715,0.020728635645261683,True
MHxPC130500209,3,0.24215441352255504,0.24728019457825715,0.020728635645261683,True
MHxPC130301977,3,0.24215441352255504,0.24728019457825715,0.020728635645261683,True
MHxPC130403774,3,0.24215441352255504,0.24728019457825715,0.020728635645261683,True
MHxPC130301945,3,0.24215441352255504,0.24728019457825715,0.020728635645261683,True
MHxPC130403869,3,0.24215441352255504,0.24728019457825715,0.020728635645261683,True
MHxPC130102950,3,0.24215441352255504,0.24728019457825715,0.020728635645261683,True
MHxPC130086642,3,0.24215441352255504,0.24728019457825715,0.020728635645261683,True
MHxPC130378235,3,0.24215441352255504,0.24728019457825715,0.020728635645261683,True
MHxPC130403637,3,0.24215441352255504,0.24728019457825715,0.020728635645261683,True
MHxPC130499835,3,0.24215441352255504,0.24728019457825715,0.020728635645261683,True
MHxPC130203097,3,0.24215441352255504,0.24728019457825715,0.020728635645261683,True
MHxPC130301206,3,0.24215441352255504,0.24728019457825715,0.020728635645261683,True
MHxPC130405102,3,0.24215441352255504,0.24728019457825715,0.020728635645261683,True
MHxPC130568871,3,0.24215441352255504,0.24728019457825715,0.020728635645261683,True
MHxPC130202069,3,0.24215441352255504,0.24728019457825715,0.020728635645261683,True
MHxPC130554013,3,0.24215441352255504,0.24728019457825715,0.020728635645261683,True
MHxPC130045461,3,0.24215441352255504,0.24728019457825715,0.020728635645261683,True
MHxPC130406754,3,0.24215441352255504,0.24728019457825715,0.020728635645261683,True
MHxPC130318412,3,0.24215441352255504,0.24728019457825715,0.020728635645261683,True
MHxPC130236108,3,0.24215441352255504,0.24728019457825715,0.020728635645261683,True
MHxPC130235542,3,0.24215441352255504,0.24728019457825715,0.020728635645261683,True
MHxPC130031110,3,0.24215441352255504,0.24728019457825715,0.020728635645261683,True
MHxPC130205280,3,0.24215441352255504,0.24728019457825715,0.020728635645261683,True
MHxPC130042675,3,0.24215441352255504,0.24728019457825715,0.020728635645261683,True
MHxPC130381162,3,0.24215441352255504,0.24728019457825715,0.020728635645261683,True
MHxPC130502470,3,0.24215441352255504,0.24728019457825715,0.020728635645261683,True
MHxPC130100728,3,0.24215441352255504,0.24728019457825715,0.020728635645261683,True
MHxPC130400659,3,0.24215441352255504,0.24728019457825715,0.020728635645261683,True
MHxPC130502274,3,0.24215441352255504,0.24728019457825715,0.020728635645261683,True
MHxPC130502259,3,0.24215441352255504,0.24728019457825715,0.020728635645261683,True
MHxPC130401304,3,0.24215441352255504,0.24728019457825715,0.020728635645261683,True
MHxPC130556231,3,0.24215441352255504,0.24728019457825715,0.020728635645261683,True
MHxPC130566967,3,0.24215441352255504,0.24728019457825715,0.020728635645261683,True
MHxPC130401599,3,0.24215441352255504,0.24728019457825715,0.020728635645261683,True
MHxPC130380849,3,0.24215441352255504,0.24728019457825715,0.020728635645261683,True
MHxPC130501965,3,0.24215441352255504,0.24728019457825715,0.020728635645261683,True
MHxPC130206685,3,0.24215441352255504,0.24728019457825715,0.020728635645261683,True
MHxPC130031710,3,0.24215441352255504,0.24728019457825715,0.020728635645261683,True
MHxPC130101392,3,0.24215441352255504,0.24728019457825715,0.020728635645261683,True
MHxPC130555683,3,0.24215441352255504,0.24728019457825715,0.020728635645261683,True
MHxPC130380191,3,0.24215441352255504,0.24728019457825715,0.020728635645261683,True
MHxPC130555543,3,0.24215441352255504,0.24728019457825715,0.020728635645261683,True
MHxPC130555247,3,0.24215441352255504,0.24728019457825715,0.020728635645261683,True
MHxPC130031297,3,0.24215441352255504,0.24728019457825715,0.020728635645261683,True
MHxPC130569539,3,0.24215441352255504,0.24728019457825715,0.020728635645261683,True
MHxPC130400143,3,0.24215441352255504,0.24728019457825715,0.020728635645261683,True
MHxPC130594347,3,0.24215441352255504,0.24728019457825715,0.020728635645261683,True
MHxPC130200932,3,0.24215441352255504,0.24728019457825715,0.020728635645261683,True
MHxPC130241184,3,0.24215441352255504,0.24728019457825715,0.020728635645261683,True
MHxPC130194919,3,0.24215441352255504,0.24728019457825715,0.020728635645261683,True
MHxPC130518526,3,0.24215441352255504,0.24728019457825715,0.020728635645261683,True
MHxPC130084802,3,0.24215441352255504,0.24728019457825715,0.020728635645261683,True
MHxPC130298931,3,0.24215441352255504,0.24728019457825715,0.020728635645261683,True
MHxPC130474601,3,0.24215441352255504,0.24728019457825715,0.020728635645261683,True
MHxPC130298835,3,0.24215441352255504,0.24728019457825715,0.020728635645261683,True
MHxPC130413248,3,0.24215441352255504,0.24728019457825715,0.020728635645261683,True
MHxPC130319738,3,0.24215441352255504,0.24728019457825715,0.020728635645261683,True
MHxPC130195482,3,0.24215441352255504,0.24728019457825715,0.020728635645261683,True
MHxPC130319781,3,0.24215441352255504,0.24728019457825715,0.020728635645261683,True
MHxPC130242585,3,0.24215441352255504,0.24728019457825715,0.020728635645261683,True
MHxPC130571411,3,0.24215441352255504,0.24728019457825715,0.020728635645261683,True
MHxPC130320226,3,0.24215441352255504,0.24728019457825715,0.020728635645261683,True
MHxPC130048826,3,0.24215441352255504,0.24728019457825715,0.020728635645261683,True
MHxPC130320261,3,0.24215441352255504,0.24728019457825715,0.020728635645261683,True
MHxPC130550339,3,0.24215441352255504,0.24728019457825715,0.020728635645261683,True
MHxPC130049078,3,0.24215441352255504,0.24728019457825715,0.020728635645261683,True
MHxPC130493251,3,0.24215441352255504,0.24728019457825715,0.020728635645261683,True
MHxPC130191877,3,0.24215441352255504,0.24728019457825715,0.020728635645261683,True
MHxPC130413557,3,0.24215441352255504,0.24728019457825715,0.020728635645261683,True
MHxPC130319269,3,0.24215441352255504,0.24728019457825715,0.020728635645261683,True
MHxPC130319239,3,0.24215441352255504,0.24728019457825715,0.020728635645261683,True
MHxPC130411149,3,0.24215441352255504,0.24728019457825715,0.020728635645261683,True
MHxPC130238389,3,0.24215441352255504,0.24728019457825715,0.020728635645261683,True
MHxPC130029802,3,0.24215441352255504,0.24728019457825715,0.020728635645261683,True
MHxPC130553599,3,0.24215441352255504,0.24728019457825715,0.020728635645261683,True
MHxPC130300335,3,0.24215441352255504,0.24728019457825715,0.020728635645261683,True
MHxPC130518047,3,0.24215441352255504,0.24728019457825715,0.020728635645261683,True
MHxPC130029548,3,0.24215441352255504,0.24728019457825715,0.020728635645261683,True
MHxPC130200362,3,0.24215441352255504,0.24728019457825715,0.020728635645261683,True
MHxPC130238591,3,0.24215441352255504,0.24728019457825715,0.020728635645261683,True
MHxPC130238760,3,0.24215441352255504,0.24728019457825715,0.020728635645261683,True
MHxPC130408022,3,0.24215441352255504,0.24728019457825715,0.020728635645261683,True
MHxPC130238915,3,0.24215441352255504,0.24728019457825715,0.020728635645261683,True
MHxPC130199079,3,0.24215441352255504,0.24728019457825715,0.020728635645261683,True
MHxPC130408823,3,0.24215441352255504,0.24728019457825715,0.020728635645261683,True
MHxPC130409898,3,0.24215441352255504,0.24728019457825715,0.020728635645261683,True
MHxPC130239987,3,0.24215441352255504,0.24728019457825715,0.020728635645261683,True
MHxPC130299831,3,0.24215441352255504,0.24728019457825715,0.020728635645261683,True
MHxPC130496057,3,0.24215441352255504,0.24728019457825715,0.020728635645261683,True
MHxPC130197171,3,0.24215441352255504,0.24728019457825715,0.020728635645261683,True
MHxPC130106431,3,0.24215441352255504,0.24728019457825715,0.020728635645261683,True
MHxPC130240228,3,0.24215441352255504,0.24728019457825715,0.020728635645261683,True
MHxPC130410565,3,0.24215441352255504,0.24728019457825715,0.020728635645261683,True
MHxPC130300636,3,0.24215441352255504,0.24728019457825715,0.020728635645261683,True
MHxPC130049375,3,0.24215441352255504,0.24728019457825715,0.020728635645261683,True
MHxPC130315583,3,0.24215441352255504,0.24728019457825715,0.020728635645261683,True
MHxPC130232796,3,0.24215441352255504,0.24728019457825715,0.020728635645261683,True
MHxPC130311180,3,0.24215441352255504,0.24728019457825715,0.020728635645261683,True
MHxPC130220322,3,0.24215441352255504,0.24728019457825715,0.020728635645261683,True
MHxPC130307281,3,0.24215441352255504,0.24728019457825715,0.020728635645261683,True
MHxPC130385759,3,0.24215441352255504,0.24728019457825715,0.020728635645261683,True
MHxPC130510206,3,0.24215441352255504,0.24728019457825715,0.020728635645261683,True
MHxPC130390821,3,0.24215441352255504,0.24728019457825715,0.020728635645261683,True
MHxPC130391471,3,0.24215441352255504,0.24728019457825715,0.020728635645261683,True
MHxPC130034447,3,0.24215441352255504,0.24728019457825715,0.020728635645261683,True
MHxPC130226034,3,0.24215441352255504,0.24728019457825715,0.020728635645261683,True
MHxPC130035036,3,0.24215441352255504,0.24728019457825715,0.020728635645261683,True
MHxPC130391535,3,0.24215441352255504,0.24728019457825715,0.020728635645261683,True
MHxPC130561054,3,0.24215441352255504,0.24728019457825715,0.020728635645261683,True
MHxPC130306875,3,0.24215441352255504,0.24728019457825715,0.020728635645261683,True
MHxPC130218305,3,0.24215441352255504,0.24728019457825715,0.020728635645261683,True
MHxPC130392174,3,0.24215441352255504,0.24728019457825715,0.020728635645261683,True
MHxPC130217716,3,0.24215441352255504,0.24728019457825715,0.020728635645261683,True
MHxPC130385012,3,0.24215441352255504,0.24728019457825715,0.020728635645261683,True
MHxPC130384050,3,0.24215441352255504,0.24728019457825715,0.020728635645261683,True
MHxPC130089960,3,0.24215441352255504,0.24728019457825715,0.020728635645261683,True
MHxPC130596950,3,0.24215441352255504,0.24728019457825715,0.020728635645261683,True
MHxPC130090157,3,0.24215441352255504,0.24728019457825715,0.020728635645261683,True
MHxPC130220472,3,0.24215441352255504,0.24728019457825715,0.020728635645261683,True
MHxPC130220494,3,0.24215441352255504,0.24728019457825715,0.020728635645261683,True
MHxPC130389522,3,0.24215441352255504,0.24728019457825715,0.020728635645261683,True
MHxPC130512611,3,0.24215441352255504,0.24728019457825715,0.020728635645261683,True
MHxPC130223063,3,0.24215441352255504,0.24728019457825715,0.020728635645261683,True
MHxPC130309671,3,0.24215441352255504,0.24728019457825715,0.020728635645261683,True
MHxPC130387448,3,0.24215441352255504,0.24728019457825715,0.020728635645261683,True
MHxPC130387308,3,0.24215441352255504,0.24728019457825715,0.020728635645261683,True
MHxPC130563412,3,0.24215441352255504,0.24728019457825715,0.020728635645261683,True
MHxPC130222171,3,0.24215441352255504,0.24728019457825715,0.020728635645261683,True
MHxPC130222164,3,0.24215441352255504,0.24728019457825715,0.020728635645261683,True
MHxPC130511520,3,0.24215441352255504,0.24728019457825715,0.020728635645261683,True
MHxPC130388111,3,0.24215441352255504,0.24728019457825715,0.020728635645261683,True
MHxPC130223850,3,0.24215441352255504,0.24728019457825715,0.020728635645261683,True
MHxPC130387048,3,0.24215441352255504,0.24728019457825715,0.020728635645261683,True
MHxPC130562620,3,0.24215441352255504,0.24728019457825715,0.020728635645261683,True
MHxPC130223987,3,0.24215441352255504,0.24728019457825715,0.020728635645261683,True
MHxPC130511347,3,0.24215441352255504,0.24728019457825715,0.020728635645261683,True
MHxPC130597321,3,0.24215441352255504,0.24728019457825715,0.020728635645261683,True
MHxPC130388522,3,0.24215441352255504,0.24728019457825715,0.020728635645261683,True
MHxPC130307988,3,0.24215441352255504,0.24728019457825715,0.020728635645261683,True
MHxPC130386767,3,0.24215441352255504,0.24728019457825715,0.020728635645261683,True
MHxPC130513711,3,0.24215441352255504,0.24728019457825715,0.020728635645261683,True
MHxPC130224806,3,0.24215441352255504,0.24728019457825715,0.020728635645261683,True
MHxPC130227283,3,0.24215441352255504,0.24728019457825715,0.020728635645261683,True
MHxPC130208343,3,0.24215441352255504,0.24728019457825715,0.020728635645261683,True
MHxPC130565163,3,0.24215441352255504,0.24728019457825715,0.020728635645261683,True
MHxPC130096135,3,0.24215441352255504,0.24728019457825715,0.020728635645261683,True
MHxPC130088474,3,0.24215441352255504,0.24728019457825715,0.020728635645261683,True
MHxPC130098130,3,0.24215441352255504,0.24728019457825715,0.020728635645261683,True
MHxPC130565707,3,0.24215441352255504,0.24728019457825715,0.020728635645261683,True
MHxPC130382413,3,0.24215441352255504,0.24728019457825715,0.020728635645261683,True
MHxPC130098392,3,0.24215441352255504,0.24728019457825715,0.020728635645261683,True
MHxPC130566150,3,0.24215441352255504,0.24728019457825715,0.020728635645261683,True
MHxPC130504764,3,0.24215441352255504,0.24728019457825715,0.020728635645261683,True
MHxPC130304840,3,0.24215441352255504,0.24728019457825715,0.020728635645261683,True
MHxPC130098950,3,0.24215441352255504,0.24728019457825715,0.020728635645261683,True
MHxPC130505951,3,0.24215441352255504,0.24728019457825715,0.020728635645261683,True
MHxPC130032916,3,0.24215441352255504,0.24728019457825715,0.020728635645261683,True
MHxPC130398310,3,0.24215441352255504,0.24728019457825715,0.020728635645261683,True
MHxPC130209597,3,0.24215441352255504,0.24728019457825715,0.020728635645261683,True
MHxPC130595674,3,0.24215441352255504,0.24728019457825715,0.020728635645261683,True
MHxPC130209047,3,0.24215441352255504,0.24728019457825715,0.020728635645261683,True
MHxPC130208728,3,0.24215441352255504,0.24728019457825715,0.020728635645261683,True
MHxPC130232607,3,0.24215441352255504,0.24728019457825715,0.020728635645261683,True
MHxPC130099907,3,0.24215441352255504,0.24728019457825715,0.020728635645261683,True
MHxPC130556950,3,0.24215441352255504,0.24728019457825715,0.020728635645261683,True
MHxPC130303767,3,0.24215441352255504,0.24728019457825715,0.020728635645261683,True
MHxPC130504015,3,0.24215441352255504,0.24728019457825715,0.020728635645261683,True
MHxPC130382901,3,0.24215441352255504,0.24728019457825715,0.020728635645261683,True
MHxPC130213471,3,0.24215441352255504,0.24728019457825715,0.020728635645261683,True
MHxPC130088556,3,0.24215441352255504,0.24728019457825715,0.020728635645261683,True
MHxPC130227850,3,0.24215441352255504,0.24728019457825715,0.020728635645261683,True
MHxPC130038492,3,0.24215441352255504,0.24728019457825715,0.020728635645261683,True
MHxPC130306182,3,0.24215441352255504,0.24728019457825715,0.020728635645261683,True
MHxPC130216132,3,0.24215441352255504,0.24728019457825715,0.020728635645261683,True
MHxPC130560281,3,0.24215441352255504,0.24728019457825715,0.020728635645261683,True
MHxPC130228782,3,0.24215441352255504,0.24728019457825715,0.020728635645261683,True
MHxPC130394634,3,0.24215441352255504,0.24728019457825715,0.020728635645261683,True
MHxPC130215382,3,0.24215441352255504,0.24728019457825715,0.020728635645261683,True
MHxPC130515076,3,0.24215441352255504,0.24728019457825715,0.020728635645261683,True
MHxPC130038930,3,0.24215441352255504,0.24728019457825715,0.020728635645261683,True
MHxPC130038943,3,0.24215441352255504,0.24728019457825715,0.020728635645261683,True
MHxPC130214737,3,0.24215441352255504,0.24728019457825715,0.020728635645261683,True
MHxPC130229328,3,0.24215441352255504,0.24728019457825715,0.020728635645261683,True
MHxPC130559710,3,0.24215441352255504,0.24728019457825715,0.020728635645261683,True
MHxPC130039412,3,0.24215441352255504,0.24728019457825715,0.020728635645261683,True
MHxPC130515200,3,0.24215441352255504,0.24728019457825715,0.020728635645261683,True
MHxPC130507127,3,0.24215441352255504,0.24728019457825715,0.020728635645261683,True
MHxPC130507076,3,0.24215441352255504,0.24728019457825715,0.020728635645261683,True
MHxPC130229710,3,0.24215441352255504,0.24728019457825715,0.020728635645261683,True
MHxPC130039418,3,0.24215441352255504,0.24728019457825715,0.020728635645261683,True
MHxPC130088731,3,0.24215441352255504,0.24728019457825715,0.020728635645261683,True
MHxPC130393377,3,0.24215441352255504,0.24728019457825715,0.020728635645261683,True
MHxPC130191522,3,0.24215441352255504,0.24728019457825715,0.020728635645261683,True
MHxPC130373366,3,0.24215441352255504,0.24728019457825715,0.020728635645261683,True
MHxPC130290417,3,0.24215441352255504,0.24728019457825715,0.020728635645261683,True
MHxPC130427363,3,0.24215441352255504,0.24728019457825715,0.020728635645261683,True
MHxPC130576864,3,0.24215441352255504,0.24728019457825715,0.020728635645261683,True
MHxPC130177306,3,0.24215441352255504,0.24728019457825715,0.020728635645261683,True
MHxPC130521847,3,0.24215441352255504,0.24728019457825715,0.020728635645261683,True
MHxPC130328254,3,0.24215441352255504,0.24728019457825715,0.020728635645261683,True
MHxPC130427804,3,0.24215441352255504,0.24728019457825715,0.020728635645261683,True
MHxPC130427976,3,0.24215441352255504,0.24728019457825715,0.020728635645261683,True
MHxPC130251212,3,0.24215441352255504,0.24728019457825715,0.020728635645261683,True
MHxPC130482471,3,0.24215441352255504,0.24728019457825715,0.020728635645261683,True
MHxPC130483808,3,0.24215441352255504,0.24728019457825715,0.020728635645261683,True
MHxPC130363849,3,0.24215441352255504,0.24728019457825715,0.020728635645261683,True
MHxPC130119245,3,0.24215441352255504,0.24728019457825715,0.020728635645261683,True
MHxPC130252267,3,0.24215441352255504,0.24728019457825715,0.020728635645261683,True
MHxPC130480498,3,0.24215441352255504,0.24728019457825715,0.020728635645261683,True
MHxPC130174502,3,0.24215441352255504,0.24728019457825715,0.020728635645261683,True
MHxPC130120206,3,0.24215441352255504,0.24728019457825715,0.020728635645261683,True
MHxPC130253064,3,0.24215441352255504,0.24728019457825715,0.020728635645261683,True
MHxPC130174111,3,0.24215441352255504,0.24728019457825715,0.020728635645261683,True
MHxPC130431026,3,0.24215441352255504,0.24728019457825715,0.020728635645261683,True
MHxPC130362322,3,0.24215441352255504,0.24728019457825715,0.020728635645261683,True
MHxPC130363236,3,0.24215441352255504,0.24728019457825715,0.020728635645261683,True
MHxPC130288556,3,0.24215441352255504,0.24728019457825715,0.020728635645261683,True
MHxPC130178589,3,0.24215441352255504,0.24728019457825715,0.020728635645261683,True
MHxPC130179226,3,0.24215441352255504,0.24728019457825715,0.020728635645261683,True
MHxPC130115090,3,0.24215441352255504,0.24728019457825715,0.020728635645261683,True
MHxPC130292237,3,0.24215441352255504,0.24728019457825715,0.020728635645261683,True
MHxPC130365698,3,0.24215441352255504,0.24728019457825715,0.020728635645261683,True
MHxPC130248707,3,0.24215441352255504,0.24728019457825715,0.020728635645261683,True
MHxPC130327032,3,0.24215441352255504,0.24728019457825715,0.020728635645261683,True
MHxPC130008098,3,0.24215441352255504,0.24728019457825715,0.020728635645261683,True
MHxPC130485767,3,0.24215441352255504,0.24728019457825715,0.020728635645261683,True
MHxPC130365293,3,0.24215441352255504,0.24728019457825715,0.020728635645261683,True
MHxPC130080846,3,0.24215441352255504,0.24728019457825715,0.020728635645261683,True
MHxPC130364608,3,0.24215441352255504,0.24728019457825715,0.020728635645261683,True
MHxPC130423632,3,0.24215441352255504,0.24728019457825715,0.020728635645261683,True
MHxPC130424051,3,0.24215441352255504,0.24728019457825715,0.020728635645261683,True
MHxPC130424639,3,0.24215441352255504,0.24728019457825715,0.020728635645261683,True
MHxPC130249779,3,0.24215441352255504,0.24728019457825715,0.020728635645261683,True
MHxPC130484680,3,0.24215441352255504,0.24728019457825715,0.020728635645261683,True
MHxPC130327891,3,0.24215441352255504,0.24728019457825715,0.020728635645261683,True
MHxPC130415214,3,0.24215441352255504,0.24728019457825715,0.020728635645261683,True
MHxPC130179784,3,0.24215441352255504,0.24728019457825715,0.020728635645261683,True
MHxPC130484047,3,0.24215441352255504,0.24728019457825715,0.020728635645261683,True
MHxPC130425636,3,0.24215441352255504,0.24728019457825715,0.020728635645261683,True
MHxPC130052892,3,0.24215441352255504,0.24728019457825715,0.020728635645261683,True
MHxPC130024583,3,0.24215441352255504,0.24728019457825715,0.020728635645261683,True
MHxPC130362178,3,0.24215441352255504,0.24728019457825715,0.020728635645261683,True
MHxPC130173433,3,0.24215441352255504,0.24728019457825715,0.020728635645261683,True
MHxPC130256335,3,0.24215441352255504,0.24728019457825715,0.020728635645261683,True
MHxPC130360190,3,0.24215441352255504,0.24728019457825715,0.020728635645261683,True
MHxPC130169592,3,0.24215441352255504,0.24728019457825715,0.020728635645261683,True
MHxPC130435523,3,0.24215441352255504,0.24728019457825715,0.020728635645261683,True
MHxPC130286222,3,0.24215441352255504,0.24728019457825715,0.020728635645261683,True
MHxPC130168920,3,0.24215441352255504,0.24728019457825715,0.020728635645261683,True
MHxPC130168834,3,0.24215441352255504,0.24728019457825715,0.020728635645261683,True
MHxPC130436221,3,0.24215441352255504,0.24728019457825715,0.020728635645261683,True
MHxPC130542208,3,0.24215441352255504,0.24728019457825715,0.020728635645261683,True
MHxPC130360587,3,0.24215441352255504,0.24728019457825715,0.020728635645261683,True
MHxPC130359214,3,0.24215441352255504,0.24728019457825715,0.020728635645261683,True
MHxPC130124521,3,0.24215441352255504,0.24728019457825715,0.020728635645261683,True
MHxPC130475638,3,0.24215441352255504,0.24728019457825715,0.020728635645261683,True
MHxPC130475598,3,0.24215441352255504,0.24728019457825715,0.020728635645261683,True
MHxPC130285167,3,0.24215441352255504,0.24728019457825715,0.020728635645261683,True
MHxPC130436909,3,0.24215441352255504,0.24728019457825715,0.020728635645261683,True
MHxPC130285126,3,0.24215441352255504,0.24728019457825715,0.020728635645261683,True
MHxPC130332993,3,0.24215441352255504,0.24728019457825715,0.020728635645261683,True
MHxPC130475188,3,0.24215441352255504,0.24728019457825715,0.020728635645261683,True
MHxPC130333455,3,0.24215441352255504,0.24728019457825715,0.020728635645261683,True
MHxPC130257138,3,0.24215441352255504,0.24728019457825715,0.020728635645261683,True
MHxPC130329514,3,0.24215441352255504,0.24728019457825715,0.020728635645261683,True
MHxPC130331272,3,0.24215441352255504,0.24728019457825715,0.020728635645261683,True
MHxPC130122853,3,0.24215441352255504,0.24728019457825715,0.020728635645261683,True
MHxPC130329578,3,0.24215441352255504,0.24728019457825715,0.020728635645261683,True
MHxPC130254059,3,0.24215441352255504,0.24728019457825715,0.020728635645261683,True
MHxPC130544039,3,0.24215441352255504,0.24728019457825715,0.020728635645261683,True
MHxPC130361911,3,0.24215441352255504,0.24728019457825715,0.020728635645261683,True
MHxPC130432175,3,0.24215441352255504,0.24728019457825715,0.020728635645261683,True
MHxPC130172496,3,0.24215441352255504,0.24728019457825715,0.020728635645261683,True
MHxPC130254277,3,0.24215441352255504,0.24728019457825715,0.020728635645261683,True
MHxPC130056667,3,0.24215441352255504,0.24728019457825715,0.020728635645261683,True
MHxPC130056790,3,0.24215441352255504,0.24728019457825715,0.020728635645261683,True
MHxPC130255965,3,0.24215441352255504,0.24728019457825715,0.020728635645261683,True
MHxPC130522991,3,0.24215441352255504,0.24728019457825715,0.020728635645261683,True
MHxPC130330691,3,0.24215441352255504,0.24728019457825715,0.020728635645261683,True
MHxPC130433913,3,0.24215441352255504,0.24728019457825715,0.020728635645261683,True
MHxPC130330741,3,0.24215441352255504,0.24728019457825715,0.020728635645261683,True
MHxPC130478224,3,0.24215441352255504,0.24728019457825715,0.020728635645261683,True
MHxPC130078153,3,0.24215441352255504,0.24728019457825715,0.020728635645261683,True
MHxPC130330796,3,0.24215441352255504,0.24728019457825715,0.020728635645261683,True
MHxPC130009608,3,0.24215441352255504,0.24728019457825715,0.020728635645261683,True
MHxPC130361120,3,0.24215441352255504,0.24728019457825715,0.020728635645261683,True
MHxPC130170511,3,0.24215441352255504,0.24728019457825715,0.020728635645261683,True
MHxPC130287534,3,0.24215441352255504,0.24728019457825715,0.020728635645261683,True
MHxPC130182764,3,0.24215441352255504,0.24728019457825715,0.020728635645261683,True
MHxPC130274520,3,0.24215441352255504,0.24728019457825715,0.020728635645261683,True
MHxPC130081731,3,0.24215441352255504,0.24728019457825715,0.020728635645261683,True
MHxPC130186936,3,0.24215441352255504,0.24728019457825715,0.020728635645261683,True
MHxPC130490222,3,0.24215441352255504,0.24728019457825715,0.020728635645261683,True
MHxPC130490148,3,0.24215441352255504,0.24728019457825715,0.020728635645261683,True
MHxPC130112635,3,0.24215441352255504,0.24728019457825715,0.020728635645261683,True
MHxPC130114675,3,0.24215441352255504,0.24728019457825715,0.020728635645261683,True
MHxPC130574100,3,0.24215441352255504,0.24728019457825715,0.020728635645261683,True
MHxPC130109943,3,0.24215441352255504,0.24728019457825715,0.020728635645261683,True
MHxPC130246559,3,0.24215441352255504,0.24728019457825715,0.020728635645261683,True
MHxPC130190607,3,0.24215441352255504,0.24728019457825715,0.020728635645261683,True
MHxPC130246812,3,0.24215441352255504,0.24728019457825715,0.020728635645261683,True
MHxPC130592619,3,0.24215441352255504,0.24728019457825715,0.020728635645261683,True
MHxPC130112839,3,0.24215441352255504,0.24728019457825715,0.020728635645261683,True
MHxPC130416540,3,0.24215441352255504,0.24728019457825715,0.020728635645261683,True
MHxPC130112938,3,0.24215441352255504,0.24728019457825715,0.020728635645261683,True
MHxPC130420818,3,0.24215441352255504,0.24728019457825715,0.020728635645261683,True
MHxPC130051649,3,0.24215441352255504,0.24728019457825715,0.020728635645261683,True
MHxPC130571961,3,0.24215441352255504,0.24728019457825715,0.020728635645261683,True
MHxPC130050704,3,0.24215441352255504,0.24728019457825715,0.020728635645261683,True
MHxPC130490542,3,0.24215441352255504,0.24728019457825715,0.020728635645261683,True
MHxPC130294664,3,0.24215441352255504,0.24728019457825715,0.020728635645261683,True
MHxPC130245786,3,0.24215441352255504,0.24728019457825715,0.020728635645261683,True
MHxPC130519661,3,0.24215441352255504,0.24728019457825715,0.020728635645261683,True
MHxPC130572466,3,0.24215441352255504,0.24728019457825715,0.020728635645261683,True
MHxPC130083371,3,0.24215441352255504,0.24728019457825715,0.020728635645261683,True
MHxPC130244384,3,0.24215441352255504,0.24728019457825715,0.020728635645261683,True
MHxPC130189359,3,0.24215441352255504,0.24728019457825715,0.020728635645261683,True
MHxPC130027159,3,0.24215441352255504,0.24728019457825715,0.020728635645261683,True
MHxPC130322459,3,0.24215441352255504,0.24728019457825715,0.020728635645261683,True
MHxPC130416706,3,0.24215441352255504,0.24728019457825715,0.020728635645261683,True
MHxPC130421063,3,0.24215441352255504,0.24728019457825715,0.020728635645261683,True
MHxPC130049723,3,0.24215441352255504,0.24728019457825715,0.020728635645261683,True
MHxPC130369807,3,0.24215441352255504,0.24728019457825715,0.020728635645261683,True
MHxPC130519768,3,0.24215441352255504,0.24728019457825715,0.020728635645261683,True
MHxPC130005658,3,0.24215441352255504,0.24728019457825715,0.020728635645261683,True
MHxPC130418743,3,0.24215441352255504,0.24728019457825715,0.020728635645261683,True
MHxPC130026510,3,0.24215441352255504,0.24728019457825715,0.020728635645261683,True
MHxPC130187648,3,0.24215441352255504,0.24728019457825715,0.020728635645261683,True
MHxPC130082802,3,0.24215441352255504,0.24728019457825715,0.020728635645261683,True
MHxPC130006452,3,0.24215441352255504,0.24728019457825715,0.020728635645261683,True
MHxPC130295571,3,0.24215441352255504,0.24728019457825715,0.020728635645261683,True
MHxPC130113070,3,0.24215441352255504,0.24728019457825715,0.020728635645261683,True
MHxPC130572365,3,0.24215441352255504,0.24728019457825715,0.020728635645261683,True
MHxPC130488927,3,0.24215441352255504,0.24728019457825715,0.020728635645261683,True
MHxPC130247535,3,0.24215441352255504,0.24728019457825715,0.020728635645261683,True
MHxPC130421442,3,0.24215441352255504,0.24728019457825715,0.020728635645261683,True
MHxPC130113689,3,0.24215441352255504,0.24728019457825715,0.020728635645261683,True
MHxPC130547745,3,0.24215441352255504,0.24728019457825715,0.020728635645261683,True
MHxPC130025457,3,0.24215441352255504,0.24728019457825715,0.020728635645261683,True
MHxPC130051977,3,0.24215441352255504,0.24728019457825715,0.020728635645261683,True
MHxPC130575174,3,0.24215441352255504,0.24728019457825715,0.020728635645261683,True
MHxPC130184901,3,0.24215441352255504,0.24728019457825715,0.020728635645261683,True
MHxPC130114450,3,0.24215441352255504,0.24728019457825715,0.020728635645261683,True
MHxPC130519895,3,0.24215441352255504,0.24728019457825715,0.020728635645261683,True
MHxPC130371893,3,0.24215441352255504,0.24728019457825715,0.020728635645261683,True
MHxPC130325360,3,0.24215441352255504,0.24728019457825715,0.020728635645261683,True
MHxPC130183410,3,0.24215441352255504,0.24728019457825715,0.020728635645261683,True
MHxPC130007801,3,0.24215441352255504,0.24728019457825715,0.020728635645261683,True
MHxPC130488367,3,0.24215441352255504,0.24728019457825715,0.020728635645261683,True
MHxPC130183137,3,0.24215441352255504,0.24728019457825715,0.020728635645261683,True
MHxPC130183060,3,0.24215441352255504,0.24728019457825715,0.020728635645261683,True
MHxPC130114360,3,0.24215441352255504,0.24728019457825715,0.020728635645261683,True
MHxPC130324654,3,0.24215441352255504,0.24728019457825715,0.020728635645261683,True
MHxPC130190848,3,0.24215441352255504,0.24728019457825715,0.020728635645261683,True
MHxPC130325998,3,0.24215441352255504,0.24728019457825715,0.020728635645261683,True
MHxPC130024862,3,0.24215441352255504,0.24728019457825715,0.020728635645261683,True
MHxPC130519552,3,0.24215441352255504,0.24728019457825715,0.020728635645261683,True
MHxPC130113799,3,0.24215441352255504,0.24728019457825715,0.020728635645261683,True
MHxPC130141215,1,0.5161367423250441,0.5270737015226004,0.020750341301343133,True
MHxPC130216952,4,0.28617356125481463,0.29224632048469024,0.020779591749192725,True
MHxPC130083140,2,0.41320896059722084,0.42198247678302725,0.020791186052774243,True
MHxPC130086925,2,0.41320896059722084,0.42198247678302725,0.020791186052774243,True
MHxPC130113894,1,0.5476376802154985,0.5592767369496847,0.020810908026795506,True
MHxPC130055651,0,0.5807237270430526,0.5930713984928727,0.020819873427041457,True
MHxPC130374208,1,0.2798491418735582,0.28580321253071544,0.02083276323046006,True
MHxPC130475405,4,0.540249464043271,0.5517446172939104,0.020834191925638755,True
MHxPC130287122,4,0.3162559017815648,0.3229855446762975,0.02083574019226538,True
MHxPC130205560,0,0.2357354789675496,0.24075711127741967,0.02085766972043349,True
MHxPC130090934,1,0.3459444724126236,0.35331997494582545,0.02087485298370899,True
MHxPC130376283,4,0.3007582858187246,0.30717069390098434,0.02087571571631361,True
MHxPC130095677,4,0.3007582858187246,0.30717069390098434,0.02087571571631361,True
MHxPC130433943,0,0.21575738604765576,0.22035871366923962,0.02088107860572507,True
MHxPC130053643,1,0.26638478759918327,0.27206748348961796,0.020887082195735956,True
MHxPC130047903,4,0.5464899059573717,0.5581564965878032,0.020902006340073574,True
MHxPC130504785,4,0.24047902302250312,0.2456185492416794,0.02092482931376313,True
MHxPC130025440,4,0.24047902302250312,0.2456185492416794,0.02092482931376313,True
MHxPC130150365,4,0.3274825785258703,0.33448208785541306,0.0209264100640523,True
MHxPC130326951,4,0.2524754734950977,0.2578722755957085,0.020928198225822165,True
MHxPC130091807,1,0.27948849127133246,0.28546809209495383,0.02094665214504044,True
MHxPC130293673,0,0.4380216582159517,0.44740313070515675,0.02096872338469968,True
MHxPC130223968,4,0.2772316988323103,0.283171964733191,0.02097759185475057,True
MHxPC130065659,4,0.20285061539913574,0.20719902280221447,0.02098662119284986,True
MHxPC130319555,1,0.5429736449207369,0.5546237638244832,0.021005444886478306,True
MHxPC130534683,4,0.28571832350114734,0.2918503113343301,0.021010729113659334,True
MHxPC130332023,4,0.42762461559566467,0.4368107349498819,0.021029976186989055,True
MHxPC130575923,4,0.588611026388367,0.6012979618108246,0.021099249005019974,True
MHxPC130572763,1,0.2008623468308294,0.2051932237281371,0.021106334890696556,True
MHxPC130441396,1,0.5210150050311816,0.5322537417873515,0.021115373878686762,True
MHxPC130408614,4,0.5447454905698538,0.5564989359670601,0.021120337591987875,True
MHxPC130441706,4,0.23795220479062829,0.2430898418874045,0.021134725568483035,True
MHxPC130049978,2,0.21047313296326509,0.21502096851771277,0.021150660727644547,True
MHxPC130492520,2,0.6055798636060296,0.6186687122279089,0.02115647415681426,True
MHxPC130170567,0,0.2527107851546449,0.25817465596966666,0.02116346701228378,True
MHxPC130368559,2,0.20603854259838675,0.21049469639398966,0.021169910082970367,True
MHxPC130551616,3,0.450827306567308,0.46058037479099795,0.0211756052960695,True
MHxPC130459148,3,0.450827306567308,0.46058037479099795,0.0211756052960695,True
MHxPC130059683,3,0.450827306567308,0.46058037479099795,0.0211756052960695,True
MHxPC130331594,3,0.450827306567308,0.46058037479099795,0.0211756052960695,True
MHxPC130345364,3,0.450827306567308,0.46058037479099795,0.0211756052960695,True
MHxPC130144731,4,0.24885380203885077,0.2542416842923058,0.021191970421579293,True
MHxPC130070116,0,0.21176493125379126,0.21635268230323917,0.02120496497019502,True
MHxPC130480216,4,0.3617629941679063,0.3696038219204509,0.021214141433397143,True
MHxPC130534699,4,0.3310527415100033,0.33823500761793274,0.02123454387087708,True
MHxPC130297009,4,0.3368007254396646,0.34410772050513455,0.021234615296464747,True
MHxPC130416141,4,0.3368007254396646,0.34410772050513455,0.021234615296464747,True
MHxPC130089388,4,0.3368007254396646,0.34410772050513455,0.021234615296464747,True
MHxPC130330799,4,0.3368007254396646,0.34410772050513455,0.021234615296464747,True
MHxPC130146993,4,0.3368007254396646,0.34410772050513455,0.021234615296464747,True
MHxPC130087545,4,0.3368007254396646,0.34410772050513455,0.021234615296464747,True
MHxPC130405459,4,0.3368007254396646,0.34410772050513455,0.021234615296464747,True
MHxPC130397799,4,0.3368007254396646,0.34410772050513455,0.021234615296464747,True
MHxPC130428710,4,0.3368007254396646,0.34410772050513455,0.021234615296464747,True
MHxPC130564167,4,0.3368007254396646,0.34410772050513455,0.021234615296464747,True
MHxPC130055447,4,0.3368007254396646,0.34410772050513455,0.021234615296464747,True
MHxPC130328645,4,0.3368007254396646,0.34410772050513455,0.021234615296464747,True
MHxPC130383255,4,0.3368007254396646,0.34410772050513455,0.021234615296464747,True
MHxPC130271436,4,0.3368007254396646,0.34410772050513455,0.021234615296464747,True
MHxPC130174077,4,0.3368007254396646,0.34410772050513455,0.021234615296464747,True
MHxPC130120579,4,0.3368007254396646,0.34410772050513455,0.021234615296464747,True
MHxPC130340973,4,0.3368007254396646,0.34410772050513455,0.021234615296464747,True
MHxPC130466455,4,0.3368007254396646,0.34410772050513455,0.021234615296464747,True
MHxPC130391472,4,0.3368007254396646,0.34410772050513455,0.021234615296464747,True
MHxPC130150991,4,0.3368007254396646,0.34410772050513455,0.021234615296464747,True
MHxPC130230833,0,0.21287393161170137,0.21749399473885975,0.02124225605725612,True
MHxPC130109216,4,0.21010792853313207,0.2146697134696924,0.021250249338057584,True
MHxPC130351780,2,0.32675467115716755,0.3338560786247602,0.021270864669725876,True
MHxPC130193076,0,0.21437688628253884,0.2190375577315274,0.02127795569516482,True
MHxPC130211706,4,0.3762012116820366,0.3843819807044003,0.02128291499870001,True
MHxPC130562978,4,0.19314262179545083,0.19734498147470353,0.02129448465245808,True
MHxPC130484011,4,0.19314262179545083,0.19734498147470353,0.02129448465245808,True
MHxPC130442103,4,0.22062572543753495,0.22543273811092177,0.021323489718789553,True
MHxPC130235556,4,0.36193805575892557,0.36982488118703705,0.021325837793273718,True
MHxPC130572557,4,0.36193805575892557,0.36982488118703705,0.021325837793273718,True
MHxPC130211273,4,0.36193805575892557,0.36982488118703705,0.021325837793273718,True
MHxPC130216696,4,0.36193805575892557,0.36982488118703705,0.021325837793273718,True
MHxPC130202503,4,0.36193805575892557,0.36982488118703705,0.021325837793273718,True
MHxPC130339204,4,0.36193805575892557,0.36982488118703705,0.021325837793273718,True
MHxPC130530332,1,0.3313833589916051,0.3386110018975708,0.021344973628919694,True
MHxPC130259665,2,0.2419871573340754,0.24726601881086643,0.021348916046684294,True
MHxPC130519775,0,0.2920434106543697,0.29841451887559883,0.02134986007126921,True
MHxPC130072608,0,0.2920434106543697,0.29841451887559883,0.02134986007126921,True
MHxPC130079386,0,0.2920434106543697,0.29841451887559883,0.02134986007126921,True
MHxPC130221064,0,0.2920434106543697,0.29841451887559883,0.02134986007126921,True
MHxPC130473431,0,0.2920434106543697,0.29841451887559883,0.02134986007126921,True
MHxPC130417256,0,0.2920434106543697,0.29841451887559883,0.02134986007126921,True
MHxPC130111862,4,0.35902950147545026,0.3668707131563893,0.021373228769003695,True
MHxPC130139656,1,0.20591182062960453,0.21041561933315325,0.021404298396773536,True
MHxPC130444178,1,0.20591182062960453,0.21041561933315325,0.021404298396773536,True
MHxPC130264724,1,0.20591182062960453,0.21041561933315325,0.021404298396773536,True
MHxPC130339699,4,0.26748918866958604,0.2733429403839106,0.021415412105039035,True
MHxPC130234519,4,0.4574209655631869,0.46743685374183036,0.021427253966961126,True
MHxPC130427262,2,0.24768833483244287,0.2531130733726611,0.02143207566458377,True
MHxPC130132519,4,0.32984151052735955,0.3370658306834035,0.021432965012788744,True
MHxPC130129219,4,0.2341418779958068,0.23927098191028895,0.021436380933168204,True
MHxPC130337791,1,0.3373609382722363,0.34475160486803313,0.021437656827227553,True
MHxPC130338029,4,0.29139261628696833,0.2977831163508662,0.021460249802638835,True
MHxPC130459329,1,0.2300213254272354,0.2350720376907579,0.021485806279378964,True
MHxPC130533160,0,0.26263591565211647,0.26840381954144327,0.021489649063791347,True
MHxPC130106755,1,0.2228811893735478,0.2277796946290302,0.021505451851010056,True
MHxPC130537013,1,0.35641730235329067,0.36425507449393896,0.02151726273556337,True
MHxPC130039409,0,0.3421059513489021,0.349633143756099,0.021528829693696905,True
MHxPC130137221,2,0.21643027193102696,0.22119525459128705,0.02154197507114057,True
MHxPC130364620,0,0.2115615925187988,0.2162242934582741,0.021564186266494055,True
MHxPC130593701,1,0.5435885894326947,0.5555712374333811,0.021568157588653474,True
MHxPC130393731,3,0.26693688813752015,0.27282201128559885,0.021571291555057014,True
MHxPC130085925,4,0.28604292698721456,0.292354486708035,0.021588721937842455,True
MHxPC130435550,0,0.20977881209816387,0.21440887096738986,0.021594530339792656,True
MHxPC130355883,0,0.20977881209816387,0.21440887096738986,0.021594530339792656,True
MHxPC130407812,0,0.20977881209816387,0.21440887096738986,0.021594530339792656,True
MHxPC130365496,2,0.22525727653243888,0.23023380359180315,0.021615101612912968,True
MHxPC130351262,4,0.30452237488066924,0.31125049783569514,0.02161642471838737,True
MHxPC130010233,1,0.21698307460294722,0.2217789209149442,0.021624446057415262,True
MHxPC130014488,1,0.21698307460294722,0.2217789209149442,0.021624446057415262,True
MHxPC130162920,1,0.21698307460294722,0.2217789209149442,0.021624446057415262,True
MHxPC130257937,0,0.21643348248904867,0.22122136554398122,0.021642950458963098,True
MHxPC130295468,0,0.21643348248904867,0.22122136554398122,0.021642950458963098,True
MHxPC130061942,0,0.21643348248904867,0.22122136554398122,0.021642950458963098,True
MHxPC130277384,0,0.21643348248904867,0.22122136554398122,0.021642950458963098,True
MHxPC130267051,0,0.21643348248904867,0.22122136554398122,0.021642950458963098,True
MHxPC130476756,0,0.21643348248904867,0.22122136554398122,0.021642950458963098,True
MHxPC130296564,0,0.21643348248904867,0.22122136554398122,0.021642950458963098,True
MHxPC130515254,0,0.21643348248904867,0.22122136554398122,0.021642950458963098,True
MHxPC130535064,0,0.21643348248904867,0.22122136554398122,0.021642950458963098,True
MHxPC130231329,0,0.21643348248904867,0.22122136554398122,0.021642950458963098,True
MHxPC130168297,0,0.21643348248904867,0.22122136554398122,0.021642950458963098,True
MHxPC130049572,0,0.21643348248904867,0.22122136554398122,0.021642950458963098,True
MHxPC130252593,0,0.21643348248904867,0.22122136554398122,0.021642950458963098,True
MHxPC130387169,0,0.21643348248904867,0.22122136554398122,0.021642950458963098,True
MHxPC130296124,0,0.21643348248904867,0.22122136554398122,0.021642950458963098,True
MHxPC130351661,0,0.21643348248904867,0.22122136554398122,0.021642950458963098,True
MHxPC130262177,1,0.1946722199888285,0.19897880265219253,0.02164342435456192,True
MHxPC130325809,1,0.1946722199888285,0.19897880265219253,0.02164342435456192,True
MHxPC130583450,1,0.27199927349663033,0.27801730444125444,0.021646245929615254,True
MHxPC130060133,3,0.24734061344981884,0.25281409653027026,0.021650228984743603,True
MHxPC130178253,0,0.35723390065939303,0.3651400851756735,0.02165246938713037,True
MHxPC130348642,0,0.35723390065939303,0.3651400851756735,0.02165246938713037,True
MHxPC130023162,0,0.35723390065939303,0.3651400851756735,0.02165246938713037,True
MHxPC130227498,4,0.2876098321814472,0.2939831775163775,0.021679285831160282,True
MHxPC130015394,0,0.27516430766743283,0.28126249719679786,0.021681488254362464,True
MHxPC130152097,0,0.3419553538392588,0.34953409045563233,0.021682396147667135,True
MHxPC130405460,0,0.20565173660931035,0.21021054993915667,0.021686891220092496,True
MHxPC130149960,2,0.23449339853280932,0.23969551682365792,0.021703027072783168,True
MHxPC130096542,1,0.31085711151482237,0.31775848656230354,0.021718932268794042,True
MHxPC130049891,1,0.31085711151482237,0.31775848656230354,0.021718932268794042,True
MHxPC130122768,1,0.3131907827910385,0.3201463942389806,0.021726346362501665,True
MHxPC130432836,3,0.2527966135671716,0.2584116140645969,0.02172890145727616,True
MHxPC130581350,4,0.21702357856155327,0.22184442274282523,0.0217307432013315,True
MHxPC130129354,0,0.21077549823808062,0.2154592714364147,0.02173855488839489,True
MHxPC130019791,1,0.20160694047574904,0.2060881017514772,0.021743910675309296,True
MHxPC130496428,1,0.20160694047574904,0.2060881017514772,0.021743910675309296,True
MHxPC130492103,4,0.2893021443931939,0.2957338105010893,0.021748159593242472,True
MHxPC130237066,4,0.45202780927298664,0.46208177037306425,0.021757969573135274,True
MHxPC130460770,4,0.45202780927298664,0.46208177037306425,0.021757969573135274,True
MHxPC130389940,4,0.45202780927298664,0.46208177037306425,0.021757969573135274,True
MHxPC130060547,4,0.45202780927298664,0.46208177037306425,0.021757969573135274,True
MHxPC130436895,4,0.45202780927298664,0.46208177037306425,0.021757969573135274,True
MHxPC130439459,4,0.45202780927298664,0.46208177037306425,0.021757969573135274,True
MHxPC130283914,4,0.45202780927298664,0.46208177037306425,0.021757969573135274,True
MHxPC130440643,4,0.45202780927298664,0.46208177037306425,0.021757969573135274,True
MHxPC130381362,4,0.45202780927298664,0.46208177037306425,0.021757969573135274,True
MHxPC130595793,4,0.1967792006442034,0.2011560091561554,0.0217582787126897,True
MHxPC130421314,4,0.1967792006442034,0.2011560091561554,0.0217582787126897,True
MHxPC130033384,1,0.2358675008794873,0.24111453748136863,0.021761593708495414,True
MHxPC130353506,1,0.20578276579099672,0.21036103315746485,0.021763856631380432,True
MHxPC130422435,2,0.2603307817423917,0.2661246779417449,0.02177136011648442,True
MHxPC130288563,4,0.19672217561092686,0.20110317196661645,0.021784819766129008,True
MHxPC130431979,1,0.5364007987752079,0.5483465704015325,0.02178507584642534,True
MHxPC130018106,0,0.2589075698659521,0.26467685452169887,0.021797465691408977,True
MHxPC130494714,1,0.24376311502229364,0.2492052489463966,0.02183795865902302,True
MHxPC130279265,4,0.25950317027799635,0.26530046004950797,0.02185178936527203,True
MHxPC130326797,2,0.22974096741932803,0.23488224083252726,0.021888727708728697,True
MHxPC130435823,4,0.22473948115074674,0.22976979432912184,0.021892839278820478,True
MHxPC130050242,1,0.3265990134365857,0.33391061044839077,0.021896869350712472,True
MHxPC130553955,0,0.205185282735029,0.20978612710008732,0.021931118271053658,True
MHxPC130415748,4,0.5004819420274447,0.5117079038235416,0.021938222396439867,True
MHxPC130398381,2,0.22276106126418305,0.22775826576876881,0.021940826111045166,True
MHxPC130079853,1,0.22564247966943765,0.23070469269382377,0.02194239295818899,True
MHxPC130017326,4,0.24340854415933677,0.2488694276028307,0.021942765313097953,True
MHxPC130051024,3,0.22775488509565694,0.23286516255794146,0.02194522102898485,True
MHxPC130114716,1,0.20485345850040765,0.20945008762116246,0.021946179029864385,True
MHxPC130594366,1,0.20485345850040765,0.20945008762116246,0.021946179029864385,True
MHxPC130537938,1,0.20485345850040765,0.20945008762116246,0.021946179029864385,True
MHxPC130378358,4,0.2001131446826476,0.2046046592698894,0.021952161809361128,True
MHxPC130120943,4,0.2001131446826476,0.2046046592698894,0.021952161809361128,True
MHxPC130027761,0,0.23700478443167816,0.24233115958804594,0.021979737007087392,True
MHxPC130400422,4,0.26592913736707857,0.2719107258680302,0.021998354356402877,True
MHxPC130366026,1,0.23707495751984867,0.24241265012118565,0.022019034892232704,True
MHxPC130351037,1,0.2059533231692875,0.21059122734658559,0.022023254414416556,True
MHxPC130293067,1,0.3020002326263066,0.3088091577302896,0.022048974046067142,True
MHxPC130316851,4,0.2270691244700556,0.232189543125548,0.022052753050656203,True
MHxPC130593726,2,0.3083954648531702,0.3153544901894152,0.022067310131100717,True
MHxPC130239284,2,0.3083954648531702,0.3153544901894152,0.022067310131100717,True
MHxPC130139932,2,0.3083954648531702,0.3153544901894152,0.022067310131100717,True
MHxPC130210097,4,0.31286773238883175,0.3199326730105361,0.022082585549090372,True
MHxPC130482231,0,0.24664154984175207,0.25221926570052927,0.0221145511754834,True
MHxPC130117272,1,0.2505488041656399,0.25622409398667995,0.022149711733725857,True
MHxPC130258486,1,0.366736547873003,0.3750472641263367,0.022159117125392955,True
MHxPC130273939,0,0.2915166972699083,0.29812592311926805,0.022169242379890805,True
MHxPC130381601,0,0.28322849475160194,0.28965035717795623,0.022171084092289944,True
MHxPC130196280,1,0.32272826784521613,0.33005217757264504,0.02219015726935147,True
MHxPC130304492,3,0.267993776687411,0.27407654551010807,0.02219368611559196,True
MHxPC130452432,0,0.28166507193092843,0.2880679931915708,0.022227117944284357,True
MHxPC130402936,3,0.21348268926432631,0.21833796763449462,0.022237444191548987,True
MHxPC130454623,0,0.22636255384550344,0.2315137450040782,0.02225004462903066,True
MHxPC130199331,0,0.22636255384550344,0.2315137450040782,0.02225004462903066,True
MHxPC130446527,1,0.24345601652931578,0.2489967555306354,0.022252253807531725,True
MHxPC130204167,1,0.24345601652931578,0.2489967555306354,0.022252253807531725,True
MHxPC130516032,2,0.26842798893501585,0.27454266192812227,0.022272214271410008,True
MHxPC130125465,2,0.26842798893501585,0.27454266192812227,0.022272214271410008,True
MHxPC130239546,2,0.26842798893501585,0.27454266192812227,0.022272214271410008,True
MHxPC130251171,2,0.26842798893501585,0.27454266192812227,0.022272214271410008,True
MHxPC130178936,2,0.26842798893501585,0.27454266192812227,0.022272214271410008,True
MHxPC130519009,2,0.26842798893501585,0.27454266192812227,0.022272214271410008,True
MHxPC130275395,2,0.26842798893501585,0.27454266192812227,0.022272214271410008,True
MHxPC130140333,2,0.26842798893501585,0.27454266192812227,0.022272214271410008,True
MHxPC130162787,2,0.26842798893501585,0.27454266192812227,0.022272214271410008,True
MHxPC130404946,2,0.26842798893501585,0.27454266192812227,0.022272214271410008,True
MHxPC130572788,2,0.26842798893501585,0.27454266192812227,0.022272214271410008,True
MHxPC130383624,2,0.26842798893501585,0.27454266192812227,0.022272214271410008,True
MHxPC130381441,2,0.26842798893501585,0.27454266192812227,0.022272214271410008,True
MHxPC130594349,2,0.26842798893501585,0.27454266192812227,0.022272214271410008,True
MHxPC130544958,2,0.26842798893501585,0.27454266192812227,0.022272214271410008,True
MHxPC130421167,2,0.26842798893501585,0.27454266192812227,0.022272214271410008,True
MHxPC130023625,2,0.26842798893501585,0.27454266192812227,0.022272214271410008,True
MHxPC130136360,2,0.26842798893501585,0.27454266192812227,0.022272214271410008,True
MHxPC130276387,2,0.26842798893501585,0.27454266192812227,0.022272214271410008,True
MHxPC130074463,2,0.26842798893501585,0.27454266192812227,0.022272214271410008,True
MHxPC130381716,2,0.26842798893501585,0.27454266192812227,0.022272214271410008,True
MHxPC130030304,2,0.26842798893501585,0.27454266192812227,0.022272214271410008,True
MHxPC130532386,2,0.26842798893501585,0.27454266192812227,0.022272214271410008,True
MHxPC130576489,1,0.3525697005942436,0.3606053237165554,0.022283706295551018,True
MHxPC130036419,1,0.29317987291887954,0.2998619625732649,0.0222838855486806,True
MHxPC130047945,2,0.22350856996906854,0.22860964572227815,0.022313475606390448,True
MHxPC130264725,4,0.4576781003429401,0.46812425274234265,0.02231491391058552,True
MHxPC130560722,4,0.26858283889640056,0.2747140620325402,0.022318563129882184,True
MHxPC130321423,4,0.255148015963501,0.2609725510611358,0.022318573635241604,True
MHxPC130385708,4,0.2217114653625551,0.22677389784852064,0.02232370009950233,True
MHxPC130088763,4,0.2771880605285226,0.2835210147242426,0.022336807033085687,True
MHxPC130454111,4,0.2144828941876409,0.2193860794007635,0.022349573074623784,True
MHxPC130046438,4,0.2144828941876409,0.2193860794007635,0.022349573074623784,True
MHxPC130120287,4,0.2144828941876409,0.2193860794007635,0.022349573074623784,True
MHxPC130469611,4,0.2144828941876409,0.2193860794007635,0.022349573074623784,True
MHxPC130492026,4,0.2144828941876409,0.2193860794007635,0.022349573074623784,True
MHxPC130280820,4,0.2144828941876409,0.2193860794007635,0.022349573074623784,True
MHxPC130133179,4,0.2144828941876409,0.2193860794007635,0.022349573074623784,True
MHxPC130368406,4,0.2144828941876409,0.2193860794007635,0.022349573074623784,True
MHxPC130414346,4,0.2144828941876409,0.2193860794007635,0.022349573074623784,True
MHxPC130587051,4,0.2144828941876409,0.2193860794007635,0.022349573074623784,True
MHxPC130461915,4,0.2144828941876409,0.2193860794007635,0.022349573074623784,True
MHxPC130473237,4,0.2144828941876409,0.2193860794007635,0.022349573074623784,True
MHxPC130152175,4,0.2144828941876409,0.2193860794007635,0.022349573074623784,True
MHxPC130524731,4,0.21125308821603275,0.21608796738090877,0.022374587643528246,True
MHxPC130499879,1,0.21580350488327205,0.22075162020097963,0.022414853912295894,True
MHxPC130398407,4,0.28033901207911144,0.2867719439324565,0.02243222180360917,True
MHxPC130541772,4,0.22702010677153373,0.23223056584354976,0.022436577429373532,True
MHxPC130349462,4,0.22702010677153373,0.23223056584354976,0.022436577429373532,True
MHxPC130472678,4,0.22702010677153373,0.23223056584354976,0.022436577429373532,True
MHxPC130165582,4,0.22702010677153373,0.23223056584354976,0.022436577429373532,True
MHxPC130186037,4,0.22702010677153373,0.23223056584354976,0.022436577429373532,True
MHxPC130010743,4,0.22702010677153373,0.23223056584354976,0.022436577429373532,True
MHxPC130029858,4,0.22702010677153373,0.23223056584354976,0.022436577429373532,True
MHxPC130145368,4,0.22702010677153373,0.23223056584354976,0.022436577429373532,True
MHxPC130026885,4,0.22702010677153373,0.23223056584354976,0.022436577429373532,True
MHxPC130533121,4,0.22702010677153373,0.23223056584354976,0.022436577429373532,True
MHxPC130455335,4,0.22702010677153373,0.23223056584354976,0.022436577429373532,True
MHxPC130371561,4,0.22702010677153373,0.23223056584354976,0.022436577429373532,True
MHxPC130188936,4,0.2666675197828416,0.27279349222062405,0.022456446405356417,True
MHxPC130548268,4,0.23023129924751956,0.23552045558890813,0.022457311948396497,True
MHxPC130558420,2,0.2491211359894675,0.25484655067641243,0.022466125877507712,True
MHxPC130267391,0,0.22377049562038082,0.22891345598336782,0.02246683289496392,True
MHxPC130465750,1,0.24440879536190552,0.2500274063005416,0.022471980259165338,True
MHxPC130494061,4,0.2690547850067048,0.27524011803170106,0.022472498083596377,True
MHxPC130491184,0,0.1993767545021263,0.20396045694868123,0.022473485866469883,True
MHxPC130097427,1,0.24903969751260108,0.254766325221277,0.022477961731017942,True
MHxPC130500404,2,0.2600930034563633,0.2660788653788067,0.022496570383076193,True
MHxPC130172481,0,0.2304578008064808,0.23576382103717083,0.02250565929644265,True
MHxPC130164620,3,0.2080077919367433,0.21279969693980752,0.02251838264797748,True
MHxPC130179034,4,0.28282595737847144,0.28934188849671033,0.022519833378059174,True
MHxPC130087258,0,0.3317238641468722,0.33936999643741383,0.022530372074160976,True
MHxPC130041572,2,0.3839663339276878,0.39282320536289844,0.022546711381341303,True
MHxPC130428262,2,0.3839663339276878,0.39282320536289844,0.022546711381341303,True
MHxPC130480375,2,0.3839663339276878,0.39282320536289844,0.022546711381341303,True
MHxPC130329084,4,0.20426565383340678,0.20897793483606755,0.02254917968424425,True
MHxPC130039531,1,0.35628231179505715,0.3645040841703395,0.022556050075532734,True
MHxPC130559834,4,0.3273391338881945,0.33490383312603444,0.02258767589259899,True
MHxPC130507216,4,0.3273391338881945,0.33490383312603444,0.02258767589259899,True
MHxPC130020712,4,0.3273391338881945,0.33490383312603444,0.02258767589259899,True
MHxPC130381560,4,0.3273391338881945,0.33490383312603444,0.02258767589259899,True
MHxPC130495623,4,0.2564600277850707,0.26239008054585394,0.022600140784464325,True
MHxPC130144255,4,0.22873927109089848,0.23402960795029062,0.022605416920220833,True
MHxPC130163428,2,0.31554892292792786,0.32284957672735587,0.022613174449329893,True
MHxPC130470226,2,0.23159079817266875,0.2369607290386196,0.022661691191352,True
MHxPC130019611,4,0.2857098372874164,0.29233546286686213,0.022664460597663565,True
MHxPC130594042,1,0.32779284662054575,0.33539811225802457,0.022675338230967814,True
MHxPC130130912,4,0.2186098927725943,0.223687583074764,0.022699920274397014,True
MHxPC130297522,1,0.24609974613555322,0.2518185996276936,0.02271021084461409,True
MHxPC130267567,2,0.3496268853514687,0.3577515305332585,0.022710301671328505,True
MHxPC130179613,2,0.3496268853514687,0.3577515305332585,0.022710301671328505,True
MHxPC130395489,2,0.3496268853514687,0.3577515305332585,0.022710301671328505,True
MHxPC130137038,2,0.3496268853514687,0.3577515305332585,0.022710301671328505,True
MHxPC130515679,2,0.3496268853514687,0.3577515305332585,0.022710301671328505,True
MHxPC130294142,1,0.33910321080140765,0.34698673750929215,0.022719965507826897,True
MHxPC130484761,2,0.31772823980426473,0.32511927455172335,0.02273330228621303,True
MHxPC130458792,1,0.2975111833590381,0.3044342297041412,0.022740696247695723,True
MHxPC130321118,4,0.3473218934113053,0.3554068165884176,0.022748362720558385,True
MHxPC130350375,4,0.3473218934113053,0.3554068165884176,0.022748362720558385,True
MHxPC130225398,4,0.3473218934113053,0.3554068165884176,0.022748362720558385,True
MHxPC130094067,4,0.3473218934113053,0.3554068165884176,0.022748362720558385,True
MHxPC130084543,4,0.3473218934113053,0.3554068165884176,0.022748362720558385,True
MHxPC130019601,4,0.3473218934113053,0.3554068165884176,0.022748362720558385,True
MHxPC130403068,4,0.3473218934113053,0.3554068165884176,0.022748362720558385,True
MHxPC130390775,1,0.30614557926618946,0.3132727177183925,0.022750587743838473,True
MHxPC130042830,1,0.30614557926618946,0.3132727177183925,0.022750587743838473,True
MHxPC130396385,1,0.30614557926618946,0.3132727177183925,0.022750587743838473,True
MHxPC130452682,1,0.30614557926618946,0.3132727177183925,0.022750587743838473,True
MHxPC130523178,4,0.24365397278405868,0.24932641318890508,0.022751060877567817,True
MHxPC130383414,0,0.2154365458255291,0.22045360119223106,0.022757874398827337,True
MHxPC130108062,4,0.23455851457963395,0.24002131137207444,0.02275963230603393,True
MHxPC130541949,4,0.26401703095864415,0.2701789725530822,0.02280688810165424,True
MHxPC130304406,4,0.2632665754071849,0.2694161323254073,0.022825496250517042,True
MHxPC130258001,4,0.2632665754071849,0.2694161323254073,0.022825496250517042,True
MHxPC130581709,1,0.19265163517848916,0.19715406719671794,0.022837124702765114,True
MHxPC130554545,2,0.24483635982305751,0.2505595317844064,0.022841565517744328,True
MHxPC130415191,1,0.2110180181845474,0.2159513933533907,0.022844840647868087,True
MHxPC130148625,1,0.5258780339366207,0.5381793565444429,0.02285729182703498,True
MHxPC130362152,3,0.2112119561355548,0.21615448684358385,0.022865732653542477,True
MHxPC130333512,4,0.3079111879596167,0.3151168365817259,0.022866593547566327,True
MHxPC130244212,2,0.31069320637450554,0.3179674849773041,0.022877429128697797,True
MHxPC130056872,2,0.20291885747824115,0.2076716844849921,0.022886254419024674,True
MHxPC130412719,1,0.3132600937245807,0.32059773605727543,0.022887380375586474,True
MHxPC130404525,0,0.2073701659832061,0.2122338860237154,0.022916793032597187,True
MHxPC130221605,2,0.2836264037682611,0.2902808395784573,0.02292413036926482,True
MHxPC130101890,1,0.5361612042600888,0.5487451753016883,0.02293226730363702,True
MHxPC130146723,0,0.22123601254882963,0.22642918201777715,0.02293507145443734,True
MHxPC130346752,0,0.2246547612356481,0.22992845440059204,0.022936235441986096,True
MHxPC130305822,4,0.3134097112283767,0.3207682085654829,0.022940232668363092,True
MHxPC130507494,2,0.2898203159912985,0.2966312697496777,0.02296101069899628,True
MHxPC130524410,4,0.5169870175004333,0.5291494778216281,0.02298492360091622,True
MHxPC130422939,4,0.2547207534752678,0.26071550729383963,0.02299346855427149,True
MHxPC130128540,4,0.2547207534752678,0.26071550729383963,0.02299346855427149,True
MHxPC130385666,4,0.2547207534752678,0.26071550729383963,0.02299346855427149,True
MHxPC130352694,4,0.2547207534752678,0.26071550729383963,0.02299346855427149,True
MHxPC130513760,4,0.2547207534752678,0.26071550729383963,0.02299346855427149,True
MHxPC130246047,4,0.2547207534752678,0.26071550729383963,0.02299346855427149,True
MHxPC130108028,4,0.2547207534752678,0.26071550729383963,0.02299346855427149,True
MHxPC130562304,4,0.2547207534752678,0.26071550729383963,0.02299346855427149,True
MHxPC130319190,4,0.2547207534752678,0.26071550729383963,0.02299346855427149,True
MHxPC130104178,4,0.2547207534752678,0.26071550729383963,0.02299346855427149,True
MHxPC130453554,4,0.2547207534752678,0.26071550729383963,0.02299346855427149,True
MHxPC130577742,4,0.2547207534752678,0.26071550729383963,0.02299346855427149,True
MHxPC130089225,4,0.2547207534752678,0.26071550729383963,0.02299346855427149,True
MHxPC130478004,4,0.2547207534752678,0.26071550729383963,0.02299346855427149,True
MHxPC130218751,4,0.2547207534752678,0.26071550729383963,0.02299346855427149,True
MHxPC130242201,4,0.2547207534752678,0.26071550729383963,0.02299346855427149,True
MHxPC130040035,4,0.2547207534752678,0.26071550729383963,0.02299346855427149,True
MHxPC130551439,4,0.2547207534752678,0.26071550729383963,0.02299346855427149,True
MHxPC130460992,4,0.2547207534752678,0.26071550729383963,0.02299346855427149,True
MHxPC130322053,4,0.2547207534752678,0.26071550729383963,0.02299346855427149,True
MHxPC130476022,4,0.2547207534752678,0.26071550729383963,0.02299346855427149,True
MHxPC130227595,4,0.2547207534752678,0.26071550729383963,0.02299346855427149,True
MHxPC130031865,4,0.2547207534752678,0.26071550729383963,0.02299346855427149,True
MHxPC130164546,4,0.2547207534752678,0.26071550729383963,0.02299346855427149,True
MHxPC130098900,4,0.2547207534752678,0.26071550729383963,0.02299346855427149,True
MHxPC130072440,4,0.2547207534752678,0.26071550729383963,0.02299346855427149,True
MHxPC130541155,4,0.2547207534752678,0.26071550729383963,0.02299346855427149,True
MHxPC130500940,4,0.2547207534752678,0.26071550729383963,0.02299346855427149,True
MHxPC130149965,4,0.2547207534752678,0.26071550729383963,0.02299346855427149,True
MHxPC130528970,4,0.24986025411283555,0.255745066909322,0.02301046455208076,True
MHxPC130357147,1,0.23271068504356016,0.23819567015641047,0.023027224253273,True
MHxPC130429429,1,0.2188567730930719,0.2240165572557926,0.023033048208258175,True
MHxPC130350320,1,0.5190475277576062,0.5312894844041818,0.023041970537595706,True
MHxPC130236576,0,0.23289535050130844,0.23838833782428792,0.023042181396592778,True
MHxPC130452462,2,0.281841914105762,0.28849842041978613,0.023072938508080728,True
MHxPC130533829,1,0.3020637508442519,0.30920081143045614,0.02308228284779083,True
MHxPC130036743,1,0.2359184638554535,0.24150088198895378,0.023115518616431435,True
MHxPC130467496,4,0.3834073619731492,0.3924867103474203,0.0231328810247722,True
MHxPC130206960,2,0.2425485045926112,0.2482928249103935,0.02313526506396376,True
MHxPC130074436,4,0.24467227399153313,0.2504669055361955,0.02313531814615313,True
MHxPC130455845,4,0.46326207928034946,0.47424245133415277,0.023153498854674454,True
MHxPC130363366,4,0.31849331862519026,0.3260492640671987,0.023174244737602472,True
MHxPC130246676,3,0.22362034627545832,0.22893163307504547,0.023200318489171246,True
MHxPC130114419,1,0.22407722302533523,0.22939981409864735,0.023202246672367755,True
MHxPC130253867,1,0.22407722302533523,0.22939981409864735,0.023202246672367755,True
MHxPC130140211,4,0.4710838037058789,0.48227768578359254,0.023210449928916205,True
MHxPC130258797,1,0.22037368174205949,0.22561299188614806,0.023222555138724035,True
MHxPC130278554,2,0.38103095776033963,0.39009499871279996,0.023235470801648388,True
MHxPC130179891,4,0.3330858220595093,0.34100990297831224,0.023237099127021196,True
MHxPC130297428,0,0.21800303449436206,0.22319332217676666,0.023254672818095973,True
MHxPC130191178,4,0.22098991374550023,0.22625517357244893,0.02327133450171788,True
MHxPC130171070,4,0.2155558928124654,0.22069431211366417,0.023282971146770318,True
MHxPC130071707,4,0.2155558928124654,0.22069431211366417,0.023282971146770318,True
MHxPC130033648,4,0.2155558928124654,0.22069431211366417,0.023282971146770318,True
MHxPC130033966,4,0.2343312989767834,0.239918278628732,0.023287011243500626,True
MHxPC130545583,4,0.2374547356982398,0.24312143551644197,0.023308104471186947,True
MHxPC130331080,4,0.21023849136009354,0.2152559898008442,0.0233094486494563,True
MHxPC130482616,4,0.34064478959148753,0.348775847167488,0.023313132609483124,True
MHxPC130103979,4,0.21920629937399563,0.22443895323900245,0.023314374753096567,True
MHxPC130561590,4,0.3643705679590427,0.3730707717606382,0.023320518411390094,True
MHxPC130022140,1,0.25583439293292287,0.26194620912623706,0.023332333053038324,True
MHxPC130514229,4,0.24560921695310436,0.25147926424354133,0.023342072787171073,True
MHxPC130011707,0,0.2172580479255768,0.22245949779753205,0.02338155899591786,True
MHxPC130261772,4,0.20999568079070444,0.21502405531773025,0.02338517204317274,True
MHxPC130514539,0,0.299351336714774,0.3065194556382692,0.023385526731309645,True
MHxPC130383762,4,0.19683602393916474,0.20155555620539528,0.023415540385406663,True
MHxPC130456025,0,0.21298031670625503,0.21808726523414415,0.023416995588468537,True
MHxPC130553006,1,0.3380951807005266,0.3462057758836784,0.023427093792556777,True
MHxPC130338495,4,0.21779625177808368,0.2230226967707319,0.02343458790663362,True
MHxPC130534891,0,0.22630055350067066,0.2317325781098422,0.023440919069207228,True
MHxPC130166993,2,0.25517172419028533,0.2612970683288275,0.023442069892777206,True
MHxPC130362709,2,0.19920685748723915,0.20398915207513835,0.023443867182396348,True
MHxPC130320161,1,0.2892455454417795,0.296190014270511,0.023445992417519892,True
MHxPC130396731,3,0.2652569147088259,0.27162614041382876,0.0234485005577858,True
MHxPC130303467,0,0.35256737432220736,0.36103978357960176,0.023466691602218977,True
MHxPC130099627,4,0.2470252090269146,0.25296378988414825,0.023476011566530456,True
MHxPC130449345,4,0.25734334298540623,0.2635336214625988,0.023489520778551185,True
MHxPC130161531,0,0.26893976817081483,0.27540953523631384,0.02349144179030569,True
MHxPC130372505,0,0.2280735045394311,0.23356084079300754,0.023494247729822053,True
MHxPC130542207,0,0.21019313321768704,0.21525087353430272,0.0234969560567645,True
MHxPC130134360,4,0.2661662125663158,0.27257782522529456,0.023522135939265647,True
MHxPC130354646,2,0.2569513401420751,0.2631412515525652,0.023523151060386212,True
MHxPC130264179,4,0.228881362120552,0.23439658406019703,0.02352944673557461,True
MHxPC130320920,4,0.26636626144577014,0.27278676239670385,0.02353670278763973,True
MHxPC130243642,4,0.26636626144577014,0.27278676239670385,0.02353670278763973,True
MHxPC130083100,4,0.26636626144577014,0.27278676239670385,0.02353670278763973,True
MHxPC130156228,4,0.26636626144577014,0.27278676239670385,0.02353670278763973,True
MHxPC130376269,4,0.33902546829174984,0.34719753691961247,0.023537230996413225,True
MHxPC130333460,4,0.2999983919710201,0.307238368066387,0.02356468738241224,True
MHxPC130437843,0,0.2736262395293953,0.28023029957940804,0.023566545301934295,True
MHxPC130421840,1,0.20303046695582555,0.20793523313701237,0.023587951436565727,True
MHxPC130304027,0,0.2238822608514875,0.22929176651513813,0.023592236851180177,True
MHxPC130378467,0,0.21613962521826618,0.221365112676797,0.023605740739103147,True
MHxPC130201680,0,0.23130919764789198,0.23690200348734902,0.023608098526510364,True
MHxPC130014783,4,0.2337238486754712,0.2393760799927192,0.0236123480567479,True
MHxPC130434156,4,0.24737952537017924,0.2533650772453431,0.02362421822391804,True
MHxPC130499494,1,0.24586865284000697,0.2518178267531933,0.023624911666865905,True
MHxPC130456461,1,0.24586865284000697,0.2518178267531933,0.023624911666865905,True
MHxPC130458493,4,0.22719789701091575,0.23270071015273824,0.023647599262634825,True
MHxPC130393965,2,0.310200260339094,0.3177177649772037,0.02366095153240525,True
MHxPC130545877,4,0.26853410902373775,0.27504243418304863,0.023662985599449002,True
MHxPC130426168,1,0.21031022052908385,0.2154089455840744,0.023669978241458403,True
MHxPC130289315,4,0.3017976343137386,0.3091143949840257,0.02367007421529235,True
MHxPC130419125,1,0.3291337540267627,0.3371154234136686,0.02367636967209225,True
MHxPC130535985,4,0.3157822612811869,0.32344019063384594,0.023676492824382066,True
MHxPC130456352,4,0.1929285645273045,0.19760800960666053,0.023680442349834293,True
MHxPC130097249,0,0.3341796694104653,0.3422892501165008,0.02369218636949701,True
MHxPC130450252,4,0.2164481791112259,0.22170456046439857,0.02370894555421982,True
MHxPC130292277,4,0.2164481791112259,0.22170456046439857,0.02370894555421982,True
MHxPC130198844,0,0.26310462917882294,0.2694941626947621,0.023709357753979175,True
MHxPC130179198,1,0.2203257560075618,0.22567861690437657,0.023718954725262534,True
MHxPC130267338,4,0.287139109881351,0.2941165302309723,0.023723319271248912,True
MHxPC130561870,1,0.23733635839825987,0.24310863422775722,0.023743606835821288,True
MHxPC130490368,1,0.20527412385658825,0.2102682464903877,0.02375119742118433,True
MHxPC130223835,4,0.19797265705631317,0.20278939030471357,0.02375239277144985,True
MHxPC130069736,0,0.23476871127099383,0.24048192382613584,0.023757347181206694,True
MHxPC130239065,0,0.3008504529742705,0.30817565038119166,0.023769552843842183,True
MHxPC130449197,0,0.3008504529742705,0.30817565038119166,0.023769552843842183,True
MHxPC130536555,4,0.5508402200110282,0.5642560856677211,0.02377620019962581,True
MHxPC130440537,1,0.2219464168679901,0.22735435866700449,0.023786400360747632,True
MHxPC130579310,1,0.19817119259609497,0.20300049004535226,0.02378958517872725,True
MHxPC130461421,4,0.19986350210921372,0.20473783477414698,0.023807679075586067,True
MHxPC130145548,0,0.24064390891843007,0.24651400450732983,0.023812422343434097,True
MHxPC130451860,0,0.24064390891843007,0.24651400450732983,0.023812422343434097,True
MHxPC130346695,1,0.24662784878652305,0.25265086995183206,0.023839305071291842,True
MHxPC130539599,0,0.2827128081211745,0.2896215563487952,0.023854399219167304,True
MHxPC130162481,2,0.23583149499227457,0.24159634010274342,0.023861475335335117,True
MHxPC130430480,4,0.20489554020629072,0.20990421834431205,0.023861731686618374,True
MHxPC130369841,3,0.3721611539849938,0.3812631205686486,0.023873189124821077,True
MHxPC130542651,3,0.3721611539849938,0.3812631205686486,0.023873189124821077,True
MHxPC130077317,3,0.3721611539849938,0.3812631205686486,0.023873189124821077,True
MHxPC130250661,3,0.3721611539849938,0.3812631205686486,0.023873189124821077,True
MHxPC130456402,3,0.3721611539849938,0.3812631205686486,0.023873189124821077,True
MHxPC130293395,3,0.24638736094703614,0.2524206078925587,0.02390156253839062,True
MHxPC130323408,3,0.21304560446498347,0.21826461153652593,0.02391137543920664,True
MHxPC130465069,4,0.2533933505218034,0.2596033754871798,0.023921202695159488,True
MHxPC130441512,4,0.24884156570740718,0.2549403587217414,0.023922430504582717,True
MHxPC130159960,4,0.2434272778498543,0.2493937562225703,0.02392392842181357,True
MHxPC130113028,4,0.2434272778498543,0.2493937562225703,0.02392392842181357,True
MHxPC130481895,4,0.2434272778498543,0.2493937562225703,0.02392392842181357,True
MHxPC130089271,4,0.2434272778498543,0.2493937562225703,0.02392392842181357,True
MHxPC130303183,4,0.2571919953417488,0.2634959381870777,0.02392425055468305,True
MHxPC130439742,1,0.19785599620887606,0.20270739157211226,0.02393299684639441,True
MHxPC130319568,1,0.3069355142783168,0.3144617431491985,0.02393368679925829,True
MHxPC130252402,1,0.3069355142783168,0.3144617431491985,0.02393368679925829,True
MHxPC130277259,0,0.32685428548828577,0.33487187938551627,0.02394227282369197,True
MHxPC130016663,4,0.19985656029888518,0.20476263293251518,0.023959804400673614,True
MHxPC130354136,0,0.233044532041035,0.23876817868836553,0.02397156387744988,True
MHxPC130387296,2,0.3405415565985055,0.34890707351292,0.023976346567547394,True
MHxPC130032214,2,0.3405415565985055,0.34890707351292,0.023976346567547394,True
MHxPC130187905,2,0.3405415565985055,0.34890707351292,0.023976346567547394,True
MHxPC130547360,2,0.3560600766943379,0.36481438358115714,0.023996605618680937,True
MHxPC130299036,2,0.22771528454636508,0.2333155872950232,0.024003123038567633,True
MHxPC130533295,4,0.23296582082280826,0.23869573251299633,0.024005086433106212,True
MHxPC130413807,3,0.37760217268227086,0.38689376000131026,0.024015862439879954,True
MHxPC130222111,4,0.2167794504675013,0.22211711397756745,0.024030852078355484,True
MHxPC130297746,0,0.26092474341129085,0.2673505515982246,0.02403514093582441,True
MHxPC130132325,3,0.20374583171384217,0.20876915486590322,0.024061615593010566,True
MHxPC130397859,0,0.2634356049513618,0.2699337019625166,0.02407293703569151,True
MHxPC130146468,4,0.19354124217825114,0.19832248751186152,0.02410843769456258,True
MHxPC130387825,1,0.20144786107934465,0.20642641495793573,0.02411781399006316,True
MHxPC130044314,1,0.20144786107934465,0.20642641495793573,0.02411781399006316,True
MHxPC130391989,4,0.20414143126680762,0.20918918305932402,0.02413008033539148,True
MHxPC130244956,2,0.24192110220144333,0.24790565475117687,0.024140443894836692,True
MHxPC130118071,4,0.2118887368387759,0.21713058413438047,0.024141450715024205,True
MHxPC130315605,1,0.19434570520246097,0.19915375490611276,0.024142400457970014,True
MHxPC130267591,0,0.22807748926513022,0.23372039983216786,0.02414385124742964,True
MHxPC130268128,0,0.2545241941306111,0.2608312924630986,0.024180757887322116,True
MHxPC130106059,4,0.3387920792172114,0.3471951094009903,0.024202616788803612,True
MHxPC130283802,2,0.413617406438518,0.42387693885376093,0.024204035357494377,True
MHxPC130334060,2,0.413617406438518,0.42387693885376093,0.024204035357494377,True
MHxPC130055641,1,0.21450146285233354,0.21982633880469124,0.024223102569563712,True
MHxPC130538861,4,0.21951287817367884,0.224962268910412,0.02422357652741886,True
MHxPC130401796,4,0.20089082229008545,0.20587927984930884,0.024230012669923074,True
MHxPC130405167,4,0.2266153663484236,0.23225151466108193,0.02426743403970043,True
MHxPC130517031,4,0.2266153663484236,0.23225151466108193,0.02426743403970043,True
MHxPC130056128,4,0.2266153663484236,0.23225151466108193,0.02426743403970043,True
MHxPC130372235,4,0.2266153663484236,0.23225151466108193,0.02426743403970043,True
MHxPC130558098,4,0.2266153663484236,0.23225151466108193,0.02426743403970043,True
MHxPC130563690,4,0.2266153663484236,0.23225151466108193,0.02426743403970043,True
MHxPC130342167,3,0.2810921364215977,0.288084788307978,0.024272895238414326,True
MHxPC130440251,3,0.2810921364215977,0.288084788307978,0.024272895238414326,True
MHxPC130531996,3,0.2810921364215977,0.288084788307978,0.024272895238414326,True
MHxPC130549937,3,0.2810921364215977,0.288084788307978,0.024272895238414326,True
MHxPC130308745,3,0.2810921364215977,0.288084788307978,0.024272895238414326,True
MHxPC130315947,3,0.2810921364215977,0.288084788307978,0.024272895238414326,True
MHxPC130217036,3,0.2810921364215977,0.288084788307978,0.024272895238414326,True
MHxPC130168685,3,0.2810921364215977,0.288084788307978,0.024272895238414326,True
MHxPC130501909,3,0.2810921364215977,0.288084788307978,0.024272895238414326,True
MHxPC130129511,3,0.2810921364215977,0.288084788307978,0.024272895238414326,True
MHxPC130437747,3,0.2810921364215977,0.288084788307978,0.024272895238414326,True
MHxPC130280598,3,0.2810921364215977,0.288084788307978,0.024272895238414326,True
MHxPC130164570,4,0.2866871770703128,0.2938210778017801,0.024279744614782113,True
MHxPC130456822,2,0.6237681570501543,0.6392904302305009,0.024280471670364175,True
MHxPC130356900,2,0.23779643906457645,0.24372130313729262,0.02430999669068151,True
MHxPC130277634,1,0.2006460515922473,0.2056485678033891,0.02432555823060475,True
MHxPC130248812,1,0.2006460515922473,0.2056485678033891,0.02432555823060475,True
MHxPC130041548,1,0.2006460515922473,0.2056485678033891,0.02432555823060475,True
MHxPC130115937,1,0.3080705580016674,0.3157514649481162,0.02432579987462896,True
MHxPC130531354,4,0.3134043795267472,0.3212200671927804,0.024331255934090194,True
MHxPC130373651,0,0.23712572535688378,0.2430434962653944,0.02434860837439827,True
MHxPC130496508,4,0.29677259099362363,0.3041815541967346,0.024357043025426486,True
MHxPC130036528,1,0.29147428511932927,0.2987540676999313,0.024367141296679648,True
MHxPC130332838,4,0.21003268884414758,0.21527874608079153,0.024368672394046602,True
MHxPC130389619,0,0.6566015846056676,0.6730042265562495,0.024372271827346248,True
MHxPC130438587,4,0.2518958141640804,0.25819483339307125,0.024396379843129267,True
MHxPC130368135,4,0.23647861703072764,0.24239251448827326,0.024398020170015286,True
MHxPC130151155,2,0.19977923562179092,0.20477597765126868,0.02440101659769463,True
MHxPC130003789,0,0.2215449439381872,0.22708647954287142,0.024402754474152005,True
MHxPC130501333,0,0.2215449439381872,0.22708647954287142,0.024402754474152005,True
MHxPC130550296,0,0.45537548103981584,0.4667779002421155,0.02442793284854594,True
MHxPC130329574,3,0.2649075591524452,0.271542109352851,0.02443285947883929,True
MHxPC130318720,4,0.1966679692023569,0.2015936957589733,0.024433931517906262,True
MHxPC130519709,0,0.21665001074581838,0.2220768727318311,0.024436862421806198,True
MHxPC130093184,1,0.5244865242668633,0.5376303075770035,0.024447623441053237,True
MHxPC130461298,2,0.20733738972594487,0.212533729461021,0.024449482669192748,True
MHxPC130001525,1,0.3412107564940271,0.3497632479362934,0.02445223016634396,True
MHxPC130010355,3,0.33957856231710826,0.34809201418315594,0.024457475377668823,True
MHxPC130243983,3,0.33957856231710826,0.34809201418315594,0.024457475377668823,True
MHxPC130379816,3,0.33957856231710826,0.34809201418315594,0.024457475377668823,True
MHxPC130557602,3,0.33957856231710826,0.34809201418315594,0.024457475377668823,True
MHxPC130380090,3,0.33957856231710826,0.34809201418315594,0.024457475377668823,True
MHxPC130426950,3,0.33957856231710826,0.34809201418315594,0.024457475377668823,True
MHxPC130094068,3,0.33957856231710826,0.34809201418315594,0.024457475377668823,True
MHxPC130023548,3,0.33957856231710826,0.34809201418315594,0.024457475377668823,True
MHxPC130570927,3,0.33957856231710826,0.34809201418315594,0.024457475377668823,True
MHxPC130368543,3,0.33957856231710826,0.34809201418315594,0.024457475377668823,True
MHxPC130330850,3,0.33957856231710826,0.34809201418315594,0.024457475377668823,True
MHxPC130153649,3,0.33957856231710826,0.34809201418315594,0.024457475377668823,True
MHxPC130559223,3,0.33957856231710826,0.34809201418315594,0.024457475377668823,True
MHxPC130199555,3,0.33957856231710826,0.34809201418315594,0.024457475377668823,True
MHxPC130241895,3,0.33957856231710826,0.34809201418315594,0.024457475377668823,True
MHxPC130007177,3,0.33957856231710826,0.34809201418315594,0.024457475377668823,True
MHxPC130528125,3,0.33957856231710826,0.34809201418315594,0.024457475377668823,True
MHxPC130086545,3,0.33957856231710826,0.34809201418315594,0.024457475377668823,True
MHxPC130593736,3,0.33957856231710826,0.34809201418315594,0.024457475377668823,True
MHxPC130447329,3,0.33957856231710826,0.34809201418315594,0.024457475377668823,True
MHxPC130497043,3,0.36918647256948817,0.37844657421998945,0.024468715748285318,True
MHxPC130113750,3,0.36918647256948817,0.37844657421998945,0.024468715748285318,True
MHxPC130297805,1,0.1990317239628816,0.20402413759764282,0.024469720561234694,True
MHxPC130325039,4,0.2852658680837323,0.2924225888541698,0.024473898540056122,True
MHxPC130228443,4,0.21694641660913663,0.22238919108564975,0.02447409629012463,True
MHxPC130026576,4,0.3419960539561125,0.3505764429832167,0.024475087242285136,True
MHxPC130479320,4,0.21151075033423222,0.21681905143506647,0.024482632248873152,True
MHxPC130432922,0,0.5530396313668586,0.5669231466907887,0.02448923704204022,True
MHxPC130250792,4,0.3202841369058079,0.3283275664703901,0.024498185306373106,True
MHxPC130429883,4,0.23889318595066503,0.24489381040119365,0.024502964941001123,True
MHxPC130449576,4,0.2166417244233405,0.2220842168830853,0.024506435153876575,True
MHxPC130387437,1,0.21173495776988988,0.21705665428856982,0.02451754605783669,True
MHxPC130332971,1,0.21173495776988988,0.21705665428856982,0.02451754605783669,True
MHxPC130057849,4,0.280940186619773,0.2880047845697256,0.024529446483005535,True
MHxPC130431414,4,0.280940186619773,0.2880047845697256,0.024529446483005535,True
MHxPC130004750,4,0.280940186619773,0.2880047845697256,0.024529446483005535,True
MHxPC130459542,1,0.20289320100211766,0.20799767710049266,0.024541024541869315,True
MHxPC130162155,4,0.2212480191081977,0.22681583106384526,0.024547721953677524,True
MHxPC130383409,4,0.2212480191081977,0.22681583106384526,0.024547721953677524,True
MHxPC130365260,4,0.2212480191081977,0.22681583106384526,0.024547721953677524,True
MHxPC130501643,1,0.5266622650012885,0.5399179896394645,0.024551366860414422,True
MHxPC130129990,4,0.23684616805549003,0.24280820728981584,0.02455452103894298,True
MHxPC130515549,4,0.24858408498549323,0.25484225541747596,0.024557035966153894,True
MHxPC130257043,4,0.25294520177273105,0.2593175348047296,0.024573475283100294,True
MHxPC130255789,1,0.22707568475498147,0.2327968641768755,0.024575844018015533,True
MHxPC130130189,4,0.3354967093560564,0.34395241075719696,0.024583928289747037,True
MHxPC130195071,4,0.30951366312525974,0.31732285507302516,0.024609610757372943,True
MHxPC130249082,0,0.22036424880399932,0.22592554293467362,0.024615605913503757,True
MHxPC130008958,1,0.30216063545404015,0.3097906858695641,0.024629695996530202,True
MHxPC130303834,1,0.21505804242654938,0.22048867055812932,0.02462996451397357,True
MHxPC130203642,3,0.39882837269722643,0.4089010130062421,0.0246334442533208,True
MHxPC130075258,3,0.39882837269722643,0.4089010130062421,0.0246334442533208,True
MHxPC130179009,1,0.35653639012378213,0.3655567888921687,0.024675779639391087,True
MHxPC130138504,0,0.20742891720771525,0.21267739621794018,0.024678123315213893,True
MHxPC130242827,4,0.21142381364938825,0.21677351737462197,0.024678769759446714,True
MHxPC130131932,3,0.25129535947886333,0.2576562719521957,0.024687590273418776,True
MHxPC130043449,0,0.23572672617389395,0.2416966660066004,0.024700133151788733,True
MHxPC130220473,1,0.22277933112835938,0.22842294027340845,0.024706840470112235,True
MHxPC130572340,1,0.5152170032920155,0.5282726863991135,0.02471390901560711,True
MHxPC130010071,4,0.5231114193759604,0.5363691120869091,0.02471747983280682,True
MHxPC130461411,1,0.3023953922042085,0.31006378603387813,0.024731665467155665,True
MHxPC130112090,1,0.3023953922042085,0.31006378603387813,0.024731665467155665,True
MHxPC130266281,4,0.23841157608611996,0.2444580023203488,0.02473400820115245,True
MHxPC130164621,2,0.2436851783882046,0.24986728958332585,0.024741578641327637,True
MHxPC130567020,4,0.34954193728757965,0.35841201786672583,0.02474827889963356,True
MHxPC130026346,3,0.23220160183504687,0.23809783846290042,0.02476392337670162,True
MHxPC130296157,1,0.3074263199696153,0.31523336951134556,0.024765936277089784,True
MHxPC130396097,1,0.3074263199696153,0.31523336951134556,0.024765936277089784,True
MHxPC130290820,1,0.35257172187815095,0.36153434468454676,0.02479051558494688,True
MHxPC130340116,4,0.1940217183254952,0.19895424587194158,0.02479227083005426,True
MHxPC130595202,2,0.24365219258446041,0.24984780480560345,0.02479754515339286,True
MHxPC130018380,4,0.24542337137203143,0.25166435034012424,0.02479882017321138,True
MHxPC130274723,2,0.6196514296240851,0.6354104413988523,0.02480131069309116,True
MHxPC130307924,1,0.5067975494907383,0.5196922450328161,0.024812176177967684,True
MHxPC130040061,4,0.3868693646583319,0.3967138311285606,0.02481503214098554,True
MHxPC130259509,4,0.25701861382927604,0.2635588489397752,0.024815084512657185,True
MHxPC130242199,2,0.21793792412377544,0.2234838810037341,0.02481591448586839,True
MHxPC130414612,1,0.2457310404540845,0.2519856926293689,0.02482145755983049,True
MHxPC130338534,1,0.2457310404540845,0.2519856926293689,0.02482145755983049,True
MHxPC130052029,1,0.2457310404540845,0.2519856926293689,0.02482145755983049,True
MHxPC130135380,0,0.5516512322764076,0.5656927755557734,0.024821853638789134,True
MHxPC130047910,1,0.19655075897647215,0.20155670310861779,0.024836406107754026,True
MHxPC130511030,1,0.19655075897647215,0.20155670310861779,0.024836406107754026,True
MHxPC130004801,4,0.26351780263983465,0.27023368759819355,0.024852138229133916,True
MHxPC130372310,4,0.33330261815263873,0.3417998139185359,0.024860153282360773,True
MHxPC130421439,4,0.33330261815263873,0.3417998139185359,0.024860153282360773,True
MHxPC130029519,4,0.33330261815263873,0.3417998139185359,0.024860153282360773,True
MHxPC130100427,4,0.5168815113128021,0.5300590819228734,0.02486056943363289,True
MHxPC130519429,4,0.5100161038474827,0.5230197010433933,0.024862538007591667,True
MHxPC130499433,4,0.19632764627597998,0.20133425636878785,0.024867154666601606,True
MHxPC130514692,2,0.2681218947193418,0.2749628720173322,0.024879640104861926,True
MHxPC130551842,0,0.2376286343450613,0.24369215139516612,0.0248818725403772,True
MHxPC130315769,0,0.22443912009427827,0.23016961273383688,0.024896825308496396,True
MHxPC130093254,1,0.2661337367903934,0.2729293297650557,0.024898727375735216,True
MHxPC130539705,1,0.2661337367903934,0.2729293297650557,0.024898727375735216,True
MHxPC130005440,1,0.19781943487387854,0.20287293160173403,0.024909664822984668,True
MHxPC130144220,1,0.19781943487387854,0.20287293160173403,0.024909664822984668,True
MHxPC130343317,4,0.2916407594429589,0.29909293434204187,0.024915917574169992,True
MHxPC130148832,4,0.25528011843433807,0.2618113410816166,0.02494629384768508,True
MHxPC130164471,1,0.2970901334333153,0.3046910842890854,0.024946417035814777,True
MHxPC130463232,4,0.23346687330718874,0.2394413621783486,0.02495178283654163,True
MHxPC130431263,2,0.20133953302503496,0.20649302322641075,0.024957212214018518,True
MHxPC130516134,1,0.2354495770194269,0.24147650184073105,0.024958638937379044,True
MHxPC130024019,4,0.40922313867575155,0.4197083871738324,0.02498222293980067,True
MHxPC130580631,0,0.3050053126033811,0.31282131707423233,0.024985523825399984,True
MHxPC130318099,0,0.3050053126033811,0.31282131707423233,0.024985523825399984,True
MHxPC130098167,0,0.2074502139904149,0.21276911370969978,0.024998457842626196,True
MHxPC130196090,0,0.2482934738209711,0.2546618453885434,0.025007168065777328,True
MHxPC130167648,1,0.2224523472782958,0.22816038273531922,0.0250176449942456,True
MHxPC130203308,4,0.2431170621347583,0.24935693182213106,0.025023846908028672,True
MHxPC130145279,4,0.22570152204858737,0.23149697072861397,0.02503466313959096,True
MHxPC130325707,1,0.31284910183328696,0.3208885999264274,0.02505386010903378,True
MHxPC130530434,1,0.21077830202365508,0.21619696783922415,0.025063560649003593,True
MHxPC130175386,0,0.2488384770550437,0.2552367989334056,0.025068179451785567,True
MHxPC130555014,0,0.2488384770550437,0.2552367989334056,0.025068179451785567,True
MHxPC130321700,0,0.2488384770550437,0.2552367989334056,0.025068179451785567,True
MHxPC130090079,0,0.2488384770550437,0.2552367989334056,0.025068179451785567,True
MHxPC130462541,0,0.2488384770550437,0.2552367989334056,0.025068179451785567,True
MHxPC130445070,1,0.2379372683101797,0.24406110387748514,0.025091403218349437,True
MHxPC130008329,4,0.2036489046603234,0.20889131815978718,0.025096368511848346,True
MHxPC130293443,1,0.25571310843264583,0.2622986916164972,0.025107190368604895,True
MHxPC130001741,0,0.2053686046340069,0.21066496244086072,0.025141142340367285,True
MHxPC130460718,4,0.5116963020255271,0.5249015195773475,0.02515751442756987,True
MHxPC130546716,0,0.2736810467525978,0.2807482352545035,0.025172690740154244,True
MHxPC130517500,0,0.2736810467525978,0.2807482352545035,0.025172690740154244,True
MHxPC130015174,0,0.2736810467525978,0.2807482352545035,0.025172690740154244,True
MHxPC130421560,0,0.2736810467525978,0.2807482352545035,0.025172690740154244,True
MHxPC130543736,1,0.27701104049069114,0.28416612196162233,0.02517922059652667,True
MHxPC130201084,0,0.22153415325348286,0.2272585179445353,0.025188779469421406,True
MHxPC130225898,1,0.29434443263331755,0.3019503095466472,0.025189167465167448,True
MHxPC130231345,4,0.269072200942476,0.276026926461103,0.02519582276914934,True
MHxPC130087299,4,0.215908721296608,0.2214987899047631,0.025237467936319757,True
MHxPC130348948,2,0.27821169912203203,0.2854150607737128,0.02523819742431835,True
MHxPC130298313,0,0.4547757110842148,0.4665561090030245,0.02524969171228531,True
MHxPC130498542,0,0.24136367328555156,0.2476177592219349,0.025257016928167654,True
MHxPC130294607,4,0.5798841861051516,0.5949227155397144,0.025278122757373428,True
MHxPC130438361,4,0.222126707427205,0.22788859502738376,0.025283790965872584,True
MHxPC130477732,4,0.222126707427205,0.22788859502738376,0.025283790965872584,True
MHxPC130408544,4,0.222126707427205,0.22788859502738376,0.025283790965872584,True
MHxPC130215780,4,0.2133210438820368,0.21885539510382873,0.025287707525630556,True
MHxPC130297238,4,0.3411314274509388,0.3499893658758056,0.025309164473328812,True
MHxPC130520899,1,0.3085826650102689,0.3165987562808735,0.02531940227678295,True
MHxPC130367703,3,0.22573862037495765,0.2316035839434768,0.025323285022871244,True
MHxPC130333103,4,0.23523955268180402,0.24135404868945817,0.02533413481503872,True
MHxPC130043431,1,0.3182290565814548,0.32650083674814206,0.02533463696164433,True
MHxPC130508092,2,0.2829312164294586,0.2902869704077627,0.02533959401612662,True
MHxPC130356989,1,0.22302472906116363,0.2288267172190652,0.025355379076417373,True
MHxPC130551669,1,0.20136449956191457,0.2066046564597993,0.025363208108062914,True
MHxPC130188196,1,0.20136449956191457,0.2066046564597993,0.025363208108062914,True
MHxPC130047904,1,0.20136449956191457,0.2066046564597993,0.025363208108062914,True
MHxPC130108433,1,0.20136449956191457,0.2066046564597993,0.025363208108062914,True
MHxPC130541248,0,0.22468525169019193,0.23053481556378014,0.025373884891455166,True
MHxPC130184713,0,0.22468525169019193,0.23053481556378014,0.025373884891455166,True
MHxPC130513072,1,0.19771886380039527,0.20287125820702698,0.02539736013947213,True
MHxPC130405452,4,0.3283206828771828,0.3368785783180949,0.025403501414777988,True
MHxPC130219738,1,0.19967342903894789,0.20488102080751436,0.02541763872535076,True
MHxPC130432849,4,0.34239569273110165,0.3513269525260901,0.02542150475723944,True
MHxPC130500301,2,0.2753986142320459,0.2825835557903315,0.02542590115759105,True
MHxPC130115076,0,0.2235031784701253,0.2293362516190849,0.025434588329489378,True
MHxPC130069343,1,0.20129559346833922,0.20655105701911378,0.025443895696395415,True
MHxPC130417237,4,0.3626111214956798,0.3720793966709262,0.025446921436556493,True
MHxPC130403946,4,0.3626111214956798,0.3720793966709262,0.025446921436556493,True
MHxPC130510788,4,0.3626111214956798,0.3720793966709262,0.025446921436556493,True
MHxPC130577469,4,0.3626111214956798,0.3720793966709262,0.025446921436556493,True
MHxPC130114783,4,0.3626111214956798,0.3720793966709262,0.025446921436556493,True
MHxPC130545643,4,0.3626111214956798,0.3720793966709262,0.025446921436556493,True
MHxPC130454675,4,0.3626111214956798,0.3720793966709262,0.025446921436556493,True
MHxPC130026688,4,0.3626111214956798,0.3720793966709262,0.025446921436556493,True
MHxPC130020359,4,0.3626111214956798,0.3720793966709262,0.025446921436556493,True
MHxPC130539883,4,0.2630291533007695,0.2698985202960365,0.02545166601036716,True
MHxPC130291369,2,0.23480808702473377,0.24094121433428786,0.025454870087293736,True
MHxPC130498720,1,0.19237606939014817,0.19740137429276536,0.0254572944115585,True
MHxPC130004918,1,0.19237606939014817,0.19740137429276536,0.0254572944115585,True
MHxPC130254233,4,0.2995100708323907,0.3073394769709476,0.02547478187872699,True
MHxPC130204320,3,0.24200156864919628,0.24832894063551889,0.02547980098545788,True
MHxPC130277487,4,0.334851946960353,0.34361349771184135,0.025498272942804844,True
MHxPC130155340,3,0.24316388016949175,0.2495287821486219,0.02550768662566206,True
MHxPC130190830,1,0.28887798145074434,0.2964449223382438,0.025525621514493682,True
MHxPC130175496,0,0.20983623816449043,0.21533377258357764,0.0255302935212053,True
MHxPC130476929,4,0.2280002564538109,0.23397699822994925,0.025544142464228467,True
MHxPC130485522,3,0.28929399202681627,0.2968845727194909,0.025567447385844985,True
MHxPC130112761,3,0.28929399202681627,0.2968845727194909,0.025567447385844985,True
MHxPC130056896,3,0.28929399202681627,0.2968845727194909,0.025567447385844985,True
MHxPC130533054,3,0.28929399202681627,0.2968845727194909,0.025567447385844985,True
MHxPC130054631,3,0.28929399202681627,0.2968845727194909,0.025567447385844985,True
MHxPC130297169,3,0.28929399202681627,0.2968845727194909,0.025567447385844985,True
MHxPC130453047,3,0.28929399202681627,0.2968845727194909,0.025567447385844985,True
MHxPC130464814,3,0.28929399202681627,0.2968845727194909,0.025567447385844985,True
MHxPC130530616,3,0.28929399202681627,0.2968845727194909,0.025567447385844985,True
MHxPC130202105,3,0.28929399202681627,0.2968845727194909,0.025567447385844985,True
MHxPC130073853,3,0.28929399202681627,0.2968845727194909,0.025567447385844985,True
MHxPC130050966,3,0.28929399202681627,0.2968845727194909,0.025567447385844985,True
MHxPC130551978,3,0.28929399202681627,0.2968845727194909,0.025567447385844985,True
MHxPC130131646,3,0.28929399202681627,0.2968845727194909,0.025567447385844985,True
MHxPC130545551,3,0.28929399202681627,0.2968845727194909,0.025567447385844985,True
MHxPC130110084,3,0.28929399202681627,0.2968845727194909,0.025567447385844985,True
MHxPC130094918,3,0.28929399202681627,0.2968845727194909,0.025567447385844985,True
MHxPC130192120,3,0.28929399202681627,0.2968845727194909,0.025567447385844985,True
MHxPC130220497,3,0.28929399202681627,0.2968845727194909,0.025567447385844985,True
MHxPC130547259,3,0.28929399202681627,0.2968845727194909,0.025567447385844985,True
MHxPC130020167,3,0.28929399202681627,0.2968845727194909,0.025567447385844985,True
MHxPC130416772,3,0.28929399202681627,0.2968845727194909,0.025567447385844985,True
MHxPC130345135,3,0.28929399202681627,0.2968845727194909,0.025567447385844985,True
MHxPC130303282,3,0.28929399202681627,0.2968845727194909,0.025567447385844985,True
MHxPC130188520,3,0.28929399202681627,0.2968845727194909,0.025567447385844985,True
MHxPC130071127,3,0.28929399202681627,0.2968845727194909,0.025567447385844985,True
MHxPC130099869,3,0.28929399202681627,0.2968845727194909,0.025567447385844985,True
MHxPC130031783,3,0.28929399202681627,0.2968845727194909,0.025567447385844985,True
MHxPC130279801,3,0.28929399202681627,0.2968845727194909,0.025567447385844985,True
MHxPC130308546,3,0.28929399202681627,0.2968845727194909,0.025567447385844985,True
MHxPC130047563,3,0.28929399202681627,0.2968845727194909,0.025567447385844985,True
MHxPC130474113,3,0.28929399202681627,0.2968845727194909,0.025567447385844985,True
MHxPC130580483,3,0.28929399202681627,0.2968845727194909,0.025567447385844985,True
MHxPC130542328,3,0.28929399202681627,0.2968845727194909,0.025567447385844985,True
MHxPC130079012,3,0.28929399202681627,0.2968845727194909,0.025567447385844985,True
MHxPC130525305,3,0.28929399202681627,0.2968845727194909,0.025567447385844985,True
MHxPC130304777,3,0.28929399202681627,0.2968845727194909,0.025567447385844985,True
MHxPC130139914,3,0.28929399202681627,0.2968845727194909,0.025567447385844985,True
MHxPC130430345,3,0.28929399202681627,0.2968845727194909,0.025567447385844985,True
MHxPC130055638,3,0.28929399202681627,0.2968845727194909,0.025567447385844985,True
MHxPC130513850,0,0.23590798520184572,0.2421008434145358,0.025579663934034286,True
MHxPC130211177,4,0.37366775239138555,0.3834802664737865,0.02558805482386333,True
MHxPC130502493,1,0.23726608415781672,0.2434968157065703,0.02558855453888986,True
MHxPC130543006,0,0.22982078705474115,0.23585751664522578,0.02559481536289134,True
MHxPC130315943,4,0.28449610402067943,0.2919749322123496,0.025614624293262674,True
MHxPC130411100,3,0.249585664649149,0.25615349822754374,0.02564022597325792,True
MHxPC130291255,1,0.5307850828269547,0.5447587236234709,0.025651063838997037,True
MHxPC130517352,4,0.22126252530784965,0.22709413341144205,0.025679254747752005,True
MHxPC130473809,1,0.25098641921042214,0.25760474168269315,0.025691772709770945,True
MHxPC130099454,1,0.1941884292925682,0.19931377423354935,0.025714956031967197,True
MHxPC130452561,2,0.3325440712062899,0.3413275543019813,0.025733296316067134,True
MHxPC130473127,2,0.3325440712062899,0.3413275543019813,0.025733296316067134,True
MHxPC130505662,2,0.3325440712062899,0.3413275543019813,0.025733296316067134,True
MHxPC130285703,0,0.24011174426216153,0.24645566991071954,0.02574063583465598,True
MHxPC130375485,0,0.24011174426216153,0.24645566991071954,0.02574063583465598,True
MHxPC130488756,0,0.24011174426216153,0.24645566991071954,0.02574063583465598,True
MHxPC130270817,0,0.24011174426216153,0.24645566991071954,0.02574063583465598,True
MHxPC130167420,0,0.24011174426216153,0.24645566991071954,0.02574063583465598,True
MHxPC130381466,0,0.24011174426216153,0.24645566991071954,0.02574063583465598,True
MHxPC130227461,0,0.24011174426216153,0.24645566991071954,0.02574063583465598,True
MHxPC130023557,0,0.24011174426216153,0.24645566991071954,0.02574063583465598,True
MHxPC130278404,0,0.24011174426216153,0.24645566991071954,0.02574063583465598,True
MHxPC130443719,0,0.24011174426216153,0.24645566991071954,0.02574063583465598,True
MHxPC130114516,0,0.24011174426216153,0.24645566991071954,0.02574063583465598,True
MHxPC130139077,0,0.24011174426216153,0.24645566991071954,0.02574063583465598,True
MHxPC130215343,0,0.4403191232315549,0.4519558125979373,0.025747405038320577,True
MHxPC130253849,1,0.2379875436729586,0.24427797834133025,0.025751132832702615,True
MHxPC130187765,4,0.30324651497348903,0.31126808701060554,0.025770621441327513,True
MHxPC130507961,1,0.32605492717845586,0.33468082643357305,0.02577350888916026,True
MHxPC130391980,2,0.5921989975767626,0.6078669180416653,0.02577524783776551,True
MHxPC130542027,4,0.3028545503194794,0.31086777435093543,0.025776953073334642,True
MHxPC130545576,2,0.22268563738702152,0.22857951754689768,0.025784813193802065,True
MHxPC130462353,3,0.20699188471348562,0.2124707044028347,0.025786235823652578,True
MHxPC130220958,4,0.20902507135101325,0.21456052138631168,0.025799014653455132,True
MHxPC130234083,0,0.2236856685706353,0.22961516858469938,0.02582364244754519,True
MHxPC130539631,4,0.5184607223087232,0.5322088104015685,0.025832131720014112,True
MHxPC130507406,4,0.2156853888986927,0.22140726171783592,0.02584320304017507,True
MHxPC130186199,0,0.26485011030576844,0.27187687041572955,0.025845376619263085,True
MHxPC130028176,0,0.26485011030576844,0.27187687041572955,0.025845376619263085,True
MHxPC130370102,0,0.26485011030576844,0.27187687041572955,0.025845376619263085,True
MHxPC130372184,0,0.26485011030576844,0.27187687041572955,0.025845376619263085,True
MHxPC130040634,0,0.26485011030576844,0.27187687041572955,0.025845376619263085,True
MHxPC130460800,0,0.26485011030576844,0.27187687041572955,0.025845376619263085,True
MHxPC130470391,0,0.26485011030576844,0.27187687041572955,0.025845376619263085,True
MHxPC130417447,0,0.26485011030576844,0.27187687041572955,0.025845376619263085,True
MHxPC130586949,0,0.26485011030576844,0.27187687041572955,0.025845376619263085,True
MHxPC130133509,0,0.26485011030576844,0.27187687041572955,0.025845376619263085,True
MHxPC130154499,0,0.26485011030576844,0.27187687041572955,0.025845376619263085,True
MHxPC130496804,0,0.26485011030576844,0.27187687041572955,0.025845376619263085,True
MHxPC130078450,0,0.26485011030576844,0.27187687041572955,0.025845376619263085,True
MHxPC130292323,0,0.26485011030576844,0.27187687041572955,0.025845376619263085,True
MHxPC130153747,0,0.26485011030576844,0.27187687041572955,0.025845376619263085,True
MHxPC130052081,0,0.26485011030576844,0.27187687041572955,0.025845376619263085,True
MHxPC130536655,0,0.26485011030576844,0.27187687041572955,0.025845376619263085,True
MHxPC130559493,0,0.26485011030576844,0.27187687041572955,0.025845376619263085,True
MHxPC130337636,0,0.26485011030576844,0.27187687041572955,0.025845376619263085,True
MHxPC130193980,0,0.26485011030576844,0.27187687041572955,0.025845376619263085,True
MHxPC130466968,0,0.26485011030576844,0.27187687041572955,0.025845376619263085,True
MHxPC130497284,0,0.26485011030576844,0.27187687041572955,0.025845376619263085,True
MHxPC130016296,0,0.26485011030576844,0.27187687041572955,0.025845376619263085,True
MHxPC130477888,0,0.26485011030576844,0.27187687041572955,0.025845376619263085,True
MHxPC130468207,0,0.26485011030576844,0.27187687041572955,0.025845376619263085,True
MHxPC130008826,0,0.26485011030576844,0.27187687041572955,0.025845376619263085,True
MHxPC130174249,0,0.26485011030576844,0.27187687041572955,0.025845376619263085,True
MHxPC130121598,0,0.26485011030576844,0.27187687041572955,0.025845376619263085,True
MHxPC130351101,0,0.26485011030576844,0.27187687041572955,0.025845376619263085,True
MHxPC130331238,0,0.26485011030576844,0.27187687041572955,0.025845376619263085,True
MHxPC130247642,0,0.26485011030576844,0.27187687041572955,0.025845376619263085,True
MHxPC130157140,0,0.26485011030576844,0.27187687041572955,0.025845376619263085,True
MHxPC130572735,0,0.26485011030576844,0.27187687041572955,0.025845376619263085,True
MHxPC130322962,0,0.26485011030576844,0.27187687041572955,0.025845376619263085,True
MHxPC130046621,0,0.26485011030576844,0.27187687041572955,0.025845376619263085,True
MHxPC130533030,0,0.26485011030576844,0.27187687041572955,0.025845376619263085,True
MHxPC130471518,0,0.26485011030576844,0.27187687041572955,0.025845376619263085,True
MHxPC130579132,0,0.26485011030576844,0.27187687041572955,0.025845376619263085,True
MHxPC130258525,0,0.26485011030576844,0.27187687041572955,0.025845376619263085,True
MHxPC130058616,0,0.26485011030576844,0.27187687041572955,0.025845376619263085,True
MHxPC130357625,0,0.26485011030576844,0.27187687041572955,0.025845376619263085,True
MHxPC130465030,0,0.26485011030576844,0.27187687041572955,0.025845376619263085,True
MHxPC130023307,0,0.26485011030576844,0.27187687041572955,0.025845376619263085,True
MHxPC130579182,0,0.26485011030576844,0.27187687041572955,0.025845376619263085,True
MHxPC130437726,0,0.26485011030576844,0.27187687041572955,0.025845376619263085,True
MHxPC130308426,0,0.26485011030576844,0.27187687041572955,0.025845376619263085,True
MHxPC130307058,0,0.26485011030576844,0.27187687041572955,0.025845376619263085,True
MHxPC130089819,0,0.26485011030576844,0.27187687041572955,0.025845376619263085,True
MHxPC130365139,0,0.26485011030576844,0.27187687041572955,0.025845376619263085,True
MHxPC130574787,0,0.26485011030576844,0.27187687041572955,0.025845376619263085,True
MHxPC130259259,0,0.26485011030576844,0.27187687041572955,0.025845376619263085,True
MHxPC130584231,0,0.26485011030576844,0.27187687041572955,0.025845376619263085,True
MHxPC130094360,0,0.26485011030576844,0.27187687041572955,0.025845376619263085,True
MHxPC130426319,0,0.26485011030576844,0.27187687041572955,0.025845376619263085,True
MHxPC130400109,0,0.26485011030576844,0.27187687041572955,0.025845376619263085,True
MHxPC130580574,0,0.26485011030576844,0.27187687041572955,0.025845376619263085,True
MHxPC130394202,0,0.26485011030576844,0.27187687041572955,0.025845376619263085,True
MHxPC130374254,0,0.26485011030576844,0.27187687041572955,0.025845376619263085,True
MHxPC130409097,0,0.26485011030576844,0.27187687041572955,0.025845376619263085,True
MHxPC130369575,0,0.26485011030576844,0.27187687041572955,0.025845376619263085,True
MHxPC130547985,0,0.26485011030576844,0.27187687041572955,0.025845376619263085,True
MHxPC130438896,0,0.26485011030576844,0.27187687041572955,0.025845376619263085,True
MHxPC130576341,0,0.26485011030576844,0.27187687041572955,0.025845376619263085,True
MHxPC130249753,0,0.26485011030576844,0.27187687041572955,0.025845376619263085,True
MHxPC130374643,0,0.26485011030576844,0.27187687041572955,0.025845376619263085,True
MHxPC130484887,0,0.26485011030576844,0.27187687041572955,0.025845376619263085,True
MHxPC130061244,0,0.26485011030576844,0.27187687041572955,0.025845376619263085,True
MHxPC130595709,0,0.26485011030576844,0.27187687041572955,0.025845376619263085,True
MHxPC130391822,0,0.26485011030576844,0.27187687041572955,0.025845376619263085,True
MHxPC130044410,0,0.26485011030576844,0.27187687041572955,0.025845376619263085,True
MHxPC130363826,0,0.26485011030576844,0.27187687041572955,0.025845376619263085,True
MHxPC130403910,0,0.26485011030576844,0.27187687041572955,0.025845376619263085,True
MHxPC130588198,0,0.26485011030576844,0.27187687041572955,0.025845376619263085,True
MHxPC130079658,0,0.26485011030576844,0.27187687041572955,0.025845376619263085,True
MHxPC130203941,0,0.26485011030576844,0.27187687041572955,0.025845376619263085,True
MHxPC130106065,0,0.26485011030576844,0.27187687041572955,0.025845376619263085,True
MHxPC130558194,0,0.26485011030576844,0.27187687041572955,0.025845376619263085,True
MHxPC130277718,0,0.26485011030576844,0.27187687041572955,0.025845376619263085,True
MHxPC130456032,0,0.26485011030576844,0.27187687041572955,0.025845376619263085,True
MHxPC130579031,0,0.26485011030576844,0.27187687041572955,0.025845376619263085,True
MHxPC130285723,2,0.2435973683069115,0.2500641925645182,0.025860656782910597,True
MHxPC130221202,0,0.22545946562524835,0.2314451536881648,0.025862231148642643,True
MHxPC130195289,4,0.2999055465072788,0.3078680294340576,0.02586329909414742,True
MHxPC130129819,1,0.5603196693944548,0.575203349324684,0.02587550984830557,True
MHxPC130413181,0,0.2077712366979401,0.21329737758226722,0.025908152022149137,True
MHxPC130313571,2,0.26643571778871716,0.2735261676781256,0.025922382306588616,True
MHxPC130045814,2,0.26643571778871716,0.2735261676781256,0.025922382306588616,True
MHxPC130339911,2,0.26643571778871716,0.2735261676781256,0.025922382306588616,True
MHxPC130184226,2,0.26643571778871716,0.2735261676781256,0.025922382306588616,True
MHxPC130086404,2,0.26643571778871716,0.2735261676781256,0.025922382306588616,True
MHxPC130373012,2,0.26643571778871716,0.2735261676781256,0.025922382306588616,True
MHxPC130360692,2,0.26643571778871716,0.2735261676781256,0.025922382306588616,True
MHxPC130468419,2,0.26643571778871716,0.2735261676781256,0.025922382306588616,True
MHxPC130028537,2,0.26643571778871716,0.2735261676781256,0.025922382306588616,True
MHxPC130003936,2,0.26643571778871716,0.2735261676781256,0.025922382306588616,True
MHxPC130591783,2,0.26643571778871716,0.2735261676781256,0.025922382306588616,True
MHxPC130493421,2,0.26643571778871716,0.2735261676781256,0.025922382306588616,True
MHxPC130044667,2,0.26643571778871716,0.2735261676781256,0.025922382306588616,True
MHxPC130385430,2,0.26643571778871716,0.2735261676781256,0.025922382306588616,True
MHxPC130233179,2,0.26643571778871716,0.2735261676781256,0.025922382306588616,True
MHxPC130452875,2,0.26643571778871716,0.2735261676781256,0.025922382306588616,True
MHxPC130561132,2,0.26643571778871716,0.2735261676781256,0.025922382306588616,True
MHxPC130314477,2,0.26643571778871716,0.2735261676781256,0.025922382306588616,True
MHxPC130554481,2,0.26643571778871716,0.2735261676781256,0.025922382306588616,True
MHxPC130267756,4,0.24290074399970135,0.24936966784986817,0.025941101441661295,True
MHxPC130167077,4,0.20606515597853442,0.21155323862284786,0.02594185123347351,True
MHxPC130462345,1,0.20153777613922383,0.20690541439255042,0.02594247361329492,True
MHxPC130513434,4,0.25326164553742164,0.2600073642679144,0.025944337190164632,True
MHxPC130268924,4,0.25326164553742164,0.2600073642679144,0.025944337190164632,True
MHxPC130381511,4,0.25326164553742164,0.2600073642679144,0.025944337190164632,True
MHxPC130099575,4,0.25326164553742164,0.2600073642679144,0.025944337190164632,True
MHxPC130231079,4,0.25326164553742164,0.2600073642679144,0.025944337190164632,True
MHxPC130589850,4,0.26781752483455334,0.27495171539333857,0.025947066918928813,True
MHxPC130323741,0,0.3162399522178615,0.3246668634408991,0.02595556298455331,True
MHxPC130159566,4,0.5255325645515191,0.5395404690037964,0.02596265758922844,True
MHxPC130139491,4,0.22183451587729108,0.22775129249105197,0.025979113220590613,True
MHxPC130476329,4,0.23221555961306295,0.23841328899170997,0.025995737925760175,True
MHxPC130320606,4,0.22390335225042768,0.22988518854268158,0.026020973035169204,True
MHxPC130317720,4,0.22390335225042768,0.22988518854268158,0.026020973035169204,True
MHxPC130364577,4,0.22390335225042768,0.22988518854268158,0.026020973035169204,True
MHxPC130414332,4,0.22390335225042768,0.22988518854268158,0.026020973035169204,True
MHxPC130392509,4,0.22390335225042768,0.22988518854268158,0.026020973035169204,True
MHxPC130375081,3,0.3312849543010629,0.3401377901008905,0.026027204437359633,True
MHxPC130334048,3,0.3312849543010629,0.3401377901008905,0.026027204437359633,True
MHxPC130177611,3,0.3312849543010629,0.3401377901008905,0.026027204437359633,True
MHxPC130312517,2,0.2039235541463178,0.20937568396606487,0.026039937954928635,True
MHxPC130112371,0,0.21073591427940427,0.2163710744118009,0.0260439624275826,True
MHxPC130097145,4,0.24481314608515098,0.25136002840252597,0.026045836957381566,True
MHxPC130398167,1,0.2455861053874182,0.2521633948430659,0.02608344268104835,True
MHxPC130181565,1,0.260738195028962,0.2677233946748814,0.026091106660297937,True
MHxPC130342078,2,0.3158426398268467,0.3243059600882504,0.0260967151485612,True
MHxPC130237453,4,0.19324605131877148,0.19842448468542725,0.026097753887910625,True
MHxPC130030740,4,0.24525098940346762,0.25183700908495815,0.026151913515097023,True
MHxPC130270748,4,0.24525098940346762,0.25183700908495815,0.026151913515097023,True
MHxPC130467150,1,0.30611126263455907,0.3143372681193629,0.026169361126088916,True
MHxPC130491946,4,0.21349859679650787,0.21923978040641687,0.02618677869165097,True
MHxPC130327996,4,0.22188944992586462,0.2278582793281085,0.02619535888642855,True
MHxPC130459256,2,0.24507591221034314,0.2516770437864501,0.026228580393323788,True
MHxPC130445916,1,0.19906298385390736,0.20442585966209947,0.026233842514134673,True
MHxPC130330198,0,0.22102782947189611,0.22698331791840853,0.026237560104100603,True
MHxPC130098763,4,0.24947448853893703,0.25620008947871037,0.026251360619966618,True
MHxPC130222717,0,0.2520383156938178,0.25883525583515,0.026259715352150912,True
MHxPC130387907,0,0.237499534674344,0.24390460663625518,0.026260561660745165,True
MHxPC130432640,4,0.2786045425913627,0.2861275249724141,0.026292410636749204,True
MHxPC130257492,3,0.29839065568065887,0.3064480392427236,0.026292821393067777,True
MHxPC130566687,3,0.29839065568065887,0.3064480392427236,0.026292821393067777,True
MHxPC130017615,3,0.29839065568065887,0.3064480392427236,0.026292821393067777,True
MHxPC130278428,3,0.29839065568065887,0.3064480392427236,0.026292821393067777,True
MHxPC130559104,2,0.30620039015069006,0.31446950961961206,0.0262954570028887,True
MHxPC130488197,2,0.30620039015069006,0.31446950961961206,0.0262954570028887,True
MHxPC130065652,2,0.30620039015069006,0.31446950961961206,0.0262954570028887,True
MHxPC130515252,2,0.30620039015069006,0.31446950961961206,0.0262954570028887,True
MHxPC130422865,2,0.30620039015069006,0.31446950961961206,0.0262954570028887,True
MHxPC130165803,1,0.2022274187260763,0.20769262292516166,0.026313906204818115,True
MHxPC130051163,4,0.5110658219103794,0.5248887148436411,0.02633490212754786,True
MHxPC130139053,4,0.24943726653664477,0.25618601575330424,0.026343160054287322,True
MHxPC130133458,0,0.20179936851414879,0.2072594168291076,0.02634403009760854,True
MHxPC130255855,2,0.21673166025037569,0.22259647362112545,0.026347287876321335,True
MHxPC130436286,4,0.5432163975352895,0.5579165566781321,0.026348311350299813,True
MHxPC130321900,0,0.48544065299114836,0.49857850808307763,0.026350624583561324,True
MHxPC130353763,1,0.2348324542420415,0.24118903710623157,0.026355189856288232,True
MHxPC130172783,4,0.5527148274307577,0.5676787387475161,0.02635982342719686,True
MHxPC130197949,0,0.24033195743682673,0.2468389710649873,0.026361370735285678,True
MHxPC130151524,0,0.234350169055281,0.24069678879273215,0.026367695926829873,True
MHxPC130252234,4,0.2981916152971753,0.3062695767140575,0.026375330855744922,True
MHxPC130472361,4,0.24279260892632956,0.24937612934644487,0.02639996232746552,True
MHxPC130430997,0,0.685316586810675,0.7039001217415539,0.026400812213102767,True
MHxPC130089040,4,0.23911493968838254,0.24559987791064639,0.026404484714862838,True
MHxPC130074241,0,0.4539320809801297,0.46624533618112224,0.02640939060505518,True
MHxPC130152278,4,0.2135054362321249,0.21929794023831298,0.026413855049861924,True
MHxPC130179990,4,0.23484851542486623,0.24122242536075794,0.026423372231496583,True
MHxPC130531647,4,0.21763581785266614,0.2235555954795122,0.026480113880167144,True
MHxPC130126914,4,0.21763581785266614,0.2235555954795122,0.026480113880167144,True
MHxPC130020252,4,0.2842651825414081,0.29199967734398286,0.026488025168135164,True
MHxPC130518108,1,0.3031854197708324,0.31144027547435066,0.026505421275220056,True
MHxPC130191213,1,0.26550673609234693,0.2727359724034067,0.02650635428599393,True
MHxPC130408315,4,0.31193808094762165,0.3204324611378526,0.026509112591363255,True
MHxPC130381811,4,0.19949995372409002,0.2049329391229953,0.0265110402561715,True
MHxPC130299819,4,0.19949995372409002,0.2049329391229953,0.0265110402561715,True
MHxPC130526506,4,0.2406711122481896,0.24722590710905862,0.026513381779109037,True
MHxPC130239171,2,0.25451832460526114,0.261453667997753,0.026526089481182798,True
MHxPC130050372,4,0.263466772357995,0.27064741645583995,0.02653136021720198,True
MHxPC130312371,4,0.263466772357995,0.27064741645583995,0.02653136021720198,True
MHxPC130595413,4,0.263466772357995,0.27064741645583995,0.02653136021720198,True
MHxPC130302843,4,0.263466772357995,0.27064741645583995,0.02653136021720198,True
MHxPC130095880,2,0.2974747043968991,0.3055831561501947,0.026534354365102143,True
MHxPC130192897,4,0.3120765333989459,0.3205843083461911,0.026538338670206708,True
MHxPC130439272,4,0.3120765333989459,0.3205843083461911,0.026538338670206708,True
MHxPC130069994,4,0.3120765333989459,0.3205843083461911,0.026538338670206708,True
MHxPC130484186,4,0.3120765333989459,0.3205843083461911,0.026538338670206708,True
MHxPC130035181,4,0.3120765333989459,0.3205843083461911,0.026538338670206708,True
MHxPC130334214,4,0.3258611664813444,0.3347476363021846,0.026546773919019433,True
MHxPC130395440,0,0.2558899023300715,0.2628718651045426,0.026560327297462667,True
MHxPC130089089,1,0.3519374765049996,0.36155385825502473,0.02659737001960609,True
MHxPC130493490,2,0.24779086163120523,0.2545628413858523,0.026602389090961073,True
MHxPC130060220,4,0.2484769116162585,0.25526770869808885,0.02660264831954116,True
MHxPC130498974,0,0.2197160691336529,0.225724569269822,0.02661872456155531,True
MHxPC130300630,4,0.23704958157698147,0.243532414879965,0.026620001720012724,True
MHxPC130358586,3,0.22079479052844653,0.22683486535690944,0.02662762983529566,True
MHxPC130270921,4,0.23699275737122305,0.24347867850004798,0.026638558943976074,True
MHxPC130550283,4,0.3173260153757967,0.3260108203891416,0.02663962197014907,True
MHxPC130308854,1,0.24980739026322007,0.25664464971234185,0.026640958448910852,True
MHxPC130108323,1,0.21499526166715396,0.22088145312528762,0.026648645120941457,True
MHxPC130159346,2,0.4130258123054581,0.42433669466535856,0.026655442487292975,True
MHxPC130441206,1,0.5218848949563957,0.536179623426288,0.026660335166313,True
MHxPC130099764,1,0.19762994990686358,0.2030432138713653,0.026660649530159695,True
MHxPC130403049,4,0.22858200059119702,0.23484547939235112,0.026670638146241894,True
MHxPC130494251,4,0.2611499261098865,0.2683097153726096,0.026684793179330396,True
MHxPC130101802,4,0.2847231312976345,0.2925314797698853,0.02669233573902239,True
MHxPC130543179,4,0.26127152211682053,0.2684389751224253,0.02670049310960142,True
MHxPC130095837,2,0.21155255127333544,0.21735833879187255,0.02671067303332831,True
MHxPC130244571,4,0.34451854762017875,0.3539753343663318,0.02671594833883573,True
MHxPC130078246,4,0.28992236611573985,0.2978807257767239,0.026716598196250028,True
MHxPC130361766,0,0.3385390770549139,0.34783834093071797,0.026734441783852442,True
MHxPC130411856,0,0.3385390770549139,0.34783834093071797,0.026734441783852442,True
MHxPC130231760,0,0.3385390770549139,0.34783834093071797,0.026734441783852442,True
MHxPC130509850,0,0.3385390770549139,0.34783834093071797,0.026734441783852442,True
MHxPC130390037,0,0.3385390770549139,0.34783834093071797,0.026734441783852442,True
MHxPC130359438,0,0.3385390770549139,0.34783834093071797,0.026734441783852442,True
MHxPC130534875,0,0.3385390770549139,0.34783834093071797,0.026734441783852442,True
MHxPC130383161,0,0.3385390770549139,0.34783834093071797,0.026734441783852442,True
MHxPC130451579,0,0.3385390770549139,0.34783834093071797,0.026734441783852442,True
MHxPC130481301,0,0.3385390770549139,0.34783834093071797,0.026734441783852442,True
MHxPC130398964,0,0.3385390770549139,0.34783834093071797,0.026734441783852442,True
MHxPC130004954,0,0.3385390770549139,0.34783834093071797,0.026734441783852442,True
MHxPC130157535,0,0.3385390770549139,0.34783834093071797,0.026734441783852442,True
MHxPC130131454,3,0.2615594008794712,0.26874572502452043,0.0267402361261506,True
MHxPC130517472,4,0.5088678782186279,0.5228499987083549,0.02674212589512931,True
MHxPC130135261,0,0.21650653445530074,0.22246047126017313,0.026764021361391006,True
MHxPC130094038,3,0.2444520419497858,0.2511805316600789,0.026787465038885887,True
MHxPC130208588,1,0.24904691486214586,0.2559027204567506,0.02679067101110958,True
MHxPC130172125,0,0.20976714983235822,0.21554178599170684,0.02679126060304057,True
MHxPC130557894,4,0.24269696433391985,0.2493818972307162,0.026806007055964278,True
MHxPC130168117,2,0.24353521784302878,0.25024378706330336,0.02680813497510541,True
MHxPC130504990,1,0.5416882776599161,0.5566121511143287,0.0268119792651584,True
MHxPC130010591,1,0.3186603817400258,0.327440319385447,0.026813856222409362,True
MHxPC130302177,4,0.23046042743749962,0.23681215809964712,0.02682180979692262,True
MHxPC130418427,0,0.21990535722568263,0.22596810513835922,0.0268301046688177,True
MHxPC130542676,0,0.23006778862926247,0.2364122371727348,0.026836379619540374,True
MHxPC130168784,3,0.2462885267747447,0.2530843628180253,0.026852058213359564,True
MHxPC130398378,0,0.2263326147267733,0.23257803059285403,0.02685299144618619,True
MHxPC130239607,0,0.2263326147267733,0.23257803059285403,0.02685299144618619,True
MHxPC130194800,0,0.2263326147267733,0.23257803059285403,0.02685299144618619,True
MHxPC130162588,0,0.2263326147267733,0.23257803059285403,0.02685299144618619,True
MHxPC130003012,0,0.2263326147267733,0.23257803059285403,0.02685299144618619,True
MHxPC130380173,0,0.2263326147267733,0.23257803059285403,0.02685299144618619,True
MHxPC130047718,0,0.2263326147267733,0.23257803059285403,0.02685299144618619,True
MHxPC130165477,0,0.2263326147267733,0.23257803059285403,0.02685299144618619,True
MHxPC130131659,0,0.2263326147267733,0.23257803059285403,0.02685299144618619,True
MHxPC130438668,0,0.2263326147267733,0.23257803059285403,0.02685299144618619,True
