userid_DI,x,y,cluster,method
MHxPC130204869,-0.015146953,0.016794734,0,DIST / DistilBERT
MHxPC130149879,0.007435974,0.029470248,0,DIST / DistilBERT
MHxPC130323467,0.04892865,0.033384115,1,DIST / DistilBERT
MHxPC130002105,0.11329071,-0.030117322,1,DIST / DistilBERT
MHxPC130530141,-0.0579567,0.008690823,0,DIST / DistilBERT
MHxPC130507066,0.007362734,0.010694412,0,DIST / DistilBERT
MHxPC130080205,0.07755201,0.0031129674,1,DIST / DistilBERT
MHxPC130130982,0.03781572,0.046012234,1,DIST / DistilBERT
MHxPC130277766,0.10017501,-0.020382369,1,DIST / DistilBERT
MHxPC130492328,-0.076829,-0.012765105,0,DIST / DistilBERT
MHxPC130560747,0.054147232,0.027537564,1,DIST / DistilBERT
MHxPC130243721,0.083162785,-0.004730298,1,DIST / DistilBERT
MHxPC130492433,-0.05432307,-0.020344181,0,DIST / DistilBERT
MHxPC130389852,-0.06750073,-0.0056164376,0,DIST / DistilBERT
MHxPC130078214,-0.02735693,0.002394778,0,DIST / DistilBERT
MHxPC130293650,0.05836003,0.029026441,1,DIST / DistilBERT
MHxPC130518209,-0.05242688,-0.01881582,0,DIST / DistilBERT
MHxPC130581095,-0.00943182,0.040030893,0,DIST / DistilBERT
MHxPC130479460,-0.047491938,0.02098132,0,DIST / DistilBERT
MHxPC130012940,0.016683474,0.0088206,1,DIST / DistilBERT
MHxPC130183080,0.032996677,-0.026690375,1,DIST / DistilBERT
MHxPC130068806,0.11294695,-0.07251781,1,DIST / DistilBERT
MHxPC130512926,-0.028532218,0.03175293,0,DIST / DistilBERT
MHxPC130446619,-0.07264406,-0.009741491,0,DIST / DistilBERT
MHxPC130182583,0.023892563,-0.010150852,1,DIST / DistilBERT
MHxPC130406107,-0.0579567,0.008690823,0,DIST / DistilBERT
MHxPC130014798,-0.009155039,0.029733684,0,DIST / DistilBERT
MHxPC130292126,-0.08929737,-0.032455202,0,DIST / DistilBERT
MHxPC130137767,0.01603937,0.0015235879,1,DIST / DistilBERT
MHxPC130270643,0.10765128,-0.017700857,1,DIST / DistilBERT
MHxPC130138858,-0.08295472,-0.01884553,0,DIST / DistilBERT
MHxPC130103156,-0.076829,-0.012765105,0,DIST / DistilBERT
MHxPC130176698,-0.08929737,-0.032455202,0,DIST / DistilBERT
MHxPC130588107,0.033229556,0.037356444,1,DIST / DistilBERT
MHxPC130101674,0.0014970164,0.038484458,0,DIST / DistilBERT
MHxPC130015142,0.00070355105,0.03750119,0,DIST / DistilBERT
MHxPC130011577,0.030190494,-0.019020263,1,DIST / DistilBERT
MHxPC130533319,-0.028532218,0.03175293,0,DIST / DistilBERT
MHxPC130451163,-0.08929737,-0.032455202,0,DIST / DistilBERT
MHxPC130351434,0.07366308,0.012792163,1,DIST / DistilBERT
MHxPC130364509,0.09980945,-0.062125813,1,DIST / DistilBERT
MHxPC130037771,-0.08929737,-0.032455202,0,DIST / DistilBERT
MHxPC130425520,0.086685486,-0.010007219,1,DIST / DistilBERT
MHxPC130591174,0.068240166,0.0044875816,1,DIST / DistilBERT
MHxPC130096219,-0.08929737,-0.032455202,0,DIST / DistilBERT
MHxPC130390346,0.056531347,0.014177523,1,DIST / DistilBERT
MHxPC130541508,0.064154826,0.038266577,1,DIST / DistilBERT
MHxPC130005501,0.003832634,0.03394255,0,DIST / DistilBERT
MHxPC130441506,0.101011164,-0.021868207,1,DIST / DistilBERT
MHxPC130427186,0.0877654,0.026093548,1,DIST / DistilBERT
MHxPC130445288,0.0048061702,0.022552626,0,DIST / DistilBERT
MHxPC130080284,0.029699426,-0.020575503,1,DIST / DistilBERT
MHxPC130162932,-0.037384782,0.006067289,0,DIST / DistilBERT
MHxPC130550045,-0.08929737,-0.032455202,0,DIST / DistilBERT
MHxPC130091068,0.11264812,-0.061137646,1,DIST / DistilBERT
MHxPC130535073,-0.06272971,0.00094150385,0,DIST / DistilBERT
MHxPC130520374,0.048542395,0.03719838,1,DIST / DistilBERT
MHxPC130581735,-0.047491938,0.02098132,0,DIST / DistilBERT
MHxPC130224977,0.09858916,0.012835185,1,DIST / DistilBERT
MHxPC130497905,-0.0579567,0.008690823,0,DIST / DistilBERT
MHxPC130076517,-0.06750073,-0.0056164376,0,DIST / DistilBERT
MHxPC130130499,0.06278518,0.013965267,1,DIST / DistilBERT
MHxPC130202654,-0.009691425,0.024603194,0,DIST / DistilBERT
MHxPC130097883,0.076499164,0.004913038,1,DIST / DistilBERT
MHxPC130293864,-0.08929737,-0.032455202,0,DIST / DistilBERT
MHxPC130584297,-0.07264406,-0.009741491,0,DIST / DistilBERT
MHxPC130091955,-0.08929737,-0.032455202,0,DIST / DistilBERT
MHxPC130068585,-0.08929737,-0.032455202,0,DIST / DistilBERT
MHxPC130290791,-0.040419374,0.017106943,0,DIST / DistilBERT
MHxPC130590875,0.0074349293,0.009259867,0,DIST / DistilBERT
MHxPC130420473,-0.08929737,-0.032455202,0,DIST / DistilBERT
MHxPC130129900,0.021208094,0.040154684,1,DIST / DistilBERT
MHxPC130556208,0.030619824,0.03238464,1,DIST / DistilBERT
MHxPC130090954,0.0728491,0.013491942,1,DIST / DistilBERT
MHxPC130044335,0.08414423,0.0038060006,1,DIST / DistilBERT
MHxPC130586130,0.015025139,-0.010997812,1,DIST / DistilBERT
MHxPC130520335,-0.076829,-0.012765105,0,DIST / DistilBERT
MHxPC130267513,-0.029187642,0.040070172,0,DIST / DistilBERT
MHxPC130376453,0.03608077,0.038922653,1,DIST / DistilBERT
MHxPC130283979,0.021526093,-0.013553818,1,DIST / DistilBERT
MHxPC130352556,0.0031775201,0.02124352,0,DIST / DistilBERT
MHxPC130515700,-0.076829,-0.012765105,0,DIST / DistilBERT
MHxPC130224834,-0.011734674,0.0002019536,0,DIST / DistilBERT
MHxPC130546769,-0.04785325,0.017590018,0,DIST / DistilBERT
MHxPC130045629,0.0101717925,0.020951713,0,DIST / DistilBERT
MHxPC130460800,-0.04229996,0.03043134,0,DIST / DistilBERT
MHxPC130523863,-0.020417629,0.016400492,0,DIST / DistilBERT
MHxPC130378522,0.11207301,-0.026478207,1,DIST / DistilBERT
MHxPC130117081,0.09119484,-0.010057626,1,DIST / DistilBERT
MHxPC130252904,-0.08929737,-0.032455202,0,DIST / DistilBERT
MHxPC130255930,0.059514634,0.025983082,1,DIST / DistilBERT
MHxPC130336831,-0.03544894,0.0091356365,0,DIST / DistilBERT
MHxPC130280466,-0.0579567,0.008690823,0,DIST / DistilBERT
MHxPC130446192,-0.0012993354,0.013525157,0,DIST / DistilBERT
MHxPC130565211,0.059620302,0.03391223,1,DIST / DistilBERT
MHxPC130481476,-0.009780806,0.049528975,0,DIST / DistilBERT
MHxPC130418926,0.072949484,0.014142772,1,DIST / DistilBERT
MHxPC130260107,0.034489647,-0.007696087,1,DIST / DistilBERT
MHxPC130412118,-0.04229991,0.030431274,0,DIST / DistilBERT
MHxPC130136647,-0.060837038,-0.009832821,0,DIST / DistilBERT
MHxPC130515331,-0.029187677,0.04007015,0,DIST / DistilBERT
MHxPC130136565,-0.039002,0.011595575,0,DIST / DistilBERT
MHxPC130029323,0.022480065,-0.009903054,1,DIST / DistilBERT
MHxPC130411702,0.0168548,-0.030564005,1,DIST / DistilBERT
MHxPC130486966,0.08525845,-0.0042826203,1,DIST / DistilBERT
MHxPC130330534,-0.089297414,-0.032455154,0,DIST / DistilBERT
MHxPC130388570,-0.010408976,0.04548621,0,DIST / DistilBERT
MHxPC130476216,-0.076828994,-0.01276505,0,DIST / DistilBERT
MHxPC130502207,-0.0474919,0.02098127,0,DIST / DistilBERT
MHxPC130493520,0.11597485,-0.04541074,1,DIST / DistilBERT
MHxPC130297640,-0.076828994,-0.01276505,0,DIST / DistilBERT
MHxPC130281841,-0.089297414,-0.032455154,0,DIST / DistilBERT
MHxPC130465242,0.084236495,0.010337294,1,DIST / DistilBERT
MHxPC130144160,-0.076828994,-0.01276505,0,DIST / DistilBERT
MHxPC130477311,0.115274474,-0.03600131,1,DIST / DistilBERT
MHxPC130057350,0.07167206,0.024792505,1,DIST / DistilBERT
MHxPC130240289,-0.076828994,-0.01276505,0,DIST / DistilBERT
MHxPC130408102,0.07778321,0.002452897,1,DIST / DistilBERT
MHxPC130563358,-0.076828994,-0.01276505,0,DIST / DistilBERT
MHxPC130494505,-0.0474919,0.02098127,0,DIST / DistilBERT
MHxPC130120421,-0.089297414,-0.032455154,0,DIST / DistilBERT
MHxPC130097890,0.020837354,-0.0059408545,1,DIST / DistilBERT
MHxPC130136218,-0.0474919,0.02098127,0,DIST / DistilBERT
MHxPC130441299,-0.058816027,-0.014097338,0,DIST / DistilBERT
MHxPC130039051,0.035056572,0.03986367,1,DIST / DistilBERT
MHxPC130497271,-0.089297414,-0.032455154,0,DIST / DistilBERT
MHxPC130277193,-0.0474919,0.02098127,0,DIST / DistilBERT
MHxPC130241027,0.107682765,-0.0139999585,1,DIST / DistilBERT
MHxPC130520306,-0.089297414,-0.032455154,0,DIST / DistilBERT
MHxPC130555612,0.030790923,-0.0052161315,1,DIST / DistilBERT
MHxPC130436828,-0.03904586,0.043868646,0,DIST / DistilBERT
MHxPC130263254,0.00942158,0.034878116,0,DIST / DistilBERT
MHxPC130058451,-0.057956688,0.008690839,0,DIST / DistilBERT
MHxPC130597293,0.118276075,-0.007187196,1,DIST / DistilBERT
MHxPC130553426,-0.07264403,-0.009741533,0,DIST / DistilBERT
MHxPC130290461,-0.07264403,-0.009741533,0,DIST / DistilBERT
MHxPC130221103,-0.0410217,0.018322265,0,DIST / DistilBERT
MHxPC130007735,0.08245119,0.010424807,1,DIST / DistilBERT
MHxPC130091192,0.10256498,-0.01593877,1,DIST / DistilBERT
MHxPC130501871,-0.030081417,0.021014998,0,DIST / DistilBERT
MHxPC130036525,-0.076828994,-0.01276505,0,DIST / DistilBERT
MHxPC130083048,-0.057956688,0.008690839,0,DIST / DistilBERT
MHxPC130205389,-0.0410217,0.018322265,0,DIST / DistilBERT
MHxPC130375792,-0.0474919,0.02098127,0,DIST / DistilBERT
MHxPC130210792,0.04613337,0.04255636,1,DIST / DistilBERT
MHxPC130406048,-0.040419385,0.017106948,0,DIST / DistilBERT
MHxPC130511399,-0.04229991,0.030431274,0,DIST / DistilBERT
MHxPC130492681,-0.040419385,0.017106948,0,DIST / DistilBERT
MHxPC130464304,0.018333795,0.010448384,1,DIST / DistilBERT
MHxPC130086016,-0.076828994,-0.01276505,0,DIST / DistilBERT
MHxPC130457571,0.094440825,-0.009632206,1,DIST / DistilBERT
MHxPC130508926,0.042848516,0.031625796,1,DIST / DistilBERT
MHxPC130145616,-0.076828994,-0.01276505,0,DIST / DistilBERT
MHxPC130106659,-0.089297414,-0.032455154,0,DIST / DistilBERT
MHxPC130019521,0.07565651,0.01191888,1,DIST / DistilBERT
MHxPC130561831,-0.0037186162,0.012642315,0,DIST / DistilBERT
MHxPC130112998,0.08762539,-0.009997779,1,DIST / DistilBERT
MHxPC130438169,0.09736427,0.00028138247,1,DIST / DistilBERT
MHxPC130140434,0.009928242,0.023948206,0,DIST / DistilBERT
MHxPC130235342,0.03432355,-0.0150235975,1,DIST / DistilBERT
MHxPC130074658,0.058381896,0.027449856,1,DIST / DistilBERT
MHxPC130426777,0.017821223,0.017849939,1,DIST / DistilBERT
MHxPC130300433,-0.01953879,0.022497755,0,DIST / DistilBERT
MHxPC130327308,-0.06092974,-0.00999467,0,DIST / DistilBERT
MHxPC130071018,0.09700316,-0.020699237,1,DIST / DistilBERT
MHxPC130123101,0.0006499819,0.012228068,0,DIST / DistilBERT
MHxPC130226209,-0.057956688,0.008690839,0,DIST / DistilBERT
MHxPC130252581,-0.089297414,-0.032455154,0,DIST / DistilBERT
MHxPC130324839,-0.01371506,0.031953443,0,DIST / DistilBERT
MHxPC130427200,0.05183478,0.02563189,1,DIST / DistilBERT
MHxPC130374736,0.03381025,-0.013168143,1,DIST / DistilBERT
MHxPC130085366,-0.089297414,-0.032455154,0,DIST / DistilBERT
MHxPC130228554,0.12190997,-0.0016321305,1,DIST / DistilBERT
MHxPC130065748,0.02613721,0.018483846,1,DIST / DistilBERT
MHxPC130251614,0.091912866,0.016226225,1,DIST / DistilBERT
MHxPC130496168,-0.089297414,-0.032455154,0,DIST / DistilBERT
MHxPC130359774,0.017227361,0.0075195907,1,DIST / DistilBERT
MHxPC130147449,0.1055699,-0.015144686,1,DIST / DistilBERT
MHxPC130229243,0.08137872,0.014422273,1,DIST / DistilBERT
MHxPC130503853,-0.076828994,-0.01276505,0,DIST / DistilBERT
MHxPC130430286,-0.089297414,-0.032455154,0,DIST / DistilBERT
MHxPC130384208,-0.089297414,-0.032455154,0,DIST / DistilBERT
MHxPC130497288,-0.0410217,0.018322265,0,DIST / DistilBERT
MHxPC130596356,-0.076828994,-0.01276505,0,DIST / DistilBERT
MHxPC130212997,-0.014914569,0.027824765,0,DIST / DistilBERT
MHxPC130210138,0.04396683,-0.018385347,1,DIST / DistilBERT
MHxPC130304259,0.06023833,0.012355876,1,DIST / DistilBERT
MHxPC130426524,0.014708962,-0.009182597,1,DIST / DistilBERT
MHxPC130257100,-0.032943595,0.025546018,0,DIST / DistilBERT
MHxPC130266105,0.0816323,-0.0061923666,1,DIST / DistilBERT
MHxPC130017823,0.12263805,-0.060558937,1,DIST / DistilBERT
MHxPC130099035,0.0077726007,0.025311913,0,DIST / DistilBERT
MHxPC130380016,0.025967153,0.03793151,1,DIST / DistilBERT
MHxPC130249689,0.019597951,0.010654547,1,DIST / DistilBERT
MHxPC130421661,-0.0474919,0.02098127,0,DIST / DistilBERT
MHxPC130044952,0.07833995,0.014694489,1,DIST / DistilBERT
MHxPC130421537,0.02815504,-0.026516048,1,DIST / DistilBERT
MHxPC130367815,0.021987408,-0.019191965,1,DIST / DistilBERT
MHxPC130398585,0.08912797,-0.003730546,1,DIST / DistilBERT
MHxPC130140584,-0.0829548,-0.01884552,0,DIST / DistilBERT
MHxPC130348283,0.09050094,-0.0002433143,1,DIST / DistilBERT
MHxPC130052839,0.12905122,-0.05881474,1,DIST / DistilBERT
MHxPC130172056,-0.0474919,0.02098127,0,DIST / DistilBERT
MHxPC130107342,0.09018142,-0.008307204,1,DIST / DistilBERT
MHxPC130302752,0.07576542,0.01064203,1,DIST / DistilBERT
MHxPC130534170,-0.012637385,0.013461487,0,DIST / DistilBERT
MHxPC130492424,-0.008418808,0.044665765,0,DIST / DistilBERT
MHxPC130455662,-0.089297414,-0.032455154,0,DIST / DistilBERT
MHxPC130352433,-0.089297414,-0.032455154,0,DIST / DistilBERT
MHxPC130129602,-0.076828994,-0.01276505,0,DIST / DistilBERT
MHxPC130232549,0.07211251,0.020297304,1,DIST / DistilBERT
MHxPC130121785,0.04055644,-0.025800154,1,DIST / DistilBERT
MHxPC130439700,0.004785477,0.008672527,0,DIST / DistilBERT
MHxPC130400409,0.020866275,0.019733932,1,DIST / DistilBERT
MHxPC130561673,0.0697488,0.0011001816,1,DIST / DistilBERT
MHxPC130366064,-0.057956688,0.008690839,0,DIST / DistilBERT
MHxPC130485677,-0.076828994,-0.01276505,0,DIST / DistilBERT
MHxPC130148240,-0.057956688,0.008690839,0,DIST / DistilBERT
MHxPC130336213,0.07633191,0.04126423,1,DIST / DistilBERT
MHxPC130388269,-0.057956688,0.008690839,0,DIST / DistilBERT
MHxPC130097791,-0.00328427,0.016797595,0,DIST / DistilBERT
MHxPC130060838,-0.06452851,0.0019115005,0,DIST / DistilBERT
MHxPC130102328,-0.011230994,0.017208692,0,DIST / DistilBERT
MHxPC130523193,0.14145702,-0.056038186,1,DIST / DistilBERT
MHxPC130494908,-0.076828994,-0.01276505,0,DIST / DistilBERT
MHxPC130435270,-0.0474919,0.02098127,0,DIST / DistilBERT
MHxPC130596727,0.016539149,0.022827396,1,DIST / DistilBERT
MHxPC130498375,0.111924596,-0.023686567,1,DIST / DistilBERT
MHxPC130565345,-0.04299761,0.014416524,0,DIST / DistilBERT
MHxPC130563214,-0.018960098,0.022139566,0,DIST / DistilBERT
MHxPC130248741,-0.0266351,0.025567733,0,DIST / DistilBERT
MHxPC130471707,-0.089297414,-0.032455154,0,DIST / DistilBERT
MHxPC130562346,0.120189264,-0.033540454,1,DIST / DistilBERT
MHxPC130289643,-0.0474919,0.02098127,0,DIST / DistilBERT
MHxPC130156319,-0.057956688,0.008690839,0,DIST / DistilBERT
MHxPC130340223,-0.089297414,-0.032455154,0,DIST / DistilBERT
MHxPC130391676,-0.06750071,-0.0056164786,0,DIST / DistilBERT
MHxPC130363441,0.020009914,0.008299721,1,DIST / DistilBERT
MHxPC130586725,0.01844162,0.0072722626,1,DIST / DistilBERT
MHxPC130128054,-0.057956688,0.008690839,0,DIST / DistilBERT
MHxPC130516492,0.08205629,0.009793225,1,DIST / DistilBERT
MHxPC130037457,-0.0474919,0.02098127,0,DIST / DistilBERT
MHxPC130406544,-0.0474919,0.02098127,0,DIST / DistilBERT
MHxPC130010919,-0.089297414,-0.032455154,0,DIST / DistilBERT
MHxPC130080290,-0.03904586,0.043868646,0,DIST / DistilBERT
MHxPC130076617,0.111133486,-0.03765794,1,DIST / DistilBERT
MHxPC130122768,0.013231353,0.002525094,0,DIST / DistilBERT
MHxPC130016606,-0.057956688,0.008690839,0,DIST / DistilBERT
MHxPC130315062,-0.04229991,0.030431274,0,DIST / DistilBERT
MHxPC130465185,0.044566818,0.031066671,1,DIST / DistilBERT
MHxPC130251177,0.023849681,-0.013172073,1,DIST / DistilBERT
MHxPC130069328,0.08256803,0.012885824,1,DIST / DistilBERT
MHxPC130281121,-0.01953879,0.022497755,0,DIST / DistilBERT
MHxPC130088199,-0.089297414,-0.032455154,0,DIST / DistilBERT
MHxPC130174794,-0.076828994,-0.01276505,0,DIST / DistilBERT
MHxPC130309721,-0.089297414,-0.032455154,0,DIST / DistilBERT
MHxPC130206594,-0.030081417,0.021014998,0,DIST / DistilBERT
MHxPC130274350,-0.021148697,0.010138003,0,DIST / DistilBERT
MHxPC130234095,-0.089297414,-0.032455154,0,DIST / DistilBERT
MHxPC130074491,-0.0497796,0.019847933,0,DIST / DistilBERT
MHxPC130477614,-0.089297414,-0.032455154,0,DIST / DistilBERT
MHxPC130379853,-0.089297414,-0.032455154,0,DIST / DistilBERT
MHxPC130112727,-0.089297414,-0.032455154,0,DIST / DistilBERT
MHxPC130185210,-0.089297414,-0.032455154,0,DIST / DistilBERT
MHxPC130060120,0.024845006,-0.0015320582,1,DIST / DistilBERT
MHxPC130472056,-0.057956688,0.008690839,0,DIST / DistilBERT
MHxPC130584976,0.11428441,-0.054664362,1,DIST / DistilBERT
MHxPC130148918,-0.076828994,-0.01276505,0,DIST / DistilBERT
MHxPC130529775,-0.038173765,0.033316266,0,DIST / DistilBERT
MHxPC130060614,-0.057956688,0.008690839,0,DIST / DistilBERT
MHxPC130135026,-0.089297414,-0.032455154,0,DIST / DistilBERT
MHxPC130017003,-0.057956688,0.008690839,0,DIST / DistilBERT
MHxPC130229836,0.117809094,-0.044806898,1,DIST / DistilBERT
MHxPC130475392,0.035742596,-0.024227127,1,DIST / DistilBERT
MHxPC130538006,0.11167578,-0.05884991,1,DIST / DistilBERT
MHxPC130130155,0.07259065,0.008063258,1,DIST / DistilBERT
MHxPC130352472,0.029106861,-0.03748422,1,DIST / DistilBERT
MHxPC130576914,0.08055319,0.013151629,1,DIST / DistilBERT
MHxPC130079583,0.07297955,0.009334393,1,DIST / DistilBERT
MHxPC130354387,0.08040732,-0.022170173,1,DIST / DistilBERT
MHxPC130430341,0.00057484646,0.021937357,0,DIST / DistilBERT
MHxPC130215985,0.0129681695,-0.0065677115,0,DIST / DistilBERT
MHxPC130348491,0.09448822,0.0028064959,1,DIST / DistilBERT
MHxPC130372362,-0.057956688,0.008690839,0,DIST / DistilBERT
MHxPC130102987,-0.057956688,0.008690839,0,DIST / DistilBERT
MHxPC130042376,0.0017395207,0.012615105,0,DIST / DistilBERT
MHxPC130071244,0.016817382,0.009712403,1,DIST / DistilBERT
MHxPC130515363,0.014325009,0.0024370195,1,DIST / DistilBERT
MHxPC130310664,0.06714609,-0.005718422,1,DIST / DistilBERT
MHxPC130230850,-0.009749405,0.021231677,0,DIST / DistilBERT
MHxPC130298157,-0.0829548,-0.01884552,0,DIST / DistilBERT
MHxPC130028713,-0.089297414,-0.032455154,0,DIST / DistilBERT
MHxPC130523524,0.05461151,0.02025189,1,DIST / DistilBERT
MHxPC130533190,-0.089297414,-0.032455154,0,DIST / DistilBERT
MHxPC130144247,0.06327097,0.014468584,1,DIST / DistilBERT
MHxPC130185766,0.06997291,0.03699736,1,DIST / DistilBERT
MHxPC130314529,0.04650895,0.03887005,1,DIST / DistilBERT
MHxPC130069019,-0.0029849138,0.019605478,0,DIST / DistilBERT
MHxPC130224807,-0.015121626,0.034399904,0,DIST / DistilBERT
MHxPC130505893,0.11482065,-0.05341464,1,DIST / DistilBERT
MHxPC130179728,-0.089297414,-0.032455154,0,DIST / DistilBERT
MHxPC130185535,0.09202777,0.0052498565,1,DIST / DistilBERT
MHxPC130312092,-0.076828994,-0.01276505,0,DIST / DistilBERT
MHxPC130377072,-0.057956688,0.008690839,0,DIST / DistilBERT
MHxPC130501961,-0.057956688,0.008690839,0,DIST / DistilBERT
MHxPC130174373,-0.056647114,-0.01428832,0,DIST / DistilBERT
MHxPC130464699,-0.057956688,0.008690839,0,DIST / DistilBERT
MHxPC130319284,0.11811568,-0.04232596,1,DIST / DistilBERT
MHxPC130215886,-0.027356947,0.002394772,0,DIST / DistilBERT
MHxPC130133462,-0.040419385,0.017106948,0,DIST / DistilBERT
MHxPC130078331,0.09805492,-0.009097709,1,DIST / DistilBERT
MHxPC130119412,0.12046525,-0.01636459,1,DIST / DistilBERT
MHxPC130410893,-0.089297414,-0.032455154,0,DIST / DistilBERT
MHxPC130151730,0.0027907807,0.014950557,0,DIST / DistilBERT
MHxPC130589415,-0.03277787,0.027306315,0,DIST / DistilBERT
MHxPC130321526,-0.013871483,0.009746604,0,DIST / DistilBERT
MHxPC130139472,-0.0285322,0.031752933,0,DIST / DistilBERT
MHxPC130191088,-0.076828994,-0.01276505,0,DIST / DistilBERT
MHxPC130017867,0.007979346,0.020835046,0,DIST / DistilBERT
MHxPC130354869,-0.019565035,0.02474395,0,DIST / DistilBERT
MHxPC130173912,0.09401603,-0.005081315,1,DIST / DistilBERT
MHxPC130089375,-0.076828994,-0.01276505,0,DIST / DistilBERT
MHxPC130024486,0.06327122,0.04203723,1,DIST / DistilBERT
MHxPC130548686,-0.089297414,-0.032455154,0,DIST / DistilBERT
MHxPC130060075,-0.076828994,-0.01276505,0,DIST / DistilBERT
MHxPC130498260,-0.016289813,0.014662811,0,DIST / DistilBERT
MHxPC130456514,0.10451058,-0.042608224,1,DIST / DistilBERT
MHxPC130335140,0.08598041,0.01990248,1,DIST / DistilBERT
MHxPC130246736,0.052409794,0.034373038,1,DIST / DistilBERT
MHxPC130120221,-0.0474919,0.02098127,0,DIST / DistilBERT
MHxPC130033064,-0.076828994,-0.01276505,0,DIST / DistilBERT
MHxPC130380492,-0.0056727743,0.015911732,0,DIST / DistilBERT
MHxPC130323239,-0.040419385,0.017106948,0,DIST / DistilBERT
MHxPC130151968,0.0025872858,0.01391812,0,DIST / DistilBERT
MHxPC130305977,0.103557356,-0.0008060932,1,DIST / DistilBERT
MHxPC130190020,0.05753032,0.032641225,1,DIST / DistilBERT
MHxPC130138048,-0.03904586,0.043868646,0,DIST / DistilBERT
MHxPC130281135,-0.0474919,0.02098127,0,DIST / DistilBERT
MHxPC130166327,-0.057956688,0.008690839,0,DIST / DistilBERT
MHxPC130222854,-0.039002,0.011595575,0,DIST / DistilBERT
MHxPC130241379,0.099580586,-0.036982242,1,DIST / DistilBERT
MHxPC130304075,0.045901224,-0.021059552,1,DIST / DistilBERT
MHxPC130585807,-0.089297414,-0.032455154,0,DIST / DistilBERT
MHxPC130531789,-0.0050548143,0.022143759,0,DIST / DistilBERT
MHxPC130524019,-0.025173582,0.021215007,0,DIST / DistilBERT
MHxPC130074720,-0.089297414,-0.032455154,0,DIST / DistilBERT
MHxPC130590596,0.012349526,-0.013083302,0,DIST / DistilBERT
MHxPC130028844,-0.0474919,0.02098127,0,DIST / DistilBERT
MHxPC130183104,0.054638166,0.011627151,1,DIST / DistilBERT
MHxPC130247949,-0.057956688,0.008690839,0,DIST / DistilBERT
MHxPC130411392,0.010437275,0.018847696,0,DIST / DistilBERT
MHxPC130334460,0.0021438526,-0.0008707203,0,DIST / DistilBERT
MHxPC130350036,-0.057956688,0.008690839,0,DIST / DistilBERT
MHxPC130421742,0.11103819,-0.047934566,1,DIST / DistilBERT
MHxPC130191440,0.052950796,0.047277343,1,DIST / DistilBERT
MHxPC130544147,-0.057956688,0.008690839,0,DIST / DistilBERT
MHxPC130166266,0.0017896361,0.014807942,0,DIST / DistilBERT
MHxPC130474180,0.05180849,0.03253534,1,DIST / DistilBERT
MHxPC130410476,-0.012908044,0.04692203,0,DIST / DistilBERT
MHxPC130268798,0.07683457,0.035062637,1,DIST / DistilBERT
MHxPC130292354,0.07504534,-0.0038193997,1,DIST / DistilBERT
MHxPC130291948,0.10402074,-0.02091101,1,DIST / DistilBERT
MHxPC130286878,0.11457299,-0.05111597,1,DIST / DistilBERT
MHxPC130550983,0.06284749,0.007651812,1,DIST / DistilBERT
MHxPC130250949,-0.089297414,-0.032455154,0,DIST / DistilBERT
MHxPC130280353,-0.028386556,0.047162835,0,DIST / DistilBERT
MHxPC130054275,0.104361795,-0.0071038906,1,DIST / DistilBERT
MHxPC130492158,-0.089297414,-0.032455154,0,DIST / DistilBERT
MHxPC130516224,-0.057956688,0.008690839,0,DIST / DistilBERT
MHxPC130131222,-0.057956688,0.008690839,0,DIST / DistilBERT
MHxPC130331863,-0.06750071,-0.0056164786,0,DIST / DistilBERT
MHxPC130267008,-0.0410217,0.018322265,0,DIST / DistilBERT
MHxPC130442582,-0.076828994,-0.01276505,0,DIST / DistilBERT
MHxPC130238781,-0.076828994,-0.01276505,0,DIST / DistilBERT
MHxPC130263423,-0.021193715,0.010354946,0,DIST / DistilBERT
MHxPC130327895,0.026597936,0.012181514,1,DIST / DistilBERT
MHxPC130129046,-0.089297414,-0.032455154,0,DIST / DistilBERT
MHxPC130187584,0.092745565,0.008011099,1,DIST / DistilBERT
MHxPC130324928,-0.028381478,0.030755162,0,DIST / DistilBERT
MHxPC130063703,-0.06750071,-0.0056164786,0,DIST / DistilBERT
MHxPC130324194,-0.057956688,0.008690839,0,DIST / DistilBERT
MHxPC130241970,-0.04229991,0.030431274,0,DIST / DistilBERT
MHxPC130025703,-0.089297414,-0.032455154,0,DIST / DistilBERT
MHxPC130252185,-0.0285322,0.031752933,0,DIST / DistilBERT
MHxPC130043629,0.0006034248,0.041670267,0,DIST / DistilBERT
MHxPC130576839,0.08779881,-0.017943818,1,DIST / DistilBERT
MHxPC130576264,0.021532072,-0.004580899,1,DIST / DistilBERT
MHxPC130109605,-0.008418808,0.044665765,0,DIST / DistilBERT
MHxPC130590937,0.10106335,-0.018460682,1,DIST / DistilBERT
MHxPC130394450,0.102465004,-0.023272637,1,DIST / DistilBERT
MHxPC130072485,-0.089297414,-0.032455154,0,DIST / DistilBERT
MHxPC130367677,-0.076828994,-0.01276505,0,DIST / DistilBERT
MHxPC130016181,-0.0474919,0.02098127,0,DIST / DistilBERT
MHxPC130180651,-0.023882816,0.030577783,0,DIST / DistilBERT
MHxPC130217385,0.041824225,0.04412374,1,DIST / DistilBERT
MHxPC130182844,0.0027592164,0.03452745,0,DIST / DistilBERT
MHxPC130144452,-0.0474919,0.02098127,0,DIST / DistilBERT
MHxPC130558131,0.085232705,-0.0011543507,1,DIST / DistilBERT
MHxPC130219921,-0.008418808,0.044665765,0,DIST / DistilBERT
MHxPC130534335,0.11237376,-0.026590265,1,DIST / DistilBERT
MHxPC130011147,0.012687727,0.011509949,0,DIST / DistilBERT
MHxPC130343922,0.03373471,-0.028642502,1,DIST / DistilBERT
MHxPC130300167,-0.00029012293,0.024151154,0,DIST / DistilBERT
MHxPC130403196,0.0841281,0.033810146,1,DIST / DistilBERT
MHxPC130494482,0.11071784,-0.03798398,1,DIST / DistilBERT
MHxPC130352543,0.053562295,0.03689264,1,DIST / DistilBERT
MHxPC130406519,0.12701604,-0.038181446,1,DIST / DistilBERT
MHxPC130495746,-0.011035771,0.020259889,0,DIST / DistilBERT
MHxPC130135277,0.09684479,-0.010728859,1,DIST / DistilBERT
MHxPC130265340,-0.089297414,-0.032455154,0,DIST / DistilBERT
MHxPC130163738,0.07730774,-0.023270497,1,DIST / DistilBERT
MHxPC130590382,-0.057956688,0.008690839,0,DIST / DistilBERT
MHxPC130366698,-0.014407116,0.027071705,0,DIST / DistilBERT
MHxPC130126766,0.08463022,-0.004292788,1,DIST / DistilBERT
MHxPC130043417,0.097284004,-0.0018781766,1,DIST / DistilBERT
MHxPC130272138,0.06550784,0.043409176,1,DIST / DistilBERT
MHxPC130182279,0.09615173,-0.010195443,1,DIST / DistilBERT
MHxPC130173199,0.008501546,0.0049272897,0,DIST / DistilBERT
MHxPC130491509,0.0077524944,0.03338448,0,DIST / DistilBERT
MHxPC130050352,0.026752023,0.03440965,1,DIST / DistilBERT
MHxPC130526222,0.117017925,-0.038737565,1,DIST / DistilBERT
MHxPC130402106,0.009540408,0.009049888,0,DIST / DistilBERT
MHxPC130244615,-0.076828994,-0.01276505,0,DIST / DistilBERT
MHxPC130502386,-0.01953879,0.022497755,0,DIST / DistilBERT
MHxPC130139034,0.086886756,0.009965805,1,DIST / DistilBERT
MHxPC130161689,-0.089297414,-0.032455154,0,DIST / DistilBERT
MHxPC130529113,0.049966924,0.048300084,1,DIST / DistilBERT
MHxPC130394576,-0.089297414,-0.032455154,0,DIST / DistilBERT
MHxPC130117956,0.10283167,-0.012424018,1,DIST / DistilBERT
MHxPC130176072,-0.04229991,0.030431274,0,DIST / DistilBERT
MHxPC130011245,-0.089297414,-0.032455154,0,DIST / DistilBERT
MHxPC130302659,0.12246336,-0.016861591,1,DIST / DistilBERT
MHxPC130034239,-0.057956688,0.008690839,0,DIST / DistilBERT
MHxPC130307425,-0.089297414,-0.032455154,0,DIST / DistilBERT
MHxPC130529421,0.109483376,-0.0528267,1,DIST / DistilBERT
MHxPC130206709,-0.076828994,-0.01276505,0,DIST / DistilBERT
MHxPC130114187,-0.089297414,-0.032455154,0,DIST / DistilBERT
MHxPC130116193,-0.029187677,0.04007015,0,DIST / DistilBERT
MHxPC130530079,0.06000239,0.043048102,1,DIST / DistilBERT
MHxPC130324070,-0.076828994,-0.01276505,0,DIST / DistilBERT
MHxPC130519941,-0.06750071,-0.0056164786,0,DIST / DistilBERT
MHxPC130074375,-0.076828994,-0.01276505,0,DIST / DistilBERT
MHxPC130362876,0.075795546,0.013800682,1,DIST / DistilBERT
MHxPC130085409,0.0062269634,0.027665388,0,DIST / DistilBERT
MHxPC130273699,-0.076828994,-0.01276505,0,DIST / DistilBERT
MHxPC130084287,0.11531614,-0.062617466,1,DIST / DistilBERT
MHxPC130423482,-0.089297414,-0.032455154,0,DIST / DistilBERT
MHxPC130333450,0.041637238,0.036467288,1,DIST / DistilBERT
MHxPC130315657,-0.06092974,-0.00999467,0,DIST / DistilBERT
MHxPC130306327,-0.0073903576,0.025346175,0,DIST / DistilBERT
MHxPC130533241,-0.057956688,0.008690839,0,DIST / DistilBERT
MHxPC130478025,0.009104115,0.032786112,0,DIST / DistilBERT
MHxPC130369762,-0.076828994,-0.01276505,0,DIST / DistilBERT
MHxPC130547552,-0.005542893,0.021697871,0,DIST / DistilBERT
MHxPC130306356,0.11095178,-0.022611268,1,DIST / DistilBERT
MHxPC130398616,-0.057956688,0.008690839,0,DIST / DistilBERT
MHxPC130442357,-0.00077225035,0.025937632,0,DIST / DistilBERT
MHxPC130458394,-0.089297414,-0.032455154,0,DIST / DistilBERT
MHxPC130287489,-0.076828994,-0.01276505,0,DIST / DistilBERT
MHxPC130417567,-0.0497796,0.019847933,0,DIST / DistilBERT
MHxPC130001975,0.07553942,0.015200102,1,DIST / DistilBERT
MHxPC130030446,-0.040419385,0.017106948,0,DIST / DistilBERT
MHxPC130188646,-0.057956688,0.008690839,0,DIST / DistilBERT
MHxPC130109950,-0.024097782,0.062413253,0,DIST / DistilBERT
MHxPC130059348,-0.029187677,0.04007015,0,DIST / DistilBERT
MHxPC130392712,0.020999145,-0.039043598,1,DIST / DistilBERT
MHxPC130043154,-0.026660131,-4.3100008e-05,0,DIST / DistilBERT
MHxPC130587253,-0.076828994,-0.01276505,0,DIST / DistilBERT
MHxPC130119848,-0.032943595,0.025546018,0,DIST / DistilBERT
MHxPC130348347,-0.030081417,0.021014998,0,DIST / DistilBERT
MHxPC130246035,-0.057956688,0.008690839,0,DIST / DistilBERT
MHxPC130242110,2.9488498e-05,0.004222744,0,DIST / DistilBERT
MHxPC130295728,-0.089297414,-0.032455154,0,DIST / DistilBERT
MHxPC130260236,-0.089297414,-0.032455154,0,DIST / DistilBERT
MHxPC130327905,-0.0410217,0.018322265,0,DIST / DistilBERT
MHxPC130315404,-0.0047900677,0.030344993,0,DIST / DistilBERT
MHxPC130358352,0.11158381,-0.071998134,1,DIST / DistilBERT
MHxPC130297645,-0.0497796,0.019847933,0,DIST / DistilBERT
MHxPC130174461,0.041576207,0.036187325,1,DIST / DistilBERT
MHxPC130017680,0.07451759,0.0047206343,1,DIST / DistilBERT
MHxPC130506403,-0.08929737,-0.032455202,0,DIST / DistilBERT
MHxPC130231895,0.08004673,0.016267706,1,DIST / DistilBERT
MHxPC130569400,0.08112309,0.016058056,1,DIST / DistilBERT
MHxPC130429903,0.0613526,0.018268356,1,DIST / DistilBERT
MHxPC130524925,0.08711232,-0.008615331,1,DIST / DistilBERT
MHxPC130124770,0.02351359,-0.010108974,1,DIST / DistilBERT
MHxPC130375284,-0.023753582,0.02448641,0,DIST / DistilBERT
MHxPC130221072,-0.0579567,0.008690823,0,DIST / DistilBERT
MHxPC130585077,0.085810445,-0.018322665,1,DIST / DistilBERT
MHxPC130061510,-0.07264406,-0.009741491,0,DIST / DistilBERT
MHxPC130189674,0.00053270056,0.040643457,0,DIST / DistilBERT
MHxPC130256749,-0.076829,-0.012765105,0,DIST / DistilBERT
MHxPC130498102,-0.039045878,0.043868635,0,DIST / DistilBERT
MHxPC130450106,-0.040419374,0.017106943,0,DIST / DistilBERT
MHxPC130043474,0.09970456,-0.001952794,1,DIST / DistilBERT
MHxPC130525699,0.02032664,0.005561214,1,DIST / DistilBERT
MHxPC130296422,-0.0579567,0.008690823,0,DIST / DistilBERT
MHxPC130051092,0.051937405,0.055682827,1,DIST / DistilBERT
MHxPC130385471,-0.08929737,-0.032455202,0,DIST / DistilBERT
MHxPC130456541,0.08185911,-0.003691851,1,DIST / DistilBERT
MHxPC130012524,-0.0579567,0.008690823,0,DIST / DistilBERT
MHxPC130081061,-0.046813156,-0.03752141,0,DIST / DistilBERT
MHxPC130189063,0.122877024,-0.051057052,1,DIST / DistilBERT
MHxPC130334420,-0.0018119189,0.026802562,0,DIST / DistilBERT
MHxPC130392744,0.030061357,-0.018847149,1,DIST / DistilBERT
MHxPC130415125,0.027735418,-0.02000985,1,DIST / DistilBERT
MHxPC130170080,0.09182313,-0.011428175,1,DIST / DistilBERT
MHxPC130528000,0.11975536,-0.048906017,1,DIST / DistilBERT
MHxPC130231834,0.041940488,0.028785415,1,DIST / DistilBERT
MHxPC130283046,0.07083168,0.021199033,1,DIST / DistilBERT
MHxPC130527562,-0.039045878,0.043868635,0,DIST / DistilBERT
MHxPC130176583,0.057660047,0.010729889,1,DIST / DistilBERT
MHxPC130234395,-0.009966453,0.045704924,0,DIST / DistilBERT
MHxPC130545188,0.10630326,-0.015259926,1,DIST / DistilBERT
MHxPC130268846,-0.014620455,0.014638391,0,DIST / DistilBERT
MHxPC130578390,0.011934746,0.015114759,0,DIST / DistilBERT
MHxPC130504530,0.019080441,0.014287318,1,DIST / DistilBERT
MHxPC130217860,-0.0579567,0.008690823,0,DIST / DistilBERT
MHxPC130183811,-0.08929737,-0.032455202,0,DIST / DistilBERT
MHxPC130453675,0.08330685,0.006080512,1,DIST / DistilBERT
MHxPC130413801,-0.07264406,-0.009741491,0,DIST / DistilBERT
MHxPC130199604,0.08327695,-0.0068266406,1,DIST / DistilBERT
MHxPC130247019,0.08020765,-0.005053725,1,DIST / DistilBERT
MHxPC130415458,0.005492619,0.012424714,0,DIST / DistilBERT
MHxPC130411446,-0.0579567,0.008690823,0,DIST / DistilBERT
MHxPC130495644,0.09835708,0.003714993,1,DIST / DistilBERT
MHxPC130585745,0.029374158,-0.038043477,1,DIST / DistilBERT
MHxPC130029002,0.013746865,0.02708926,0,DIST / DistilBERT
MHxPC130236278,0.12113326,-0.06629956,1,DIST / DistilBERT
MHxPC130454672,0.118357025,-0.06796388,1,DIST / DistilBERT
MHxPC130593243,0.046176393,0.022297192,1,DIST / DistilBERT
MHxPC130057537,-0.076829,-0.012765105,0,DIST / DistilBERT
MHxPC130231260,0.08457318,0.0029234572,1,DIST / DistilBERT
MHxPC130343459,0.08364386,0.0110941855,1,DIST / DistilBERT
MHxPC130309770,-0.08929737,-0.032455202,0,DIST / DistilBERT
MHxPC130325758,-0.06750073,-0.0056164376,0,DIST / DistilBERT
MHxPC130198901,-0.006583391,0.017978363,0,DIST / DistilBERT
MHxPC130590512,0.10237001,-0.01454942,1,DIST / DistilBERT
MHxPC130247160,-0.047491938,0.02098132,0,DIST / DistilBERT
MHxPC130191085,-0.0579567,0.008690823,0,DIST / DistilBERT
MHxPC130236842,-0.076829,-0.012765105,0,DIST / DistilBERT
MHxPC130441351,-0.0053338017,0.022437131,0,DIST / DistilBERT
MHxPC130570463,-0.076829,-0.012765105,0,DIST / DistilBERT
MHxPC130141950,-0.076829,-0.012765105,0,DIST / DistilBERT
MHxPC130232219,-0.029187642,0.040070172,0,DIST / DistilBERT
MHxPC130403063,-0.047491938,0.02098132,0,DIST / DistilBERT
MHxPC130421741,-0.08929737,-0.032455202,0,DIST / DistilBERT
MHxPC130037876,0.12074332,-0.028359918,1,DIST / DistilBERT
MHxPC130318748,-0.08929737,-0.032455202,0,DIST / DistilBERT
MHxPC130476954,-0.08929737,-0.032455202,0,DIST / DistilBERT
MHxPC130058606,0.05489981,0.037992965,1,DIST / DistilBERT
MHxPC130581422,0.06621374,0.007992469,1,DIST / DistilBERT
MHxPC130449367,0.029518483,0.029437933,1,DIST / DistilBERT
MHxPC130212506,-0.014914607,0.027824761,0,DIST / DistilBERT
MHxPC130070162,0.111653395,-0.050464712,1,DIST / DistilBERT
MHxPC130370595,-0.08929737,-0.032455202,0,DIST / DistilBERT
MHxPC130269323,0.11894659,-0.0574275,1,DIST / DistilBERT
MHxPC130164715,-0.08929737,-0.032455202,0,DIST / DistilBERT
MHxPC130499059,-0.05881601,-0.014097405,0,DIST / DistilBERT
MHxPC130592228,0.08047295,0.0029848404,1,DIST / DistilBERT
MHxPC130318483,0.0106461765,0.0150639815,0,DIST / DistilBERT
MHxPC130212010,0.04454584,0.019108865,1,DIST / DistilBERT
MHxPC130469795,-0.0579567,0.008690823,0,DIST / DistilBERT
MHxPC130413677,0.102869056,-0.021975566,1,DIST / DistilBERT
MHxPC130533642,0.07391078,0.005638884,1,DIST / DistilBERT
MHxPC130498772,-0.0579567,0.008690823,0,DIST / DistilBERT
MHxPC130073464,0.064561285,0.018015843,1,DIST / DistilBERT
MHxPC130353293,-0.042816114,0.030476313,0,DIST / DistilBERT
MHxPC130386407,0.08974178,-0.0055707437,1,DIST / DistilBERT
MHxPC130573346,0.07322819,0.006849056,1,DIST / DistilBERT
MHxPC130262445,0.11172823,-0.066687934,1,DIST / DistilBERT
MHxPC130339713,-0.076829,-0.012765105,0,DIST / DistilBERT
MHxPC130180126,0.007476974,0.031611264,0,DIST / DistilBERT
MHxPC130098920,-0.0579567,0.008690823,0,DIST / DistilBERT
MHxPC130264470,-0.028366253,0.02013366,0,DIST / DistilBERT
MHxPC130462307,0.12610993,-0.06173478,1,DIST / DistilBERT
MHxPC130138160,0.017740024,0.0098014595,1,DIST / DistilBERT
MHxPC130293711,0.007123697,0.017714653,0,DIST / DistilBERT
MHxPC130301693,-0.089297414,-0.032455154,0,DIST / DistilBERT
MHxPC130276183,0.0956498,-0.020550957,1,DIST / DistilBERT
MHxPC130157301,-0.014171148,0.056026362,0,DIST / DistilBERT
MHxPC130173666,0.11185966,-0.04006849,1,DIST / DistilBERT
MHxPC130169662,-0.042146426,0.0303238,0,DIST / DistilBERT
MHxPC130556406,0.112888366,-0.036177885,1,DIST / DistilBERT
MHxPC130482629,-0.021416936,0.03243914,0,DIST / DistilBERT
MHxPC130443646,-0.040419385,0.017106948,0,DIST / DistilBERT
MHxPC130509024,0.06996012,0.0283202,1,DIST / DistilBERT
MHxPC130090382,-0.015178895,0.014140032,0,DIST / DistilBERT
MHxPC130033560,0.06373604,0.023294615,1,DIST / DistilBERT
MHxPC130174978,0.08451831,0.029436681,1,DIST / DistilBERT
MHxPC130168157,0.10582504,-0.0023803012,1,DIST / DistilBERT
MHxPC130290343,0.07464624,0.009165881,1,DIST / DistilBERT
MHxPC130189349,-0.0474919,0.02098127,0,DIST / DistilBERT
MHxPC130258974,0.08112074,0.013721504,1,DIST / DistilBERT
MHxPC130008670,-0.076828994,-0.01276505,0,DIST / DistilBERT
MHxPC130360396,-0.089297414,-0.032455154,0,DIST / DistilBERT
MHxPC130166793,0.011863036,0.030569147,0,DIST / DistilBERT
MHxPC130013943,-0.0068780174,0.03952012,0,DIST / DistilBERT
MHxPC130309286,-0.06750071,-0.0056164786,0,DIST / DistilBERT
MHxPC130522655,-0.0474919,0.02098127,0,DIST / DistilBERT
MHxPC130153650,0.09074966,0.007725787,1,DIST / DistilBERT
MHxPC130549166,-0.024097782,0.062413253,0,DIST / DistilBERT
MHxPC130476958,0.08571957,-0.006946456,1,DIST / DistilBERT
MHxPC130532799,-0.018764786,0.019207878,0,DIST / DistilBERT
MHxPC130321036,-0.015262403,0.017276607,0,DIST / DistilBERT
MHxPC130073260,0.056901813,0.032075554,1,DIST / DistilBERT
MHxPC130331815,0.0015222781,0.019585399,0,DIST / DistilBERT
MHxPC130012698,-0.089297414,-0.032455154,0,DIST / DistilBERT
MHxPC130262999,0.03796117,0.031233734,1,DIST / DistilBERT
MHxPC130346840,-0.089297414,-0.032455154,0,DIST / DistilBERT
MHxPC130059073,-0.089297414,-0.032455154,0,DIST / DistilBERT
MHxPC130206447,-0.089297414,-0.032455154,0,DIST / DistilBERT
MHxPC130218094,-0.057956688,0.008690839,0,DIST / DistilBERT
MHxPC130120732,0.11285814,-0.02490415,1,DIST / DistilBERT
MHxPC130399009,0.068125546,0.008932827,1,DIST / DistilBERT
MHxPC130149790,-0.020417629,0.016400468,0,DIST / DistilBERT
MHxPC130057187,-0.089297414,-0.032455154,0,DIST / DistilBERT
MHxPC130257698,0.09069469,-0.008707163,1,DIST / DistilBERT
MHxPC130565089,-0.07264403,-0.009741533,0,DIST / DistilBERT
MHxPC130438616,0.076122195,0.010967443,1,DIST / DistilBERT
MHxPC130398531,0.0034236684,0.027865387,0,DIST / DistilBERT
MHxPC130093694,0.087347716,0.00818072,1,DIST / DistilBERT
MHxPC130452058,-0.0474919,0.02098127,0,DIST / DistilBERT
MHxPC130440520,-0.06750071,-0.0056164786,0,DIST / DistilBERT
MHxPC130110700,-0.06750071,-0.0056164786,0,DIST / DistilBERT
MHxPC130119949,-0.076828994,-0.01276505,0,DIST / DistilBERT
MHxPC130398366,0.10866235,-0.04935807,1,DIST / DistilBERT
MHxPC130484493,-0.0004839717,0.027386984,0,DIST / DistilBERT
MHxPC130132743,-0.089297414,-0.032455154,0,DIST / DistilBERT
MHxPC130064077,0.106682174,-0.01725141,1,DIST / DistilBERT
MHxPC130383747,-0.089297414,-0.032455154,0,DIST / DistilBERT
MHxPC130383641,-0.089297414,-0.032455154,0,DIST / DistilBERT
MHxPC130442479,0.0032818767,0.026018951,0,DIST / DistilBERT
MHxPC130589106,-0.089297414,-0.032455154,0,DIST / DistilBERT
MHxPC130304439,-0.089297414,-0.032455154,0,DIST / DistilBERT
MHxPC130300603,-0.089297414,-0.032455154,0,DIST / DistilBERT
MHxPC130467967,0.01543855,-0.00038208326,1,DIST / DistilBERT
MHxPC130027822,-0.076828994,-0.01276505,0,DIST / DistilBERT
MHxPC130287164,-0.057956688,0.008690839,0,DIST / DistilBERT
MHxPC130071755,-0.057956688,0.008690839,0,DIST / DistilBERT
MHxPC130468225,0.03408401,-0.028805517,1,DIST / DistilBERT
MHxPC130217700,-0.01238431,0.05568006,0,DIST / DistilBERT
MHxPC130006409,0.07022763,0.03147792,1,DIST / DistilBERT
MHxPC130204219,0.13790491,-0.05239001,1,DIST / DistilBERT
MHxPC130488675,0.06878733,0.03163708,1,DIST / DistilBERT
MHxPC130098691,0.07818719,0.0010310027,1,DIST / DistilBERT
MHxPC130562464,-0.06452851,0.0019115005,0,DIST / DistilBERT
MHxPC130273628,-0.089297414,-0.032455154,0,DIST / DistilBERT
MHxPC130069802,0.07352552,4.6397177e-05,1,DIST / DistilBERT
MHxPC130418183,-0.002208852,0.018745245,0,DIST / DistilBERT
MHxPC130226857,-0.057956688,0.008690839,0,DIST / DistilBERT
MHxPC130226645,-0.057956688,0.008690839,0,DIST / DistilBERT
MHxPC130118108,0.087657794,-0.011969956,1,DIST / DistilBERT
MHxPC130131673,0.02784824,-0.007119359,1,DIST / DistilBERT
MHxPC130071786,-0.06750071,-0.0056164786,0,DIST / DistilBERT
MHxPC130511764,0.051677246,0.051654425,1,DIST / DistilBERT
MHxPC130243484,0.0094403215,0.011964115,0,DIST / DistilBERT
MHxPC130093232,-0.076828994,-0.01276505,0,DIST / DistilBERT
MHxPC130247563,-0.057956688,0.008690839,0,DIST / DistilBERT
MHxPC130255446,0.035440315,-0.011603646,1,DIST / DistilBERT
MHxPC130274902,-0.0038839374,0.04224631,0,DIST / DistilBERT
MHxPC130492229,-0.076828994,-0.01276505,0,DIST / DistilBERT
MHxPC130499115,-0.0829548,-0.01884552,0,DIST / DistilBERT
MHxPC130583687,0.11199081,-0.05954491,1,DIST / DistilBERT
MHxPC130254820,0.04373578,0.031190766,1,DIST / DistilBERT
MHxPC130526253,-0.089297414,-0.032455154,0,DIST / DistilBERT
MHxPC130187782,-0.040419385,0.017106948,0,DIST / DistilBERT
MHxPC130515051,0.10207633,-0.02254177,1,DIST / DistilBERT
MHxPC130079977,0.08738529,0.026446052,1,DIST / DistilBERT
MHxPC130293175,0.0023605793,0.010738597,0,DIST / DistilBERT
MHxPC130272744,0.10657576,-0.06295809,1,DIST / DistilBERT
MHxPC130257413,0.06629636,0.0069021746,1,DIST / DistilBERT
MHxPC130069486,-0.089297414,-0.032455154,0,DIST / DistilBERT
MHxPC130237373,-0.089297414,-0.032455154,0,DIST / DistilBERT
MHxPC130028669,0.031527538,-0.017121175,1,DIST / DistilBERT
MHxPC130469151,-0.011035771,0.020259889,0,DIST / DistilBERT
MHxPC130178221,-0.019237632,0.04123977,0,DIST / DistilBERT
MHxPC130166308,-0.06092974,-0.00999467,0,DIST / DistilBERT
MHxPC130147336,0.11107264,-0.027195442,1,DIST / DistilBERT
MHxPC130563548,0.10746976,-0.046048038,1,DIST / DistilBERT
MHxPC130263570,0.13865925,-0.050134357,1,DIST / DistilBERT
MHxPC130035209,0.0387906,0.0373747,1,DIST / DistilBERT
MHxPC130203605,-0.089297414,-0.032455154,0,DIST / DistilBERT
MHxPC130463846,0.078861795,-0.0017726772,1,DIST / DistilBERT
MHxPC130137526,0.102983885,-0.017354215,1,DIST / DistilBERT
MHxPC130247562,0.096243404,-0.0030021279,1,DIST / DistilBERT
MHxPC130351674,0.11982347,-0.0016219774,1,DIST / DistilBERT
MHxPC130463891,0.08556131,0.00040666753,1,DIST / DistilBERT
MHxPC130401496,-0.089297414,-0.032455154,0,DIST / DistilBERT
MHxPC130272420,-0.089297414,-0.032455154,0,DIST / DistilBERT
MHxPC130114669,0.10639039,-0.015974592,1,DIST / DistilBERT
MHxPC130122945,-0.040419385,0.017106948,0,DIST / DistilBERT
MHxPC130491457,0.0051720254,0.030411914,0,DIST / DistilBERT
MHxPC130205101,0.084612794,0.0025728429,1,DIST / DistilBERT
MHxPC130161222,-0.089297414,-0.032455154,0,DIST / DistilBERT
MHxPC130424280,-0.089297414,-0.032455154,0,DIST / DistilBERT
MHxPC130330587,-0.089297414,-0.032455154,0,DIST / DistilBERT
MHxPC130459899,-0.0047900677,0.030344993,0,DIST / DistilBERT
MHxPC130008757,-0.0410217,0.018322265,0,DIST / DistilBERT
MHxPC130106682,-0.057956688,0.008690839,0,DIST / DistilBERT
MHxPC130342726,-0.07264403,-0.009741533,0,DIST / DistilBERT
MHxPC130286355,0.11612086,-0.05249801,1,DIST / DistilBERT
MHxPC130102495,0.07101726,0.019411096,1,DIST / DistilBERT
MHxPC130226029,-0.032823186,0.0013139684,0,DIST / DistilBERT
MHxPC130088236,-0.057956688,0.008690839,0,DIST / DistilBERT
MHxPC130061904,0.00033585986,0.022793025,0,DIST / DistilBERT
MHxPC130393931,0.060622036,0.040961266,1,DIST / DistilBERT
MHxPC130446855,0.11625774,-0.028058892,1,DIST / DistilBERT
MHxPC130037681,0.020068718,-0.015855018,1,DIST / DistilBERT
MHxPC130593972,-0.0474919,0.02098127,0,DIST / DistilBERT
MHxPC130511739,-0.03633114,0.010333896,0,DIST / DistilBERT
MHxPC130085952,-0.089297414,-0.032455154,0,DIST / DistilBERT
MHxPC130418763,-0.089297414,-0.032455154,0,DIST / DistilBERT
MHxPC130209978,-0.0497796,0.019847933,0,DIST / DistilBERT
MHxPC130090108,0.09233046,0.021029271,1,DIST / DistilBERT
MHxPC130498750,0.11534967,-0.064545445,1,DIST / DistilBERT
MHxPC130405616,0.036518577,0.03776165,1,DIST / DistilBERT
MHxPC130312023,0.11082944,-0.064251795,1,DIST / DistilBERT
MHxPC130411984,0.122563824,-0.053260285,1,DIST / DistilBERT
MHxPC130041605,-0.0474919,0.02098127,0,DIST / DistilBERT
MHxPC130234952,0.012168709,0.023780417,0,DIST / DistilBERT
MHxPC130298683,-0.089297414,-0.032455154,0,DIST / DistilBERT
MHxPC130313757,0.11324892,-0.029673783,1,DIST / DistilBERT
MHxPC130310503,-0.06750071,-0.0056164786,0,DIST / DistilBERT
MHxPC130140859,-0.024393689,0.01015996,0,DIST / DistilBERT
MHxPC130221158,-0.03904586,0.043868646,0,DIST / DistilBERT
MHxPC130336522,0.007311265,0.012960917,0,DIST / DistilBERT
MHxPC130057409,0.005487298,0.012843743,0,DIST / DistilBERT
MHxPC130110694,-0.0474919,0.02098127,0,DIST / DistilBERT
MHxPC130375975,-0.076828994,-0.01276505,0,DIST / DistilBERT
MHxPC130548452,-0.0410217,0.018322265,0,DIST / DistilBERT
MHxPC130377064,-0.089297414,-0.032455154,0,DIST / DistilBERT
MHxPC130081931,0.031169437,0.0297301,1,DIST / DistilBERT
MHxPC130059984,-0.0032553128,0.044797517,0,DIST / DistilBERT
MHxPC130546107,0.02238789,0.004807442,1,DIST / DistilBERT
MHxPC130132187,0.014463681,0.02428845,0,DIST / DistilBERT
MHxPC130294184,-0.06750071,-0.0056164786,0,DIST / DistilBERT
MHxPC130480898,0.073792234,0.007886985,1,DIST / DistilBERT
MHxPC130301227,0.011455722,0.02202072,0,DIST / DistilBERT
MHxPC130270429,0.10026276,-0.00763931,1,DIST / DistilBERT
MHxPC130001761,0.09968922,-0.032050967,1,DIST / DistilBERT
MHxPC130093777,0.06944246,0.020491403,1,DIST / DistilBERT
MHxPC130454587,0.020796144,0.0048316126,1,DIST / DistilBERT
MHxPC130495620,0.09657253,-0.019282626,1,DIST / DistilBERT
MHxPC130016708,-0.057956688,0.008690839,0,DIST / DistilBERT
MHxPC130595511,-0.039002,0.011595575,0,DIST / DistilBERT
MHxPC130105626,0.028387817,0.040909197,1,DIST / DistilBERT
MHxPC130520846,0.053047687,0.032462344,1,DIST / DistilBERT
MHxPC130170021,-0.089297414,-0.032455154,0,DIST / DistilBERT
MHxPC130144600,0.011978128,0.030277373,0,DIST / DistilBERT
MHxPC130528704,0.02951407,-0.039134443,1,DIST / DistilBERT
MHxPC130146360,-0.057956688,0.008690839,0,DIST / DistilBERT
MHxPC130001013,-0.089297414,-0.032455154,0,DIST / DistilBERT
MHxPC130328990,0.023640426,-0.03975274,1,DIST / DistilBERT
MHxPC130391562,0.12281553,-0.055077575,1,DIST / DistilBERT
MHxPC130506390,0.010133431,0.019630566,0,DIST / DistilBERT
MHxPC130389245,-0.076828994,-0.01276505,0,DIST / DistilBERT
MHxPC130007435,-0.0474919,0.02098127,0,DIST / DistilBERT
MHxPC130155805,-0.06092974,-0.00999467,0,DIST / DistilBERT
MHxPC130419903,-0.0474919,0.02098127,0,DIST / DistilBERT
MHxPC130226622,0.05874542,0.035902347,1,DIST / DistilBERT
MHxPC130080249,0.07942129,0.01900642,1,DIST / DistilBERT
MHxPC130073329,-0.089297414,-0.032455154,0,DIST / DistilBERT
MHxPC130200667,0.006315479,0.0027724593,0,DIST / DistilBERT
MHxPC130307393,0.031030398,0.00794665,1,DIST / DistilBERT
MHxPC130472545,0.07110288,-0.015392659,1,DIST / DistilBERT
MHxPC130129269,-0.089297414,-0.032455154,0,DIST / DistilBERT
MHxPC130302498,-0.053482864,-0.01340113,0,DIST / DistilBERT
MHxPC130508608,-0.089297414,-0.032455154,0,DIST / DistilBERT
MHxPC130140224,0.016561685,0.018600445,1,DIST / DistilBERT
MHxPC130084451,0.09006723,-0.0021405176,1,DIST / DistilBERT
MHxPC130255525,0.033448357,-0.02822694,1,DIST / DistilBERT
MHxPC130392236,-0.054323092,-0.020344166,0,DIST / DistilBERT
MHxPC130441596,-0.030081417,0.021014998,0,DIST / DistilBERT
MHxPC130091206,-0.076828994,-0.01276505,0,DIST / DistilBERT
MHxPC130359125,-0.0266351,0.025567733,0,DIST / DistilBERT
MHxPC130130921,0.11733988,-0.020885456,1,DIST / DistilBERT
MHxPC130033931,-0.089297414,-0.032455154,0,DIST / DistilBERT
MHxPC130115986,-0.0410217,0.018322265,0,DIST / DistilBERT
MHxPC130119929,-0.0073903576,0.025346175,0,DIST / DistilBERT
MHxPC130047495,-0.089297414,-0.032455154,0,DIST / DistilBERT
MHxPC130503370,0.10550277,-0.03464827,1,DIST / DistilBERT
MHxPC130593365,0.119798936,-0.04203987,1,DIST / DistilBERT
MHxPC130056514,0.0833472,0.006717292,1,DIST / DistilBERT
MHxPC130025665,-0.037384775,0.006067286,0,DIST / DistilBERT
MHxPC130072516,-0.089297414,-0.032455154,0,DIST / DistilBERT
MHxPC130066669,-0.089297414,-0.032455154,0,DIST / DistilBERT
MHxPC130324126,0.08116967,0.0151475575,1,DIST / DistilBERT
MHxPC130201043,-0.076828994,-0.01276505,0,DIST / DistilBERT
MHxPC130067432,0.0776362,0.0019297379,1,DIST / DistilBERT
MHxPC130306811,-0.089297414,-0.032455154,0,DIST / DistilBERT
MHxPC130181382,-0.07264403,-0.009741533,0,DIST / DistilBERT
MHxPC130186273,-0.010612855,0.049727205,0,DIST / DistilBERT
MHxPC130166524,-0.0053885183,0.026917007,0,DIST / DistilBERT
MHxPC130245160,-0.089297414,-0.032455154,0,DIST / DistilBERT
MHxPC130028573,-0.008418808,0.044665765,0,DIST / DistilBERT
MHxPC130234871,-0.00995672,0.0092621,0,DIST / DistilBERT
MHxPC130415932,-0.057956688,0.008690839,0,DIST / DistilBERT
MHxPC130105660,-0.06750071,-0.0056164786,0,DIST / DistilBERT
MHxPC130402314,0.057723157,0.020407973,1,DIST / DistilBERT
MHxPC130301034,0.013801309,-0.011589692,1,DIST / DistilBERT
MHxPC130460812,-0.076828994,-0.01276505,0,DIST / DistilBERT
MHxPC130589331,-0.011390319,0.020823607,0,DIST / DistilBERT
MHxPC130269977,0.092526644,-0.012984925,1,DIST / DistilBERT
MHxPC130540539,0.022615476,0.0042492733,1,DIST / DistilBERT
MHxPC130044885,-0.089297414,-0.032455154,0,DIST / DistilBERT
MHxPC130113937,0.095051646,-0.0028309023,1,DIST / DistilBERT
MHxPC130349098,0.01764655,0.010847131,1,DIST / DistilBERT
MHxPC130251062,-0.007962002,0.04639007,0,DIST / DistilBERT
MHxPC130416772,-0.028467916,0.042572517,0,DIST / DistilBERT
MHxPC130513911,-0.0474919,0.02098127,0,DIST / DistilBERT
MHxPC130283912,-0.076828994,-0.01276505,0,DIST / DistilBERT
MHxPC130086776,0.06008508,0.047341455,1,DIST / DistilBERT
MHxPC130531833,-0.089297414,-0.032455154,0,DIST / DistilBERT
MHxPC130525234,0.12393773,-0.045243327,1,DIST / DistilBERT
MHxPC130162050,-0.041574765,0.0041789096,0,DIST / DistilBERT
MHxPC130548541,-0.057956688,0.008690839,0,DIST / DistilBERT
MHxPC130314907,-0.01910175,0.022371188,0,DIST / DistilBERT
MHxPC130566358,0.10587364,-0.0034571595,1,DIST / DistilBERT
MHxPC130332707,-0.024097782,0.062413253,0,DIST / DistilBERT
MHxPC130235645,-0.04229991,0.030431274,0,DIST / DistilBERT
MHxPC130286843,-0.076828994,-0.01276505,0,DIST / DistilBERT
MHxPC130171816,0.09082931,-0.019159684,1,DIST / DistilBERT
MHxPC130531993,-0.039002,0.011595575,0,DIST / DistilBERT
MHxPC130267907,-0.057956688,0.008690839,0,DIST / DistilBERT
MHxPC130474079,-0.06750071,-0.0056164786,0,DIST / DistilBERT
MHxPC130393980,-0.04229991,0.030431274,0,DIST / DistilBERT
MHxPC130037396,-0.005904597,0.03986137,0,DIST / DistilBERT
MHxPC130015297,0.11558769,-0.020303763,1,DIST / DistilBERT
MHxPC130279769,0.05482089,0.05258005,1,DIST / DistilBERT
MHxPC130143988,-0.076828994,-0.01276505,0,DIST / DistilBERT
MHxPC130322370,0.087875575,-0.0042809607,1,DIST / DistilBERT
MHxPC130396201,-0.006485216,0.0104031265,0,DIST / DistilBERT
MHxPC130235075,-0.033579852,0.027837573,0,DIST / DistilBERT
MHxPC130019376,0.078866884,0.01897729,1,DIST / DistilBERT
MHxPC130089825,-0.076828994,-0.01276505,0,DIST / DistilBERT
MHxPC130262633,-0.01910175,0.022371188,0,DIST / DistilBERT
MHxPC130115904,0.06793249,0.019994363,1,DIST / DistilBERT
MHxPC130428300,0.038169958,-0.0277168,1,DIST / DistilBERT
MHxPC130105600,0.007412025,0.016358731,0,DIST / DistilBERT
MHxPC130351138,-0.008529551,0.04788071,0,DIST / DistilBERT
MHxPC130351972,0.042653497,0.050213072,1,DIST / DistilBERT
MHxPC130566979,0.028456416,-0.012817024,1,DIST / DistilBERT
MHxPC130566594,-0.0829548,-0.01884552,0,DIST / DistilBERT
MHxPC130193744,0.026062528,-0.02485479,1,DIST / DistilBERT
MHxPC130065498,0.0077466676,0.01940596,0,DIST / DistilBERT
MHxPC130327942,-0.057956688,0.008690839,0,DIST / DistilBERT
MHxPC130588132,-0.057956688,0.008690839,0,DIST / DistilBERT
MHxPC130094496,0.08543236,0.029009249,1,DIST / DistilBERT
MHxPC130270379,-0.089297414,-0.032455154,0,DIST / DistilBERT
MHxPC130402783,-0.0266351,0.025567733,0,DIST / DistilBERT
MHxPC130539772,0.12976032,-0.066686906,1,DIST / DistilBERT
MHxPC130219403,0.10718703,-0.017883787,1,DIST / DistilBERT
MHxPC130476986,0.009146213,-0.014792412,0,DIST / DistilBERT
MHxPC130093833,0.036689725,0.037976623,1,DIST / DistilBERT
MHxPC130381957,0.009540408,0.009049888,0,DIST / DistilBERT
MHxPC130343956,-0.03904586,0.043868646,0,DIST / DistilBERT
MHxPC130208122,-0.042146426,0.0303238,0,DIST / DistilBERT
MHxPC130507486,0.017561227,-0.02188578,1,DIST / DistilBERT
MHxPC130155132,0.10704769,-0.015497516,1,DIST / DistilBERT
MHxPC130502252,-0.020417629,0.016400468,0,DIST / DistilBERT
MHxPC130104439,-0.0009354967,0.013533988,0,DIST / DistilBERT
MHxPC130245285,-0.089297414,-0.032455154,0,DIST / DistilBERT
MHxPC130534233,-0.076828994,-0.01276505,0,DIST / DistilBERT
MHxPC130033157,0.011246178,-0.00072606606,0,DIST / DistilBERT
MHxPC130364152,0.0006034248,0.041670267,0,DIST / DistilBERT
MHxPC130261628,-0.03277787,0.027306315,0,DIST / DistilBERT
MHxPC130019144,-0.089297414,-0.032455154,0,DIST / DistilBERT
MHxPC130231351,-0.057956688,0.008690839,0,DIST / DistilBERT
MHxPC130339602,-0.076828994,-0.01276505,0,DIST / DistilBERT
MHxPC130319712,0.03429778,0.031195639,1,DIST / DistilBERT
MHxPC130153276,-0.0025924318,0.015770715,0,DIST / DistilBERT
MHxPC130281739,-0.060837038,-0.009832821,0,DIST / DistilBERT
MHxPC130058240,0.112119615,-0.062090326,1,DIST / DistilBERT
MHxPC130394702,-0.0266351,0.025567733,0,DIST / DistilBERT
MHxPC130092848,0.036414616,0.04873059,1,DIST / DistilBERT
MHxPC130062807,-0.023216682,0.026716929,0,DIST / DistilBERT
MHxPC130473300,0.0078865895,0.010115484,0,DIST / DistilBERT
MHxPC130181521,-0.0829548,-0.01884552,0,DIST / DistilBERT
MHxPC130067857,0.092134774,-0.005228649,1,DIST / DistilBERT
MHxPC130348821,-0.0063418588,0.010986609,0,DIST / DistilBERT
MHxPC130018832,-0.057956688,0.008690839,0,DIST / DistilBERT
MHxPC130486498,-0.076828994,-0.01276505,0,DIST / DistilBERT
MHxPC130331140,0.08694127,0.009261324,1,DIST / DistilBERT
MHxPC130071267,-0.089297414,-0.032455154,0,DIST / DistilBERT
MHxPC130276526,0.112478815,-0.068180054,1,DIST / DistilBERT
MHxPC130095686,-0.025009673,0.03202928,0,DIST / DistilBERT
MHxPC130115254,-0.010387531,0.016211014,0,DIST / DistilBERT
MHxPC130168789,0.046103068,0.040402934,1,DIST / DistilBERT
MHxPC130100800,-0.040419385,0.017106948,0,DIST / DistilBERT
MHxPC130462945,-0.057956688,0.008690839,0,DIST / DistilBERT
MHxPC130127402,0.06531644,0.0066020656,1,DIST / DistilBERT
MHxPC130528865,-0.089297414,-0.032455154,0,DIST / DistilBERT
MHxPC130411191,0.021431282,-0.01454201,1,DIST / DistilBERT
MHxPC130255790,-0.089297414,-0.032455154,0,DIST / DistilBERT
MHxPC130411996,-0.057956688,0.008690839,0,DIST / DistilBERT
MHxPC130074899,-0.076828994,-0.01276505,0,DIST / DistilBERT
MHxPC130340049,-0.0285322,0.031752933,0,DIST / DistilBERT
MHxPC130584861,0.04231079,0.018849472,1,DIST / DistilBERT
MHxPC130295215,0.07856571,0.034829944,1,DIST / DistilBERT
MHxPC130164367,0.09330363,-0.01197935,1,DIST / DistilBERT
MHxPC130022847,-0.0266351,0.025567733,0,DIST / DistilBERT
MHxPC130300495,0.09482386,-0.023559907,1,DIST / DistilBERT
MHxPC130290699,0.0552671,0.026996654,1,DIST / DistilBERT
MHxPC130530463,0.0038951053,0.028360344,0,DIST / DistilBERT
MHxPC130403344,0.08584346,-0.017822415,1,DIST / DistilBERT
MHxPC130218501,-0.042816103,0.03047635,0,DIST / DistilBERT
MHxPC130548947,-0.089297414,-0.032455154,0,DIST / DistilBERT
MHxPC130043591,0.12006107,-0.050978843,1,DIST / DistilBERT
MHxPC130432518,-0.0829548,-0.01884552,0,DIST / DistilBERT
MHxPC130042002,-0.015815305,0.028095828,0,DIST / DistilBERT
MHxPC130013459,-0.057956688,0.008690839,0,DIST / DistilBERT
MHxPC130166741,-0.0474919,0.02098127,0,DIST / DistilBERT
MHxPC130053080,-0.076828994,-0.01276505,0,DIST / DistilBERT
MHxPC130532917,-0.089297414,-0.032455154,0,DIST / DistilBERT
MHxPC130569209,0.07671435,0.010528403,1,DIST / DistilBERT
MHxPC130341121,0.013936817,0.0011650656,1,DIST / DistilBERT
MHxPC130303432,-0.039002,0.011595575,0,DIST / DistilBERT
MHxPC130465173,-0.089297414,-0.032455154,0,DIST / DistilBERT
MHxPC130386991,-0.089297414,-0.032455154,0,DIST / DistilBERT
MHxPC130034422,-0.0066411835,0.020643389,0,DIST / DistilBERT
MHxPC130307338,0.113241695,-0.049919818,1,DIST / DistilBERT
MHxPC130501727,-0.089297414,-0.032455154,0,DIST / DistilBERT
MHxPC130452207,-0.015262403,0.017276607,0,DIST / DistilBERT
MHxPC130557028,-0.076828994,-0.01276505,0,DIST / DistilBERT
MHxPC130006435,-0.040419385,0.017106948,0,DIST / DistilBERT
MHxPC130483990,-0.089297414,-0.032455154,0,DIST / DistilBERT
MHxPC130388714,-0.0474919,0.02098127,0,DIST / DistilBERT
MHxPC130553539,0.088050105,-0.0063439724,1,DIST / DistilBERT
MHxPC130140236,-0.089297414,-0.032455154,0,DIST / DistilBERT
MHxPC130343267,-0.029192034,0.016863024,0,DIST / DistilBERT
MHxPC130312512,0.08154431,0.017331555,1,DIST / DistilBERT
MHxPC130376346,0.034831826,0.035631996,1,DIST / DistilBERT
MHxPC130383138,0.11605339,-0.061144326,1,DIST / DistilBERT
MHxPC130461185,-0.060837038,-0.009832821,0,DIST / DistilBERT
MHxPC130248517,-0.0474919,0.02098127,0,DIST / DistilBERT
MHxPC130347924,-0.06092974,-0.00999467,0,DIST / DistilBERT
MHxPC130076486,0.0789458,-0.0019472231,1,DIST / DistilBERT
MHxPC130309618,-0.057956688,0.008690839,0,DIST / DistilBERT
MHxPC130393781,0.09418265,-0.04524567,1,DIST / DistilBERT
MHxPC130079853,0.08883781,-0.001963856,1,DIST / DistilBERT
MHxPC130157933,-0.089297414,-0.032455154,0,DIST / DistilBERT
MHxPC130333561,-0.076828994,-0.01276505,0,DIST / DistilBERT
MHxPC130212142,0.021128085,-0.031612456,1,DIST / DistilBERT
MHxPC130132012,-0.0497796,0.019847933,0,DIST / DistilBERT
MHxPC130428108,-0.057956688,0.008690839,0,DIST / DistilBERT
MHxPC130419375,-0.026457857,0.034762852,0,DIST / DistilBERT
MHxPC130481866,-0.008418808,0.044665765,0,DIST / DistilBERT
MHxPC130244267,-0.089297414,-0.032455154,0,DIST / DistilBERT
MHxPC130188747,-0.025173582,0.021215007,0,DIST / DistilBERT
MHxPC130299193,-0.076828994,-0.01276505,0,DIST / DistilBERT
MHxPC130465474,0.118824884,-0.042316258,1,DIST / DistilBERT
MHxPC130332816,-0.0829548,-0.01884552,0,DIST / DistilBERT
MHxPC130234159,-0.089297414,-0.032455154,0,DIST / DistilBERT
MHxPC130202308,0.11105998,-0.054284986,1,DIST / DistilBERT
MHxPC130100425,0.08825114,0.0009668668,1,DIST / DistilBERT
MHxPC130038904,0.07680341,0.0060490267,1,DIST / DistilBERT
MHxPC130109428,0.10500886,0.0013337428,1,DIST / DistilBERT
MHxPC130406414,0.11613672,-0.039567936,1,DIST / DistilBERT
MHxPC130423456,0.079705045,0.013816615,1,DIST / DistilBERT
MHxPC130234570,-0.076828994,-0.01276505,0,DIST / DistilBERT
MHxPC130594392,-0.06750071,-0.0056164786,0,DIST / DistilBERT
MHxPC130170933,-0.089297414,-0.032455154,0,DIST / DistilBERT
MHxPC130334450,-0.07264403,-0.009741533,0,DIST / DistilBERT
MHxPC130287017,-0.057956688,0.008690839,0,DIST / DistilBERT
MHxPC130115105,0.099767804,-0.058768865,1,DIST / DistilBERT
MHxPC130178482,0.09108462,-0.009147499,1,DIST / DistilBERT
MHxPC130456818,0.088956684,0.00253035,1,DIST / DistilBERT
MHxPC130336273,-0.076828994,-0.01276505,0,DIST / DistilBERT
MHxPC130334912,0.077078655,0.011814377,1,DIST / DistilBERT
MHxPC130297824,-0.089297414,-0.032455154,0,DIST / DistilBERT
MHxPC130176269,-0.076828994,-0.01276505,0,DIST / DistilBERT
MHxPC130302394,-0.054323092,-0.020344166,0,DIST / DistilBERT
MHxPC130132948,-0.089297414,-0.032455154,0,DIST / DistilBERT
MHxPC130461369,0.08762232,0.00049678795,1,DIST / DistilBERT
MHxPC130152052,0.09293637,0.0072555533,1,DIST / DistilBERT
MHxPC130302270,-0.076828994,-0.01276505,0,DIST / DistilBERT
MHxPC130156430,0.08134719,0.00585811,1,DIST / DistilBERT
MHxPC130225125,0.0041391766,0.008673135,0,DIST / DistilBERT
MHxPC130363743,-0.06092974,-0.00999467,0,DIST / DistilBERT
MHxPC130417374,-0.089297414,-0.032455154,0,DIST / DistilBERT
MHxPC130120009,0.11991737,-0.053752895,1,DIST / DistilBERT
MHxPC130038234,0.09578855,0.007498866,1,DIST / DistilBERT
MHxPC130326326,0.08354575,0.0019308219,1,DIST / DistilBERT
MHxPC130254571,-0.027129266,0.018607398,0,DIST / DistilBERT
MHxPC130454345,-0.01885002,0.016272444,0,DIST / DistilBERT
MHxPC130018635,-0.03904586,0.043868646,0,DIST / DistilBERT
MHxPC130025515,-0.0285322,0.031752933,0,DIST / DistilBERT
MHxPC130044923,-0.029187677,0.04007015,0,DIST / DistilBERT
MHxPC130505072,-0.06750071,-0.0056164786,0,DIST / DistilBERT
MHxPC130221341,-0.023726022,0.030011259,0,DIST / DistilBERT
MHxPC130562868,-0.027378501,0.00526354,0,DIST / DistilBERT
MHxPC130557856,0.0994828,-0.026713183,1,DIST / DistilBERT
MHxPC130289799,-0.089297414,-0.032455154,0,DIST / DistilBERT
MHxPC130208575,-0.057956688,0.008690839,0,DIST / DistilBERT
MHxPC130265965,0.0042786817,0.031641632,0,DIST / DistilBERT
MHxPC130410705,-0.089297414,-0.032455154,0,DIST / DistilBERT
MHxPC130451558,-0.029192034,0.016863024,0,DIST / DistilBERT
MHxPC130281509,0.03640182,-0.03285251,1,DIST / DistilBERT
MHxPC130066302,-0.0474919,0.02098127,0,DIST / DistilBERT
MHxPC130277903,0.018500535,-0.008725512,1,DIST / DistilBERT
MHxPC130097139,-0.02749369,0.0029350463,0,DIST / DistilBERT
MHxPC130048552,-0.076828994,-0.01276505,0,DIST / DistilBERT
MHxPC130134795,0.07409935,0.019851388,1,DIST / DistilBERT
MHxPC130214061,0.09291423,0.00065178116,1,DIST / DistilBERT
MHxPC130116030,0.019056875,0.0406661,1,DIST / DistilBERT
MHxPC130042667,0.06163482,0.04642088,1,DIST / DistilBERT
MHxPC130343095,-0.04229991,0.030431274,0,DIST / DistilBERT
MHxPC130000801,0.021187847,-0.005420382,1,DIST / DistilBERT
MHxPC130061636,0.023821577,-0.005547481,1,DIST / DistilBERT
MHxPC130407110,-0.058816027,-0.014097338,0,DIST / DistilBERT
MHxPC130236885,0.09950085,-0.0017691515,1,DIST / DistilBERT
MHxPC130503541,0.10586612,-0.020621203,1,DIST / DistilBERT
MHxPC130491739,-0.089297414,-0.032455154,0,DIST / DistilBERT
MHxPC130515116,-0.0410217,0.018322265,0,DIST / DistilBERT
MHxPC130129530,0.060038183,0.034051172,1,DIST / DistilBERT
MHxPC130511382,-0.00048670213,0.019800618,0,DIST / DistilBERT
MHxPC130304253,-0.0285322,0.031752933,0,DIST / DistilBERT
MHxPC130123824,0.08914203,0.0021906258,1,DIST / DistilBERT
MHxPC130413563,0.04090937,0.027702803,1,DIST / DistilBERT
MHxPC130398666,-0.06750071,-0.0056164786,0,DIST / DistilBERT
MHxPC130593696,-0.089297414,-0.032455154,0,DIST / DistilBERT
MHxPC130380494,-0.06750071,-0.0056164786,0,DIST / DistilBERT
MHxPC130329210,-0.06092974,-0.00999467,0,DIST / DistilBERT
MHxPC130597458,-0.05242689,-0.018815821,0,DIST / DistilBERT
MHxPC130277957,-0.01054253,0.009047961,0,DIST / DistilBERT
MHxPC130493125,-0.076828994,-0.01276505,0,DIST / DistilBERT
MHxPC130370566,0.114788845,-0.03545566,1,DIST / DistilBERT
MHxPC130001178,-0.031413317,0.008296319,0,DIST / DistilBERT
MHxPC130171723,-0.06452851,0.0019115005,0,DIST / DistilBERT
MHxPC130287524,0.046054717,0.04068648,1,DIST / DistilBERT
MHxPC130393199,0.071750864,0.017920695,1,DIST / DistilBERT
MHxPC130087020,-0.089297414,-0.032455154,0,DIST / DistilBERT
MHxPC130343281,-0.076828994,-0.01276505,0,DIST / DistilBERT
MHxPC130152404,0.10627365,-0.03354603,1,DIST / DistilBERT
MHxPC130181615,-0.022654636,0.022866134,0,DIST / DistilBERT
MHxPC130357865,-0.020417629,0.016400468,0,DIST / DistilBERT
MHxPC130050453,0.09590656,-0.0055490974,1,DIST / DistilBERT
MHxPC130319372,-0.0474919,0.02098127,0,DIST / DistilBERT
MHxPC130147144,0.062297862,0.01786596,1,DIST / DistilBERT
MHxPC130166038,0.02775484,0.014754008,1,DIST / DistilBERT
MHxPC130352518,0.034793735,0.04204913,1,DIST / DistilBERT
MHxPC130534781,-0.0044372575,0.025750529,0,DIST / DistilBERT
MHxPC130302224,0.010996452,0.009208589,0,DIST / DistilBERT
MHxPC130479536,-0.089297414,-0.032455154,0,DIST / DistilBERT
MHxPC130571251,-0.042816103,0.03047635,0,DIST / DistilBERT
MHxPC130461473,-0.028381478,0.030755162,0,DIST / DistilBERT
MHxPC130078207,-0.057956688,0.008690839,0,DIST / DistilBERT
MHxPC130593768,0.024577163,-0.007035809,1,DIST / DistilBERT
MHxPC130250065,0.075569056,0.025844645,1,DIST / DistilBERT
MHxPC130464991,-0.089297414,-0.032455154,0,DIST / DistilBERT
MHxPC130233763,-0.089297414,-0.032455154,0,DIST / DistilBERT
MHxPC130076449,-0.057956688,0.008690839,0,DIST / DistilBERT
MHxPC130516235,-0.057956688,0.008690839,0,DIST / DistilBERT
MHxPC130288234,0.12070982,-0.04000546,1,DIST / DistilBERT
MHxPC130317170,-0.023753619,0.024486363,0,DIST / DistilBERT
MHxPC130184114,-0.057956688,0.008690839,0,DIST / DistilBERT
MHxPC130494078,0.017685812,0.016797438,1,DIST / DistilBERT
MHxPC130065501,-0.089297414,-0.032455154,0,DIST / DistilBERT
MHxPC130405451,-0.0008126954,0.04373735,0,DIST / DistilBERT
MHxPC130423712,-0.089297414,-0.032455154,0,DIST / DistilBERT
MHxPC130433365,0.09307189,-0.007358937,1,DIST / DistilBERT
MHxPC130333639,0.017253546,0.0005472416,1,DIST / DistilBERT
MHxPC130411394,-0.06092974,-0.00999467,0,DIST / DistilBERT
MHxPC130014494,-0.0040419186,0.040446047,0,DIST / DistilBERT
MHxPC130330021,-0.0474919,0.02098127,0,DIST / DistilBERT
MHxPC130549705,0.046458915,0.036000192,1,DIST / DistilBERT
MHxPC130472987,-0.089297414,-0.032455154,0,DIST / DistilBERT
MHxPC130269821,-0.0497796,0.019847933,0,DIST / DistilBERT
MHxPC130219660,0.021208102,0.04015467,1,DIST / DistilBERT
MHxPC130465401,-0.040419385,0.017106948,0,DIST / DistilBERT
MHxPC130505584,0.07359799,0.008219686,1,DIST / DistilBERT
MHxPC130365757,0.09775888,-0.025352428,1,DIST / DistilBERT
MHxPC130009735,-0.06750071,-0.0056164786,0,DIST / DistilBERT
MHxPC130096150,-0.0047132922,0.005209406,0,DIST / DistilBERT
MHxPC130272536,-0.0050837803,0.013827499,0,DIST / DistilBERT
MHxPC130479546,0.09638808,-0.020563606,1,DIST / DistilBERT
MHxPC130565812,0.08364771,0.008877221,1,DIST / DistilBERT
MHxPC130222067,-0.06725222,-0.0011569572,0,DIST / DistilBERT
MHxPC130153120,0.069108106,0.018864859,1,DIST / DistilBERT
MHxPC130087460,-0.00075314636,0.03432649,0,DIST / DistilBERT
MHxPC130223733,-0.089297414,-0.032455154,0,DIST / DistilBERT
MHxPC130282704,0.08734844,-0.022395547,1,DIST / DistilBERT
MHxPC130486332,-0.076828994,-0.01276505,0,DIST / DistilBERT
MHxPC130044965,-0.057956688,0.008690839,0,DIST / DistilBERT
MHxPC130398355,-0.076828994,-0.01276505,0,DIST / DistilBERT
MHxPC130324396,0.08781063,-0.0015789672,1,DIST / DistilBERT
MHxPC130421983,-0.057956688,0.008690839,0,DIST / DistilBERT
MHxPC130482830,0.004507285,0.013636617,0,DIST / DistilBERT
MHxPC130444798,-0.007962002,0.04639007,0,DIST / DistilBERT
MHxPC130073526,-0.057956688,0.008690839,0,DIST / DistilBERT
MHxPC130585919,-0.0247159,0.025256328,0,DIST / DistilBERT
MHxPC130288252,-0.008588192,0.028129,0,DIST / DistilBERT
MHxPC130477593,-0.040419385,0.017106948,0,DIST / DistilBERT
MHxPC130506510,-0.058816027,-0.014097338,0,DIST / DistilBERT
MHxPC130402855,-0.01953879,0.022497755,0,DIST / DistilBERT
MHxPC130126135,-0.076828994,-0.01276505,0,DIST / DistilBERT
MHxPC130226584,0.096209556,-0.014941505,1,DIST / DistilBERT
MHxPC130596484,0.09770603,-0.032524634,1,DIST / DistilBERT
MHxPC130042888,0.12490648,-0.038281467,1,DIST / DistilBERT
MHxPC130383037,-0.0431372,0.009863413,0,DIST / DistilBERT
MHxPC130324536,0.009334224,0.00017283553,0,DIST / DistilBERT
MHxPC130312958,-0.029192034,0.016863024,0,DIST / DistilBERT
MHxPC130334476,0.08321349,-0.009210452,1,DIST / DistilBERT
MHxPC130121682,0.10854327,-0.024717648,1,DIST / DistilBERT
MHxPC130435389,-0.035448946,0.009135685,0,DIST / DistilBERT
MHxPC130356721,0.022316283,0.039060418,1,DIST / DistilBERT
MHxPC130232181,0.01900004,0.0126747,1,DIST / DistilBERT
MHxPC130420677,-0.057956688,0.008690839,0,DIST / DistilBERT
MHxPC130539587,-0.07264403,-0.009741533,0,DIST / DistilBERT
MHxPC130059844,-0.0474919,0.02098127,0,DIST / DistilBERT
MHxPC130185626,-0.0474919,0.02098127,0,DIST / DistilBERT
MHxPC130297476,-0.089297414,-0.032455154,0,DIST / DistilBERT
MHxPC130165184,-0.057956688,0.008690839,0,DIST / DistilBERT
MHxPC130297784,-0.076828994,-0.01276505,0,DIST / DistilBERT
MHxPC130183636,-0.06750071,-0.0056164786,0,DIST / DistilBERT
MHxPC130233832,0.066418216,0.0374114,1,DIST / DistilBERT
MHxPC130176748,0.09422914,-0.012781517,1,DIST / DistilBERT
MHxPC130281452,-0.089297414,-0.032455154,0,DIST / DistilBERT
MHxPC130286263,-0.020417629,0.016400468,0,DIST / DistilBERT
MHxPC130485247,0.011906733,0.001972642,0,DIST / DistilBERT
MHxPC130293643,-0.06750071,-0.0056164786,0,DIST / DistilBERT
MHxPC130385957,-0.008387699,0.051031154,0,DIST / DistilBERT
MHxPC130143496,-0.0266351,0.025567733,0,DIST / DistilBERT
MHxPC130229498,-0.06750071,-0.0056164786,0,DIST / DistilBERT
MHxPC130166554,0.07710741,0.0070017017,1,DIST / DistilBERT
MHxPC130202535,-0.011035771,0.020259889,0,DIST / DistilBERT
MHxPC130476716,0.044844232,0.031068556,1,DIST / DistilBERT
MHxPC130008664,0.041340526,0.038461585,1,DIST / DistilBERT
MHxPC130365313,-0.089297414,-0.032455154,0,DIST / DistilBERT
MHxPC130496683,0.09139923,-0.02497961,1,DIST / DistilBERT
MHxPC130174678,-0.089297414,-0.032455154,0,DIST / DistilBERT
MHxPC130442789,0.13092628,-0.053590503,1,DIST / DistilBERT
MHxPC130392175,-0.0474919,0.02098127,0,DIST / DistilBERT
MHxPC130314478,-0.076828994,-0.01276505,0,DIST / DistilBERT
MHxPC130166981,-0.076828994,-0.01276505,0,DIST / DistilBERT
MHxPC130149954,-0.089297414,-0.032455154,0,DIST / DistilBERT
MHxPC130486492,-0.07264403,-0.009741533,0,DIST / DistilBERT
MHxPC130250474,0.07469386,0.016201332,1,DIST / DistilBERT
MHxPC130511341,0.10878641,-0.052428,1,DIST / DistilBERT
MHxPC130562280,0.056201115,0.045824528,1,DIST / DistilBERT
MHxPC130101307,-0.089297414,-0.032455154,0,DIST / DistilBERT
MHxPC130288673,0.06779584,-0.0028162505,1,DIST / DistilBERT
MHxPC130233868,-0.076828994,-0.01276505,0,DIST / DistilBERT
MHxPC130272022,-0.089297414,-0.032455154,0,DIST / DistilBERT
MHxPC130517671,-0.037384775,0.006067286,0,DIST / DistilBERT
MHxPC130077938,-0.040419385,0.017106948,0,DIST / DistilBERT
MHxPC130340345,-0.089297414,-0.032455154,0,DIST / DistilBERT
MHxPC130479963,0.10153315,-0.0064266636,1,DIST / DistilBERT
MHxPC130086375,0.061202668,-0.0051537766,1,DIST / DistilBERT
MHxPC130344380,-0.089297414,-0.032455154,0,DIST / DistilBERT
MHxPC130446250,-0.019237632,0.04123977,0,DIST / DistilBERT
MHxPC130055934,0.09474254,-0.0173359,1,DIST / DistilBERT
MHxPC130062673,-0.076828994,-0.01276505,0,DIST / DistilBERT
MHxPC130296789,-0.0014847573,0.014520212,0,DIST / DistilBERT
MHxPC130466606,-0.089297414,-0.032455154,0,DIST / DistilBERT
MHxPC130567837,0.1146901,-0.045617715,1,DIST / DistilBERT
MHxPC130020581,-0.028381478,0.030755162,0,DIST / DistilBERT
MHxPC130414086,0.009721582,0.005885599,0,DIST / DistilBERT
MHxPC130235519,-0.089297414,-0.032455154,0,DIST / DistilBERT
MHxPC130397000,-0.089297414,-0.032455154,0,DIST / DistilBERT
MHxPC130576892,-0.089297414,-0.032455154,0,DIST / DistilBERT
MHxPC130544594,-0.01622038,0.04062364,0,DIST / DistilBERT
MHxPC130561570,-0.07264403,-0.009741533,0,DIST / DistilBERT
MHxPC130077666,0.102047786,-0.023254458,1,DIST / DistilBERT
MHxPC130502261,0.059331596,0.02864131,1,DIST / DistilBERT
MHxPC130048857,0.12625317,-0.052267548,1,DIST / DistilBERT
MHxPC130345384,-0.0266351,0.025567733,0,DIST / DistilBERT
MHxPC130481806,0.107023895,-0.018129462,1,DIST / DistilBERT
MHxPC130476699,0.010437673,0.0072281044,0,DIST / DistilBERT
MHxPC130488998,-0.010173553,0.023508217,0,DIST / DistilBERT
MHxPC130140637,0.016863856,0.0032597366,1,DIST / DistilBERT
MHxPC130527070,-0.037384775,0.006067286,0,DIST / DistilBERT
MHxPC130579747,0.06976806,0.03274385,1,DIST / DistilBERT
MHxPC130119895,0.020174753,-0.01958478,1,DIST / DistilBERT
MHxPC130462543,0.10794558,-0.059053857,1,DIST / DistilBERT
MHxPC130019001,-0.057956688,0.008690839,0,DIST / DistilBERT
MHxPC130482193,0.09926997,-0.021142468,1,DIST / DistilBERT
MHxPC130483559,0.05782802,0.010508114,1,DIST / DistilBERT
MHxPC130367956,0.030269805,-0.018119805,1,DIST / DistilBERT
MHxPC130307437,-0.076828994,-0.01276505,0,DIST / DistilBERT
MHxPC130273789,-0.057956688,0.008690839,0,DIST / DistilBERT
MHxPC130210334,0.069876105,0.01323741,1,DIST / DistilBERT
MHxPC130467721,-0.06452851,0.0019115005,0,DIST / DistilBERT
MHxPC130084101,-0.089297414,-0.032455154,0,DIST / DistilBERT
MHxPC130089108,0.14492895,-0.054704063,1,DIST / DistilBERT
MHxPC130535336,-0.057956688,0.008690839,0,DIST / DistilBERT
MHxPC130065239,-0.004040737,0.0009998549,0,DIST / DistilBERT
MHxPC130206464,0.086041324,0.0019450458,1,DIST / DistilBERT
MHxPC130405353,-0.011930297,0.02179574,0,DIST / DistilBERT
MHxPC130175485,0.0033408813,0.022274435,0,DIST / DistilBERT
MHxPC130181892,-0.057956688,0.008690839,0,DIST / DistilBERT
MHxPC130217433,-0.029187677,0.04007015,0,DIST / DistilBERT
MHxPC130305690,-0.089297414,-0.032455154,0,DIST / DistilBERT
MHxPC130141401,0.09377368,0.0008058743,1,DIST / DistilBERT
MHxPC130226067,0.005873162,0.026945239,0,DIST / DistilBERT
MHxPC130027662,-0.0474919,0.02098127,0,DIST / DistilBERT
MHxPC130520199,-0.029192034,0.016863024,0,DIST / DistilBERT
MHxPC130257185,-0.06750071,-0.0056164786,0,DIST / DistilBERT
MHxPC130033108,-0.0410217,0.018322265,0,DIST / DistilBERT
MHxPC130536123,0.08885595,-0.008121626,1,DIST / DistilBERT
MHxPC130428612,-0.057956688,0.008690839,0,DIST / DistilBERT
MHxPC130168891,-0.0497796,0.019847933,0,DIST / DistilBERT
MHxPC130199612,0.09131055,-0.010810764,1,DIST / DistilBERT
MHxPC130061611,-0.06750071,-0.0056164786,0,DIST / DistilBERT
MHxPC130126224,-0.029542927,0.042665403,0,DIST / DistilBERT
MHxPC130557351,0.07181369,-0.0007264076,1,DIST / DistilBERT
MHxPC130356878,0.05051361,0.045451254,1,DIST / DistilBERT
MHxPC130126970,-0.089297414,-0.032455154,0,DIST / DistilBERT
MHxPC130496914,-0.089297414,-0.032455154,0,DIST / DistilBERT
MHxPC130568058,0.099340126,-0.00043389937,1,DIST / DistilBERT
MHxPC130002192,-0.06750071,-0.0056164786,0,DIST / DistilBERT
MHxPC130362817,-0.076828994,-0.01276505,0,DIST / DistilBERT
MHxPC130162064,-0.089297414,-0.032455154,0,DIST / DistilBERT
MHxPC130414733,-0.076828994,-0.01276505,0,DIST / DistilBERT
MHxPC130106611,0.016539149,0.022827396,1,DIST / DistilBERT
MHxPC130336778,0.012187553,0.019224301,0,DIST / DistilBERT
MHxPC130514550,-0.012819378,0.049586773,0,DIST / DistilBERT
MHxPC130123760,0.109197974,-0.019471444,1,DIST / DistilBERT
MHxPC130006489,-0.011422536,0.030108219,0,DIST / DistilBERT
MHxPC130389854,0.072996184,0.018685585,1,DIST / DistilBERT
MHxPC130097549,0.017168611,-0.01441627,1,DIST / DistilBERT
MHxPC130414777,-0.029187677,0.04007015,0,DIST / DistilBERT
MHxPC130044713,0.11893831,-0.033175774,1,DIST / DistilBERT
MHxPC130546750,-0.089297414,-0.032455154,0,DIST / DistilBERT
MHxPC130121322,0.02059687,0.002892063,1,DIST / DistilBERT
MHxPC130355847,-0.0474919,0.02098127,0,DIST / DistilBERT
MHxPC130342906,-0.089297414,-0.032455154,0,DIST / DistilBERT
MHxPC130587436,0.0074868794,0.009393084,0,DIST / DistilBERT
MHxPC130373339,-0.089297414,-0.032455154,0,DIST / DistilBERT
MHxPC130235812,0.10959919,-0.05442837,1,DIST / DistilBERT
MHxPC130201813,-0.089297414,-0.032455154,0,DIST / DistilBERT
MHxPC130412166,0.06703336,0.023893874,1,DIST / DistilBERT
MHxPC130197976,-0.057956688,0.008690839,0,DIST / DistilBERT
MHxPC130525176,0.059981234,0.03205766,1,DIST / DistilBERT
MHxPC130160902,-0.0474919,0.02098127,0,DIST / DistilBERT
MHxPC130096995,-0.06750071,-0.0056164786,0,DIST / DistilBERT
MHxPC130050974,0.08572409,-0.0017974647,1,DIST / DistilBERT
MHxPC130301594,-0.076828994,-0.01276505,0,DIST / DistilBERT
MHxPC130231685,-0.057956688,0.008690839,0,DIST / DistilBERT
MHxPC130227206,-0.089297414,-0.032455154,0,DIST / DistilBERT
MHxPC130162059,-0.089297414,-0.032455154,0,DIST / DistilBERT
MHxPC130561087,-0.089297414,-0.032455154,0,DIST / DistilBERT
MHxPC130065295,0.091799036,0.023718197,1,DIST / DistilBERT
MHxPC130593356,0.07075943,0.0154847605,1,DIST / DistilBERT
MHxPC130022141,-0.0474919,0.02098127,0,DIST / DistilBERT
MHxPC130343674,-0.076828994,-0.01276505,0,DIST / DistilBERT
MHxPC130078747,-0.089297414,-0.032455154,0,DIST / DistilBERT
MHxPC130472864,0.09051317,0.002314035,1,DIST / DistilBERT
MHxPC130128009,-0.0004447324,0.016402638,0,DIST / DistilBERT
MHxPC130167379,0.110618785,-0.034544792,1,DIST / DistilBERT
MHxPC130218271,0.013738306,0.0075167012,0,DIST / DistilBERT
MHxPC130023349,-0.07264406,-0.009741491,0,DIST / DistilBERT
MHxPC130348872,0.07913329,0.028462814,1,DIST / DistilBERT
MHxPC130169436,-0.08929737,-0.032455202,0,DIST / DistilBERT
MHxPC130253079,0.06553631,0.022699462,1,DIST / DistilBERT
MHxPC130578708,0.08224375,-0.0037952373,1,DIST / DistilBERT
MHxPC130451159,0.010019885,0.01573059,0,DIST / DistilBERT
MHxPC130306774,0.068941854,0.022917943,1,DIST / DistilBERT
MHxPC130428830,-0.08929737,-0.032455202,0,DIST / DistilBERT
MHxPC130052349,0.10218014,-0.033072833,1,DIST / DistilBERT
MHxPC130304302,-0.07264406,-0.009741491,0,DIST / DistilBERT
MHxPC130213725,-0.08929737,-0.032455202,0,DIST / DistilBERT
MHxPC130227985,0.053317156,0.036706243,1,DIST / DistilBERT
MHxPC130326254,-0.0579567,0.008690823,0,DIST / DistilBERT
MHxPC130063459,0.114696085,0.006668383,1,DIST / DistilBERT
MHxPC130315312,-0.08929737,-0.032455202,0,DIST / DistilBERT
MHxPC130407897,-0.047491938,0.02098132,0,DIST / DistilBERT
MHxPC130167024,-0.018537136,0.023325663,0,DIST / DistilBERT
MHxPC130134249,-0.029192029,0.016863026,0,DIST / DistilBERT
MHxPC130003248,0.04546865,0.028800318,1,DIST / DistilBERT
MHxPC130068341,0.112023376,-0.03209736,1,DIST / DistilBERT
MHxPC130304036,0.013044911,-0.013834293,1,DIST / DistilBERT
MHxPC130069045,-0.0579567,0.008690823,0,DIST / DistilBERT
MHxPC130026513,0.09220488,-0.0027444812,1,DIST / DistilBERT
MHxPC130514233,0.026629398,-0.0363389,1,DIST / DistilBERT
MHxPC130224776,0.08965022,-0.00043214462,1,DIST / DistilBERT
MHxPC130185516,0.10884127,-0.036739253,1,DIST / DistilBERT
MHxPC130212102,-0.076829,-0.012765105,0,DIST / DistilBERT
MHxPC130211201,-0.039045878,0.043868635,0,DIST / DistilBERT
MHxPC130053485,-0.0119303465,0.021795774,0,DIST / DistilBERT
MHxPC130128155,0.011178164,0.015858324,0,DIST / DistilBERT
MHxPC130107725,0.034932215,0.020764539,1,DIST / DistilBERT
MHxPC130505231,0.1085066,-0.027075168,1,DIST / DistilBERT
MHxPC130168969,0.124005355,-0.05711005,1,DIST / DistilBERT
MHxPC130518240,0.11502527,-0.05829389,1,DIST / DistilBERT
MHxPC130093080,0.09377345,-0.007305807,1,DIST / DistilBERT
MHxPC130023594,0.08603617,0.007035548,1,DIST / DistilBERT
MHxPC130421853,-0.06092965,-0.009994655,0,DIST / DistilBERT
MHxPC130097011,-0.014335348,0.014251235,0,DIST / DistilBERT
MHxPC130377270,0.00053270056,0.040643457,0,DIST / DistilBERT
MHxPC130310428,0.00035546225,0.023924895,0,DIST / DistilBERT
MHxPC130170317,0.02355384,0.014602686,1,DIST / DistilBERT
MHxPC130304763,0.05506044,0.035177823,1,DIST / DistilBERT
MHxPC130462682,0.06493641,0.014610015,1,DIST / DistilBERT
MHxPC130401712,0.07655634,-0.0023693985,1,DIST / DistilBERT
MHxPC130065717,0.11183703,-0.077368096,1,DIST / DistilBERT
MHxPC130365318,0.068144046,0.024635153,1,DIST / DistilBERT
MHxPC130056357,-0.08929737,-0.032455202,0,DIST / DistilBERT
MHxPC130560121,-0.08929737,-0.032455202,0,DIST / DistilBERT
MHxPC130586826,-0.047491938,0.02098132,0,DIST / DistilBERT
MHxPC130273210,-0.039045878,0.043868635,0,DIST / DistilBERT
MHxPC130583506,-0.014407053,0.027071726,0,DIST / DistilBERT
MHxPC130124704,0.05939413,0.028679257,1,DIST / DistilBERT
MHxPC130587634,0.05880941,0.055129275,1,DIST / DistilBERT
MHxPC130005344,-0.0579567,0.008690823,0,DIST / DistilBERT
MHxPC130508184,0.11904572,-0.06411867,1,DIST / DistilBERT
MHxPC130559360,0.025100615,-0.0063626994,1,DIST / DistilBERT
MHxPC130436887,0.08528438,-0.0006216117,1,DIST / DistilBERT
MHxPC130356989,0.09072007,-0.01161429,1,DIST / DistilBERT
MHxPC130559346,0.10541386,-0.053690787,1,DIST / DistilBERT
MHxPC130344345,0.028949633,0.048422363,1,DIST / DistilBERT
MHxPC130226542,0.09747654,-0.0021950735,1,DIST / DistilBERT
MHxPC130006483,0.081087075,0.017344147,1,DIST / DistilBERT
MHxPC130298593,-0.076829,-0.012765105,0,DIST / DistilBERT
MHxPC130234051,-0.076829,-0.012765105,0,DIST / DistilBERT
MHxPC130493957,-0.0008126597,0.043737326,0,DIST / DistilBERT
MHxPC130100006,0.052974496,-0.03184853,1,DIST / DistilBERT
MHxPC130347879,0.08255105,0.013220426,1,DIST / DistilBERT
MHxPC130117800,0.00042634358,-0.0012293404,0,DIST / DistilBERT
MHxPC130426841,0.044625644,0.032386087,1,DIST / DistilBERT
MHxPC130328390,0.08105389,-0.003501658,1,DIST / DistilBERT
MHxPC130400321,0.09185055,0.00016207586,1,DIST / DistilBERT
MHxPC130057492,0.08741556,0.0056669787,1,DIST / DistilBERT
MHxPC130178817,-0.013799254,0.029849662,0,DIST / DistilBERT
MHxPC130388430,0.0868848,-0.0038949933,1,DIST / DistilBERT
MHxPC130326581,-0.08929737,-0.032455202,0,DIST / DistilBERT
MHxPC130466754,0.051502954,0.020803632,1,DIST / DistilBERT
MHxPC130192787,0.08989711,0.010126205,1,DIST / DistilBERT
MHxPC130406620,-0.0579567,0.008690823,0,DIST / DistilBERT
MHxPC130287528,-0.076829,-0.012765105,0,DIST / DistilBERT
MHxPC130574062,-0.0410217,0.018322252,0,DIST / DistilBERT
MHxPC130194609,-0.08929737,-0.032455202,0,DIST / DistilBERT
MHxPC130000152,0.0983607,-0.029660929,1,DIST / DistilBERT
MHxPC130298060,-0.076829,-0.012765105,0,DIST / DistilBERT
MHxPC130044384,-0.07264406,-0.009741491,0,DIST / DistilBERT
MHxPC130275043,-0.076829,-0.012765105,0,DIST / DistilBERT
MHxPC130409450,-0.08929737,-0.032455202,0,DIST / DistilBERT
MHxPC130074915,-0.0016816977,0.037392706,0,DIST / DistilBERT
MHxPC130198039,-0.08929737,-0.032455202,0,DIST / DistilBERT
MHxPC130094673,0.020642526,0.00610147,1,DIST / DistilBERT
MHxPC130104520,0.10856405,-0.030656246,1,DIST / DistilBERT
MHxPC130295614,0.014268894,0.01608814,1,DIST / DistilBERT
MHxPC130466432,0.10728743,-0.037620097,1,DIST / DistilBERT
MHxPC130225873,0.078112155,0.008135704,1,DIST / DistilBERT
MHxPC130390393,-0.0073903576,0.025346175,0,DIST / DistilBERT
MHxPC130270011,-0.076828994,-0.01276505,0,DIST / DistilBERT
MHxPC130384809,0.01884291,0.015258365,1,DIST / DistilBERT
MHxPC130524674,-0.076828994,-0.01276505,0,DIST / DistilBERT
MHxPC130018894,-0.06750071,-0.0056164786,0,DIST / DistilBERT
MHxPC130526957,0.11495116,-0.028246075,1,DIST / DistilBERT
MHxPC130313882,-0.089297414,-0.032455154,0,DIST / DistilBERT
MHxPC130282539,0.10383533,-0.017367613,1,DIST / DistilBERT
MHxPC130158288,0.101989225,-0.017514994,1,DIST / DistilBERT
MHxPC130082376,0.0978207,-0.0018566954,1,DIST / DistilBERT
MHxPC130258966,-0.076828994,-0.01276505,0,DIST / DistilBERT
MHxPC130344349,-0.089297414,-0.032455154,0,DIST / DistilBERT
MHxPC130244353,-0.006562386,0.012519833,0,DIST / DistilBERT
MHxPC130091033,0.08689443,0.014584143,1,DIST / DistilBERT
MHxPC130270976,-0.0829548,-0.01884552,0,DIST / DistilBERT
MHxPC130243455,0.019370135,0.015414868,1,DIST / DistilBERT
MHxPC130431714,-0.057956688,0.008690839,0,DIST / DistilBERT
MHxPC130540294,0.05762858,0.02369831,1,DIST / DistilBERT
MHxPC130322759,0.09061625,-0.01771537,1,DIST / DistilBERT
MHxPC130407763,-0.089297414,-0.032455154,0,DIST / DistilBERT
MHxPC130266713,-0.03277787,0.027306315,0,DIST / DistilBERT
MHxPC130488902,0.09960641,-0.046150956,1,DIST / DistilBERT
MHxPC130190472,-0.0010746979,0.014798075,0,DIST / DistilBERT
MHxPC130571089,-0.06452851,0.0019115005,0,DIST / DistilBERT
MHxPC130479157,0.09004226,0.0046211514,1,DIST / DistilBERT
MHxPC130260141,-0.01969131,0.038477693,0,DIST / DistilBERT
MHxPC130508547,-0.0474919,0.02098127,0,DIST / DistilBERT
MHxPC130114334,0.11809616,-0.033732727,1,DIST / DistilBERT
MHxPC130143966,0.013286341,-0.005162534,1,DIST / DistilBERT
MHxPC130280496,-0.06750071,-0.0056164786,0,DIST / DistilBERT
MHxPC130396284,0.10763586,-0.015037438,1,DIST / DistilBERT
MHxPC130451938,0.09353913,-0.010575023,1,DIST / DistilBERT
MHxPC130547353,0.029470347,-0.034385998,1,DIST / DistilBERT
MHxPC130286141,-0.076828994,-0.01276505,0,DIST / DistilBERT
MHxPC130235298,-0.089297414,-0.032455154,0,DIST / DistilBERT
MHxPC130273435,-0.0474919,0.02098127,0,DIST / DistilBERT
MHxPC130389198,0.038482673,0.02007367,1,DIST / DistilBERT
MHxPC130072581,0.10116669,-0.0150304185,1,DIST / DistilBERT
MHxPC130015130,0.06759315,0.049103934,1,DIST / DistilBERT
MHxPC130284052,0.10488118,-0.017857295,1,DIST / DistilBERT
MHxPC130483721,0.0063223806,0.020390876,0,DIST / DistilBERT
MHxPC130405649,-0.06750071,-0.0056164786,0,DIST / DistilBERT
MHxPC130402997,-0.040419385,0.017106948,0,DIST / DistilBERT
MHxPC130118190,-0.040419385,0.017106948,0,DIST / DistilBERT
MHxPC130073724,0.08609319,0.012699544,1,DIST / DistilBERT
MHxPC130284593,0.08163464,0.0047499584,1,DIST / DistilBERT
MHxPC130580892,-0.06092974,-0.00999467,0,DIST / DistilBERT
MHxPC130237990,-0.0497796,0.019847933,0,DIST / DistilBERT
MHxPC130119114,0.04777856,0.058675606,1,DIST / DistilBERT
MHxPC130595866,0.052297622,0.03091722,1,DIST / DistilBERT
MHxPC130469742,0.12358963,-0.052397966,1,DIST / DistilBERT
MHxPC130524385,0.010735999,-0.0026873772,0,DIST / DistilBERT
MHxPC130051782,0.08654277,0.0062683234,1,DIST / DistilBERT
MHxPC130313602,-0.089297414,-0.032455154,0,DIST / DistilBERT
MHxPC130020628,0.04480271,0.038423654,1,DIST / DistilBERT
MHxPC130352658,-0.03277787,0.027306315,0,DIST / DistilBERT
MHxPC130087851,-0.06750071,-0.0056164786,0,DIST / DistilBERT
MHxPC130449905,-0.004925797,0.043796953,0,DIST / DistilBERT
MHxPC130346715,0.07495356,0.019274699,1,DIST / DistilBERT
MHxPC130497051,0.075579904,0.004736269,1,DIST / DistilBERT
MHxPC130591794,0.059494976,0.014715956,1,DIST / DistilBERT
MHxPC130186980,-0.076828994,-0.01276505,0,DIST / DistilBERT
MHxPC130091041,0.102146834,0.002176347,1,DIST / DistilBERT
MHxPC130418063,0.076232426,0.03276741,1,DIST / DistilBERT
MHxPC130439578,0.07271668,0.018028894,1,DIST / DistilBERT
MHxPC130528037,0.10787638,0.00850079,1,DIST / DistilBERT
MHxPC130480575,0.08241223,0.0145246405,1,DIST / DistilBERT
MHxPC130058224,0.026101477,-0.028144699,1,DIST / DistilBERT
MHxPC130002375,0.07534118,0.020396465,1,DIST / DistilBERT
MHxPC130016313,-0.0025924318,0.015770715,0,DIST / DistilBERT
MHxPC130562463,-0.089297414,-0.032455154,0,DIST / DistilBERT
MHxPC130181201,-0.089297414,-0.032455154,0,DIST / DistilBERT
MHxPC130280068,-0.076828994,-0.01276505,0,DIST / DistilBERT
MHxPC130161604,0.06492891,0.037232876,1,DIST / DistilBERT
MHxPC130005534,-0.06092974,-0.00999467,0,DIST / DistilBERT
MHxPC130122572,-0.0012625571,0.02393311,0,DIST / DistilBERT
MHxPC130336040,-0.03277787,0.027306315,0,DIST / DistilBERT
MHxPC130244679,0.092961565,-0.027162699,1,DIST / DistilBERT
MHxPC130374539,-0.057956688,0.008690839,0,DIST / DistilBERT
MHxPC130007326,0.00069936394,0.037177075,0,DIST / DistilBERT
MHxPC130140503,-0.02733312,0.047353223,0,DIST / DistilBERT
MHxPC130318207,-0.058816027,-0.014097338,0,DIST / DistilBERT
MHxPC130218985,0.11781078,-0.047121968,1,DIST / DistilBERT
MHxPC130155245,0.0707791,0.008909934,1,DIST / DistilBERT
MHxPC130485090,0.106689274,-0.041162618,1,DIST / DistilBERT
MHxPC130476537,-0.032943595,0.025546018,0,DIST / DistilBERT
MHxPC130001044,0.11484402,-0.027949085,1,DIST / DistilBERT
MHxPC130346033,-0.06750071,-0.0056164786,0,DIST / DistilBERT
MHxPC130228540,0.12420064,-0.05014361,1,DIST / DistilBERT
MHxPC130136144,0.0043393243,0.009756935,0,DIST / DistilBERT
MHxPC130281637,-0.0497796,0.019847933,0,DIST / DistilBERT
MHxPC130052418,-0.089297414,-0.032455154,0,DIST / DistilBERT
MHxPC130304350,0.09414662,-0.026243607,1,DIST / DistilBERT
MHxPC130575145,0.036080804,0.038922615,1,DIST / DistilBERT
MHxPC130392101,0.118757136,-0.06458853,1,DIST / DistilBERT
MHxPC130591276,-0.089297414,-0.032455154,0,DIST / DistilBERT
MHxPC130118602,-0.0032553128,0.044797517,0,DIST / DistilBERT
MHxPC130178289,-0.023886506,0.012849154,0,DIST / DistilBERT
MHxPC130587714,-0.089297414,-0.032455154,0,DIST / DistilBERT
MHxPC130564435,-0.07264403,-0.009741533,0,DIST / DistilBERT
MHxPC130398400,-0.089297414,-0.032455154,0,DIST / DistilBERT
MHxPC130478879,0.014862583,0.0014536312,1,DIST / DistilBERT
MHxPC130520468,-0.076828994,-0.01276505,0,DIST / DistilBERT
MHxPC130034758,-0.0497796,0.019847933,0,DIST / DistilBERT
MHxPC130410118,-0.057956688,0.008690839,0,DIST / DistilBERT
MHxPC130214263,-0.076828994,-0.01276505,0,DIST / DistilBERT
MHxPC130497293,-0.076828994,-0.01276505,0,DIST / DistilBERT
MHxPC130189690,-0.076828994,-0.01276505,0,DIST / DistilBERT
MHxPC130020339,-0.03904586,0.043868646,0,DIST / DistilBERT
MHxPC130450179,-0.089297414,-0.032455154,0,DIST / DistilBERT
MHxPC130239775,0.09273105,-0.034537375,1,DIST / DistilBERT
MHxPC130328417,-0.0474919,0.02098127,0,DIST / DistilBERT
MHxPC130459438,0.103075616,-0.031430222,1,DIST / DistilBERT
MHxPC130102167,-0.076828994,-0.01276505,0,DIST / DistilBERT
MHxPC130281368,0.022554113,-0.002530161,1,DIST / DistilBERT
MHxPC130458416,-0.06750071,-0.0056164786,0,DIST / DistilBERT
MHxPC130339948,-0.076828994,-0.01276505,0,DIST / DistilBERT
MHxPC130126133,-0.089297414,-0.032455154,0,DIST / DistilBERT
MHxPC130309611,-0.07264403,-0.009741533,0,DIST / DistilBERT
MHxPC130193643,-0.057956688,0.008690839,0,DIST / DistilBERT
MHxPC130165001,-0.076828994,-0.01276505,0,DIST / DistilBERT
MHxPC130370812,0.10637242,-0.050506085,1,DIST / DistilBERT
MHxPC130106656,0.10236468,-0.026232772,1,DIST / DistilBERT
MHxPC130309228,-0.040419385,0.017106948,0,DIST / DistilBERT
MHxPC130258163,-0.076828994,-0.01276505,0,DIST / DistilBERT
MHxPC130544889,0.08661738,0.0035495989,1,DIST / DistilBERT
MHxPC130276038,-0.0474919,0.02098127,0,DIST / DistilBERT
MHxPC130150655,-0.010309144,0.026360689,0,DIST / DistilBERT
MHxPC130360341,-0.009780853,0.049528975,0,DIST / DistilBERT
MHxPC130105210,-0.0497796,0.019847933,0,DIST / DistilBERT
MHxPC130110451,-0.06452851,0.0019115005,0,DIST / DistilBERT
MHxPC130510106,0.10616886,-0.056175515,1,DIST / DistilBERT
MHxPC130325114,0.098753385,-0.03826514,1,DIST / DistilBERT
MHxPC130396760,-0.089297414,-0.032455154,0,DIST / DistilBERT
MHxPC130056128,0.09419389,0.02407281,1,DIST / DistilBERT
MHxPC130538009,-0.076828994,-0.01276505,0,DIST / DistilBERT
MHxPC130340374,0.08200955,-0.006543913,1,DIST / DistilBERT
MHxPC130493405,0.008022696,0.01923094,0,DIST / DistilBERT
MHxPC130007061,-0.008041478,0.022775376,0,DIST / DistilBERT
MHxPC130045363,-0.057956688,0.008690839,0,DIST / DistilBERT
MHxPC130564548,0.025387976,-0.023762824,1,DIST / DistilBERT
MHxPC130423359,-0.05800495,-0.01622086,0,DIST / DistilBERT
MHxPC130150810,0.092709,-0.014297631,1,DIST / DistilBERT
MHxPC130534834,-0.029192034,0.016863024,0,DIST / DistilBERT
MHxPC130228506,0.08252275,0.015885862,1,DIST / DistilBERT
MHxPC130285475,-0.0474919,0.02098127,0,DIST / DistilBERT
MHxPC130487961,0.09450395,-0.04217232,1,DIST / DistilBERT
MHxPC130069797,-0.009691382,0.024603182,0,DIST / DistilBERT
MHxPC130327983,-0.089297414,-0.032455154,0,DIST / DistilBERT
MHxPC130461456,-0.00029012293,0.024151154,0,DIST / DistilBERT
MHxPC130108056,-0.06750071,-0.0056164786,0,DIST / DistilBERT
MHxPC130515391,-0.0474919,0.02098127,0,DIST / DistilBERT
MHxPC130303138,0.037687585,-0.012381823,1,DIST / DistilBERT
MHxPC130298540,0.10628537,-0.009496357,1,DIST / DistilBERT
MHxPC130290023,-0.089297414,-0.032455154,0,DIST / DistilBERT
MHxPC130464911,-0.076828994,-0.01276505,0,DIST / DistilBERT
MHxPC130071692,0.024280453,-0.0057939314,1,DIST / DistilBERT
MHxPC130234449,-0.014620455,0.01463834,0,DIST / DistilBERT
MHxPC130214248,-0.042816103,0.03047635,0,DIST / DistilBERT
MHxPC130079773,-0.021148697,0.010138003,0,DIST / DistilBERT
MHxPC130383804,0.10861367,-0.05498314,1,DIST / DistilBERT
MHxPC130160566,-0.089297414,-0.032455154,0,DIST / DistilBERT
MHxPC130169084,-0.076828994,-0.01276505,0,DIST / DistilBERT
MHxPC130324735,0.0515128,0.030531364,1,DIST / DistilBERT
MHxPC130021641,-0.089297414,-0.032455154,0,DIST / DistilBERT
MHxPC130033013,-0.00013447503,0.016844358,0,DIST / DistilBERT
MHxPC130360522,0.086445846,0.01048592,1,DIST / DistilBERT
MHxPC130363235,0.0014970314,0.038484447,0,DIST / DistilBERT
MHxPC130366003,0.057923436,0.01108389,1,DIST / DistilBERT
MHxPC130016224,-0.089297414,-0.032455154,0,DIST / DistilBERT
MHxPC130043661,-0.04229991,0.030431274,0,DIST / DistilBERT
MHxPC130457405,-0.062729694,0.0009414959,0,DIST / DistilBERT
MHxPC130108521,-0.089297414,-0.032455154,0,DIST / DistilBERT
MHxPC130456849,0.0850869,0.013004911,1,DIST / DistilBERT
MHxPC130150097,-0.03904586,0.043868646,0,DIST / DistilBERT
MHxPC130515380,0.08727495,0.017141735,1,DIST / DistilBERT
MHxPC130130218,0.08107831,0.012038347,1,DIST / DistilBERT
MHxPC130409759,-0.013022508,0.012911099,0,DIST / DistilBERT
MHxPC130512225,0.09669073,-0.01619963,1,DIST / DistilBERT
MHxPC130517932,0.00942158,0.034878116,0,DIST / DistilBERT
MHxPC130080429,-0.0474919,0.02098127,0,DIST / DistilBERT
MHxPC130566917,0.06822603,0.024073914,1,DIST / DistilBERT
MHxPC130184086,0.08356861,0.0088733435,1,DIST / DistilBERT
MHxPC130405075,-0.089297414,-0.032455154,0,DIST / DistilBERT
MHxPC130256467,-0.0013096372,0.005960938,0,DIST / DistilBERT
MHxPC130313171,-0.057956688,0.008690839,0,DIST / DistilBERT
MHxPC130520115,-0.089297414,-0.032455154,0,DIST / DistilBERT
MHxPC130419588,0.06951953,0.009423532,1,DIST / DistilBERT
MHxPC130505012,0.010582522,0.02431631,0,DIST / DistilBERT
MHxPC130049203,0.0704688,0.021666199,1,DIST / DistilBERT
MHxPC130317200,0.04706517,0.033246197,1,DIST / DistilBERT
MHxPC130532853,0.031178808,0.030363759,1,DIST / DistilBERT
MHxPC130030835,-0.07264403,-0.009741533,0,DIST / DistilBERT
MHxPC130553185,0.044473708,0.02828937,1,DIST / DistilBERT
MHxPC130244841,-0.057956688,0.008690839,0,DIST / DistilBERT
MHxPC130009522,0.122896135,-0.039672278,1,DIST / DistilBERT
MHxPC130435046,0.049289536,-0.023606002,1,DIST / DistilBERT
MHxPC130551580,-0.076828994,-0.01276505,0,DIST / DistilBERT
MHxPC130590212,0.024001539,-0.016370129,1,DIST / DistilBERT
MHxPC130546123,0.12106099,-0.063959554,1,DIST / DistilBERT
MHxPC130323272,0.0018290236,0.024601331,0,DIST / DistilBERT
MHxPC130370401,-0.0474919,0.02098127,0,DIST / DistilBERT
MHxPC130089924,-0.039002,0.011595575,0,DIST / DistilBERT
MHxPC130597571,0.008650563,0.028340423,0,DIST / DistilBERT
MHxPC130534315,-0.04229991,0.030431274,0,DIST / DistilBERT
MHxPC130049895,-0.015391794,-0.0025197628,0,DIST / DistilBERT
MHxPC130482223,-0.00863619,0.0092394175,0,DIST / DistilBERT
MHxPC130286924,-0.032943595,0.025546018,0,DIST / DistilBERT
MHxPC130316885,0.008635795,0.0096971635,0,DIST / DistilBERT
MHxPC130215022,0.0067705195,0.02412222,0,DIST / DistilBERT
MHxPC130390520,-0.03904586,0.043868646,0,DIST / DistilBERT
MHxPC130058915,0.038677357,0.03311773,1,DIST / DistilBERT
MHxPC130514728,0.020544441,-0.031892393,1,DIST / DistilBERT
MHxPC130345905,0.104393244,-0.013965916,1,DIST / DistilBERT
MHxPC130146149,0.08727372,0.0012875834,1,DIST / DistilBERT
MHxPC130098609,0.040584087,0.03193735,1,DIST / DistilBERT
MHxPC130197199,0.008674018,0.025132049,0,DIST / DistilBERT
MHxPC130564532,-0.023753619,0.024486363,0,DIST / DistilBERT
MHxPC130180641,-0.0410217,0.018322265,0,DIST / DistilBERT
MHxPC130548431,0.028387817,0.040909197,1,DIST / DistilBERT
MHxPC130168958,0.0107682,0.02110574,0,DIST / DistilBERT
MHxPC130496655,-0.076828994,-0.01276505,0,DIST / DistilBERT
MHxPC130366573,-0.089297414,-0.032455154,0,DIST / DistilBERT
MHxPC130162337,-0.089297414,-0.032455154,0,DIST / DistilBERT
MHxPC130555791,0.113124326,-0.0582743,1,DIST / DistilBERT
MHxPC130521727,-0.089297414,-0.032455154,0,DIST / DistilBERT
MHxPC130354678,0.046880156,0.04331303,1,DIST / DistilBERT
MHxPC130574395,0.0029335506,0.030553807,0,DIST / DistilBERT
MHxPC130330906,0.11166871,-0.023214677,1,DIST / DistilBERT
MHxPC130318978,-0.00056702783,0.041743957,0,DIST / DistilBERT
MHxPC130472232,-0.008588192,0.028129,0,DIST / DistilBERT
MHxPC130284990,-0.089297414,-0.032455154,0,DIST / DistilBERT
MHxPC130562654,0.11588347,-0.05614334,1,DIST / DistilBERT
MHxPC130490959,-0.021114444,0.029743487,0,DIST / DistilBERT
MHxPC130292154,0.12518215,-0.06199396,1,DIST / DistilBERT
MHxPC130444402,-0.058590826,0.01476242,0,DIST / DistilBERT
MHxPC130338371,-0.005807402,0.017454727,0,DIST / DistilBERT
MHxPC130552662,-0.029187677,0.04007015,0,DIST / DistilBERT
MHxPC130168906,0.06266146,0.013448739,1,DIST / DistilBERT
MHxPC130234649,-0.076828994,-0.01276505,0,DIST / DistilBERT
MHxPC130071379,-0.057956688,0.008690839,0,DIST / DistilBERT
MHxPC130382602,-0.035362974,0.03469871,0,DIST / DistilBERT
MHxPC130316520,-0.057956688,0.008690839,0,DIST / DistilBERT
MHxPC130565803,0.035865746,-0.023684474,1,DIST / DistilBERT
MHxPC130554137,0.02482493,-0.022031354,1,DIST / DistilBERT
MHxPC130210577,-0.089297414,-0.032455154,0,DIST / DistilBERT
MHxPC130206460,-0.089297414,-0.032455154,0,DIST / DistilBERT
MHxPC130584873,0.095544145,-0.002529036,1,DIST / DistilBERT
MHxPC130295163,-0.024097782,0.062413253,0,DIST / DistilBERT
MHxPC130388825,0.07814762,0.01201949,1,DIST / DistilBERT
MHxPC130233231,0.10042117,0.010403496,1,DIST / DistilBERT
MHxPC130545368,-0.089297414,-0.032455154,0,DIST / DistilBERT
MHxPC130159068,0.07467346,0.0047214366,1,DIST / DistilBERT
MHxPC130327463,0.0417759,0.045207012,1,DIST / DistilBERT
MHxPC130297800,0.025967153,0.03793151,1,DIST / DistilBERT
MHxPC130173058,0.012858228,0.0117015205,0,DIST / DistilBERT
MHxPC130566977,0.032561693,-0.0046713413,1,DIST / DistilBERT
MHxPC130214957,0.07058493,0.0138471695,1,DIST / DistilBERT
MHxPC130460058,-0.089297414,-0.032455154,0,DIST / DistilBERT
MHxPC130243000,-0.0073542013,0.009510417,0,DIST / DistilBERT
MHxPC130403383,0.098705664,-0.0028208112,1,DIST / DistilBERT
MHxPC130367058,0.054245405,0.030329984,1,DIST / DistilBERT
MHxPC130100421,0.088219315,-0.009293623,1,DIST / DistilBERT
MHxPC130546932,-0.089297414,-0.032455154,0,DIST / DistilBERT
MHxPC130340144,0.009494956,-0.009935824,0,DIST / DistilBERT
MHxPC130544091,0.07811593,0.0027795497,1,DIST / DistilBERT
MHxPC130464928,-0.040419385,0.017106948,0,DIST / DistilBERT
MHxPC130211936,0.112138905,-0.039352257,1,DIST / DistilBERT
MHxPC130512937,0.10522472,0.0011807776,1,DIST / DistilBERT
MHxPC130589193,0.1074938,-0.008503541,1,DIST / DistilBERT
MHxPC130249277,0.08754905,0.0010814941,1,DIST / DistilBERT
MHxPC130503993,0.09171354,-0.004425717,1,DIST / DistilBERT
MHxPC130169200,0.008213992,0.028081592,0,DIST / DistilBERT
MHxPC130174095,0.09476072,-0.009985192,1,DIST / DistilBERT
MHxPC130228075,-0.089297414,-0.032455154,0,DIST / DistilBERT
MHxPC130310106,0.09094096,-0.0263758,1,DIST / DistilBERT
MHxPC130384094,0.039894678,0.041494388,1,DIST / DistilBERT
MHxPC130512167,-0.057956688,0.008690839,0,DIST / DistilBERT
MHxPC130534730,-0.076828994,-0.01276505,0,DIST / DistilBERT
MHxPC130126137,0.056807842,0.027575383,1,DIST / DistilBERT
MHxPC130484178,0.060163237,0.02092582,1,DIST / DistilBERT
MHxPC130415065,0.0396823,0.02891393,1,DIST / DistilBERT
MHxPC130018390,0.10556961,-0.016700327,1,DIST / DistilBERT
MHxPC130208051,0.101191394,-0.033017013,1,DIST / DistilBERT
MHxPC130016648,-0.089297414,-0.032455154,0,DIST / DistilBERT
MHxPC130471978,0.09755143,0.009105367,1,DIST / DistilBERT
MHxPC130306918,-0.0066411835,0.020643389,0,DIST / DistilBERT
MHxPC130212162,-0.089297414,-0.032455154,0,DIST / DistilBERT
MHxPC130023956,0.07442064,0.012265644,1,DIST / DistilBERT
MHxPC130392621,-0.030081417,0.021014998,0,DIST / DistilBERT
MHxPC130149123,0.10399428,-0.025137046,1,DIST / DistilBERT
MHxPC130565296,-0.057956688,0.008690839,0,DIST / DistilBERT
MHxPC130017259,-0.057956688,0.008690839,0,DIST / DistilBERT
MHxPC130088811,-0.0048129065,0.02022941,0,DIST / DistilBERT
MHxPC130473454,0.006424418,0.03527173,0,DIST / DistilBERT
MHxPC130245558,-0.089297414,-0.032455154,0,DIST / DistilBERT
MHxPC130404165,-0.089297414,-0.032455154,0,DIST / DistilBERT
MHxPC130426648,-0.076828994,-0.01276505,0,DIST / DistilBERT
MHxPC130137898,-0.033847537,0.024903757,0,DIST / DistilBERT
MHxPC130049291,0.10605147,-0.008015162,1,DIST / DistilBERT
MHxPC130542968,0.0036391788,0.025537862,0,DIST / DistilBERT
MHxPC130461723,0.10006587,-0.02480331,1,DIST / DistilBERT
MHxPC130139431,-0.076828994,-0.01276505,0,DIST / DistilBERT
MHxPC130257065,-0.042816103,0.03047635,0,DIST / DistilBERT
MHxPC130306248,0.030575426,0.03904779,1,DIST / DistilBERT
MHxPC130086276,-0.028268743,0.043679044,0,DIST / DistilBERT
MHxPC130546411,0.105055995,-0.016917154,1,DIST / DistilBERT
MHxPC130198022,-0.06092974,-0.00999467,0,DIST / DistilBERT
MHxPC130356607,-0.008418808,0.044665765,0,DIST / DistilBERT
MHxPC130490201,0.0761525,0.022588244,1,DIST / DistilBERT
MHxPC130206303,-0.01064681,0.026049366,0,DIST / DistilBERT
MHxPC130057875,0.07592944,0.018599462,1,DIST / DistilBERT
MHxPC130586258,-0.011895012,0.009222746,0,DIST / DistilBERT
MHxPC130362545,-0.06750071,-0.0056164786,0,DIST / DistilBERT
MHxPC130473140,0.046045337,0.043751374,1,DIST / DistilBERT
MHxPC130525490,-0.0474919,0.02098127,0,DIST / DistilBERT
MHxPC130103124,-0.076828994,-0.01276505,0,DIST / DistilBERT
MHxPC130508965,-0.057956688,0.008690839,0,DIST / DistilBERT
MHxPC130332304,0.019056875,0.0406661,1,DIST / DistilBERT
MHxPC130301712,-0.03633114,0.010333896,0,DIST / DistilBERT
MHxPC130140998,0.009806427,0.0047254856,0,DIST / DistilBERT
MHxPC130430912,0.084168606,0.010865158,1,DIST / DistilBERT
MHxPC130273521,-0.089297414,-0.032455154,0,DIST / DistilBERT
MHxPC130329102,0.08339044,0.008620114,1,DIST / DistilBERT
MHxPC130028043,0.11017,-0.056698155,1,DIST / DistilBERT
MHxPC130044390,-0.039002,0.011595575,0,DIST / DistilBERT
MHxPC130534511,-0.034572557,0.03701862,0,DIST / DistilBERT
MHxPC130195269,0.03546856,0.008444108,1,DIST / DistilBERT
MHxPC130442148,0.02456393,-0.018709835,1,DIST / DistilBERT
MHxPC130336605,0.019188318,0.008351619,1,DIST / DistilBERT
MHxPC130409998,-0.089297414,-0.032455154,0,DIST / DistilBERT
MHxPC130465094,0.07673325,0.03233573,1,DIST / DistilBERT
MHxPC130023245,-0.040419385,0.017106948,0,DIST / DistilBERT
MHxPC130354222,0.12899983,-0.058313042,1,DIST / DistilBERT
MHxPC130174120,0.046075165,0.037425384,1,DIST / DistilBERT
MHxPC130551210,0.13825165,-0.042969115,1,DIST / DistilBERT
MHxPC130331401,-0.035231322,0.014677681,0,DIST / DistilBERT
MHxPC130431866,-0.089297414,-0.032455154,0,DIST / DistilBERT
MHxPC130082965,0.12796056,-0.028059015,1,DIST / DistilBERT
MHxPC130189405,0.117203444,-0.032766532,1,DIST / DistilBERT
MHxPC130181389,0.020484066,0.005401085,1,DIST / DistilBERT
MHxPC130188868,0.073963426,0.02129347,1,DIST / DistilBERT
MHxPC130320395,-0.076828994,-0.01276505,0,DIST / DistilBERT
MHxPC130342763,0.07641609,0.01679375,1,DIST / DistilBERT
MHxPC130530855,-0.0041254917,0.016134823,0,DIST / DistilBERT
MHxPC130106965,0.010193145,0.007190062,0,DIST / DistilBERT
MHxPC130006988,0.02049275,0.010667482,1,DIST / DistilBERT
MHxPC130558595,-0.089297414,-0.032455154,0,DIST / DistilBERT
MHxPC130176763,0.11556065,-0.024153203,1,DIST / DistilBERT
MHxPC130419513,-0.055192586,-0.0076284115,0,DIST / DistilBERT
MHxPC130274177,0.01695129,-0.0018576648,1,DIST / DistilBERT
MHxPC130364608,-0.0247159,0.025256328,0,DIST / DistilBERT
MHxPC130113054,0.08287546,0.0050623477,1,DIST / DistilBERT
MHxPC130276973,-5.8970138e-05,0.01939469,0,DIST / DistilBERT
MHxPC130193172,0.018941907,-0.008511446,1,DIST / DistilBERT
MHxPC130536283,0.072205566,0.030270472,1,DIST / DistilBERT
MHxPC130529558,0.09601351,-0.033419184,1,DIST / DistilBERT
MHxPC130166964,-0.06750071,-0.0056164786,0,DIST / DistilBERT
MHxPC130357819,0.093221456,0.0010869396,1,DIST / DistilBERT
MHxPC130296257,0.10937921,-0.04715396,1,DIST / DistilBERT
MHxPC130070498,0.052271746,0.0347159,1,DIST / DistilBERT
MHxPC130501257,0.009297531,0.02679038,0,DIST / DistilBERT
MHxPC130412812,0.022807287,-0.03805324,1,DIST / DistilBERT
MHxPC130470024,-0.02295042,0.028156657,0,DIST / DistilBERT
MHxPC130470555,-0.0497796,0.019847933,0,DIST / DistilBERT
MHxPC130072414,-0.0474919,0.02098127,0,DIST / DistilBERT
MHxPC130102822,0.07625585,0.009161198,1,DIST / DistilBERT
MHxPC130245571,-0.017633641,0.0083015645,0,DIST / DistilBERT
MHxPC130454065,-0.089297414,-0.032455154,0,DIST / DistilBERT
MHxPC130036039,-0.076828994,-0.01276505,0,DIST / DistilBERT
MHxPC130441250,0.11722911,-0.06046377,1,DIST / DistilBERT
MHxPC130214961,0.019361805,-0.0175891,1,DIST / DistilBERT
MHxPC130564653,-0.0497796,0.019847933,0,DIST / DistilBERT
MHxPC130123688,0.008158719,0.02421979,0,DIST / DistilBERT
MHxPC130024008,0.075153224,0.0005384716,1,DIST / DistilBERT
MHxPC130571194,-0.005807402,0.017454727,0,DIST / DistilBERT
MHxPC130187281,0.08791075,-0.0019119901,1,DIST / DistilBERT
MHxPC130471136,0.105428815,-0.015530766,1,DIST / DistilBERT
MHxPC130251708,-0.02153739,0.0059125223,0,DIST / DistilBERT
MHxPC130233316,0.011091914,0.018601093,0,DIST / DistilBERT
MHxPC130352560,0.10556613,-0.026629249,1,DIST / DistilBERT
MHxPC130392027,0.09444214,-0.00095264957,1,DIST / DistilBERT
MHxPC130198669,-0.040419385,0.017106948,0,DIST / DistilBERT
MHxPC130092425,-0.040419374,0.017106943,0,DIST / DistilBERT
MHxPC130261776,0.0073112287,0.01296089,0,DIST / DistilBERT
MHxPC130370128,-0.08929737,-0.032455202,0,DIST / DistilBERT
MHxPC130526430,0.03627108,0.026552374,1,DIST / DistilBERT
MHxPC130254001,-0.08929737,-0.032455202,0,DIST / DistilBERT
MHxPC130000121,-0.06750073,-0.0056164376,0,DIST / DistilBERT
MHxPC130380626,0.07276203,0.015937358,1,DIST / DistilBERT
MHxPC130068720,-0.08929737,-0.032455202,0,DIST / DistilBERT
MHxPC130000791,0.021964487,0.006408394,1,DIST / DistilBERT
MHxPC130576100,0.08261309,0.009075843,1,DIST / DistilBERT
MHxPC130024987,0.10346438,-0.033474118,1,DIST / DistilBERT
MHxPC130142671,0.10968087,-0.023147972,1,DIST / DistilBERT
MHxPC130454081,-0.06092965,-0.009994655,0,DIST / DistilBERT
MHxPC130514846,0.08649205,-0.0018289451,1,DIST / DistilBERT
MHxPC130421245,0.09999642,-0.020748066,1,DIST / DistilBERT
MHxPC130229957,-0.076829,-0.012765105,0,DIST / DistilBERT
MHxPC130535672,-0.08929737,-0.032455202,0,DIST / DistilBERT
MHxPC130426472,0.10612562,-0.01003748,1,DIST / DistilBERT
MHxPC130500612,-0.076829,-0.012765105,0,DIST / DistilBERT
MHxPC130300612,0.109773666,-0.04018135,1,DIST / DistilBERT
MHxPC130493497,-0.076829,-0.012765105,0,DIST / DistilBERT
MHxPC130484537,0.059209254,0.0018590194,1,DIST / DistilBERT
MHxPC130188873,-0.0579567,0.008690823,0,DIST / DistilBERT
MHxPC130273624,-0.076829,-0.012765105,0,DIST / DistilBERT
MHxPC130397521,-0.08929737,-0.032455202,0,DIST / DistilBERT
MHxPC130559827,-0.047491938,0.02098132,0,DIST / DistilBERT
MHxPC130029311,-0.0060140532,0.0184837,0,DIST / DistilBERT
MHxPC130317290,0.11492956,-0.028837925,1,DIST / DistilBERT
MHxPC130134187,-0.08929737,-0.032455202,0,DIST / DistilBERT
MHxPC130466434,0.11746255,-0.021274976,1,DIST / DistilBERT
MHxPC130579493,0.12901415,-0.051270775,1,DIST / DistilBERT
MHxPC130347532,0.10396865,-0.012029835,1,DIST / DistilBERT
MHxPC130380848,-0.01923765,0.04123982,0,DIST / DistilBERT
MHxPC130241995,0.018806634,0.005247428,1,DIST / DistilBERT
MHxPC130016494,0.077928886,0.017852193,1,DIST / DistilBERT
MHxPC130386787,0.0564375,0.023040615,1,DIST / DistilBERT
MHxPC130392038,0.12619022,-0.04161903,1,DIST / DistilBERT
MHxPC130381634,-0.047491938,0.02098132,0,DIST / DistilBERT
MHxPC130590519,-0.076829,-0.012765105,0,DIST / DistilBERT
MHxPC130177059,-0.08929737,-0.032455202,0,DIST / DistilBERT
MHxPC130476604,0.101063974,-0.002636875,1,DIST / DistilBERT
MHxPC130358051,-0.08929737,-0.032455202,0,DIST / DistilBERT
MHxPC130230420,-0.08929737,-0.032455202,0,DIST / DistilBERT
MHxPC130411608,-0.023753582,0.02448641,0,DIST / DistilBERT
MHxPC130259678,-0.0579567,0.008690823,0,DIST / DistilBERT
MHxPC130382229,-0.076829,-0.012765105,0,DIST / DistilBERT
MHxPC130552621,-0.0579567,0.008690823,0,DIST / DistilBERT
MHxPC130382125,0.092437185,-0.030357298,1,DIST / DistilBERT
MHxPC130022810,0.067721605,0.038585447,1,DIST / DistilBERT
MHxPC130171129,0.10478451,-0.04337881,1,DIST / DistilBERT
MHxPC130289094,0.099290185,0.0005007681,1,DIST / DistilBERT
MHxPC130082562,0.12035424,-0.037073925,1,DIST / DistilBERT
MHxPC130207654,-0.040419374,0.017106943,0,DIST / DistilBERT
MHxPC130015967,0.077168874,0.031467836,1,DIST / DistilBERT
MHxPC130014419,-0.010646888,0.02604939,0,DIST / DistilBERT
MHxPC130454360,-0.040419374,0.017106943,0,DIST / DistilBERT
MHxPC130037983,-0.04229996,0.03043134,0,DIST / DistilBERT
MHxPC130196565,-0.04229996,0.03043134,0,DIST / DistilBERT
MHxPC130096528,-0.007298777,0.018510964,0,DIST / DistilBERT
MHxPC130147520,0.088727884,0.0024796755,1,DIST / DistilBERT
MHxPC130397987,-0.0067670858,0.018101754,0,DIST / DistilBERT
MHxPC130458133,0.11587617,-0.07638997,1,DIST / DistilBERT
MHxPC130532090,0.08389913,-0.0026798006,1,DIST / DistilBERT
MHxPC130356302,0.083630614,-0.01096251,1,DIST / DistilBERT
MHxPC130043994,-0.03693052,0.011491512,0,DIST / DistilBERT
MHxPC130058394,0.08621158,-0.0031132386,1,DIST / DistilBERT
MHxPC130449283,-0.047373213,0.023965735,0,DIST / DistilBERT
MHxPC130447308,0.109626636,-0.016455252,1,DIST / DistilBERT
MHxPC130509361,-0.04229996,0.03043134,0,DIST / DistilBERT
MHxPC130325924,0.07335351,0.044635545,1,DIST / DistilBERT
MHxPC130032231,-0.0579567,0.008690823,0,DIST / DistilBERT
MHxPC130109241,-0.053482857,-0.013401178,0,DIST / DistilBERT
MHxPC130299018,-0.0005670345,0.04174398,0,DIST / DistilBERT
MHxPC130131320,-0.08929737,-0.032455202,0,DIST / DistilBERT
MHxPC130525339,0.042203132,0.026555128,1,DIST / DistilBERT
MHxPC130213707,0.1055738,-0.026685828,1,DIST / DistilBERT
MHxPC130133518,0.027458705,-0.009433668,1,DIST / DistilBERT
MHxPC130241764,0.08847734,-0.019174753,1,DIST / DistilBERT
MHxPC130161557,0.08365962,0.017892579,1,DIST / DistilBERT
MHxPC130135681,-0.08929737,-0.032455202,0,DIST / DistilBERT
MHxPC130467156,0.052778263,0.036088407,1,DIST / DistilBERT
MHxPC130397574,-0.07264406,-0.009741491,0,DIST / DistilBERT
MHxPC130172634,0.120681405,-0.04738323,1,DIST / DistilBERT
MHxPC130229702,-0.08929737,-0.032455202,0,DIST / DistilBERT
MHxPC130237561,0.04425755,0.014840367,1,DIST / DistilBERT
MHxPC130501558,-0.055192653,-0.007628415,0,DIST / DistilBERT
MHxPC130545225,-0.08929737,-0.032455202,0,DIST / DistilBERT
MHxPC130197450,0.09037115,0.0002572979,1,DIST / DistilBERT
MHxPC130357076,0.03950028,0.02938748,1,DIST / DistilBERT
MHxPC130089158,0.08634539,0.017538834,1,DIST / DistilBERT
MHxPC130451247,0.08105816,-0.000654761,1,DIST / DistilBERT
MHxPC130308048,-0.02712926,0.018607432,0,DIST / DistilBERT
MHxPC130405006,0.109985396,-0.025065716,1,DIST / DistilBERT
MHxPC130454383,-0.0579567,0.008690823,0,DIST / DistilBERT
MHxPC130149198,-0.0579567,0.008690823,0,DIST / DistilBERT
MHxPC130578746,-0.028532218,0.03175293,0,DIST / DistilBERT
MHxPC130091755,0.08267165,-0.010051123,1,DIST / DistilBERT
MHxPC130191976,-0.0579567,0.008690823,0,DIST / DistilBERT
MHxPC130449333,0.029140787,-0.028595373,1,DIST / DistilBERT
MHxPC130011217,0.022111444,-0.018568069,1,DIST / DistilBERT
MHxPC130391062,0.07574516,0.01780584,1,DIST / DistilBERT
MHxPC130446454,0.026925677,-0.026421687,1,DIST / DistilBERT
MHxPC130001364,-0.0410217,0.018322252,0,DIST / DistilBERT
MHxPC130448121,-0.08929737,-0.032455202,0,DIST / DistilBERT
MHxPC130229399,0.003786375,0.030216549,0,DIST / DistilBERT
MHxPC130411967,-0.08929737,-0.032455202,0,DIST / DistilBERT
MHxPC130321460,-0.076829,-0.012765105,0,DIST / DistilBERT
MHxPC130376553,0.09730403,-0.02555993,1,DIST / DistilBERT
MHxPC130202091,0.105873875,-0.043281246,1,DIST / DistilBERT
MHxPC130034419,0.07199956,0.0042618155,1,DIST / DistilBERT
MHxPC130463840,0.11312039,-0.062623866,1,DIST / DistilBERT
MHxPC130240219,0.025760433,-0.03896917,1,DIST / DistilBERT
MHxPC130198652,-0.08929737,-0.032455202,0,DIST / DistilBERT
MHxPC130480698,-0.03141331,0.008296335,0,DIST / DistilBERT
MHxPC130202899,-0.076829,-0.012765105,0,DIST / DistilBERT
MHxPC130333571,0.11224136,-0.06825938,1,DIST / DistilBERT
MHxPC130002304,0.072014116,0.011895566,1,DIST / DistilBERT
MHxPC130016846,0.09004271,-0.006584655,1,DIST / DistilBERT
MHxPC130461982,-0.076829,-0.012765105,0,DIST / DistilBERT
MHxPC130267732,-0.076829,-0.012765105,0,DIST / DistilBERT
MHxPC130415470,-0.0040418925,0.04044605,0,DIST / DistilBERT
MHxPC130097807,-0.0579567,0.008690823,0,DIST / DistilBERT
MHxPC130133606,0.0018138587,0.038802706,0,DIST / DistilBERT
MHxPC130073609,0.116152264,-0.029579096,1,DIST / DistilBERT
MHxPC130553441,0.1292552,-0.058940798,1,DIST / DistilBERT
MHxPC130490802,-0.08929737,-0.032455202,0,DIST / DistilBERT
MHxPC130184791,-0.08929737,-0.032455202,0,DIST / DistilBERT
MHxPC130489068,-0.0579567,0.008690823,0,DIST / DistilBERT
MHxPC130387896,-0.08929737,-0.032455202,0,DIST / DistilBERT
MHxPC130432467,-0.08295472,-0.01884553,0,DIST / DistilBERT
MHxPC130251904,-0.08929737,-0.032455202,0,DIST / DistilBERT
MHxPC130130192,-0.029187642,0.040070172,0,DIST / DistilBERT
MHxPC130487962,-0.08929737,-0.032455202,0,DIST / DistilBERT
MHxPC130502101,0.012122226,0.00608551,0,DIST / DistilBERT
MHxPC130323805,-0.039045878,0.043868635,0,DIST / DistilBERT
MHxPC130013131,-0.039045878,0.043868635,0,DIST / DistilBERT
MHxPC130447699,-0.013879796,0.008358864,0,DIST / DistilBERT
MHxPC130154568,-0.08929737,-0.032455202,0,DIST / DistilBERT
MHxPC130166813,-0.076829,-0.012765105,0,DIST / DistilBERT
MHxPC130278337,0.019076401,0.006588911,1,DIST / DistilBERT
MHxPC130038770,-0.0040418925,0.04044605,0,DIST / DistilBERT
MHxPC130115000,-0.0022088483,0.018745245,0,DIST / DistilBERT
MHxPC130249365,-0.049779575,0.019847969,0,DIST / DistilBERT
MHxPC130498402,-0.076829,-0.012765105,0,DIST / DistilBERT
MHxPC130448646,-0.009780806,0.049528975,0,DIST / DistilBERT
MHxPC130218072,-0.0579567,0.008690823,0,DIST / DistilBERT
MHxPC130251998,0.0019458343,0.013454933,0,DIST / DistilBERT
MHxPC130082303,0.033887986,0.033391494,1,DIST / DistilBERT
MHxPC130504612,0.09953015,-0.017783161,1,DIST / DistilBERT
MHxPC130565337,0.09707178,-0.025127025,1,DIST / DistilBERT
MHxPC130249463,-0.018619873,0.017238153,0,DIST / DistilBERT
MHxPC130379870,0.059255976,0.0338992,1,DIST / DistilBERT
MHxPC130473996,-0.047491938,0.02098132,0,DIST / DistilBERT
MHxPC130203095,0.028329339,-0.015557978,1,DIST / DistilBERT
MHxPC130082724,0.0078926,-0.0063699745,0,DIST / DistilBERT
MHxPC130589805,-0.08929737,-0.032455202,0,DIST / DistilBERT
MHxPC130158550,-0.0579567,0.008690823,0,DIST / DistilBERT
MHxPC130436619,-0.08929737,-0.032455202,0,DIST / DistilBERT
MHxPC130596918,0.0803355,0.00014640896,1,DIST / DistilBERT
MHxPC130516085,0.037893597,-0.04294396,1,DIST / DistilBERT
MHxPC130442623,-0.02431331,0.0009344983,0,DIST / DistilBERT
MHxPC130303639,-0.08929737,-0.032455202,0,DIST / DistilBERT
MHxPC130172897,-0.076829,-0.012765105,0,DIST / DistilBERT
MHxPC130436925,-0.076829,-0.012765105,0,DIST / DistilBERT
MHxPC130201324,0.12082616,-0.057647377,1,DIST / DistilBERT
MHxPC130124324,-0.0579567,0.008690823,0,DIST / DistilBERT
MHxPC130322995,-0.08929737,-0.032455202,0,DIST / DistilBERT
MHxPC130585316,-0.08929737,-0.032455202,0,DIST / DistilBERT
MHxPC130330268,-0.076829,-0.012765105,0,DIST / DistilBERT
MHxPC130108551,0.08187808,0.005261854,1,DIST / DistilBERT
MHxPC130385938,-0.06750073,-0.0056164376,0,DIST / DistilBERT
MHxPC130354989,0.0912448,-0.025178712,1,DIST / DistilBERT
MHxPC130152027,-0.08929737,-0.032455202,0,DIST / DistilBERT
MHxPC130183737,-0.047373213,0.023965735,0,DIST / DistilBERT
MHxPC130440141,0.10431138,-0.009938296,1,DIST / DistilBERT
MHxPC130531762,-0.06750073,-0.0056164376,0,DIST / DistilBERT
MHxPC130337840,-0.076829,-0.012765105,0,DIST / DistilBERT
MHxPC130005181,-0.08929737,-0.032455202,0,DIST / DistilBERT
MHxPC130319411,0.09225323,0.0063547706,1,DIST / DistilBERT
MHxPC130010930,-0.076829,-0.012765105,0,DIST / DistilBERT
MHxPC130288971,0.015666079,0.010720662,1,DIST / DistilBERT
MHxPC130343638,0.048713267,0.037566006,1,DIST / DistilBERT
MHxPC130524450,-0.08929737,-0.032455202,0,DIST / DistilBERT
MHxPC130227214,0.08095638,0.0062231524,1,DIST / DistilBERT
MHxPC130152175,-0.0031792312,0.036103837,0,DIST / DistilBERT
MHxPC130272166,-0.042816114,0.030476313,0,DIST / DistilBERT
MHxPC130377855,0.10323235,-0.025900308,1,DIST / DistilBERT
MHxPC130530264,-0.0579567,0.008690823,0,DIST / DistilBERT
MHxPC130478459,0.09489371,-0.0052057104,1,DIST / DistilBERT
MHxPC130266239,0.11610533,-0.047752097,1,DIST / DistilBERT
MHxPC130439405,-0.012379943,0.05094819,0,DIST / DistilBERT
MHxPC130369660,0.004524494,0.027720142,0,DIST / DistilBERT
MHxPC130542173,-0.076829,-0.012765105,0,DIST / DistilBERT
MHxPC130531308,-0.026124425,0.029909523,0,DIST / DistilBERT
MHxPC130122260,0.030604713,-0.018759767,1,DIST / DistilBERT
MHxPC130436876,-0.08929737,-0.032455202,0,DIST / DistilBERT
MHxPC130573883,-0.08929737,-0.032455202,0,DIST / DistilBERT
MHxPC130588337,-0.076829,-0.012765105,0,DIST / DistilBERT
MHxPC130487605,-0.076829,-0.012765105,0,DIST / DistilBERT
MHxPC130009760,-0.0579567,0.008690823,0,DIST / DistilBERT
MHxPC130594877,-0.06750073,-0.0056164376,0,DIST / DistilBERT
MHxPC130078963,0.09635763,-0.0022085456,1,DIST / DistilBERT
MHxPC130171111,0.100905776,-0.024911705,1,DIST / DistilBERT
MHxPC130213891,-0.0410217,0.018322252,0,DIST / DistilBERT
MHxPC130403566,-0.03633114,0.010333894,0,DIST / DistilBERT
MHxPC130210839,-0.03457255,0.03701868,0,DIST / DistilBERT
MHxPC130571058,0.014729572,-0.023017537,1,DIST / DistilBERT
MHxPC130239151,-0.0057610627,0.016541133,0,DIST / DistilBERT
MHxPC130158174,-0.076829,-0.012765105,0,DIST / DistilBERT
MHxPC130024557,0.08559865,0.011884311,1,DIST / DistilBERT
MHxPC130179647,0.010858627,0.023629198,0,DIST / DistilBERT
MHxPC130288657,0.08518164,0.0014080651,1,DIST / DistilBERT
MHxPC130040692,-0.019422807,0.009180668,0,DIST / DistilBERT
MHxPC130207224,0.1006819,0.009976963,1,DIST / DistilBERT
MHxPC130497454,-0.08929737,-0.032455202,0,DIST / DistilBERT
MHxPC130100476,-0.018791696,0.024939844,0,DIST / DistilBERT
MHxPC130029257,-0.08929737,-0.032455202,0,DIST / DistilBERT
MHxPC130539248,0.079205774,0.013409324,1,DIST / DistilBERT
MHxPC130217955,-0.08929737,-0.032455202,0,DIST / DistilBERT
MHxPC130408410,-0.032777872,0.027306335,0,DIST / DistilBERT
MHxPC130061379,0.011582826,0.033284653,0,DIST / DistilBERT
MHxPC130379979,-0.0579567,0.008690823,0,DIST / DistilBERT
MHxPC130193797,-0.08929737,-0.032455202,0,DIST / DistilBERT
MHxPC130519876,-0.0579567,0.008690823,0,DIST / DistilBERT
MHxPC130534320,-0.040419374,0.017106943,0,DIST / DistilBERT
MHxPC130405226,-0.08929737,-0.032455202,0,DIST / DistilBERT
MHxPC130361593,0.08371461,0.0064162463,1,DIST / DistilBERT
MHxPC130553365,-0.076829,-0.012765105,0,DIST / DistilBERT
MHxPC130287214,0.017355934,0.017563846,1,DIST / DistilBERT
MHxPC130552951,0.029932356,-0.029083746,1,DIST / DistilBERT
MHxPC130459225,-0.08929737,-0.032455202,0,DIST / DistilBERT
MHxPC130552286,-0.047491938,0.02098132,0,DIST / DistilBERT
MHxPC130128966,-0.04229996,0.03043134,0,DIST / DistilBERT
MHxPC130372607,-0.049779575,0.019847969,0,DIST / DistilBERT
MHxPC130535264,-0.08929737,-0.032455202,0,DIST / DistilBERT
MHxPC130254096,-0.047491938,0.02098132,0,DIST / DistilBERT
MHxPC130132208,0.006793507,0.029050542,0,DIST / DistilBERT
MHxPC130343846,-0.08929737,-0.032455202,0,DIST / DistilBERT
MHxPC130159352,0.072863586,0.010099903,1,DIST / DistilBERT
MHxPC130328449,-0.040419374,0.017106943,0,DIST / DistilBERT
MHxPC130206670,-0.009870755,0.03013602,0,DIST / DistilBERT
MHxPC130149777,0.009988814,-0.016542755,0,DIST / DistilBERT
MHxPC130156243,0.009345362,-0.0032017864,0,DIST / DistilBERT
MHxPC130454893,0.024018649,-0.006291696,1,DIST / DistilBERT
MHxPC130310803,-0.076829,-0.012765105,0,DIST / DistilBERT
MHxPC130024462,-0.014339762,0.02890805,0,DIST / DistilBERT
MHxPC130238131,0.05314525,0.03183899,1,DIST / DistilBERT
MHxPC130304651,-0.08929737,-0.032455202,0,DIST / DistilBERT
MHxPC130172653,0.002101946,0.017626686,0,DIST / DistilBERT
MHxPC130173742,0.101095654,-0.04198638,1,DIST / DistilBERT
MHxPC130581943,-0.03900198,0.011595576,0,DIST / DistilBERT
MHxPC130010353,-0.033669617,0.026358645,0,DIST / DistilBERT
MHxPC130530397,-0.08929737,-0.032455202,0,DIST / DistilBERT
MHxPC130074645,0.10188123,-0.02720704,1,DIST / DistilBERT
MHxPC130024780,-0.02265464,0.022866128,0,DIST / DistilBERT
MHxPC130309132,-0.0579567,0.008690823,0,DIST / DistilBERT
MHxPC130109610,-0.08929737,-0.032455202,0,DIST / DistilBERT
MHxPC130556793,-0.08929737,-0.032455202,0,DIST / DistilBERT
MHxPC130118754,0.08204718,-0.003225946,1,DIST / DistilBERT
MHxPC130563630,-0.039045878,0.043868635,0,DIST / DistilBERT
MHxPC130147548,-0.049779575,0.019847969,0,DIST / DistilBERT
MHxPC130486588,0.08898243,0.008293059,1,DIST / DistilBERT
MHxPC130130642,-0.076829,-0.012765105,0,DIST / DistilBERT
MHxPC130061148,0.122823566,-0.053422492,1,DIST / DistilBERT
MHxPC130492492,-0.00082455843,0.026578106,0,DIST / DistilBERT
MHxPC130240108,0.12802802,-0.057533138,1,DIST / DistilBERT
MHxPC130343858,0.001286824,0.03292101,0,DIST / DistilBERT
MHxPC130597276,-0.047491938,0.02098132,0,DIST / DistilBERT
MHxPC130250264,-0.014171119,0.056026362,0,DIST / DistilBERT
MHxPC130299059,0.0668067,0.010480482,1,DIST / DistilBERT
MHxPC130441301,0.110472865,-0.020215329,1,DIST / DistilBERT
MHxPC130368191,-0.08929737,-0.032455202,0,DIST / DistilBERT
MHxPC130007999,0.0011346315,0.035665352,0,DIST / DistilBERT
MHxPC130309096,-0.076829,-0.012765105,0,DIST / DistilBERT
MHxPC130199210,0.025967166,0.03793148,1,DIST / DistilBERT
MHxPC130192754,-0.009870755,0.03013602,0,DIST / DistilBERT
MHxPC130524112,0.10482363,-0.016108554,1,DIST / DistilBERT
MHxPC130223903,-0.015968662,0.024907485,0,DIST / DistilBERT
MHxPC130050106,-0.040419374,0.017106943,0,DIST / DistilBERT
MHxPC130274910,-0.08295472,-0.01884553,0,DIST / DistilBERT
MHxPC130537309,-0.08929737,-0.032455202,0,DIST / DistilBERT
MHxPC130231899,-0.076829,-0.012765105,0,DIST / DistilBERT
MHxPC130376221,0.029245289,-0.03496739,1,DIST / DistilBERT
MHxPC130131603,-0.010818871,0.03555631,0,DIST / DistilBERT
MHxPC130207199,-0.0579567,0.008690823,0,DIST / DistilBERT
MHxPC130413573,0.108052425,-0.048001695,1,DIST / DistilBERT
MHxPC130335876,-0.076829,-0.012765105,0,DIST / DistilBERT
MHxPC130506147,0.04106174,0.029387916,1,DIST / DistilBERT
MHxPC130550324,0.059506066,-0.0031074027,1,DIST / DistilBERT
MHxPC130443470,0.025660206,-0.031463478,1,DIST / DistilBERT
MHxPC130335172,0.10850278,-0.010222109,1,DIST / DistilBERT
MHxPC130393600,-0.023753619,0.024486363,0,DIST / DistilBERT
MHxPC130224935,-0.001057257,0.023832478,0,DIST / DistilBERT
MHxPC130287668,0.12484626,-0.055268537,1,DIST / DistilBERT
MHxPC130524395,0.1003213,-0.040557176,1,DIST / DistilBERT
MHxPC130142713,0.09170557,-0.01432021,1,DIST / DistilBERT
MHxPC130265565,-0.076828994,-0.01276505,0,DIST / DistilBERT
MHxPC130418212,0.08919394,0.0063070985,1,DIST / DistilBERT
MHxPC130042830,0.022268303,-0.0085888645,1,DIST / DistilBERT
MHxPC130553872,-0.0028295126,0.045491863,0,DIST / DistilBERT
MHxPC130297363,-0.06092974,-0.00999467,0,DIST / DistilBERT
MHxPC130250010,0.08993936,0.025694005,1,DIST / DistilBERT
MHxPC130502911,0.03442511,0.03666449,1,DIST / DistilBERT
MHxPC130344224,0.012092044,0.017086212,0,DIST / DistilBERT
MHxPC130032144,-0.07264403,-0.009741533,0,DIST / DistilBERT
MHxPC130293972,-0.039002,0.011595575,0,DIST / DistilBERT
MHxPC130197691,0.02831627,-0.012214578,1,DIST / DistilBERT
MHxPC130112676,0.109107785,-0.035730522,1,DIST / DistilBERT
MHxPC130048443,-0.057956688,0.008690839,0,DIST / DistilBERT
MHxPC130528919,0.020288326,-0.0002634772,1,DIST / DistilBERT
MHxPC130116656,-0.057956688,0.008690839,0,DIST / DistilBERT
MHxPC130465692,0.027440634,0.015982432,1,DIST / DistilBERT
MHxPC130475638,-0.0247159,0.025256328,0,DIST / DistilBERT
MHxPC130135639,0.013447156,-0.0012488312,1,DIST / DistilBERT
MHxPC130169538,-0.076828994,-0.01276505,0,DIST / DistilBERT
MHxPC130433961,0.03484182,0.016897049,1,DIST / DistilBERT
MHxPC130203168,-0.089297414,-0.032455154,0,DIST / DistilBERT
MHxPC130158770,-0.06092974,-0.00999467,0,DIST / DistilBERT
MHxPC130115800,-0.03904586,0.043868646,0,DIST / DistilBERT
MHxPC130289327,0.06976179,0.011260361,1,DIST / DistilBERT
MHxPC130158241,0.09332889,0.004312705,1,DIST / DistilBERT
MHxPC130133200,-0.003308514,0.005818911,0,DIST / DistilBERT
MHxPC130287901,0.10598246,-0.016849024,1,DIST / DistilBERT
MHxPC130371963,-0.089297414,-0.032455154,0,DIST / DistilBERT
MHxPC130108898,-0.089297414,-0.032455154,0,DIST / DistilBERT
MHxPC130199927,0.120441616,-0.03516196,1,DIST / DistilBERT
MHxPC130468136,0.08001311,0.0063014966,1,DIST / DistilBERT
MHxPC130554976,0.009391157,0.012572914,0,DIST / DistilBERT
MHxPC130005440,0.05816222,0.024851268,1,DIST / DistilBERT
MHxPC130205081,0.11280028,-0.021031026,1,DIST / DistilBERT
MHxPC130561357,0.009256843,0.025699662,0,DIST / DistilBERT
MHxPC130571416,0.07032806,0.023170674,1,DIST / DistilBERT
MHxPC130527592,-0.076828994,-0.01276505,0,DIST / DistilBERT
MHxPC130031496,0.09354431,-0.009484933,1,DIST / DistilBERT
MHxPC130501892,0.0999646,-0.0052104257,1,DIST / DistilBERT
MHxPC130014235,0.10719511,-0.02166909,1,DIST / DistilBERT
MHxPC130181222,0.084659636,-0.00069209706,1,DIST / DistilBERT
MHxPC130081516,-0.0474919,0.02098127,0,DIST / DistilBERT
MHxPC130284689,0.053692702,0.037996724,1,DIST / DistilBERT
MHxPC130127851,-0.030761521,0.036293577,0,DIST / DistilBERT
MHxPC130233782,-0.076828994,-0.01276505,0,DIST / DistilBERT
MHxPC130549302,-0.089297414,-0.032455154,0,DIST / DistilBERT
MHxPC130096848,-0.089297414,-0.032455154,0,DIST / DistilBERT
MHxPC130532169,-0.050709683,0.017939117,0,DIST / DistilBERT
MHxPC130145698,-0.030761521,0.036293577,0,DIST / DistilBERT
MHxPC130216080,0.01522687,0.020930568,1,DIST / DistilBERT
MHxPC130498131,0.024022728,-0.0033615327,1,DIST / DistilBERT
MHxPC130173558,0.041416544,0.02506663,1,DIST / DistilBERT
MHxPC130286791,-0.001413247,0.03486536,0,DIST / DistilBERT
MHxPC130054991,0.0617919,0.009925807,1,DIST / DistilBERT
MHxPC130233939,-0.036603484,0.028604276,0,DIST / DistilBERT
MHxPC130533966,-0.0474919,0.02098127,0,DIST / DistilBERT
MHxPC130140683,0.053615887,0.03018178,1,DIST / DistilBERT
MHxPC130224628,-0.076828994,-0.01276505,0,DIST / DistilBERT
MHxPC130260858,-0.089297414,-0.032455154,0,DIST / DistilBERT
MHxPC130510959,0.104214855,-0.03225213,1,DIST / DistilBERT
MHxPC130288144,-0.035448946,0.009135685,0,DIST / DistilBERT
MHxPC130094211,-0.089297414,-0.032455154,0,DIST / DistilBERT
MHxPC130025380,-0.0067576426,0.041803308,0,DIST / DistilBERT
MHxPC130474423,-0.076828994,-0.01276505,0,DIST / DistilBERT
MHxPC130126774,0.07043391,0.024410944,1,DIST / DistilBERT
MHxPC130277031,-0.057956688,0.008690839,0,DIST / DistilBERT
MHxPC130192223,0.07936369,0.020211209,1,DIST / DistilBERT
MHxPC130278827,-0.089297414,-0.032455154,0,DIST / DistilBERT
MHxPC130490735,0.01747388,-0.021055978,1,DIST / DistilBERT
MHxPC130087788,0.10820873,-0.0074646426,1,DIST / DistilBERT
MHxPC130346572,0.0406021,0.039202113,1,DIST / DistilBERT
MHxPC130548635,-0.018082894,0.030481605,0,DIST / DistilBERT
MHxPC130489894,-0.031653028,-0.023345903,0,DIST / DistilBERT
MHxPC130407718,-0.0497796,0.019847933,0,DIST / DistilBERT
MHxPC130395309,-0.022057336,0.011896647,0,DIST / DistilBERT
MHxPC130582102,-0.010612855,0.049727205,0,DIST / DistilBERT
MHxPC130475848,-0.089297414,-0.032455154,0,DIST / DistilBERT
MHxPC130188572,0.104670644,-0.042355705,1,DIST / DistilBERT
MHxPC130184018,-0.076828994,-0.01276505,0,DIST / DistilBERT
MHxPC130310675,0.113724686,0.0020687333,1,DIST / DistilBERT
MHxPC130558841,0.03965164,0.032083184,1,DIST / DistilBERT
MHxPC130568642,-0.057956688,0.008690839,0,DIST / DistilBERT
MHxPC130338566,-0.089297414,-0.032455154,0,DIST / DistilBERT
MHxPC130346803,-0.0474919,0.02098127,0,DIST / DistilBERT
MHxPC130534466,-0.089297414,-0.032455154,0,DIST / DistilBERT
MHxPC130035259,0.078886986,0.023831967,1,DIST / DistilBERT
MHxPC130110235,-0.035448946,0.009135685,0,DIST / DistilBERT
MHxPC130028172,0.09476931,-0.0031918199,1,DIST / DistilBERT
MHxPC130301424,-0.0579567,0.008690823,0,DIST / DistilBERT
MHxPC130245966,-0.050282348,0.022598848,0,DIST / DistilBERT
MHxPC130500943,-0.08929737,-0.032455202,0,DIST / DistilBERT
MHxPC130184397,-0.076829,-0.012765105,0,DIST / DistilBERT
MHxPC130526300,0.032406878,-0.028341588,1,DIST / DistilBERT
MHxPC130001984,-0.0579567,0.008690823,0,DIST / DistilBERT
MHxPC130165874,-0.030659638,0.002767605,0,DIST / DistilBERT
MHxPC130353306,-0.08929737,-0.032455202,0,DIST / DistilBERT
MHxPC130402805,0.11130627,-0.02116557,1,DIST / DistilBERT
MHxPC130278463,-0.01821198,0.010147566,0,DIST / DistilBERT
MHxPC130498168,-0.0579567,0.008690823,0,DIST / DistilBERT
MHxPC130238074,0.042133152,0.043487392,1,DIST / DistilBERT
MHxPC130542517,0.08729547,0.0027022203,1,DIST / DistilBERT
MHxPC130512359,-0.08929737,-0.032455202,0,DIST / DistilBERT
MHxPC130574866,-2.8727245e-05,0.0393918,0,DIST / DistilBERT
MHxPC130345161,-0.076829,-0.012765105,0,DIST / DistilBERT
MHxPC130250348,-0.015146933,0.016792297,0,DIST / DistilBERT
MHxPC130319524,0.11637679,-0.011434568,1,DIST / DistilBERT
MHxPC130114304,0.06738193,0.0131300865,1,DIST / DistilBERT
MHxPC130557801,-0.0049257823,0.043796923,0,DIST / DistilBERT
MHxPC130271751,-0.08929737,-0.032455202,0,DIST / DistilBERT
MHxPC130489801,-0.08929737,-0.032455202,0,DIST / DistilBERT
MHxPC130177273,-0.08929737,-0.032455202,0,DIST / DistilBERT
MHxPC130136937,-0.0579567,0.008690823,0,DIST / DistilBERT
MHxPC130187881,0.025967166,0.03793148,1,DIST / DistilBERT
MHxPC130493951,0.07320238,0.031685524,1,DIST / DistilBERT
MHxPC130008681,-0.040419374,0.017106943,0,DIST / DistilBERT
MHxPC130299718,0.11411247,-0.04257392,1,DIST / DistilBERT
MHxPC130100539,0.10291342,-0.024436278,1,DIST / DistilBERT
MHxPC130508501,-0.08929737,-0.032455202,0,DIST / DistilBERT
MHxPC130021686,0.03854895,0.06357371,1,DIST / DistilBERT
MHxPC130130996,0.08687117,0.022504548,1,DIST / DistilBERT
MHxPC130143724,0.055469602,0.039090082,1,DIST / DistilBERT
MHxPC130428567,0.008313976,0.017439779,0,DIST / DistilBERT
MHxPC130110156,-0.039045878,0.043868635,0,DIST / DistilBERT
MHxPC130514497,-0.08929737,-0.032455202,0,DIST / DistilBERT
MHxPC130279489,0.09901182,0.0040601557,1,DIST / DistilBERT
MHxPC130107112,-0.06750073,-0.0056164376,0,DIST / DistilBERT
MHxPC130296614,0.11023778,0.005062174,1,DIST / DistilBERT
MHxPC130560480,-0.03900198,0.011595576,0,DIST / DistilBERT
MHxPC130285094,-0.04229996,0.03043134,0,DIST / DistilBERT
MHxPC130046597,0.010406177,0.03270322,0,DIST / DistilBERT
MHxPC130081792,-0.01852159,0.029102406,0,DIST / DistilBERT
MHxPC130459358,-0.0045231455,0.015195349,0,DIST / DistilBERT
MHxPC130024239,-0.08295472,-0.01884553,0,DIST / DistilBERT
MHxPC130092281,0.035043556,-0.026250223,1,DIST / DistilBERT
MHxPC130071754,0.010233101,-0.00654153,0,DIST / DistilBERT
MHxPC130551969,-0.076829,-0.012765105,0,DIST / DistilBERT
MHxPC130323566,0.09322892,0.0033768434,1,DIST / DistilBERT
MHxPC130413938,0.12786023,-0.05856258,1,DIST / DistilBERT
MHxPC130572339,0.01382788,-0.00989674,1,DIST / DistilBERT
MHxPC130439824,-0.06750073,-0.0056164376,0,DIST / DistilBERT
MHxPC130505655,0.068972945,0.0066499417,1,DIST / DistilBERT
MHxPC130516674,-0.047491938,0.02098132,0,DIST / DistilBERT
MHxPC130541254,-0.08929737,-0.032455202,0,DIST / DistilBERT
MHxPC130081248,0.0641041,0.01738864,1,DIST / DistilBERT
MHxPC130501736,0.06654979,0.013511368,1,DIST / DistilBERT
MHxPC130117116,0.053920247,0.034508687,1,DIST / DistilBERT
MHxPC130534884,0.016320273,0.0054933885,1,DIST / DistilBERT
MHxPC130584207,0.108342506,-0.046205703,1,DIST / DistilBERT
MHxPC130152993,-0.08929737,-0.032455202,0,DIST / DistilBERT
MHxPC130470636,0.1081536,-0.04351258,1,DIST / DistilBERT
MHxPC130563661,-0.08929737,-0.032455202,0,DIST / DistilBERT
MHxPC130472270,0.058877457,0.04002684,1,DIST / DistilBERT
MHxPC130114786,-0.08929737,-0.032455202,0,DIST / DistilBERT
MHxPC130236396,0.006741084,0.015036388,0,DIST / DistilBERT
MHxPC130118317,-0.08929737,-0.032455202,0,DIST / DistilBERT
MHxPC130458497,-0.076829,-0.012765105,0,DIST / DistilBERT
MHxPC130422651,-0.0579567,0.008690823,0,DIST / DistilBERT
MHxPC130401879,-0.014335348,0.014251235,0,DIST / DistilBERT
MHxPC130590746,0.11018135,-0.026210641,1,DIST / DistilBERT
MHxPC130543570,0.095452726,0.002967922,1,DIST / DistilBERT
MHxPC130011854,0.014914694,-0.00016873254,1,DIST / DistilBERT
MHxPC130412542,0.018023735,0.019296268,1,DIST / DistilBERT
MHxPC130414338,0.09735864,-0.0027603158,1,DIST / DistilBERT
MHxPC130204463,-0.010612898,0.0497272,0,DIST / DistilBERT
MHxPC130435283,-0.03189673,0.0021699546,0,DIST / DistilBERT
MHxPC130327030,-0.047491938,0.02098132,0,DIST / DistilBERT
MHxPC130162251,0.100624494,-0.0002796932,1,DIST / DistilBERT
MHxPC130543645,-0.08929737,-0.032455202,0,DIST / DistilBERT
MHxPC130223163,0.08862681,-0.0004440665,1,DIST / DistilBERT
MHxPC130530186,0.08071379,0.014603534,1,DIST / DistilBERT
MHxPC130112224,-0.076829,-0.012765105,0,DIST / DistilBERT
MHxPC130114618,0.123388804,-0.04319488,1,DIST / DistilBERT
MHxPC130017530,-0.06750073,-0.0056164376,0,DIST / DistilBERT
MHxPC130148705,0.009550255,0.01803279,0,DIST / DistilBERT
MHxPC130500407,0.07087548,0.015716985,1,DIST / DistilBERT
MHxPC130329586,0.0072589256,0.016459482,0,DIST / DistilBERT
MHxPC130341543,0.014238593,0.0008691423,1,DIST / DistilBERT
MHxPC130473691,0.0071534216,0.018287253,0,DIST / DistilBERT
MHxPC130123468,-0.08929737,-0.032455202,0,DIST / DistilBERT
MHxPC130555292,0.074387126,0.010330533,1,DIST / DistilBERT
MHxPC130331455,-0.0057733296,-0.001090367,0,DIST / DistilBERT
MHxPC130587564,-0.08929737,-0.032455202,0,DIST / DistilBERT
MHxPC130164637,0.027849402,-0.022109695,1,DIST / DistilBERT
MHxPC130371474,-0.08929737,-0.032455202,0,DIST / DistilBERT
MHxPC130207951,0.10490045,-0.035795484,1,DIST / DistilBERT
MHxPC130440282,-0.089297414,-0.032455154,0,DIST / DistilBERT
MHxPC130315469,-0.042146426,0.0303238,0,DIST / DistilBERT
MHxPC130268644,0.07144101,0.015417497,1,DIST / DistilBERT
MHxPC130540212,0.11368558,-0.029723171,1,DIST / DistilBERT
MHxPC130486051,-0.089297414,-0.032455154,0,DIST / DistilBERT
MHxPC130200490,0.114751615,-0.06643735,1,DIST / DistilBERT
MHxPC130479185,-0.042816103,0.03047635,0,DIST / DistilBERT
MHxPC130495181,-0.089297414,-0.032455154,0,DIST / DistilBERT
MHxPC130482994,0.088514075,0.02617357,1,DIST / DistilBERT
MHxPC130548552,-0.057956688,0.008690839,0,DIST / DistilBERT
MHxPC130106254,0.018647475,0.009454859,1,DIST / DistilBERT
MHxPC130451232,-0.076828994,-0.01276505,0,DIST / DistilBERT
MHxPC130060092,0.0833828,-0.0063832304,1,DIST / DistilBERT
MHxPC130436357,-0.057956688,0.008690839,0,DIST / DistilBERT
MHxPC130117582,-0.089297414,-0.032455154,0,DIST / DistilBERT
MHxPC130291071,-0.06750071,-0.0056164786,0,DIST / DistilBERT
MHxPC130032418,-0.009749405,0.021231677,0,DIST / DistilBERT
MHxPC130425903,-0.089297414,-0.032455154,0,DIST / DistilBERT
MHxPC130267888,0.080435455,0.016669475,1,DIST / DistilBERT
MHxPC130045097,-0.089297414,-0.032455154,0,DIST / DistilBERT
MHxPC130045101,-0.06750071,-0.0056164786,0,DIST / DistilBERT
MHxPC130543063,-0.0474919,0.02098127,0,DIST / DistilBERT
MHxPC130584335,0.11806857,-0.03042643,1,DIST / DistilBERT
MHxPC130256967,0.023205493,-0.019534096,1,DIST / DistilBERT
MHxPC130252927,0.012815804,-0.006217999,1,DIST / DistilBERT
MHxPC130072897,-0.037384775,0.006067286,0,DIST / DistilBERT
MHxPC130517023,0.09466986,-0.022111146,1,DIST / DistilBERT
MHxPC130018307,-0.057956688,0.008690839,0,DIST / DistilBERT
MHxPC130018123,0.12803388,-0.060487438,1,DIST / DistilBERT
MHxPC130436334,-0.033669624,0.026358597,0,DIST / DistilBERT
MHxPC130301542,-0.057956688,0.008690839,0,DIST / DistilBERT
MHxPC130406949,-0.057956688,0.008690839,0,DIST / DistilBERT
MHxPC130226734,0.09136129,-0.023050675,1,DIST / DistilBERT
MHxPC130442752,0.06865322,0.014912267,1,DIST / DistilBERT
MHxPC130441879,-0.0011396583,0.022090474,0,DIST / DistilBERT
MHxPC130186132,0.09912942,-0.023870673,1,DIST / DistilBERT
MHxPC130406164,0.0558277,0.03843736,1,DIST / DistilBERT
MHxPC130218971,0.10858872,-0.032168027,1,DIST / DistilBERT
MHxPC130204975,-0.03904586,0.043868646,0,DIST / DistilBERT
MHxPC130033181,0.116436906,-0.038980365,1,DIST / DistilBERT
MHxPC130001717,-0.029187677,0.04007015,0,DIST / DistilBERT
MHxPC130260758,0.01708074,0.010297505,1,DIST / DistilBERT
MHxPC130085713,-0.057956688,0.008690839,0,DIST / DistilBERT
MHxPC130466712,-0.058816027,-0.014097338,0,DIST / DistilBERT
MHxPC130398607,0.08509143,0.005396572,1,DIST / DistilBERT
MHxPC130395242,0.11346456,-0.052465014,1,DIST / DistilBERT
MHxPC130152323,-0.01064681,0.026049366,0,DIST / DistilBERT
MHxPC130112198,-0.089297414,-0.032455154,0,DIST / DistilBERT
MHxPC130051495,-0.057956688,0.008690839,0,DIST / DistilBERT
MHxPC130221438,0.12451043,-0.055365957,1,DIST / DistilBERT
MHxPC130438805,-0.06750071,-0.0056164786,0,DIST / DistilBERT
MHxPC130116145,-0.036930516,0.011491486,0,DIST / DistilBERT
MHxPC130569277,-0.076828994,-0.01276505,0,DIST / DistilBERT
MHxPC130062130,-0.010040232,0.019648226,0,DIST / DistilBERT
MHxPC130505592,-0.076828994,-0.01276505,0,DIST / DistilBERT
MHxPC130259156,-0.089297414,-0.032455154,0,DIST / DistilBERT
MHxPC130231675,-0.0410217,0.018322265,0,DIST / DistilBERT
MHxPC130361583,0.0735517,0.028170953,1,DIST / DistilBERT
MHxPC130196493,0.113501675,-0.034498364,1,DIST / DistilBERT
MHxPC130539295,0.0936255,0.0015850681,1,DIST / DistilBERT
MHxPC130235327,0.013053733,0.0021120105,0,DIST / DistilBERT
MHxPC130377308,-0.089297414,-0.032455154,0,DIST / DistilBERT
MHxPC130145341,-0.06750071,-0.0056164786,0,DIST / DistilBERT
MHxPC130341037,0.054462943,0.030481856,1,DIST / DistilBERT
MHxPC130136429,-0.0474919,0.02098127,0,DIST / DistilBERT
MHxPC130561607,0.0158219,0.021157475,1,DIST / DistilBERT
MHxPC130347720,-0.0266351,0.025567733,0,DIST / DistilBERT
MHxPC130094342,-0.008418808,0.044665765,0,DIST / DistilBERT
MHxPC130435268,-0.057956688,0.008690839,0,DIST / DistilBERT
MHxPC130010365,0.0014327631,0.036742643,0,DIST / DistilBERT
MHxPC130479612,0.09888421,0.001192334,1,DIST / DistilBERT
MHxPC130150950,-0.089297414,-0.032455154,0,DIST / DistilBERT
MHxPC130503795,-0.060837038,-0.009832821,0,DIST / DistilBERT
MHxPC130565252,-0.06092974,-0.00999467,0,DIST / DistilBERT
MHxPC130065218,0.032051153,-0.016155757,1,DIST / DistilBERT
MHxPC130100310,-0.014407116,0.027071705,0,DIST / DistilBERT
MHxPC130226984,0.0991778,-0.017400717,1,DIST / DistilBERT
MHxPC130181555,-0.0474919,0.02098127,0,DIST / DistilBERT
MHxPC130273286,0.02590447,0.0021096382,1,DIST / DistilBERT
MHxPC130438922,0.08161906,0.039323147,1,DIST / DistilBERT
MHxPC130529456,0.09898734,-0.0060251476,1,DIST / DistilBERT
MHxPC130272189,0.021866988,-0.020932164,1,DIST / DistilBERT
MHxPC130179876,-0.089297414,-0.032455154,0,DIST / DistilBERT
MHxPC130245370,-0.014339802,0.028908025,0,DIST / DistilBERT
MHxPC130564691,0.09440753,0.015062679,1,DIST / DistilBERT
MHxPC130188748,-0.089297414,-0.032455154,0,DIST / DistilBERT
MHxPC130216694,0.09232103,-0.015434634,1,DIST / DistilBERT
MHxPC130409224,-0.089297414,-0.032455154,0,DIST / DistilBERT
MHxPC130514321,-0.089297414,-0.032455154,0,DIST / DistilBERT
MHxPC130139908,-0.089297414,-0.032455154,0,DIST / DistilBERT
MHxPC130127787,-0.040419385,0.017106948,0,DIST / DistilBERT
MHxPC130573908,-0.062729694,0.0009414959,0,DIST / DistilBERT
MHxPC130423617,-0.089297414,-0.032455154,0,DIST / DistilBERT
MHxPC130351050,-0.032823186,0.0013139684,0,DIST / DistilBERT
MHxPC130519992,-0.06750071,-0.0056164786,0,DIST / DistilBERT
MHxPC130543969,-0.04529819,-0.032967955,0,DIST / DistilBERT
MHxPC130090805,-0.06750071,-0.0056164786,0,DIST / DistilBERT
MHxPC130209820,-0.057956688,0.008690839,0,DIST / DistilBERT
MHxPC130337567,0.10248848,0.0014929586,1,DIST / DistilBERT
MHxPC130522195,0.074821234,0.004515093,1,DIST / DistilBERT
MHxPC130271949,-0.089297414,-0.032455154,0,DIST / DistilBERT
MHxPC130486994,-0.089297414,-0.032455154,0,DIST / DistilBERT
MHxPC130505453,0.08086493,0.0140569415,1,DIST / DistilBERT
MHxPC130068605,-0.089297414,-0.032455154,0,DIST / DistilBERT
MHxPC130131152,0.033952467,-0.017305594,1,DIST / DistilBERT
MHxPC130089524,0.06343756,0.028952543,1,DIST / DistilBERT
MHxPC130565426,-0.089297414,-0.032455154,0,DIST / DistilBERT
MHxPC130569430,-0.076828994,-0.01276505,0,DIST / DistilBERT
MHxPC130234063,0.022424363,-0.009419445,1,DIST / DistilBERT
MHxPC130159826,0.10935483,-0.040775284,1,DIST / DistilBERT
MHxPC130387744,-0.0045064325,0.02625074,0,DIST / DistilBERT
MHxPC130189314,0.051232975,0.020238351,1,DIST / DistilBERT
MHxPC130109386,-0.06750071,-0.0056164786,0,DIST / DistilBERT
MHxPC130098799,0.01714034,0.038014267,1,DIST / DistilBERT
MHxPC130364965,-0.06750071,-0.0056164786,0,DIST / DistilBERT
MHxPC130593892,0.06060179,-0.01147412,1,DIST / DistilBERT
MHxPC130416477,0.11113434,-0.027797054,1,DIST / DistilBERT
MHxPC130233620,0.096902646,0.019907033,1,DIST / DistilBERT
MHxPC130158654,-0.001413247,0.03486536,0,DIST / DistilBERT
MHxPC130016206,-0.004063049,0.026737008,0,DIST / DistilBERT
MHxPC130150156,-0.011712946,-9.2594564e-05,0,DIST / DistilBERT
MHxPC130526592,0.07226503,0.028109763,1,DIST / DistilBERT
MHxPC130543498,-0.014914569,0.027824765,0,DIST / DistilBERT
MHxPC130033270,-0.076828994,-0.01276505,0,DIST / DistilBERT
MHxPC130117839,0.0021151642,0.032513354,0,DIST / DistilBERT
MHxPC130244052,-0.089297414,-0.032455154,0,DIST / DistilBERT
MHxPC130172855,0.101718135,-0.0037825133,1,DIST / DistilBERT
MHxPC130378531,-0.03904586,0.043868646,0,DIST / DistilBERT
MHxPC130096956,-0.0069850027,0.018845527,0,DIST / DistilBERT
MHxPC130253298,0.016794,0.007241599,1,DIST / DistilBERT
MHxPC130457186,0.082746655,0.0100047095,1,DIST / DistilBERT
MHxPC130069340,-0.032943595,0.025546018,0,DIST / DistilBERT
MHxPC130388078,0.08408973,0.0015696401,1,DIST / DistilBERT
MHxPC130103391,0.021208102,0.04015467,1,DIST / DistilBERT
MHxPC130537770,0.06779122,0.008894748,1,DIST / DistilBERT
MHxPC130071946,0.089590214,-0.012140851,1,DIST / DistilBERT
MHxPC130295511,-0.042146426,0.0303238,0,DIST / DistilBERT
MHxPC130578204,-0.057956688,0.008690839,0,DIST / DistilBERT
MHxPC130055337,-0.076828994,-0.01276505,0,DIST / DistilBERT
MHxPC130233861,-0.057956688,0.008690839,0,DIST / DistilBERT
MHxPC130128822,-0.012761566,0.0012458202,0,DIST / DistilBERT
MHxPC130392815,-0.03904586,0.043868646,0,DIST / DistilBERT
MHxPC130380936,-0.076828994,-0.01276505,0,DIST / DistilBERT
MHxPC130234898,-0.0474919,0.02098127,0,DIST / DistilBERT
MHxPC130073115,-0.039002,0.011595575,0,DIST / DistilBERT
MHxPC130440897,-0.007159394,0.017630063,0,DIST / DistilBERT
MHxPC130038704,-0.089297414,-0.032455154,0,DIST / DistilBERT
MHxPC130087613,-0.010227363,0.008977406,0,DIST / DistilBERT
MHxPC130021839,-0.00647749,0.00050422514,0,DIST / DistilBERT
MHxPC130596782,0.06782521,0.015554096,1,DIST / DistilBERT
MHxPC130578441,-0.089297414,-0.032455154,0,DIST / DistilBERT
MHxPC130360610,-0.04299761,0.014416524,0,DIST / DistilBERT
MHxPC130044087,-0.076828994,-0.01276505,0,DIST / DistilBERT
MHxPC130497820,-0.089297414,-0.032455154,0,DIST / DistilBERT
MHxPC130010163,-0.057956688,0.008690839,0,DIST / DistilBERT
MHxPC130302298,0.036774185,0.024348153,1,DIST / DistilBERT
MHxPC130068612,-0.021206636,0.011031634,0,DIST / DistilBERT
MHxPC130217493,0.016277341,0.021016495,1,DIST / DistilBERT
MHxPC130108384,-0.076828994,-0.01276505,0,DIST / DistilBERT
MHxPC130261272,0.01810642,-0.021197129,1,DIST / DistilBERT
MHxPC130143560,-0.04358735,0.014179055,0,DIST / DistilBERT
MHxPC130541896,0.035754256,0.044104304,1,DIST / DistilBERT
MHxPC130481591,0.028197594,-0.0052466667,1,DIST / DistilBERT
MHxPC130522783,-0.030081417,0.021014998,0,DIST / DistilBERT
MHxPC130332540,-0.057956688,0.008690839,0,DIST / DistilBERT
MHxPC130376733,-2.8740003e-05,0.039391827,0,DIST / DistilBERT
MHxPC130093537,0.014374146,0.02587579,0,DIST / DistilBERT
MHxPC130000052,-0.06750071,-0.0056164786,0,DIST / DistilBERT
MHxPC130246856,-0.0474919,0.02098127,0,DIST / DistilBERT
MHxPC130291350,0.046821993,0.03779013,1,DIST / DistilBERT
MHxPC130355853,-0.057956688,0.008690839,0,DIST / DistilBERT
MHxPC130018564,-0.0829548,-0.01884552,0,DIST / DistilBERT
MHxPC130497785,0.0576817,0.03926209,1,DIST / DistilBERT
MHxPC130362832,-0.04737317,0.023965733,0,DIST / DistilBERT
MHxPC130498092,-0.089297414,-0.032455154,0,DIST / DistilBERT
MHxPC130023419,0.08621603,0.010331167,1,DIST / DistilBERT
MHxPC130260248,0.11644672,-0.042259004,1,DIST / DistilBERT
MHxPC130272269,0.07941728,0.013597817,1,DIST / DistilBERT
MHxPC130418159,-0.0474919,0.02098127,0,DIST / DistilBERT
MHxPC130002531,-0.035448946,0.009135685,0,DIST / DistilBERT
MHxPC130180073,0.117377535,-0.018001478,1,DIST / DistilBERT
MHxPC130143065,-0.089297414,-0.032455154,0,DIST / DistilBERT
MHxPC130437051,-0.01910175,0.022371188,0,DIST / DistilBERT
MHxPC130146461,0.10874776,-0.04567973,1,DIST / DistilBERT
MHxPC130379313,-0.089297414,-0.032455154,0,DIST / DistilBERT
MHxPC130025201,-0.0040419186,0.040446047,0,DIST / DistilBERT
MHxPC130556907,-0.06725222,-0.0011569572,0,DIST / DistilBERT
MHxPC130013498,-0.0474919,0.02098127,0,DIST / DistilBERT
MHxPC130459244,-0.04229991,0.030431274,0,DIST / DistilBERT
MHxPC130220424,-0.0060056644,0.042691894,0,DIST / DistilBERT
MHxPC130310585,0.040721614,0.037975665,1,DIST / DistilBERT
MHxPC130320990,-0.0829548,-0.01884552,0,DIST / DistilBERT
MHxPC130528031,0.06232245,0.017593239,1,DIST / DistilBERT
MHxPC130555797,0.06632406,0.044839427,1,DIST / DistilBERT
MHxPC130334162,-0.057956688,0.008690839,0,DIST / DistilBERT
MHxPC130337875,-0.0474919,0.02098127,0,DIST / DistilBERT
MHxPC130348373,-0.0074095246,0.045239434,0,DIST / DistilBERT
MHxPC130449641,-0.089297414,-0.032455154,0,DIST / DistilBERT
MHxPC130302194,0.12241126,-0.052501593,1,DIST / DistilBERT
MHxPC130023676,-0.057956688,0.008690839,0,DIST / DistilBERT
MHxPC130330029,0.055756226,0.02799595,1,DIST / DistilBERT
MHxPC130593331,-0.076828994,-0.01276505,0,DIST / DistilBERT
MHxPC130285312,-0.076828994,-0.01276505,0,DIST / DistilBERT
MHxPC130079307,-0.029187677,0.04007015,0,DIST / DistilBERT
MHxPC130113601,-0.032943595,0.025546018,0,DIST / DistilBERT
MHxPC130191819,0.0038326313,0.03394252,0,DIST / DistilBERT
MHxPC130361176,-0.076828994,-0.01276505,0,DIST / DistilBERT
MHxPC130077878,-0.0410217,0.018322265,0,DIST / DistilBERT
MHxPC130276974,-0.009870395,0.020361295,0,DIST / DistilBERT
MHxPC130386109,-0.076828994,-0.01276505,0,DIST / DistilBERT
MHxPC130235581,-0.076828994,-0.01276505,0,DIST / DistilBERT
MHxPC130473437,0.030229937,-0.021895586,1,DIST / DistilBERT
MHxPC130277393,0.013165666,0.025657943,0,DIST / DistilBERT
MHxPC130576465,0.017102946,-0.01748937,1,DIST / DistilBERT
MHxPC130568748,0.08202032,0.0119372895,1,DIST / DistilBERT
MHxPC130266936,-0.007356253,0.029388104,0,DIST / DistilBERT
MHxPC130078397,-0.029187677,0.04007015,0,DIST / DistilBERT
MHxPC130542641,-0.0410217,0.018322265,0,DIST / DistilBERT
MHxPC130580067,0.103120275,-0.03310126,1,DIST / DistilBERT
MHxPC130303920,0.09209972,0.00041777224,1,DIST / DistilBERT
MHxPC130170127,-0.0474919,0.02098127,0,DIST / DistilBERT
MHxPC130248322,0.07013008,0.015546904,1,DIST / DistilBERT
MHxPC130430498,-0.089297414,-0.032455154,0,DIST / DistilBERT
MHxPC130162774,0.118702166,-0.0345111,1,DIST / DistilBERT
MHxPC130329049,0.10677865,-0.015085572,1,DIST / DistilBERT
MHxPC130169868,-0.076828994,-0.01276505,0,DIST / DistilBERT
MHxPC130390286,0.11112068,-0.031358704,1,DIST / DistilBERT
MHxPC130481635,-0.089297414,-0.032455154,0,DIST / DistilBERT
MHxPC130068893,-0.057956688,0.008690839,0,DIST / DistilBERT
MHxPC130065785,-0.057956688,0.008690839,0,DIST / DistilBERT
MHxPC130252573,-0.057956688,0.008690839,0,DIST / DistilBERT
MHxPC130573106,0.042167023,-0.00911424,1,DIST / DistilBERT
MHxPC130082248,0.0833251,0.009916219,1,DIST / DistilBERT
MHxPC130545181,0.009161941,0.03365704,0,DIST / DistilBERT
MHxPC130047236,0.12087242,-0.046676334,1,DIST / DistilBERT
MHxPC130098919,-0.0285322,0.031752933,0,DIST / DistilBERT
MHxPC130229449,0.004250115,0.030630605,0,DIST / DistilBERT
MHxPC130164604,0.10936808,-0.04940807,1,DIST / DistilBERT
MHxPC130210535,-0.042146426,0.0303238,0,DIST / DistilBERT
MHxPC130175487,-0.0497796,0.019847933,0,DIST / DistilBERT
MHxPC130120517,-0.089297414,-0.032455154,0,DIST / DistilBERT
MHxPC130146106,0.00069065765,0.039324015,0,DIST / DistilBERT
MHxPC130258227,-0.023886506,0.012849154,0,DIST / DistilBERT
MHxPC130312413,-0.017303452,0.0211964,0,DIST / DistilBERT
MHxPC130478038,0.099205434,-0.047570188,1,DIST / DistilBERT
MHxPC130463421,-0.06750071,-0.0056164786,0,DIST / DistilBERT
MHxPC130594142,0.040742613,0.030944047,1,DIST / DistilBERT
MHxPC130167814,-0.076828994,-0.01276505,0,DIST / DistilBERT
MHxPC130280608,-0.089297414,-0.032455154,0,DIST / DistilBERT
MHxPC130498074,-0.089297414,-0.032455154,0,DIST / DistilBERT
MHxPC130411264,0.067773476,0.0064856033,1,DIST / DistilBERT
MHxPC130069743,0.0029335506,0.030553807,0,DIST / DistilBERT
MHxPC130358063,-0.06750071,-0.0056164786,0,DIST / DistilBERT
MHxPC130498073,-0.089297414,-0.032455154,0,DIST / DistilBERT
MHxPC130121472,-0.0474919,0.02098127,0,DIST / DistilBERT
MHxPC130274168,0.049883556,0.039183628,1,DIST / DistilBERT
MHxPC130182914,0.084598534,0.0053298823,1,DIST / DistilBERT
MHxPC130043140,0.07866408,0.0052388986,1,DIST / DistilBERT
MHxPC130221131,0.13921955,-0.034307275,1,DIST / DistilBERT
MHxPC130063707,0.1252498,-0.063198164,1,DIST / DistilBERT
MHxPC130136754,0.03598328,0.052413717,1,DIST / DistilBERT
MHxPC130546002,0.12076747,-0.05094862,1,DIST / DistilBERT
MHxPC130147394,-0.06750071,-0.0056164786,0,DIST / DistilBERT
MHxPC130423594,0.08353286,0.0129211815,1,DIST / DistilBERT
MHxPC130397605,-0.057956688,0.008690839,0,DIST / DistilBERT
MHxPC130508066,0.11185864,-0.014409799,1,DIST / DistilBERT
MHxPC130380512,-0.089297414,-0.032455154,0,DIST / DistilBERT
MHxPC130440261,0.028019423,-0.01041982,1,DIST / DistilBERT
MHxPC130535892,0.015535461,0.0063514,1,DIST / DistilBERT
MHxPC130212954,-0.015146953,0.016792325,0,DIST / DistilBERT
MHxPC130577591,-0.032823186,0.0013139684,0,DIST / DistilBERT
MHxPC130485492,0.094059974,-0.013941137,1,DIST / DistilBERT
MHxPC130402087,-0.06750071,-0.0056164786,0,DIST / DistilBERT
MHxPC130137588,0.079220235,0.0067051947,1,DIST / DistilBERT
MHxPC130397113,0.09528421,0.0009823046,1,DIST / DistilBERT
MHxPC130510287,-0.0057310867,0.005656328,0,DIST / DistilBERT
MHxPC130309035,-0.0474919,0.02098127,0,DIST / DistilBERT
MHxPC130118826,-0.089297414,-0.032455154,0,DIST / DistilBERT
MHxPC130216113,-0.089297414,-0.032455154,0,DIST / DistilBERT
MHxPC130053203,-0.00863619,0.0092394175,0,DIST / DistilBERT
MHxPC130290302,-0.089297414,-0.032455154,0,DIST / DistilBERT
MHxPC130513644,-0.040419385,0.017106948,0,DIST / DistilBERT
MHxPC130091566,0.0829032,0.005630514,1,DIST / DistilBERT
MHxPC130204588,-0.076828994,-0.01276505,0,DIST / DistilBERT
MHxPC130317205,-0.0474919,0.02098127,0,DIST / DistilBERT
MHxPC130070872,-0.057956688,0.008690839,0,DIST / DistilBERT
MHxPC130238570,-0.007962002,0.04639007,0,DIST / DistilBERT
MHxPC130497907,0.116969675,-0.050132155,1,DIST / DistilBERT
MHxPC130322417,-0.02465837,0.033410866,0,DIST / DistilBERT
MHxPC130018011,-0.0892974,-0.03245518,0,DIST / DistilBERT
MHxPC130423658,0.095619865,-0.0052838405,1,DIST / DistilBERT
