model_id,model_name,userid_DI,actual_certified,predicted_certified,predicted_probability
sentence_transformer_logistic,Sentence Transformer + Logistic Regression,MHxPC130364859,0,0,0.694861
sentence_transformer_logistic,Sentence Transformer + Logistic Regression,MHxPC130402267,0,0,0.025739
sentence_transformer_logistic,Sentence Transformer + Logistic Regression,MHxPC130153646,1,1,0.806918
sentence_transformer_logistic,Sentence Transformer + Logistic Regression,MHxPC130357648,0,0,0.19307
sentence_transformer_logistic,Sentence Transformer + Logistic Regression,MHxPC130255925,0,0,0.161353
sentence_transformer_logistic,Sentence Transformer + Logistic Regression,MHxPC130312722,0,0,0.387377
sentence_transformer_logistic,Sentence Transformer + Logistic Regression,MHxPC130340572,0,0,0.03299
sentence_transformer_logistic,Sentence Transformer + Logistic Regression,MHxPC130109670,0,0,0.712937
sentence_transformer_logistic,Sentence Transformer + Logistic Regression,MHxPC130037925,0,0,0.025739
sentence_transformer_logistic,Sentence Transformer + Logistic Regression,MHxPC130203384,0,0,0.131356
sentence_transformer_logistic,Sentence Transformer + Logistic Regression,MHxPC130344182,1,1,0.828978
sentence_transformer_logistic,Sentence Transformer + Logistic Regression,MHxPC130474721,0,0,0.334472
sentence_transformer_logistic,Sentence Transformer + Logistic Regression,MHxPC130550852,0,0,0.111069
sentence_transformer_logistic,Sentence Transformer + Logistic Regression,MHxPC130466960,0,0,0.374511
sentence_transformer_logistic,Sentence Transformer + Logistic Regression,MHxPC130176380,0,0,0.025739
sentence_transformer_logistic,Sentence Transformer + Logistic Regression,MHxPC130300804,0,0,0.025739
sentence_transformer_logistic,Sentence Transformer + Logistic Regression,MHxPC130005060,0,0,0.016235
sentence_transformer_logistic,Sentence Transformer + Logistic Regression,MHxPC130084873,0,0,0.03299
sentence_transformer_logistic,Sentence Transformer + Logistic Regression,MHxPC130185763,0,0,0.029871
sentence_transformer_logistic,Sentence Transformer + Logistic Regression,MHxPC130056898,0,0,0.028791
sentence_transformer_logistic,Sentence Transformer + Logistic Regression,MHxPC130019742,0,0,0.025739
sentence_transformer_logistic,Sentence Transformer + Logistic Regression,MHxPC130045257,0,0,0.03299
sentence_transformer_logistic,Sentence Transformer + Logistic Regression,MHxPC130012192,0,0,0.025739
sentence_transformer_logistic,Sentence Transformer + Logistic Regression,MHxPC130506928,0,0,0.031394
sentence_transformer_logistic,Sentence Transformer + Logistic Regression,MHxPC130244691,0,0,0.465546
sentence_transformer_logistic,Sentence Transformer + Logistic Regression,MHxPC130183493,0,0,0.016235
sentence_transformer_logistic,Sentence Transformer + Logistic Regression,MHxPC130095354,0,0,0.115193
sentence_transformer_logistic,Sentence Transformer + Logistic Regression,MHxPC130236588,0,1,0.780142
sentence_transformer_logistic,Sentence Transformer + Logistic Regression,MHxPC130267661,0,0,0.057925
sentence_transformer_logistic,Sentence Transformer + Logistic Regression,MHxPC130420227,0,0,0.038593
sentence_transformer_logistic,Sentence Transformer + Logistic Regression,MHxPC130478273,0,0,0.016235
sentence_transformer_logistic,Sentence Transformer + Logistic Regression,MHxPC130211699,0,0,0.240522
sentence_transformer_logistic,Sentence Transformer + Logistic Regression,MHxPC130343975,0,0,0.592124
sentence_transformer_logistic,Sentence Transformer + Logistic Regression,MHxPC130022810,0,0,0.220303
sentence_transformer_logistic,Sentence Transformer + Logistic Regression,MHxPC130335700,0,0,0.035318
sentence_transformer_logistic,Sentence Transformer + Logistic Regression,MHxPC130567575,0,0,0.03299
sentence_transformer_logistic,Sentence Transformer + Logistic Regression,MHxPC130596903,0,0,0.049358
sentence_transformer_logistic,Sentence Transformer + Logistic Regression,MHxPC130205446,0,0,0.013753
sentence_transformer_logistic,Sentence Transformer + Logistic Regression,MHxPC130007324,0,0,0.028791
sentence_transformer_logistic,Sentence Transformer + Logistic Regression,MHxPC130566350,0,0,0.035318
sentence_transformer_logistic,Sentence Transformer + Logistic Regression,MHxPC130161848,0,0,0.03299
sentence_transformer_logistic,Sentence Transformer + Logistic Regression,MHxPC130548617,0,0,0.412294
sentence_transformer_logistic,Sentence Transformer + Logistic Regression,MHxPC130547058,0,0,0.025739
sentence_transformer_logistic,Sentence Transformer + Logistic Regression,MHxPC130241956,0,0,0.377645
sentence_transformer_logistic,Sentence Transformer + Logistic Regression,MHxPC130393068,0,0,0.466563
sentence_transformer_logistic,Sentence Transformer + Logistic Regression,MHxPC130059851,0,0,0.403234
sentence_transformer_logistic,Sentence Transformer + Logistic Regression,MHxPC130041466,0,0,0.025739
sentence_transformer_logistic,Sentence Transformer + Logistic Regression,MHxPC130522869,0,0,0.508832
sentence_transformer_logistic,Sentence Transformer + Logistic Regression,MHxPC130357041,0,0,0.155993
sentence_transformer_logistic,Sentence Transformer + Logistic Regression,MHxPC130153511,0,0,0.059088
sentence_transformer_logistic,Sentence Transformer + Logistic Regression,MHxPC130500820,0,0,0.483676
sentence_transformer_logistic,Sentence Transformer + Logistic Regression,MHxPC130490217,0,0,0.2239
sentence_transformer_logistic,Sentence Transformer + Logistic Regression,MHxPC130576830,0,0,0.029584
sentence_transformer_logistic,Sentence Transformer + Logistic Regression,MHxPC130109338,0,0,0.068715
sentence_transformer_logistic,Sentence Transformer + Logistic Regression,MHxPC130555869,0,0,0.103082
sentence_transformer_logistic,Sentence Transformer + Logistic Regression,MHxPC130088930,0,0,0.09217
sentence_transformer_logistic,Sentence Transformer + Logistic Regression,MHxPC130558867,0,0,0.060655
sentence_transformer_logistic,Sentence Transformer + Logistic Regression,MHxPC130081815,0,0,0.391713
sentence_transformer_logistic,Sentence Transformer + Logistic Regression,MHxPC130020572,0,0,0.261537
sentence_transformer_logistic,Sentence Transformer + Logistic Regression,MHxPC130041737,0,0,0.577169
sentence_transformer_logistic,Sentence Transformer + Logistic Regression,MHxPC130523364,0,0,0.625751
sentence_transformer_logistic,Sentence Transformer + Logistic Regression,MHxPC130177930,0,0,0.025739
sentence_transformer_logistic,Sentence Transformer + Logistic Regression,MHxPC130086741,0,0,0.227277
sentence_transformer_logistic,Sentence Transformer + Logistic Regression,MHxPC130224679,0,0,0.309533
sentence_transformer_logistic,Sentence Transformer + Logistic Regression,MHxPC130070199,0,0,0.092999
sentence_transformer_logistic,Sentence Transformer + Logistic Regression,MHxPC130337474,0,0,0.035318
sentence_transformer_logistic,Sentence Transformer + Logistic Regression,MHxPC130533102,0,0,0.05149
sentence_transformer_logistic,Sentence Transformer + Logistic Regression,MHxPC130413856,0,0,0.034905
sentence_transformer_logistic,Sentence Transformer + Logistic Regression,MHxPC130507193,0,0,0.035665
sentence_transformer_logistic,Sentence Transformer + Logistic Regression,MHxPC130133281,0,0,0.025739
sentence_transformer_logistic,Sentence Transformer + Logistic Regression,MHxPC130188557,0,0,0.406687
sentence_transformer_logistic,Sentence Transformer + Logistic Regression,MHxPC130418846,0,1,0.87424
sentence_transformer_logistic,Sentence Transformer + Logistic Regression,MHxPC130140721,0,0,0.024978
sentence_transformer_logistic,Sentence Transformer + Logistic Regression,MHxPC130182875,0,0,0.03299
sentence_transformer_logistic,Sentence Transformer + Logistic Regression,MHxPC130356908,0,0,0.437222
sentence_transformer_logistic,Sentence Transformer + Logistic Regression,MHxPC130308595,0,0,0.035318
sentence_transformer_logistic,Sentence Transformer + Logistic Regression,MHxPC130292804,0,0,0.06887
sentence_transformer_logistic,Sentence Transformer + Logistic Regression,MHxPC130204946,0,0,0.141559
sentence_transformer_logistic,Sentence Transformer + Logistic Regression,MHxPC130501906,0,0,0.029584
sentence_transformer_logistic,Sentence Transformer + Logistic Regression,MHxPC130115227,0,0,0.074802
sentence_transformer_logistic,Sentence Transformer + Logistic Regression,MHxPC130596509,0,0,0.098587
sentence_transformer_logistic,Sentence Transformer + Logistic Regression,MHxPC130117832,0,0,0.025739
sentence_transformer_logistic,Sentence Transformer + Logistic Regression,MHxPC130165316,0,0,0.106152
sentence_transformer_logistic,Sentence Transformer + Logistic Regression,MHxPC130022798,0,0,0.461318
sentence_transformer_logistic,Sentence Transformer + Logistic Regression,MHxPC130199943,0,0,0.144113
sentence_transformer_logistic,Sentence Transformer + Logistic Regression,MHxPC130538973,0,0,0.078158
sentence_transformer_logistic,Sentence Transformer + Logistic Regression,MHxPC130206602,0,0,0.412205
sentence_transformer_logistic,Sentence Transformer + Logistic Regression,MHxPC130019735,0,0,0.403963
sentence_transformer_logistic,Sentence Transformer + Logistic Regression,MHxPC130049019,0,0,0.054398
sentence_transformer_logistic,Sentence Transformer + Logistic Regression,MHxPC130458988,0,0,0.065121
sentence_transformer_logistic,Sentence Transformer + Logistic Regression,MHxPC130130683,0,0,0.533065
sentence_transformer_logistic,Sentence Transformer + Logistic Regression,MHxPC130360258,0,0,0.025739
sentence_transformer_logistic,Sentence Transformer + Logistic Regression,MHxPC130275432,0,0,0.035318
sentence_transformer_logistic,Sentence Transformer + Logistic Regression,MHxPC130208326,0,0,0.670253
sentence_transformer_logistic,Sentence Transformer + Logistic Regression,MHxPC130224819,0,0,0.051125
sentence_transformer_logistic,Sentence Transformer + Logistic Regression,MHxPC130029226,0,0,0.215291
sentence_transformer_logistic,Sentence Transformer + Logistic Regression,MHxPC130110641,0,0,0.18394
sentence_transformer_logistic,Sentence Transformer + Logistic Regression,MHxPC130526768,0,0,0.063267
sentence_transformer_logistic,Sentence Transformer + Logistic Regression,MHxPC130262159,0,0,0.359106
sentence_transformer_logistic,Sentence Transformer + Logistic Regression,MHxPC130588792,0,0,0.028791
sentence_transformer_logistic,Sentence Transformer + Logistic Regression,MHxPC130345954,1,1,0.780449
sentence_transformer_logistic,Sentence Transformer + Logistic Regression,MHxPC130594021,0,0,0.035318
sentence_transformer_logistic,Sentence Transformer + Logistic Regression,MHxPC130125776,0,0,0.034905
sentence_transformer_logistic,Sentence Transformer + Logistic Regression,MHxPC130553479,0,0,0.091545
sentence_transformer_logistic,Sentence Transformer + Logistic Regression,MHxPC130525502,0,0,0.512095
sentence_transformer_logistic,Sentence Transformer + Logistic Regression,MHxPC130366074,0,0,0.025739
sentence_transformer_logistic,Sentence Transformer + Logistic Regression,MHxPC130042543,0,0,0.08225
sentence_transformer_logistic,Sentence Transformer + Logistic Regression,MHxPC130206552,0,0,0.028791
sentence_transformer_logistic,Sentence Transformer + Logistic Regression,MHxPC130141294,0,0,0.056035
sentence_transformer_logistic,Sentence Transformer + Logistic Regression,MHxPC130309810,0,0,0.025739
sentence_transformer_logistic,Sentence Transformer + Logistic Regression,MHxPC130375935,1,1,0.826937
sentence_transformer_logistic,Sentence Transformer + Logistic Regression,MHxPC130291020,0,0,0.029335
sentence_transformer_logistic,Sentence Transformer + Logistic Regression,MHxPC130569393,0,0,0.039028
sentence_transformer_logistic,Sentence Transformer + Logistic Regression,MHxPC130473599,0,0,0.129918
sentence_transformer_logistic,Sentence Transformer + Logistic Regression,MHxPC130132044,0,0,0.298039
sentence_transformer_logistic,Sentence Transformer + Logistic Regression,MHxPC130176069,0,0,0.025739
sentence_transformer_logistic,Sentence Transformer + Logistic Regression,MHxPC130461128,0,0,0.414092
sentence_transformer_logistic,Sentence Transformer + Logistic Regression,MHxPC130027636,0,0,0.027883
sentence_transformer_logistic,Sentence Transformer + Logistic Regression,MHxPC130144456,0,1,0.875945
sentence_transformer_logistic,Sentence Transformer + Logistic Regression,MHxPC130249963,0,0,0.051125
sentence_transformer_logistic,Sentence Transformer + Logistic Regression,MHxPC130385630,0,0,0.170198
sentence_transformer_logistic,Sentence Transformer + Logistic Regression,MHxPC130334237,0,0,0.035318
sentence_transformer_logistic,Sentence Transformer + Logistic Regression,MHxPC130321246,0,0,0.164512
sentence_transformer_logistic,Sentence Transformer + Logistic Regression,MHxPC130558049,0,0,0.081817
sentence_transformer_logistic,Sentence Transformer + Logistic Regression,MHxPC130401940,0,0,0.052626
sentence_transformer_logistic,Sentence Transformer + Logistic Regression,MHxPC130153100,0,0,0.123668
sentence_transformer_logistic,Sentence Transformer + Logistic Regression,MHxPC130166768,0,0,0.014761
sentence_transformer_logistic,Sentence Transformer + Logistic Regression,MHxPC130168035,0,0,0.056242
sentence_transformer_logistic,Sentence Transformer + Logistic Regression,MHxPC130521782,0,0,0.373251
sentence_transformer_logistic,Sentence Transformer + Logistic Regression,MHxPC130291498,0,0,0.025739
sentence_transformer_logistic,Sentence Transformer + Logistic Regression,MHxPC130327974,0,0,0.583597
sentence_transformer_logistic,Sentence Transformer + Logistic Regression,MHxPC130053134,0,0,0.549949
sentence_transformer_logistic,Sentence Transformer + Logistic Regression,MHxPC130198608,0,0,0.035318
sentence_transformer_logistic,Sentence Transformer + Logistic Regression,MHxPC130001392,0,0,0.035318
sentence_transformer_logistic,Sentence Transformer + Logistic Regression,MHxPC130029259,0,0,0.19415
sentence_transformer_logistic,Sentence Transformer + Logistic Regression,MHxPC130164626,0,0,0.025739
sentence_transformer_logistic,Sentence Transformer + Logistic Regression,MHxPC130139939,0,0,0.107658
sentence_transformer_logistic,Sentence Transformer + Logistic Regression,MHxPC130516120,0,0,0.051125
sentence_transformer_logistic,Sentence Transformer + Logistic Regression,MHxPC130116884,0,0,0.025739
sentence_transformer_logistic,Sentence Transformer + Logistic Regression,MHxPC130460289,0,0,0.066077
sentence_transformer_logistic,Sentence Transformer + Logistic Regression,MHxPC130491532,0,1,0.798125
sentence_transformer_logistic,Sentence Transformer + Logistic Regression,MHxPC130024756,0,0,0.547492
sentence_transformer_logistic,Sentence Transformer + Logistic Regression,MHxPC130196601,0,0,0.035318
sentence_transformer_logistic,Sentence Transformer + Logistic Regression,MHxPC130305675,0,1,0.912366
sentence_transformer_logistic,Sentence Transformer + Logistic Regression,MHxPC130210736,0,0,0.025739
sentence_transformer_logistic,Sentence Transformer + Logistic Regression,MHxPC130324067,0,0,0.025739
sentence_transformer_logistic,Sentence Transformer + Logistic Regression,MHxPC130513854,0,0,0.025739
sentence_transformer_logistic,Sentence Transformer + Logistic Regression,MHxPC130548834,0,0,0.212405
sentence_transformer_logistic,Sentence Transformer + Logistic Regression,MHxPC130559273,0,0,0.247567
sentence_transformer_logistic,Sentence Transformer + Logistic Regression,MHxPC130099053,0,0,0.185532
sentence_transformer_logistic,Sentence Transformer + Logistic Regression,MHxPC130583472,0,0,0.759939
sentence_transformer_logistic,Sentence Transformer + Logistic Regression,MHxPC130226915,0,0,0.034905
sentence_transformer_logistic,Sentence Transformer + Logistic Regression,MHxPC130063818,0,0,0.028791
sentence_transformer_logistic,Sentence Transformer + Logistic Regression,MHxPC130385158,0,0,0.034905
sentence_transformer_logistic,Sentence Transformer + Logistic Regression,MHxPC130005160,0,0,0.066747
sentence_transformer_logistic,Sentence Transformer + Logistic Regression,MHxPC130540155,0,0,0.580604
sentence_transformer_logistic,Sentence Transformer + Logistic Regression,MHxPC130034087,0,0,0.034905
sentence_transformer_logistic,Sentence Transformer + Logistic Regression,MHxPC130093174,0,0,0.029584
sentence_transformer_logistic,Sentence Transformer + Logistic Regression,MHxPC130583642,0,0,0.04589
sentence_transformer_logistic,Sentence Transformer + Logistic Regression,MHxPC130177800,0,0,0.029584
sentence_transformer_logistic,Sentence Transformer + Logistic Regression,MHxPC130064613,0,0,0.111861
sentence_transformer_logistic,Sentence Transformer + Logistic Regression,MHxPC130513916,0,0,0.029871
sentence_transformer_logistic,Sentence Transformer + Logistic Regression,MHxPC130373989,0,0,0.038593
sentence_transformer_logistic,Sentence Transformer + Logistic Regression,MHxPC130191916,0,0,0.03299
sentence_transformer_logistic,Sentence Transformer + Logistic Regression,MHxPC130321750,0,0,0.025739
sentence_transformer_logistic,Sentence Transformer + Logistic Regression,MHxPC130562840,0,0,0.068169
sentence_transformer_logistic,Sentence Transformer + Logistic Regression,MHxPC130329631,0,0,0.03299
sentence_transformer_logistic,Sentence Transformer + Logistic Regression,MHxPC130501310,0,0,0.061215
sentence_transformer_logistic,Sentence Transformer + Logistic Regression,MHxPC130335813,0,0,0.302585
sentence_transformer_logistic,Sentence Transformer + Logistic Regression,MHxPC130191182,0,0,0.064081
sentence_transformer_logistic,Sentence Transformer + Logistic Regression,MHxPC130072300,0,0,0.025739
sentence_transformer_logistic,Sentence Transformer + Logistic Regression,MHxPC130288609,0,0,0.388502
sentence_transformer_logistic,Sentence Transformer + Logistic Regression,MHxPC130186040,0,0,0.166582
sentence_transformer_logistic,Sentence Transformer + Logistic Regression,MHxPC130096626,0,0,0.419471
sentence_transformer_logistic,Sentence Transformer + Logistic Regression,MHxPC130503928,0,0,0.021157
sentence_transformer_logistic,Sentence Transformer + Logistic Regression,MHxPC130216980,0,0,0.261112
sentence_transformer_logistic,Sentence Transformer + Logistic Regression,MHxPC130271942,0,0,0.065105
sentence_transformer_logistic,Sentence Transformer + Logistic Regression,MHxPC130236155,0,1,0.806979
sentence_transformer_logistic,Sentence Transformer + Logistic Regression,MHxPC130413897,0,1,0.849107
sentence_transformer_logistic,Sentence Transformer + Logistic Regression,MHxPC130534007,0,0,0.068361
sentence_transformer_logistic,Sentence Transformer + Logistic Regression,MHxPC130378343,0,0,0.025739
sentence_transformer_logistic,Sentence Transformer + Logistic Regression,MHxPC130293350,0,0,0.197176
sentence_transformer_logistic,Sentence Transformer + Logistic Regression,MHxPC130373313,0,0,0.532983
sentence_transformer_logistic,Sentence Transformer + Logistic Regression,MHxPC130240053,0,0,0.286109
sentence_transformer_logistic,Sentence Transformer + Logistic Regression,MHxPC130301083,0,0,0.03299
sentence_transformer_logistic,Sentence Transformer + Logistic Regression,MHxPC130339202,0,0,0.065121
sentence_transformer_logistic,Sentence Transformer + Logistic Regression,MHxPC130322384,0,0,0.038593
sentence_transformer_logistic,Sentence Transformer + Logistic Regression,MHxPC130384626,0,1,0.761304
sentence_transformer_logistic,Sentence Transformer + Logistic Regression,MHxPC130139418,0,0,0.6152
sentence_transformer_logistic,Sentence Transformer + Logistic Regression,MHxPC130202747,0,0,0.046953
sentence_transformer_logistic,Sentence Transformer + Logistic Regression,MHxPC130578872,0,0,0.034905
sentence_transformer_logistic,Sentence Transformer + Logistic Regression,MHxPC130051440,0,0,0.682117
sentence_transformer_logistic,Sentence Transformer + Logistic Regression,MHxPC130104033,0,0,0.738749
sentence_transformer_logistic,Sentence Transformer + Logistic Regression,MHxPC130559077,0,0,0.338415
sentence_transformer_logistic,Sentence Transformer + Logistic Regression,MHxPC130418427,0,0,0.105807
sentence_transformer_logistic,Sentence Transformer + Logistic Regression,MHxPC130110341,0,0,0.277772
sentence_transformer_logistic,Sentence Transformer + Logistic Regression,MHxPC130163031,0,0,0.699885
sentence_transformer_logistic,Sentence Transformer + Logistic Regression,MHxPC130418539,0,0,0.412486
sentence_transformer_logistic,Sentence Transformer + Logistic Regression,MHxPC130474912,0,0,0.025739
sentence_transformer_logistic,Sentence Transformer + Logistic Regression,MHxPC130527644,0,0,0.051125
sentence_transformer_logistic,Sentence Transformer + Logistic Regression,MHxPC130057985,0,0,0.03299
sentence_transformer_logistic,Sentence Transformer + Logistic Regression,MHxPC130356499,0,0,0.313872
sentence_transformer_logistic,Sentence Transformer + Logistic Regression,MHxPC130269449,0,0,0.04385
sentence_transformer_logistic,Sentence Transformer + Logistic Regression,MHxPC130165933,0,1,0.781278
sentence_transformer_logistic,Sentence Transformer + Logistic Regression,MHxPC130351503,0,0,0.426368
sentence_transformer_logistic,Sentence Transformer + Logistic Regression,MHxPC130557911,0,0,0.025739
sentence_transformer_logistic,Sentence Transformer + Logistic Regression,MHxPC130067522,0,0,0.027185
sentence_transformer_logistic,Sentence Transformer + Logistic Regression,MHxPC130089627,0,0,0.034905
sentence_transformer_logistic,Sentence Transformer + Logistic Regression,MHxPC130208992,0,0,0.690051
sentence_transformer_logistic,Sentence Transformer + Logistic Regression,MHxPC130206420,1,1,0.925149
sentence_transformer_logistic,Sentence Transformer + Logistic Regression,MHxPC130292611,0,0,0.131549
sentence_transformer_logistic,Sentence Transformer + Logistic Regression,MHxPC130392939,0,0,0.057326
sentence_transformer_logistic,Sentence Transformer + Logistic Regression,MHxPC130035020,0,0,0.013753
sentence_transformer_logistic,Sentence Transformer + Logistic Regression,MHxPC130449961,0,0,0.035318
sentence_transformer_logistic,Sentence Transformer + Logistic Regression,MHxPC130285175,0,0,0.025739
sentence_transformer_logistic,Sentence Transformer + Logistic Regression,MHxPC130214411,0,0,0.15556
sentence_transformer_logistic,Sentence Transformer + Logistic Regression,MHxPC130448615,0,0,0.025739
sentence_transformer_logistic,Sentence Transformer + Logistic Regression,MHxPC130287306,0,0,0.729999
sentence_transformer_logistic,Sentence Transformer + Logistic Regression,MHxPC130080570,0,1,0.962461
sentence_transformer_logistic,Sentence Transformer + Logistic Regression,MHxPC130208498,0,0,0.050596
sentence_transformer_logistic,Sentence Transformer + Logistic Regression,MHxPC130000399,0,0,0.236854
sentence_transformer_logistic,Sentence Transformer + Logistic Regression,MHxPC130478164,0,0,0.445854
sentence_transformer_logistic,Sentence Transformer + Logistic Regression,MHxPC130551619,0,0,0.413805
sentence_transformer_logistic,Sentence Transformer + Logistic Regression,MHxPC130011133,0,0,0.021319
sentence_transformer_logistic,Sentence Transformer + Logistic Regression,MHxPC130555480,0,0,0.028791
sentence_transformer_logistic,Sentence Transformer + Logistic Regression,MHxPC130060825,0,0,0.163855
sentence_transformer_logistic,Sentence Transformer + Logistic Regression,MHxPC130098609,0,0,0.060363
sentence_transformer_logistic,Sentence Transformer + Logistic Regression,MHxPC130524481,0,0,0.03299
sentence_transformer_logistic,Sentence Transformer + Logistic Regression,MHxPC130561945,0,0,0.220488
sentence_transformer_logistic,Sentence Transformer + Logistic Regression,MHxPC130106047,0,0,0.263169
sentence_transformer_logistic,Sentence Transformer + Logistic Regression,MHxPC130043712,0,0,0.028791
sentence_transformer_logistic,Sentence Transformer + Logistic Regression,MHxPC130150732,0,0,0.035318
sentence_transformer_logistic,Sentence Transformer + Logistic Regression,MHxPC130575734,0,0,0.209274
sentence_transformer_logistic,Sentence Transformer + Logistic Regression,MHxPC130475165,0,0,0.097429
sentence_transformer_logistic,Sentence Transformer + Logistic Regression,MHxPC130319798,0,0,0.187608
sentence_transformer_logistic,Sentence Transformer + Logistic Regression,MHxPC130310126,0,0,0.757776
sentence_transformer_logistic,Sentence Transformer + Logistic Regression,MHxPC130441385,0,0,0.065567
sentence_transformer_logistic,Sentence Transformer + Logistic Regression,MHxPC130461767,0,0,0.168252
sentence_transformer_logistic,Sentence Transformer + Logistic Regression,MHxPC130163391,0,0,0.025739
sentence_transformer_logistic,Sentence Transformer + Logistic Regression,MHxPC130059669,0,0,0.039028
sentence_transformer_logistic,Sentence Transformer + Logistic Regression,MHxPC130413238,1,1,0.767263
sentence_transformer_logistic,Sentence Transformer + Logistic Regression,MHxPC130250707,0,0,0.038593
sentence_transformer_logistic,Sentence Transformer + Logistic Regression,MHxPC130048418,0,0,0.014761
sentence_transformer_logistic,Sentence Transformer + Logistic Regression,MHxPC130149431,0,0,0.025739
sentence_transformer_logistic,Sentence Transformer + Logistic Regression,MHxPC130100245,0,0,0.03299
sentence_transformer_logistic,Sentence Transformer + Logistic Regression,MHxPC130587730,0,0,0.11503
sentence_transformer_logistic,Sentence Transformer + Logistic Regression,MHxPC130353504,0,0,0.035318
sentence_transformer_logistic,Sentence Transformer + Logistic Regression,MHxPC130020221,0,0,0.269584
sentence_transformer_logistic,Sentence Transformer + Logistic Regression,MHxPC130353966,0,0,0.018896
sentence_transformer_logistic,Sentence Transformer + Logistic Regression,MHxPC130281050,0,0,0.310468
sentence_transformer_logistic,Sentence Transformer + Logistic Regression,MHxPC130335620,0,0,0.03299
sentence_transformer_logistic,Sentence Transformer + Logistic Regression,MHxPC130047406,0,0,0.043412
sentence_transformer_logistic,Sentence Transformer + Logistic Regression,MHxPC130134585,0,0,0.076435
sentence_transformer_logistic,Sentence Transformer + Logistic Regression,MHxPC130044054,0,0,0.651233
sentence_transformer_logistic,Sentence Transformer + Logistic Regression,MHxPC130035202,0,0,0.290978
sentence_transformer_logistic,Sentence Transformer + Logistic Regression,MHxPC130497028,0,0,0.641763
sentence_transformer_logistic,Sentence Transformer + Logistic Regression,MHxPC130211642,0,0,0.04385
sentence_transformer_logistic,Sentence Transformer + Logistic Regression,MHxPC130347101,0,0,0.730048
sentence_transformer_logistic,Sentence Transformer + Logistic Regression,MHxPC130547452,0,0,0.510098
sentence_transformer_logistic,Sentence Transformer + Logistic Regression,MHxPC130488689,0,0,0.576099
sentence_transformer_logistic,Sentence Transformer + Logistic Regression,MHxPC130497894,0,0,0.570015
sentence_transformer_logistic,Sentence Transformer + Logistic Regression,MHxPC130577459,0,0,0.661922
sentence_transformer_logistic,Sentence Transformer + Logistic Regression,MHxPC130010506,0,0,0.029584
sentence_transformer_logistic,Sentence Transformer + Logistic Regression,MHxPC130381835,0,0,0.038593
sentence_transformer_logistic,Sentence Transformer + Logistic Regression,MHxPC130457731,0,1,0.873639
sentence_transformer_logistic,Sentence Transformer + Logistic Regression,MHxPC130278997,0,0,0.038593
sentence_transformer_logistic,Sentence Transformer + Logistic Regression,MHxPC130502357,0,0,0.71602
sentence_transformer_logistic,Sentence Transformer + Logistic Regression,MHxPC130408457,0,0,0.560021
sentence_transformer_logistic,Sentence Transformer + Logistic Regression,MHxPC130465349,0,0,0.035318
sentence_transformer_logistic,Sentence Transformer + Logistic Regression,MHxPC130536428,0,0,0.325943
sentence_transformer_logistic,Sentence Transformer + Logistic Regression,MHxPC130105423,0,0,0.255556
sentence_transformer_logistic,Sentence Transformer + Logistic Regression,MHxPC130159478,0,0,0.397621
sentence_transformer_logistic,Sentence Transformer + Logistic Regression,MHxPC130123605,1,1,0.910132
sentence_transformer_logistic,Sentence Transformer + Logistic Regression,MHxPC130313977,0,0,0.100767
sentence_transformer_logistic,Sentence Transformer + Logistic Regression,MHxPC130143554,0,0,0.497667
sentence_transformer_logistic,Sentence Transformer + Logistic Regression,MHxPC130178271,0,1,0.778383
sentence_transformer_logistic,Sentence Transformer + Logistic Regression,MHxPC130432985,0,0,0.044181
sentence_transformer_logistic,Sentence Transformer + Logistic Regression,MHxPC130348299,0,0,0.358416
sentence_transformer_logistic,Sentence Transformer + Logistic Regression,MHxPC130582661,0,0,0.407248
sentence_transformer_logistic,Sentence Transformer + Logistic Regression,MHxPC130330683,0,0,0.035318
sentence_transformer_logistic,Sentence Transformer + Logistic Regression,MHxPC130549277,0,0,0.419505
sentence_transformer_logistic,Sentence Transformer + Logistic Regression,MHxPC130414612,0,0,0.39516
sentence_transformer_logistic,Sentence Transformer + Logistic Regression,MHxPC130169212,0,0,0.330692
sentence_transformer_logistic,Sentence Transformer + Logistic Regression,MHxPC130083909,0,0,0.530496
sentence_transformer_logistic,Sentence Transformer + Logistic Regression,MHxPC130238252,0,0,0.423092
sentence_transformer_logistic,Sentence Transformer + Logistic Regression,MHxPC130346423,0,0,0.025739
sentence_transformer_logistic,Sentence Transformer + Logistic Regression,MHxPC130271585,0,0,0.016669
sentence_transformer_logistic,Sentence Transformer + Logistic Regression,MHxPC130026122,0,0,0.025739
sentence_transformer_logistic,Sentence Transformer + Logistic Regression,MHxPC130187522,0,0,0.03299
sentence_transformer_logistic,Sentence Transformer + Logistic Regression,MHxPC130452759,0,0,0.035318
sentence_transformer_logistic,Sentence Transformer + Logistic Regression,MHxPC130015131,0,0,0.553459
sentence_transformer_logistic,Sentence Transformer + Logistic Regression,MHxPC130511992,0,0,0.028791
sentence_transformer_logistic,Sentence Transformer + Logistic Regression,MHxPC130050984,0,0,0.035318
sentence_transformer_logistic,Sentence Transformer + Logistic Regression,MHxPC130371689,0,0,0.307225
sentence_transformer_logistic,Sentence Transformer + Logistic Regression,MHxPC130214573,0,0,0.086814
sentence_transformer_logistic,Sentence Transformer + Logistic Regression,MHxPC130354606,0,0,0.359212
sentence_transformer_logistic,Sentence Transformer + Logistic Regression,MHxPC130114769,0,0,0.025739
sentence_transformer_logistic,Sentence Transformer + Logistic Regression,MHxPC130183339,0,0,0.035318
sentence_transformer_logistic,Sentence Transformer + Logistic Regression,MHxPC130539056,0,0,0.03299
sentence_transformer_logistic,Sentence Transformer + Logistic Regression,MHxPC130076880,0,0,0.035889
sentence_transformer_logistic,Sentence Transformer + Logistic Regression,MHxPC130506756,0,0,0.03299
sentence_transformer_logistic,Sentence Transformer + Logistic Regression,MHxPC130586363,0,0,0.338641
sentence_transformer_logistic,Sentence Transformer + Logistic Regression,MHxPC130237522,0,0,0.594356
sentence_transformer_logistic,Sentence Transformer + Logistic Regression,MHxPC130335862,1,1,0.941208
sentence_transformer_logistic,Sentence Transformer + Logistic Regression,MHxPC130414008,0,0,0.111059
sentence_transformer_logistic,Sentence Transformer + Logistic Regression,MHxPC130024730,0,0,0.05149
sentence_transformer_logistic,Sentence Transformer + Logistic Regression,MHxPC130452486,0,0,0.508473
sentence_transformer_logistic,Sentence Transformer + Logistic Regression,MHxPC130356355,0,0,0.028791
sentence_transformer_logistic,Sentence Transformer + Logistic Regression,MHxPC130582214,0,0,0.035318
sentence_transformer_logistic,Sentence Transformer + Logistic Regression,MHxPC130263064,0,0,0.035318
sentence_transformer_logistic,Sentence Transformer + Logistic Regression,MHxPC130354472,0,0,0.025739
sentence_transformer_logistic,Sentence Transformer + Logistic Regression,MHxPC130012365,0,0,0.452688
sentence_transformer_logistic,Sentence Transformer + Logistic Regression,MHxPC130044589,0,0,0.403639
sentence_transformer_logistic,Sentence Transformer + Logistic Regression,MHxPC130233044,0,0,0.035318
sentence_transformer_logistic,Sentence Transformer + Logistic Regression,MHxPC130497802,0,0,0.064081
sentence_transformer_logistic,Sentence Transformer + Logistic Regression,MHxPC130301035,0,0,0.46043
sentence_transformer_logistic,Sentence Transformer + Logistic Regression,MHxPC130010956,0,0,0.03299
sentence_transformer_logistic,Sentence Transformer + Logistic Regression,MHxPC130573883,0,0,0.025739
sentence_transformer_logistic,Sentence Transformer + Logistic Regression,MHxPC130156976,0,0,0.03299
sentence_transformer_logistic,Sentence Transformer + Logistic Regression,MHxPC130407360,0,0,0.03299
sentence_transformer_logistic,Sentence Transformer + Logistic Regression,MHxPC130183307,0,0,0.038593
sentence_transformer_logistic,Sentence Transformer + Logistic Regression,MHxPC130345985,1,1,0.812794
sentence_transformer_logistic,Sentence Transformer + Logistic Regression,MHxPC130564075,0,0,0.169558
sentence_transformer_logistic,Sentence Transformer + Logistic Regression,MHxPC130574341,0,0,0.252411
sentence_transformer_logistic,Sentence Transformer + Logistic Regression,MHxPC130379239,0,0,0.31237
sentence_transformer_logistic,Sentence Transformer + Logistic Regression,MHxPC130279479,0,0,0.324839
sentence_transformer_logistic,Sentence Transformer + Logistic Regression,MHxPC130541099,0,0,0.022396
sentence_transformer_logistic,Sentence Transformer + Logistic Regression,MHxPC130193281,0,0,0.03299
sentence_transformer_logistic,Sentence Transformer + Logistic Regression,MHxPC130434554,0,0,0.022396
sentence_transformer_logistic,Sentence Transformer + Logistic Regression,MHxPC130067632,0,0,0.190446
sentence_transformer_logistic,Sentence Transformer + Logistic Regression,MHxPC130082544,0,0,0.035318
sentence_transformer_logistic,Sentence Transformer + Logistic Regression,MHxPC130354505,0,0,0.088471
sentence_transformer_logistic,Sentence Transformer + Logistic Regression,MHxPC130154988,0,0,0.102978
sentence_transformer_logistic,Sentence Transformer + Logistic Regression,MHxPC130507797,0,0,0.083185
sentence_transformer_logistic,Sentence Transformer + Logistic Regression,MHxPC130066889,0,1,0.832339
sentence_transformer_logistic,Sentence Transformer + Logistic Regression,MHxPC130110910,0,0,0.087465
sentence_transformer_logistic,Sentence Transformer + Logistic Regression,MHxPC130063722,0,0,0.561249
sentence_transformer_logistic,Sentence Transformer + Logistic Regression,MHxPC130477597,0,0,0.466936
sentence_transformer_logistic,Sentence Transformer + Logistic Regression,MHxPC130531728,0,0,0.041318
sentence_transformer_logistic,Sentence Transformer + Logistic Regression,MHxPC130016500,0,0,0.03299
sentence_transformer_logistic,Sentence Transformer + Logistic Regression,MHxPC130557951,0,0,0.028791
sentence_transformer_logistic,Sentence Transformer + Logistic Regression,MHxPC130523490,0,1,0.849854
sentence_transformer_logistic,Sentence Transformer + Logistic Regression,MHxPC130177084,0,0,0.468143
sentence_transformer_logistic,Sentence Transformer + Logistic Regression,MHxPC130398316,0,0,0.025739
sentence_transformer_logistic,Sentence Transformer + Logistic Regression,MHxPC130352420,0,0,0.523501
sentence_transformer_logistic,Sentence Transformer + Logistic Regression,MHxPC130249564,0,0,0.03299
sentence_transformer_logistic,Sentence Transformer + Logistic Regression,MHxPC130026468,0,0,0.422469
sentence_transformer_logistic,Sentence Transformer + Logistic Regression,MHxPC130252707,0,0,0.083185
sentence_transformer_logistic,Sentence Transformer + Logistic Regression,MHxPC130077349,0,0,0.028791
sentence_transformer_logistic,Sentence Transformer + Logistic Regression,MHxPC130179973,0,0,0.320002
sentence_transformer_logistic,Sentence Transformer + Logistic Regression,MHxPC130539268,0,0,0.08965
sentence_transformer_logistic,Sentence Transformer + Logistic Regression,MHxPC130463753,0,0,0.104013
sentence_transformer_logistic,Sentence Transformer + Logistic Regression,MHxPC130518004,0,0,0.025739
sentence_transformer_logistic,Sentence Transformer + Logistic Regression,MHxPC130260199,0,0,0.251336
sentence_transformer_logistic,Sentence Transformer + Logistic Regression,MHxPC130349769,0,0,0.028791
sentence_transformer_logistic,Sentence Transformer + Logistic Regression,MHxPC130272931,0,0,0.525484
sentence_transformer_logistic,Sentence Transformer + Logistic Regression,MHxPC130447059,0,0,0.056133
sentence_transformer_logistic,Sentence Transformer + Logistic Regression,MHxPC130572441,0,0,0.372776
sentence_transformer_logistic,Sentence Transformer + Logistic Regression,MHxPC130513473,0,0,0.256259
sentence_transformer_logistic,Sentence Transformer + Logistic Regression,MHxPC130187936,0,0,0.051893
sentence_transformer_logistic,Sentence Transformer + Logistic Regression,MHxPC130245215,0,0,0.170732
sentence_transformer_logistic,Sentence Transformer + Logistic Regression,MHxPC130332447,0,0,0.300882
sentence_transformer_logistic,Sentence Transformer + Logistic Regression,MHxPC130207964,0,0,0.025739
sentence_transformer_logistic,Sentence Transformer + Logistic Regression,MHxPC130422128,0,1,0.797047
sentence_transformer_logistic,Sentence Transformer + Logistic Regression,MHxPC130484122,0,0,0.334794
sentence_transformer_logistic,Sentence Transformer + Logistic Regression,MHxPC130406989,0,0,0.035318
sentence_transformer_logistic,Sentence Transformer + Logistic Regression,MHxPC130149291,0,0,0.035318
sentence_transformer_logistic,Sentence Transformer + Logistic Regression,MHxPC130202348,0,0,0.125217
sentence_transformer_logistic,Sentence Transformer + Logistic Regression,MHxPC130307352,0,0,0.14482
sentence_transformer_logistic,Sentence Transformer + Logistic Regression,MHxPC130177925,0,0,0.420377
sentence_transformer_logistic,Sentence Transformer + Logistic Regression,MHxPC130105920,0,0,0.025739
sentence_transformer_logistic,Sentence Transformer + Logistic Regression,MHxPC130183066,0,0,0.062284
sentence_transformer_logistic,Sentence Transformer + Logistic Regression,MHxPC130511517,0,0,0.075432
sentence_transformer_logistic,Sentence Transformer + Logistic Regression,MHxPC130227437,0,0,0.035318
sentence_transformer_logistic,Sentence Transformer + Logistic Regression,MHxPC130292307,0,1,0.907976
sentence_transformer_logistic,Sentence Transformer + Logistic Regression,MHxPC130397978,0,0,0.025739
sentence_transformer_logistic,Sentence Transformer + Logistic Regression,MHxPC130427507,0,0,0.038593
sentence_transformer_logistic,Sentence Transformer + Logistic Regression,MHxPC130107863,0,0,0.129455
sentence_transformer_logistic,Sentence Transformer + Logistic Regression,MHxPC130540693,0,1,0.87958
sentence_transformer_logistic,Sentence Transformer + Logistic Regression,MHxPC130226071,0,0,0.37221
sentence_transformer_logistic,Sentence Transformer + Logistic Regression,MHxPC130291357,0,0,0.034905
sentence_transformer_logistic,Sentence Transformer + Logistic Regression,MHxPC130254818,0,0,0.084236
sentence_transformer_logistic,Sentence Transformer + Logistic Regression,MHxPC130592191,0,0,0.025739
sentence_transformer_logistic,Sentence Transformer + Logistic Regression,MHxPC130207038,0,0,0.620765
sentence_transformer_logistic,Sentence Transformer + Logistic Regression,MHxPC130164298,0,0,0.396778
sentence_transformer_logistic,Sentence Transformer + Logistic Regression,MHxPC130004721,0,0,0.076322
sentence_transformer_logistic,Sentence Transformer + Logistic Regression,MHxPC130157500,0,0,0.130516
sentence_transformer_logistic,Sentence Transformer + Logistic Regression,MHxPC130377258,0,0,0.094179
sentence_transformer_logistic,Sentence Transformer + Logistic Regression,MHxPC130128571,0,0,0.03299
sentence_transformer_logistic,Sentence Transformer + Logistic Regression,MHxPC130173184,0,0,0.448019
sentence_transformer_logistic,Sentence Transformer + Logistic Regression,MHxPC130002605,0,0,0.190323
sentence_transformer_logistic,Sentence Transformer + Logistic Regression,MHxPC130141914,0,0,0.123191
sentence_transformer_logistic,Sentence Transformer + Logistic Regression,MHxPC130348192,0,0,0.03299
sentence_transformer_logistic,Sentence Transformer + Logistic Regression,MHxPC130233947,0,0,0.226167
sentence_transformer_logistic,Sentence Transformer + Logistic Regression,MHxPC130454514,0,0,0.195026
sentence_transformer_logistic,Sentence Transformer + Logistic Regression,MHxPC130551343,0,0,0.025739
sentence_transformer_logistic,Sentence Transformer + Logistic Regression,MHxPC130376895,0,0,0.025739
sentence_transformer_logistic,Sentence Transformer + Logistic Regression,MHxPC130510023,0,0,0.056983
sentence_transformer_logistic,Sentence Transformer + Logistic Regression,MHxPC130013373,0,0,0.559975
sentence_transformer_logistic,Sentence Transformer + Logistic Regression,MHxPC130475551,0,0,0.324839
sentence_transformer_logistic,Sentence Transformer + Logistic Regression,MHxPC130384679,0,0,0.035318
sentence_transformer_logistic,Sentence Transformer + Logistic Regression,MHxPC130532678,0,1,0.797482
sentence_transformer_logistic,Sentence Transformer + Logistic Regression,MHxPC130237365,0,0,0.062112
sentence_transformer_logistic,Sentence Transformer + Logistic Regression,MHxPC130096335,0,0,0.038593
sentence_transformer_logistic,Sentence Transformer + Logistic Regression,MHxPC130556951,0,0,0.022396
sentence_transformer_logistic,Sentence Transformer + Logistic Regression,MHxPC130423208,0,0,0.025739
sentence_transformer_logistic,Sentence Transformer + Logistic Regression,MHxPC130055400,0,0,0.437188
sentence_transformer_logistic,Sentence Transformer + Logistic Regression,MHxPC130119109,0,0,0.34546
sentence_transformer_logistic,Sentence Transformer + Logistic Regression,MHxPC130429472,0,0,0.035318
sentence_transformer_logistic,Sentence Transformer + Logistic Regression,MHxPC130365354,0,0,0.025739
sentence_transformer_logistic,Sentence Transformer + Logistic Regression,MHxPC130075942,0,0,0.027517
sentence_transformer_logistic,Sentence Transformer + Logistic Regression,MHxPC130377232,0,0,0.064081
sentence_transformer_logistic,Sentence Transformer + Logistic Regression,MHxPC130506984,0,0,0.104563
sentence_transformer_logistic,Sentence Transformer + Logistic Regression,MHxPC130470574,0,0,0.061798
sentence_transformer_logistic,Sentence Transformer + Logistic Regression,MHxPC130317773,0,0,0.035318
sentence_transformer_logistic,Sentence Transformer + Logistic Regression,MHxPC130395356,0,0,0.05123
sentence_transformer_logistic,Sentence Transformer + Logistic Regression,MHxPC130057695,0,0,0.447274
sentence_transformer_logistic,Sentence Transformer + Logistic Regression,MHxPC130173351,0,0,0.10329
sentence_transformer_logistic,Sentence Transformer + Logistic Regression,MHxPC130158668,0,0,0.481781
sentence_transformer_logistic,Sentence Transformer + Logistic Regression,MHxPC130007951,0,0,0.025739
sentence_transformer_logistic,Sentence Transformer + Logistic Regression,MHxPC130075036,0,0,0.600517
sentence_transformer_logistic,Sentence Transformer + Logistic Regression,MHxPC130221751,0,1,0.925678
sentence_transformer_logistic,Sentence Transformer + Logistic Regression,MHxPC130032999,0,0,0.028791
sentence_transformer_logistic,Sentence Transformer + Logistic Regression,MHxPC130594312,0,0,0.23814
sentence_transformer_logistic,Sentence Transformer + Logistic Regression,MHxPC130248075,0,0,0.025739
sentence_transformer_logistic,Sentence Transformer + Logistic Regression,MHxPC130368443,0,0,0.025739
sentence_transformer_logistic,Sentence Transformer + Logistic Regression,MHxPC130098868,0,0,0.035318
sentence_transformer_logistic,Sentence Transformer + Logistic Regression,MHxPC130249217,0,1,0.914648
sentence_transformer_logistic,Sentence Transformer + Logistic Regression,MHxPC130223029,0,0,0.299639
sentence_transformer_logistic,Sentence Transformer + Logistic Regression,MHxPC130588966,0,0,0.025739
sentence_transformer_logistic,Sentence Transformer + Logistic Regression,MHxPC130360409,0,0,0.030317
sentence_transformer_logistic,Sentence Transformer + Logistic Regression,MHxPC130012269,0,0,0.085572
sentence_transformer_logistic,Sentence Transformer + Logistic Regression,MHxPC130344206,1,1,0.836019
sentence_transformer_logistic,Sentence Transformer + Logistic Regression,MHxPC130573631,0,0,0.35736
sentence_transformer_logistic,Sentence Transformer + Logistic Regression,MHxPC130136259,0,0,0.064002
sentence_transformer_logistic,Sentence Transformer + Logistic Regression,MHxPC130196922,0,0,0.035318
sentence_transformer_logistic,Sentence Transformer + Logistic Regression,MHxPC130097877,0,0,0.036533
sentence_transformer_logistic,Sentence Transformer + Logistic Regression,MHxPC130393128,0,0,0.326588
sentence_transformer_logistic,Sentence Transformer + Logistic Regression,MHxPC130497416,0,0,0.085566
sentence_transformer_logistic,Sentence Transformer + Logistic Regression,MHxPC130081786,0,0,0.025739
sentence_transformer_logistic,Sentence Transformer + Logistic Regression,MHxPC130533212,0,0,0.029584
sentence_transformer_logistic,Sentence Transformer + Logistic Regression,MHxPC130368165,0,0,0.035318
sentence_transformer_logistic,Sentence Transformer + Logistic Regression,MHxPC130345986,0,0,0.164995
sentence_transformer_logistic,Sentence Transformer + Logistic Regression,MHxPC130514381,0,0,0.014761
sentence_transformer_logistic,Sentence Transformer + Logistic Regression,MHxPC130165483,0,0,0.659317
sentence_transformer_logistic,Sentence Transformer + Logistic Regression,MHxPC130086440,0,0,0.025739
sentence_transformer_logistic,Sentence Transformer + Logistic Regression,MHxPC130054811,0,0,0.025739
sentence_transformer_logistic,Sentence Transformer + Logistic Regression,MHxPC130418179,0,0,0.068361
sentence_transformer_logistic,Sentence Transformer + Logistic Regression,MHxPC130385005,0,0,0.025704
sentence_transformer_logistic,Sentence Transformer + Logistic Regression,MHxPC130204536,0,0,0.429956
sentence_transformer_logistic,Sentence Transformer + Logistic Regression,MHxPC130151940,0,0,0.051125
sentence_transformer_logistic,Sentence Transformer + Logistic Regression,MHxPC130468946,0,0,0.056486
sentence_transformer_logistic,Sentence Transformer + Logistic Regression,MHxPC130345551,0,0,0.092618
sentence_transformer_logistic,Sentence Transformer + Logistic Regression,MHxPC130095940,0,0,0.066067
sentence_transformer_logistic,Sentence Transformer + Logistic Regression,MHxPC130515923,0,0,0.025739
sentence_transformer_logistic,Sentence Transformer + Logistic Regression,MHxPC130458245,0,0,0.035318
sentence_transformer_logistic,Sentence Transformer + Logistic Regression,MHxPC130429139,0,0,0.082112
sentence_transformer_logistic,Sentence Transformer + Logistic Regression,MHxPC130391671,0,0,0.065195
sentence_transformer_logistic,Sentence Transformer + Logistic Regression,MHxPC130369621,0,0,0.580232
sentence_transformer_logistic,Sentence Transformer + Logistic Regression,MHxPC130106806,0,0,0.517396
sentence_transformer_logistic,Sentence Transformer + Logistic Regression,MHxPC130186500,0,0,0.025739
sentence_transformer_logistic,Sentence Transformer + Logistic Regression,MHxPC130233766,0,0,0.025739
sentence_transformer_logistic,Sentence Transformer + Logistic Regression,MHxPC130594548,0,0,0.133674
sentence_transformer_logistic,Sentence Transformer + Logistic Regression,MHxPC130548744,0,0,0.03299
sentence_transformer_logistic,Sentence Transformer + Logistic Regression,MHxPC130492056,0,0,0.171451
sentence_transformer_logistic,Sentence Transformer + Logistic Regression,MHxPC130467902,0,0,0.03887
sentence_transformer_logistic,Sentence Transformer + Logistic Regression,MHxPC130384719,0,0,0.025739
sentence_transformer_logistic,Sentence Transformer + Logistic Regression,MHxPC130298283,0,0,0.022396
sentence_transformer_logistic,Sentence Transformer + Logistic Regression,MHxPC130557065,0,0,0.337735
sentence_transformer_logistic,Sentence Transformer + Logistic Regression,MHxPC130242042,0,0,0.035318
sentence_transformer_logistic,Sentence Transformer + Logistic Regression,MHxPC130538895,0,0,0.05149
sentence_transformer_logistic,Sentence Transformer + Logistic Regression,MHxPC130589652,0,0,0.035318
sentence_transformer_logistic,Sentence Transformer + Logistic Regression,MHxPC130400792,0,0,0.40678
sentence_transformer_logistic,Sentence Transformer + Logistic Regression,MHxPC130467282,0,0,0.450561
sentence_transformer_logistic,Sentence Transformer + Logistic Regression,MHxPC130251346,0,0,0.104563
sentence_transformer_logistic,Sentence Transformer + Logistic Regression,MHxPC130325266,0,0,0.076435
sentence_transformer_logistic,Sentence Transformer + Logistic Regression,MHxPC130244076,0,0,0.025739
sentence_transformer_logistic,Sentence Transformer + Logistic Regression,MHxPC130193163,0,0,0.035318
sentence_transformer_logistic,Sentence Transformer + Logistic Regression,MHxPC130550143,0,0,0.048749
sentence_transformer_logistic,Sentence Transformer + Logistic Regression,MHxPC130110142,0,0,0.23442
sentence_transformer_logistic,Sentence Transformer + Logistic Regression,MHxPC130098219,0,0,0.278132
sentence_transformer_logistic,Sentence Transformer + Logistic Regression,MHxPC130562073,0,0,0.083185
sentence_transformer_logistic,Sentence Transformer + Logistic Regression,MHxPC130437223,0,0,0.080535
sentence_transformer_logistic,Sentence Transformer + Logistic Regression,MHxPC130240707,0,1,0.834058
sentence_transformer_logistic,Sentence Transformer + Logistic Regression,MHxPC130335809,0,0,0.079406
sentence_transformer_logistic,Sentence Transformer + Logistic Regression,MHxPC130491047,0,0,0.029871
sentence_transformer_logistic,Sentence Transformer + Logistic Regression,MHxPC130296900,0,0,0.608042
sentence_transformer_logistic,Sentence Transformer + Logistic Regression,MHxPC130353739,0,0,0.148931
sentence_transformer_logistic,Sentence Transformer + Logistic Regression,MHxPC130294681,0,0,0.211103
sentence_transformer_logistic,Sentence Transformer + Logistic Regression,MHxPC130216908,0,0,0.61218
sentence_transformer_logistic,Sentence Transformer + Logistic Regression,MHxPC130215484,0,0,0.469273
sentence_transformer_logistic,Sentence Transformer + Logistic Regression,MHxPC130447471,0,0,0.544277
sentence_transformer_logistic,Sentence Transformer + Logistic Regression,MHxPC130371980,0,0,0.179192
sentence_transformer_logistic,Sentence Transformer + Logistic Regression,MHxPC130332153,0,0,0.554079
sentence_transformer_logistic,Sentence Transformer + Logistic Regression,MHxPC130056349,0,0,0.027185
sentence_transformer_logistic,Sentence Transformer + Logistic Regression,MHxPC130576079,0,0,0.44773
sentence_transformer_logistic,Sentence Transformer + Logistic Regression,MHxPC130161299,0,0,0.069665
sentence_transformer_logistic,Sentence Transformer + Logistic Regression,MHxPC130206283,0,0,0.067819
sentence_transformer_logistic,Sentence Transformer + Logistic Regression,MHxPC130559350,0,0,0.03299
sentence_transformer_logistic,Sentence Transformer + Logistic Regression,MHxPC130282701,0,0,0.634243
sentence_transformer_logistic,Sentence Transformer + Logistic Regression,MHxPC130544483,0,0,0.118546
sentence_transformer_logistic,Sentence Transformer + Logistic Regression,MHxPC130361016,0,0,0.301689
sentence_transformer_logistic,Sentence Transformer + Logistic Regression,MHxPC130379143,0,0,0.059088
sentence_transformer_logistic,Sentence Transformer + Logistic Regression,MHxPC130326223,0,0,0.29997
sentence_transformer_logistic,Sentence Transformer + Logistic Regression,MHxPC130273675,0,0,0.035318
sentence_transformer_logistic,Sentence Transformer + Logistic Regression,MHxPC130440698,0,0,0.560481
sentence_transformer_logistic,Sentence Transformer + Logistic Regression,MHxPC130175062,0,1,0.883828
sentence_transformer_logistic,Sentence Transformer + Logistic Regression,MHxPC130164470,0,0,0.572808
sentence_transformer_logistic,Sentence Transformer + Logistic Regression,MHxPC130176471,0,0,0.495417
sentence_transformer_logistic,Sentence Transformer + Logistic Regression,MHxPC130197020,0,0,0.356735
sentence_transformer_logistic,Sentence Transformer + Logistic Regression,MHxPC130230177,0,0,0.291982
sentence_transformer_logistic,Sentence Transformer + Logistic Regression,MHxPC130504461,0,0,0.161182
sentence_transformer_logistic,Sentence Transformer + Logistic Regression,MHxPC130204399,0,0,0.022396
sentence_transformer_logistic,Sentence Transformer + Logistic Regression,MHxPC130404152,0,0,0.028791
sentence_transformer_logistic,Sentence Transformer + Logistic Regression,MHxPC130297579,0,0,0.03299
sentence_transformer_logistic,Sentence Transformer + Logistic Regression,MHxPC130353004,0,0,0.396746
sentence_transformer_logistic,Sentence Transformer + Logistic Regression,MHxPC130397485,1,1,0.876691
sentence_transformer_logistic,Sentence Transformer + Logistic Regression,MHxPC130411885,0,0,0.025739
sentence_transformer_logistic,Sentence Transformer + Logistic Regression,MHxPC130145216,0,0,0.659401
sentence_transformer_logistic,Sentence Transformer + Logistic Regression,MHxPC130257038,0,0,0.272499
sentence_transformer_logistic,Sentence Transformer + Logistic Regression,MHxPC130266134,0,0,0.03299
sentence_transformer_logistic,Sentence Transformer + Logistic Regression,MHxPC130118969,1,1,0.844619
sentence_transformer_logistic,Sentence Transformer + Logistic Regression,MHxPC130055336,0,0,0.114518
sentence_transformer_logistic,Sentence Transformer + Logistic Regression,MHxPC130386720,0,0,0.512703
sentence_transformer_logistic,Sentence Transformer + Logistic Regression,MHxPC130396377,0,0,0.035318
sentence_transformer_logistic,Sentence Transformer + Logistic Regression,MHxPC130095011,0,0,0.025739
sentence_transformer_logistic,Sentence Transformer + Logistic Regression,MHxPC130201714,0,0,0.194621
sentence_transformer_logistic,Sentence Transformer + Logistic Regression,MHxPC130421562,0,0,0.242075
sentence_transformer_logistic,Sentence Transformer + Logistic Regression,MHxPC130001534,1,1,0.81832
sentence_transformer_logistic,Sentence Transformer + Logistic Regression,MHxPC130392605,0,0,0.028791
sentence_transformer_logistic,Sentence Transformer + Logistic Regression,MHxPC130491483,0,0,0.035318
sentence_transformer_logistic,Sentence Transformer + Logistic Regression,MHxPC130213111,0,0,0.375413
sentence_transformer_logistic,Sentence Transformer + Logistic Regression,MHxPC130514623,0,0,0.056133
sentence_transformer_logistic,Sentence Transformer + Logistic Regression,MHxPC130582937,0,0,0.059088
sentence_transformer_logistic,Sentence Transformer + Logistic Regression,MHxPC130139360,0,0,0.025739
sentence_transformer_logistic,Sentence Transformer + Logistic Regression,MHxPC130314623,0,0,0.037337
sentence_transformer_logistic,Sentence Transformer + Logistic Regression,MHxPC130285595,0,0,0.039028
sentence_transformer_logistic,Sentence Transformer + Logistic Regression,MHxPC130225748,0,0,0.385049
sentence_transformer_logistic,Sentence Transformer + Logistic Regression,MHxPC130224263,0,0,0.03299
sentence_transformer_logistic,Sentence Transformer + Logistic Regression,MHxPC130597402,0,0,0.140119
sentence_transformer_logistic,Sentence Transformer + Logistic Regression,MHxPC130265300,0,0,0.062969
sentence_transformer_logistic,Sentence Transformer + Logistic Regression,MHxPC130307447,0,0,0.025739
sentence_transformer_logistic,Sentence Transformer + Logistic Regression,MHxPC130357352,0,0,0.067486
sentence_transformer_logistic,Sentence Transformer + Logistic Regression,MHxPC130313738,0,0,0.134457
sentence_transformer_logistic,Sentence Transformer + Logistic Regression,MHxPC130259711,0,0,0.03299
sentence_transformer_logistic,Sentence Transformer + Logistic Regression,MHxPC130003152,0,0,0.035318
sentence_transformer_logistic,Sentence Transformer + Logistic Regression,MHxPC130374067,0,0,0.14727
sentence_transformer_logistic,Sentence Transformer + Logistic Regression,MHxPC130500620,0,0,0.085566
sentence_transformer_logistic,Sentence Transformer + Logistic Regression,MHxPC130319970,0,0,0.035318
sentence_transformer_logistic,Sentence Transformer + Logistic Regression,MHxPC130347972,0,0,0.313459
sentence_transformer_logistic,Sentence Transformer + Logistic Regression,MHxPC130480136,0,0,0.025739
sentence_transformer_logistic,Sentence Transformer + Logistic Regression,MHxPC130292127,0,0,0.462712
sentence_transformer_logistic,Sentence Transformer + Logistic Regression,MHxPC130422731,0,0,0.03299
sentence_transformer_logistic,Sentence Transformer + Logistic Regression,MHxPC130125644,0,0,0.216368
sentence_transformer_logistic,Sentence Transformer + Logistic Regression,MHxPC130351019,0,0,0.341753
sentence_transformer_logistic,Sentence Transformer + Logistic Regression,MHxPC130154419,0,0,0.463108
sentence_transformer_logistic,Sentence Transformer + Logistic Regression,MHxPC130272577,0,0,0.452432
sentence_transformer_logistic,Sentence Transformer + Logistic Regression,MHxPC130265114,0,1,0.931944
sentence_transformer_logistic,Sentence Transformer + Logistic Regression,MHxPC130590348,0,0,0.035318
sentence_transformer_logistic,Sentence Transformer + Logistic Regression,MHxPC130462445,0,0,0.105527
sentence_transformer_logistic,Sentence Transformer + Logistic Regression,MHxPC130281635,0,0,0.028791
sentence_transformer_logistic,Sentence Transformer + Logistic Regression,MHxPC130361552,0,0,0.557433
sentence_transformer_logistic,Sentence Transformer + Logistic Regression,MHxPC130100884,0,0,0.161122
sentence_transformer_logistic,Sentence Transformer + Logistic Regression,MHxPC130561201,0,0,0.059088
sentence_transformer_logistic,Sentence Transformer + Logistic Regression,MHxPC130444862,0,0,0.433895
sentence_transformer_logistic,Sentence Transformer + Logistic Regression,MHxPC130272298,0,0,0.184577
sentence_transformer_logistic,Sentence Transformer + Logistic Regression,MHxPC130392583,0,0,0.082489
sentence_transformer_logistic,Sentence Transformer + Logistic Regression,MHxPC130164961,0,0,0.08965
sentence_transformer_logistic,Sentence Transformer + Logistic Regression,MHxPC130093238,0,0,0.075738
sentence_transformer_logistic,Sentence Transformer + Logistic Regression,MHxPC130565538,0,0,0.227282
sentence_transformer_logistic,Sentence Transformer + Logistic Regression,MHxPC130074406,0,1,0.82105
sentence_transformer_logistic,Sentence Transformer + Logistic Regression,MHxPC130166670,0,0,0.086395
sentence_transformer_logistic,Sentence Transformer + Logistic Regression,MHxPC130287785,0,0,0.293113
sentence_transformer_logistic,Sentence Transformer + Logistic Regression,MHxPC130347821,0,0,0.522382
sentence_transformer_logistic,Sentence Transformer + Logistic Regression,MHxPC130548759,0,0,0.457236
sentence_transformer_logistic,Sentence Transformer + Logistic Regression,MHxPC130437235,0,0,0.142422
sentence_transformer_logistic,Sentence Transformer + Logistic Regression,MHxPC130470000,0,0,0.03196
sentence_transformer_logistic,Sentence Transformer + Logistic Regression,MHxPC130123324,0,0,0.112931
sentence_transformer_logistic,Sentence Transformer + Logistic Regression,MHxPC130096269,0,0,0.069399
sentence_transformer_logistic,Sentence Transformer + Logistic Regression,MHxPC130373110,0,0,0.033611
sentence_transformer_logistic,Sentence Transformer + Logistic Regression,MHxPC130064916,0,0,0.025739
sentence_transformer_logistic,Sentence Transformer + Logistic Regression,MHxPC130349839,0,0,0.519694
sentence_transformer_logistic,Sentence Transformer + Logistic Regression,MHxPC130089747,0,0,0.035318
sentence_transformer_logistic,Sentence Transformer + Logistic Regression,MHxPC130104015,0,0,0.036595
sentence_transformer_logistic,Sentence Transformer + Logistic Regression,MHxPC130145492,0,0,0.556957
sentence_transformer_logistic,Sentence Transformer + Logistic Regression,MHxPC130513283,0,0,0.014761
sentence_transformer_logistic,Sentence Transformer + Logistic Regression,MHxPC130257111,0,0,0.52049
sentence_transformer_logistic,Sentence Transformer + Logistic Regression,MHxPC130453466,0,0,0.035318
sentence_transformer_logistic,Sentence Transformer + Logistic Regression,MHxPC130468539,0,0,0.113572
sentence_transformer_logistic,Sentence Transformer + Logistic Regression,MHxPC130053503,0,0,0.073096
sentence_transformer_logistic,Sentence Transformer + Logistic Regression,MHxPC130350429,0,0,0.025739
sentence_transformer_logistic,Sentence Transformer + Logistic Regression,MHxPC130585551,0,0,0.035318
sentence_transformer_logistic,Sentence Transformer + Logistic Regression,MHxPC130433008,0,0,0.018864
sentence_transformer_logistic,Sentence Transformer + Logistic Regression,MHxPC130346228,0,0,0.108142
sentence_transformer_logistic,Sentence Transformer + Logistic Regression,MHxPC130591403,0,0,0.03299
sentence_transformer_logistic,Sentence Transformer + Logistic Regression,MHxPC130130195,0,0,0.323703
sentence_transformer_logistic,Sentence Transformer + Logistic Regression,MHxPC130141176,0,0,0.199295
sentence_transformer_logistic,Sentence Transformer + Logistic Regression,MHxPC130012450,0,0,0.072503
sentence_transformer_logistic,Sentence Transformer + Logistic Regression,MHxPC130117496,0,0,0.029084
sentence_transformer_logistic,Sentence Transformer + Logistic Regression,MHxPC130130142,0,0,0.025739
sentence_transformer_logistic,Sentence Transformer + Logistic Regression,MHxPC130412631,0,0,0.383168
sentence_transformer_logistic,Sentence Transformer + Logistic Regression,MHxPC130102662,0,0,0.104063
sentence_transformer_logistic,Sentence Transformer + Logistic Regression,MHxPC130195861,0,0,0.042821
sentence_transformer_logistic,Sentence Transformer + Logistic Regression,MHxPC130008862,0,0,0.050596
sentence_transformer_logistic,Sentence Transformer + Logistic Regression,MHxPC130420166,0,1,0.804283
sentence_transformer_logistic,Sentence Transformer + Logistic Regression,MHxPC130272637,0,0,0.028791
sentence_transformer_logistic,Sentence Transformer + Logistic Regression,MHxPC130556843,1,1,0.777432
sentence_transformer_logistic,Sentence Transformer + Logistic Regression,MHxPC130287750,0,0,0.028791
sentence_transformer_logistic,Sentence Transformer + Logistic Regression,MHxPC130272387,0,0,0.183531
sentence_transformer_logistic,Sentence Transformer + Logistic Regression,MHxPC130066109,0,0,0.404953
sentence_transformer_logistic,Sentence Transformer + Logistic Regression,MHxPC130302275,0,0,0.025739
sentence_transformer_logistic,Sentence Transformer + Logistic Regression,MHxPC130331284,0,0,0.03196
sentence_transformer_logistic,Sentence Transformer + Logistic Regression,MHxPC130352098,1,0,0.750197
sentence_transformer_logistic,Sentence Transformer + Logistic Regression,MHxPC130352883,0,0,0.027883
sentence_transformer_logistic,Sentence Transformer + Logistic Regression,MHxPC130412407,0,0,0.027185
sentence_transformer_logistic,Sentence Transformer + Logistic Regression,MHxPC130260815,0,0,0.022396
sentence_transformer_logistic,Sentence Transformer + Logistic Regression,MHxPC130375536,0,0,0.038169
sentence_transformer_logistic,Sentence Transformer + Logistic Regression,MHxPC130022871,0,0,0.025739
sentence_transformer_logistic,Sentence Transformer + Logistic Regression,MHxPC130321761,0,0,0.356221
sentence_transformer_logistic,Sentence Transformer + Logistic Regression,MHxPC130094683,0,0,0.034905
sentence_transformer_logistic,Sentence Transformer + Logistic Regression,MHxPC130052666,0,0,0.049358
sentence_transformer_logistic,Sentence Transformer + Logistic Regression,MHxPC130057116,0,0,0.031604
sentence_transformer_logistic,Sentence Transformer + Logistic Regression,MHxPC130376186,0,0,0.250806
sentence_transformer_logistic,Sentence Transformer + Logistic Regression,MHxPC130067755,0,0,0.035318
sentence_transformer_logistic,Sentence Transformer + Logistic Regression,MHxPC130191456,0,0,0.110804
sentence_transformer_logistic,Sentence Transformer + Logistic Regression,MHxPC130059236,0,0,0.035318
sentence_transformer_logistic,Sentence Transformer + Logistic Regression,MHxPC130377510,0,0,0.033611
sentence_transformer_logistic,Sentence Transformer + Logistic Regression,MHxPC130290177,0,0,0.025739
sentence_transformer_logistic,Sentence Transformer + Logistic Regression,MHxPC130358978,0,1,0.83969
sentence_transformer_logistic,Sentence Transformer + Logistic Regression,MHxPC130235643,0,0,0.076435
sentence_transformer_logistic,Sentence Transformer + Logistic Regression,MHxPC130525996,0,0,0.025739
sentence_transformer_logistic,Sentence Transformer + Logistic Regression,MHxPC130485477,0,0,0.095342
sentence_transformer_logistic,Sentence Transformer + Logistic Regression,MHxPC130565686,0,0,0.110701
sentence_transformer_logistic,Sentence Transformer + Logistic Regression,MHxPC130003940,0,0,0.03299
sentence_transformer_logistic,Sentence Transformer + Logistic Regression,MHxPC130260842,0,0,0.025739
sentence_transformer_logistic,Sentence Transformer + Logistic Regression,MHxPC130306308,0,0,0.502055
sentence_transformer_logistic,Sentence Transformer + Logistic Regression,MHxPC130092700,0,0,0.059113
sentence_transformer_logistic,Sentence Transformer + Logistic Regression,MHxPC130186896,0,0,0.019976
sentence_transformer_logistic,Sentence Transformer + Logistic Regression,MHxPC130486836,0,0,0.03299
sentence_transformer_logistic,Sentence Transformer + Logistic Regression,MHxPC130493849,0,0,0.035889
sentence_transformer_logistic,Sentence Transformer + Logistic Regression,MHxPC130336234,0,0,0.025739
sentence_transformer_logistic,Sentence Transformer + Logistic Regression,MHxPC130262306,0,0,0.025739
sentence_transformer_logistic,Sentence Transformer + Logistic Regression,MHxPC130468803,0,0,0.028791
sentence_transformer_logistic,Sentence Transformer + Logistic Regression,MHxPC130276560,0,0,0.034905
sentence_transformer_logistic,Sentence Transformer + Logistic Regression,MHxPC130114586,0,1,0.843904
sentence_transformer_logistic,Sentence Transformer + Logistic Regression,MHxPC130163655,0,0,0.035318
sentence_transformer_logistic,Sentence Transformer + Logistic Regression,MHxPC130195975,0,0,0.025739
sentence_transformer_logistic,Sentence Transformer + Logistic Regression,MHxPC130011230,0,0,0.217868
sentence_transformer_logistic,Sentence Transformer + Logistic Regression,MHxPC130495850,0,0,0.203137
sentence_transformer_logistic,Sentence Transformer + Logistic Regression,MHxPC130262761,0,0,0.121849
sentence_transformer_logistic,Sentence Transformer + Logistic Regression,MHxPC130413451,0,0,0.439494
sentence_transformer_logistic,Sentence Transformer + Logistic Regression,MHxPC130264450,0,0,0.076338
sentence_transformer_logistic,Sentence Transformer + Logistic Regression,MHxPC130311654,0,0,0.217156
sentence_transformer_logistic,Sentence Transformer + Logistic Regression,MHxPC130441179,0,0,0.185154
sentence_transformer_logistic,Sentence Transformer + Logistic Regression,MHxPC130361806,0,0,0.086937
sentence_transformer_logistic,Sentence Transformer + Logistic Regression,MHxPC130324221,0,0,0.025739
sentence_transformer_logistic,Sentence Transformer + Logistic Regression,MHxPC130438178,0,0,0.447469
sentence_transformer_logistic,Sentence Transformer + Logistic Regression,MHxPC130268609,0,0,0.028791
sentence_transformer_logistic,Sentence Transformer + Logistic Regression,MHxPC130215049,0,0,0.035318
sentence_transformer_logistic,Sentence Transformer + Logistic Regression,MHxPC130434489,0,0,0.588948
sentence_transformer_logistic,Sentence Transformer + Logistic Regression,MHxPC130052558,0,0,0.049358
sentence_transformer_logistic,Sentence Transformer + Logistic Regression,MHxPC130029443,0,0,0.525701
sentence_transformer_logistic,Sentence Transformer + Logistic Regression,MHxPC130401865,0,1,0.774697
sentence_transformer_logistic,Sentence Transformer + Logistic Regression,MHxPC130438051,0,0,0.20242
sentence_transformer_logistic,Sentence Transformer + Logistic Regression,MHxPC130317727,0,0,0.300838
sentence_transformer_logistic,Sentence Transformer + Logistic Regression,MHxPC130209993,0,0,0.029584
sentence_transformer_logistic,Sentence Transformer + Logistic Regression,MHxPC130574982,0,1,0.867343
sentence_transformer_logistic,Sentence Transformer + Logistic Regression,MHxPC130166137,0,0,0.24798
sentence_transformer_logistic,Sentence Transformer + Logistic Regression,MHxPC130540802,0,0,0.029584
sentence_transformer_logistic,Sentence Transformer + Logistic Regression,MHxPC130368840,0,0,0.461965
sentence_transformer_logistic,Sentence Transformer + Logistic Regression,MHxPC130314443,1,1,0.93354
sentence_transformer_logistic,Sentence Transformer + Logistic Regression,MHxPC130278785,0,0,0.087807
sentence_transformer_logistic,Sentence Transformer + Logistic Regression,MHxPC130070487,1,1,0.912008
sentence_transformer_logistic,Sentence Transformer + Logistic Regression,MHxPC130532304,1,1,0.91884
sentence_transformer_logistic,Sentence Transformer + Logistic Regression,MHxPC130090727,0,0,0.035318
sentence_transformer_logistic,Sentence Transformer + Logistic Regression,MHxPC130030273,0,0,0.034969
sentence_transformer_logistic,Sentence Transformer + Logistic Regression,MHxPC130367523,0,0,0.332325
sentence_transformer_logistic,Sentence Transformer + Logistic Regression,MHxPC130581729,0,0,0.401106
sentence_transformer_logistic,Sentence Transformer + Logistic Regression,MHxPC130563411,0,0,0.293028
sentence_transformer_logistic,Sentence Transformer + Logistic Regression,MHxPC130283838,0,0,0.498261
sentence_transformer_logistic,Sentence Transformer + Logistic Regression,MHxPC130452444,0,0,0.025739
sentence_transformer_logistic,Sentence Transformer + Logistic Regression,MHxPC130552575,0,1,0.910638
sentence_transformer_logistic,Sentence Transformer + Logistic Regression,MHxPC130038715,0,0,0.269366
sentence_transformer_logistic,Sentence Transformer + Logistic Regression,MHxPC130469684,0,0,0.034905
sentence_transformer_logistic,Sentence Transformer + Logistic Regression,MHxPC130575856,0,0,0.669436
sentence_transformer_logistic,Sentence Transformer + Logistic Regression,MHxPC130589448,0,0,0.025739
sentence_transformer_logistic,Sentence Transformer + Logistic Regression,MHxPC130460185,0,0,0.478528
sentence_transformer_logistic,Sentence Transformer + Logistic Regression,MHxPC130560150,0,0,0.028791
sentence_transformer_logistic,Sentence Transformer + Logistic Regression,MHxPC130540400,0,0,0.028791
sentence_transformer_logistic,Sentence Transformer + Logistic Regression,MHxPC130446384,0,0,0.035318
sentence_transformer_logistic,Sentence Transformer + Logistic Regression,MHxPC130086849,0,0,0.025739
sentence_transformer_logistic,Sentence Transformer + Logistic Regression,MHxPC130147548,0,0,0.022396
sentence_transformer_logistic,Sentence Transformer + Logistic Regression,MHxPC130226478,0,0,0.03299
sentence_transformer_logistic,Sentence Transformer + Logistic Regression,MHxPC130592915,0,0,0.543214
sentence_transformer_logistic,Sentence Transformer + Logistic Regression,MHxPC130243659,0,0,0.328129
sentence_transformer_logistic,Sentence Transformer + Logistic Regression,MHxPC130550819,0,0,0.025739
sentence_transformer_logistic,Sentence Transformer + Logistic Regression,MHxPC130334061,0,0,0.021157
sentence_transformer_logistic,Sentence Transformer + Logistic Regression,MHxPC130353279,0,0,0.102978
sentence_transformer_logistic,Sentence Transformer + Logistic Regression,MHxPC130439634,0,0,0.201554
sentence_transformer_logistic,Sentence Transformer + Logistic Regression,MHxPC130141190,0,0,0.041894
sentence_transformer_logistic,Sentence Transformer + Logistic Regression,MHxPC130404736,0,0,0.093109
sentence_transformer_logistic,Sentence Transformer + Logistic Regression,MHxPC130564793,1,1,0.976612
sentence_transformer_logistic,Sentence Transformer + Logistic Regression,MHxPC130532047,0,0,0.028791
sentence_transformer_logistic,Sentence Transformer + Logistic Regression,MHxPC130046154,0,0,0.526567
sentence_transformer_logistic,Sentence Transformer + Logistic Regression,MHxPC130193549,0,0,0.034905
sentence_transformer_logistic,Sentence Transformer + Logistic Regression,MHxPC130020641,0,0,0.025739
sentence_transformer_logistic,Sentence Transformer + Logistic Regression,MHxPC130373445,0,0,0.034905
sentence_transformer_logistic,Sentence Transformer + Logistic Regression,MHxPC130561815,0,0,0.306005
sentence_transformer_logistic,Sentence Transformer + Logistic Regression,MHxPC130282865,0,0,0.085012
sentence_transformer_logistic,Sentence Transformer + Logistic Regression,MHxPC130198070,0,0,0.560496
sentence_transformer_logistic,Sentence Transformer + Logistic Regression,MHxPC130076251,0,0,0.074328
sentence_transformer_logistic,Sentence Transformer + Logistic Regression,MHxPC130330262,0,0,0.298685
sentence_transformer_logistic,Sentence Transformer + Logistic Regression,MHxPC130587554,0,1,0.824832
sentence_transformer_logistic,Sentence Transformer + Logistic Regression,MHxPC130374132,0,0,0.136807
sentence_transformer_logistic,Sentence Transformer + Logistic Regression,MHxPC130363806,0,0,0.621712
sentence_transformer_logistic,Sentence Transformer + Logistic Regression,MHxPC130134548,0,0,0.071501
sentence_transformer_logistic,Sentence Transformer + Logistic Regression,MHxPC130423682,0,0,0.025739
sentence_transformer_logistic,Sentence Transformer + Logistic Regression,MHxPC130416415,0,0,0.028791
sentence_transformer_logistic,Sentence Transformer + Logistic Regression,MHxPC130367914,0,0,0.231146
sentence_transformer_logistic,Sentence Transformer + Logistic Regression,MHxPC130435525,0,0,0.025739
sentence_transformer_logistic,Sentence Transformer + Logistic Regression,MHxPC130385887,0,0,0.038593
sentence_transformer_logistic,Sentence Transformer + Logistic Regression,MHxPC130543988,0,0,0.025739
sentence_transformer_logistic,Sentence Transformer + Logistic Regression,MHxPC130317530,0,0,0.528801
sentence_transformer_logistic,Sentence Transformer + Logistic Regression,MHxPC130449720,0,0,0.082281
sentence_transformer_logistic,Sentence Transformer + Logistic Regression,MHxPC130014411,0,1,0.765057
sentence_transformer_logistic,Sentence Transformer + Logistic Regression,MHxPC130071824,0,0,0.629384
sentence_transformer_logistic,Sentence Transformer + Logistic Regression,MHxPC130090681,0,0,0.029584
sentence_transformer_logistic,Sentence Transformer + Logistic Regression,MHxPC130507437,0,0,0.027883
sentence_transformer_logistic,Sentence Transformer + Logistic Regression,MHxPC130026440,0,0,0.059088
sentence_transformer_logistic,Sentence Transformer + Logistic Regression,MHxPC130083472,0,0,0.03299
sentence_transformer_logistic,Sentence Transformer + Logistic Regression,MHxPC130519923,0,0,0.113001
sentence_transformer_logistic,Sentence Transformer + Logistic Regression,MHxPC130127439,0,0,0.053288
sentence_transformer_logistic,Sentence Transformer + Logistic Regression,MHxPC130358938,0,0,0.660242
sentence_transformer_logistic,Sentence Transformer + Logistic Regression,MHxPC130393029,0,0,0.025739
sentence_transformer_logistic,Sentence Transformer + Logistic Regression,MHxPC130227666,0,0,0.022196
sentence_transformer_logistic,Sentence Transformer + Logistic Regression,MHxPC130060588,0,0,0.230418
sentence_transformer_logistic,Sentence Transformer + Logistic Regression,MHxPC130134019,0,0,0.028791
sentence_transformer_logistic,Sentence Transformer + Logistic Regression,MHxPC130461364,0,0,0.025739
sentence_transformer_logistic,Sentence Transformer + Logistic Regression,MHxPC130251248,0,0,0.309803
sentence_transformer_logistic,Sentence Transformer + Logistic Regression,MHxPC130028347,0,0,0.088905
sentence_transformer_logistic,Sentence Transformer + Logistic Regression,MHxPC130230866,0,0,0.034905
sentence_transformer_logistic,Sentence Transformer + Logistic Regression,MHxPC130501731,1,1,0.840146
sentence_transformer_logistic,Sentence Transformer + Logistic Regression,MHxPC130555802,0,0,0.034905
sentence_transformer_logistic,Sentence Transformer + Logistic Regression,MHxPC130469316,0,0,0.36435
sentence_transformer_logistic,Sentence Transformer + Logistic Regression,MHxPC130035106,0,0,0.045897
sentence_transformer_logistic,Sentence Transformer + Logistic Regression,MHxPC130548612,0,0,0.035318
sentence_transformer_logistic,Sentence Transformer + Logistic Regression,MHxPC130035465,0,0,0.025739
sentence_transformer_logistic,Sentence Transformer + Logistic Regression,MHxPC130535837,0,0,0.034885
sentence_transformer_logistic,Sentence Transformer + Logistic Regression,MHxPC130151318,0,0,0.179286
sentence_transformer_logistic,Sentence Transformer + Logistic Regression,MHxPC130363619,0,0,0.013753
sentence_transformer_logistic,Sentence Transformer + Logistic Regression,MHxPC130106736,0,0,0.300118
sentence_transformer_logistic,Sentence Transformer + Logistic Regression,MHxPC130425837,0,0,0.395473
sentence_transformer_logistic,Sentence Transformer + Logistic Regression,MHxPC130260387,0,0,0.022396
sentence_transformer_logistic,Sentence Transformer + Logistic Regression,MHxPC130073513,0,0,0.310667
sentence_transformer_logistic,Sentence Transformer + Logistic Regression,MHxPC130262036,0,0,0.025739
sentence_transformer_logistic,Sentence Transformer + Logistic Regression,MHxPC130091631,0,0,0.079181
sentence_transformer_logistic,Sentence Transformer + Logistic Regression,MHxPC130198330,0,0,0.025739
sentence_transformer_logistic,Sentence Transformer + Logistic Regression,MHxPC130113615,0,0,0.485938
sentence_transformer_logistic,Sentence Transformer + Logistic Regression,MHxPC130294990,0,0,0.035318
sentence_transformer_logistic,Sentence Transformer + Logistic Regression,MHxPC130207658,0,0,0.57278
sentence_transformer_logistic,Sentence Transformer + Logistic Regression,MHxPC130445599,1,1,0.888599
sentence_transformer_logistic,Sentence Transformer + Logistic Regression,MHxPC130072436,0,0,0.035318
sentence_transformer_logistic,Sentence Transformer + Logistic Regression,MHxPC130106564,0,0,0.296591
sentence_transformer_logistic,Sentence Transformer + Logistic Regression,MHxPC130414405,0,0,0.034905
sentence_transformer_logistic,Sentence Transformer + Logistic Regression,MHxPC130022976,0,0,0.028791
sentence_transformer_logistic,Sentence Transformer + Logistic Regression,MHxPC130300584,0,0,0.03299
sentence_transformer_logistic,Sentence Transformer + Logistic Regression,MHxPC130160655,0,1,0.904353
sentence_transformer_logistic,Sentence Transformer + Logistic Regression,MHxPC130426890,0,0,0.03299
sentence_transformer_logistic,Sentence Transformer + Logistic Regression,MHxPC130233901,0,0,0.549831
sentence_transformer_logistic,Sentence Transformer + Logistic Regression,MHxPC130141052,1,0,0.752565
sentence_transformer_logistic,Sentence Transformer + Logistic Regression,MHxPC130596056,0,0,0.150988
sentence_transformer_logistic,Sentence Transformer + Logistic Regression,MHxPC130345265,0,0,0.171545
sentence_transformer_logistic,Sentence Transformer + Logistic Regression,MHxPC130127842,0,0,0.035318
sentence_transformer_logistic,Sentence Transformer + Logistic Regression,MHxPC130506324,0,0,0.6776
sentence_transformer_logistic,Sentence Transformer + Logistic Regression,MHxPC130149224,0,0,0.095996
sentence_transformer_logistic,Sentence Transformer + Logistic Regression,MHxPC130085542,0,0,0.281246
sentence_transformer_logistic,Sentence Transformer + Logistic Regression,MHxPC130202995,0,1,0.896304
sentence_transformer_logistic,Sentence Transformer + Logistic Regression,MHxPC130379771,0,0,0.169558
sentence_transformer_logistic,Sentence Transformer + Logistic Regression,MHxPC130186026,0,0,0.591882
sentence_transformer_logistic,Sentence Transformer + Logistic Regression,MHxPC130205104,0,0,0.31608
sentence_transformer_logistic,Sentence Transformer + Logistic Regression,MHxPC130108070,0,0,0.178238
sentence_transformer_logistic,Sentence Transformer + Logistic Regression,MHxPC130318290,0,0,0.146475
sentence_transformer_logistic,Sentence Transformer + Logistic Regression,MHxPC130318371,0,0,0.057326
sentence_transformer_logistic,Sentence Transformer + Logistic Regression,MHxPC130222732,0,0,0.329733
sentence_transformer_logistic,Sentence Transformer + Logistic Regression,MHxPC130491591,0,0,0.081629
sentence_transformer_logistic,Sentence Transformer + Logistic Regression,MHxPC130287938,0,0,0.645634
sentence_transformer_logistic,Sentence Transformer + Logistic Regression,MHxPC130570931,0,0,0.029584
sentence_transformer_logistic,Sentence Transformer + Logistic Regression,MHxPC130515438,0,1,0.77024
sentence_transformer_logistic,Sentence Transformer + Logistic Regression,MHxPC130259024,0,0,0.025739
sentence_transformer_logistic,Sentence Transformer + Logistic Regression,MHxPC130344213,0,0,0.068353
sentence_transformer_logistic,Sentence Transformer + Logistic Regression,MHxPC130506180,0,0,0.432892
sentence_transformer_logistic,Sentence Transformer + Logistic Regression,MHxPC130449829,0,0,0.049358
sentence_transformer_logistic,Sentence Transformer + Logistic Regression,MHxPC130139501,0,0,0.051605
sentence_transformer_logistic,Sentence Transformer + Logistic Regression,MHxPC130070771,0,0,0.035318
sentence_transformer_logistic,Sentence Transformer + Logistic Regression,MHxPC130012782,0,0,0.018896
sentence_transformer_logistic,Sentence Transformer + Logistic Regression,MHxPC130505105,0,0,0.066747
sentence_transformer_logistic,Sentence Transformer + Logistic Regression,MHxPC130471315,0,0,0.022396
sentence_transformer_logistic,Sentence Transformer + Logistic Regression,MHxPC130224959,0,0,0.576271
sentence_transformer_logistic,Sentence Transformer + Logistic Regression,MHxPC130532517,0,0,0.025739
sentence_transformer_logistic,Sentence Transformer + Logistic Regression,MHxPC130149050,0,0,0.035318
sentence_transformer_logistic,Sentence Transformer + Logistic Regression,MHxPC130477776,0,0,0.46473
sentence_transformer_logistic,Sentence Transformer + Logistic Regression,MHxPC130292523,0,0,0.411476
sentence_transformer_logistic,Sentence Transformer + Logistic Regression,MHxPC130029220,0,0,0.025739
sentence_transformer_logistic,Sentence Transformer + Logistic Regression,MHxPC130125440,0,0,0.657953
sentence_transformer_logistic,Sentence Transformer + Logistic Regression,MHxPC130143328,0,0,0.027883
sentence_transformer_logistic,Sentence Transformer + Logistic Regression,MHxPC130078133,0,0,0.501565
sentence_transformer_logistic,Sentence Transformer + Logistic Regression,MHxPC130395291,0,0,0.025739
sentence_transformer_logistic,Sentence Transformer + Logistic Regression,MHxPC130126206,0,0,0.749211
sentence_transformer_logistic,Sentence Transformer + Logistic Regression,MHxPC130158792,0,0,0.028791
sentence_transformer_logistic,Sentence Transformer + Logistic Regression,MHxPC130301614,0,0,0.246081
sentence_transformer_logistic,Sentence Transformer + Logistic Regression,MHxPC130251411,0,0,0.029584
sentence_transformer_logistic,Sentence Transformer + Logistic Regression,MHxPC130268038,0,0,0.080245
sentence_transformer_logistic,Sentence Transformer + Logistic Regression,MHxPC130334705,0,0,0.025739
sentence_transformer_logistic,Sentence Transformer + Logistic Regression,MHxPC130238275,1,1,0.8087
sentence_transformer_logistic,Sentence Transformer + Logistic Regression,MHxPC130582468,0,0,0.025739
sentence_transformer_logistic,Sentence Transformer + Logistic Regression,MHxPC130406202,0,0,0.140401
sentence_transformer_logistic,Sentence Transformer + Logistic Regression,MHxPC130578761,0,0,0.296314
sentence_transformer_logistic,Sentence Transformer + Logistic Regression,MHxPC130522550,0,0,0.03299
sentence_transformer_logistic,Sentence Transformer + Logistic Regression,MHxPC130468575,0,0,0.068361
sentence_transformer_logistic,Sentence Transformer + Logistic Regression,MHxPC130476288,0,0,0.08654
sentence_transformer_logistic,Sentence Transformer + Logistic Regression,MHxPC130263865,0,0,0.215996
sentence_transformer_logistic,Sentence Transformer + Logistic Regression,MHxPC130264004,0,0,0.056133
sentence_transformer_logistic,Sentence Transformer + Logistic Regression,MHxPC130371079,0,1,0.806004
sentence_transformer_logistic,Sentence Transformer + Logistic Regression,MHxPC130461481,0,0,0.31791
sentence_transformer_logistic,Sentence Transformer + Logistic Regression,MHxPC130083741,0,0,0.320221
sentence_transformer_logistic,Sentence Transformer + Logistic Regression,MHxPC130301219,0,0,0.504088
sentence_transformer_logistic,Sentence Transformer + Logistic Regression,MHxPC130236713,0,0,0.047245
sentence_transformer_logistic,Sentence Transformer + Logistic Regression,MHxPC130037839,0,0,0.03299
sentence_transformer_logistic,Sentence Transformer + Logistic Regression,MHxPC130548423,0,0,0.034905
sentence_transformer_logistic,Sentence Transformer + Logistic Regression,MHxPC130152490,0,0,0.03299
sentence_transformer_logistic,Sentence Transformer + Logistic Regression,MHxPC130490849,0,1,0.825423
sentence_transformer_logistic,Sentence Transformer + Logistic Regression,MHxPC130296407,0,0,0.263582
sentence_transformer_logistic,Sentence Transformer + Logistic Regression,MHxPC130050866,0,0,0.648818
sentence_transformer_logistic,Sentence Transformer + Logistic Regression,MHxPC130148551,0,0,0.025739
sentence_transformer_logistic,Sentence Transformer + Logistic Regression,MHxPC130337424,0,0,0.027185
sentence_transformer_logistic,Sentence Transformer + Logistic Regression,MHxPC130261868,0,0,0.417692
sentence_transformer_logistic,Sentence Transformer + Logistic Regression,MHxPC130021222,0,0,0.494199
sentence_transformer_logistic,Sentence Transformer + Logistic Regression,MHxPC130588185,0,0,0.03299
sentence_transformer_logistic,Sentence Transformer + Logistic Regression,MHxPC130045935,0,0,0.013753
sentence_transformer_logistic,Sentence Transformer + Logistic Regression,MHxPC130365937,0,0,0.035318
sentence_transformer_logistic,Sentence Transformer + Logistic Regression,MHxPC130191643,0,0,0.071051
sentence_transformer_logistic,Sentence Transformer + Logistic Regression,MHxPC130395192,0,1,0.792501
sentence_transformer_logistic,Sentence Transformer + Logistic Regression,MHxPC130337262,0,0,0.025739
sentence_transformer_logistic,Sentence Transformer + Logistic Regression,MHxPC130038063,0,0,0.025739
sentence_transformer_logistic,Sentence Transformer + Logistic Regression,MHxPC130447659,0,0,0.025739
sentence_transformer_logistic,Sentence Transformer + Logistic Regression,MHxPC130573372,0,1,0.777002
sentence_transformer_logistic,Sentence Transformer + Logistic Regression,MHxPC130427662,0,0,0.179044
sentence_transformer_logistic,Sentence Transformer + Logistic Regression,MHxPC130208799,0,0,0.035318
sentence_transformer_logistic,Sentence Transformer + Logistic Regression,MHxPC130193540,0,0,0.118112
sentence_transformer_logistic,Sentence Transformer + Logistic Regression,MHxPC130185376,0,0,0.025739
sentence_transformer_logistic,Sentence Transformer + Logistic Regression,MHxPC130199071,0,0,0.36739
sentence_transformer_logistic,Sentence Transformer + Logistic Regression,MHxPC130093923,0,0,0.028791
sentence_transformer_logistic,Sentence Transformer + Logistic Regression,MHxPC130367894,1,1,0.884704
sentence_transformer_logistic,Sentence Transformer + Logistic Regression,MHxPC130421624,0,0,0.039028
sentence_transformer_logistic,Sentence Transformer + Logistic Regression,MHxPC130372531,0,0,0.025739
sentence_transformer_logistic,Sentence Transformer + Logistic Regression,MHxPC130229506,0,0,0.388554
sentence_transformer_logistic,Sentence Transformer + Logistic Regression,MHxPC130055927,0,0,0.025739
sentence_transformer_logistic,Sentence Transformer + Logistic Regression,MHxPC130409686,0,0,0.03299
sentence_transformer_logistic,Sentence Transformer + Logistic Regression,MHxPC130464791,0,0,0.289245
sentence_transformer_logistic,Sentence Transformer + Logistic Regression,MHxPC130515201,0,0,0.315824
sentence_transformer_logistic,Sentence Transformer + Logistic Regression,MHxPC130418042,0,0,0.022396
sentence_transformer_logistic,Sentence Transformer + Logistic Regression,MHxPC130563779,0,0,0.03299
sentence_transformer_logistic,Sentence Transformer + Logistic Regression,MHxPC130175390,0,0,0.028791
sentence_transformer_logistic,Sentence Transformer + Logistic Regression,MHxPC130345314,0,0,0.025739
sentence_transformer_logistic,Sentence Transformer + Logistic Regression,MHxPC130354678,0,0,0.038498
sentence_transformer_logistic,Sentence Transformer + Logistic Regression,MHxPC130223044,0,0,0.041318
sentence_transformer_logistic,Sentence Transformer + Logistic Regression,MHxPC130420007,0,0,0.182762
sentence_transformer_logistic,Sentence Transformer + Logistic Regression,MHxPC130286232,0,0,0.039028
sentence_transformer_logistic,Sentence Transformer + Logistic Regression,MHxPC130234439,0,0,0.588054
sentence_transformer_logistic,Sentence Transformer + Logistic Regression,MHxPC130314117,0,0,0.023377
sentence_transformer_logistic,Sentence Transformer + Logistic Regression,MHxPC130010409,0,0,0.33726
sentence_transformer_logistic,Sentence Transformer + Logistic Regression,MHxPC130021353,0,0,0.227465
sentence_transformer_logistic,Sentence Transformer + Logistic Regression,MHxPC130144417,0,0,0.741421
sentence_transformer_logistic,Sentence Transformer + Logistic Regression,MHxPC130185766,0,0,0.237389
sentence_transformer_logistic,Sentence Transformer + Logistic Regression,MHxPC130064562,0,0,0.051125
sentence_transformer_logistic,Sentence Transformer + Logistic Regression,MHxPC130151046,0,0,0.025739
sentence_transformer_logistic,Sentence Transformer + Logistic Regression,MHxPC130152126,0,0,0.025739
sentence_transformer_logistic,Sentence Transformer + Logistic Regression,MHxPC130048308,0,0,0.03299
sentence_transformer_logistic,Sentence Transformer + Logistic Regression,MHxPC130270076,0,0,0.246831
sentence_transformer_logistic,Sentence Transformer + Logistic Regression,MHxPC130291973,0,0,0.035318
sentence_transformer_logistic,Sentence Transformer + Logistic Regression,MHxPC130288187,1,0,0.758831
sentence_transformer_logistic,Sentence Transformer + Logistic Regression,MHxPC130303398,0,0,0.025739
sentence_transformer_logistic,Sentence Transformer + Logistic Regression,MHxPC130300124,0,0,0.223423
sentence_transformer_logistic,Sentence Transformer + Logistic Regression,MHxPC130576260,0,0,0.424264
sentence_transformer_logistic,Sentence Transformer + Logistic Regression,MHxPC130511908,0,0,0.610759
sentence_transformer_logistic,Sentence Transformer + Logistic Regression,MHxPC130565675,0,0,0.647222
sentence_transformer_logistic,Sentence Transformer + Logistic Regression,MHxPC130054155,0,0,0.03299
sentence_transformer_logistic,Sentence Transformer + Logistic Regression,MHxPC130543612,0,0,0.400313
sentence_transformer_logistic,Sentence Transformer + Logistic Regression,MHxPC130454657,0,0,0.082276
sentence_transformer_logistic,Sentence Transformer + Logistic Regression,MHxPC130299649,0,0,0.0205
sentence_transformer_logistic,Sentence Transformer + Logistic Regression,MHxPC130154103,0,0,0.025739
sentence_transformer_logistic,Sentence Transformer + Logistic Regression,MHxPC130381986,0,1,0.771872
sentence_transformer_logistic,Sentence Transformer + Logistic Regression,MHxPC130233512,0,1,0.762524
sentence_transformer_logistic,Sentence Transformer + Logistic Regression,MHxPC130554880,0,0,0.041894
sentence_transformer_logistic,Sentence Transformer + Logistic Regression,MHxPC130588167,0,0,0.389518
sentence_transformer_logistic,Sentence Transformer + Logistic Regression,MHxPC130584193,0,1,0.974397
sentence_transformer_logistic,Sentence Transformer + Logistic Regression,MHxPC130031280,0,0,0.460613
sentence_transformer_logistic,Sentence Transformer + Logistic Regression,MHxPC130592269,0,0,0.051125
sentence_transformer_logistic,Sentence Transformer + Logistic Regression,MHxPC130522771,0,0,0.157662
sentence_transformer_logistic,Sentence Transformer + Logistic Regression,MHxPC130319157,0,0,0.554151
sentence_transformer_logistic,Sentence Transformer + Logistic Regression,MHxPC130083240,0,0,0.03299
sentence_transformer_logistic,Sentence Transformer + Logistic Regression,MHxPC130596570,0,0,0.255396
sentence_transformer_logistic,Sentence Transformer + Logistic Regression,MHxPC130247680,0,0,0.664769
sentence_transformer_logistic,Sentence Transformer + Logistic Regression,MHxPC130356876,0,0,0.025739
sentence_transformer_logistic,Sentence Transformer + Logistic Regression,MHxPC130463392,0,0,0.050596
sentence_transformer_logistic,Sentence Transformer + Logistic Regression,MHxPC130379133,0,0,0.057326
sentence_transformer_logistic,Sentence Transformer + Logistic Regression,MHxPC130447998,0,0,0.296885
sentence_transformer_logistic,Sentence Transformer + Logistic Regression,MHxPC130176987,0,0,0.051954
sentence_transformer_logistic,Sentence Transformer + Logistic Regression,MHxPC130240067,0,0,0.066067
sentence_transformer_logistic,Sentence Transformer + Logistic Regression,MHxPC130311074,0,0,0.05149
sentence_transformer_logistic,Sentence Transformer + Logistic Regression,MHxPC130541755,0,1,0.905782
sentence_transformer_logistic,Sentence Transformer + Logistic Regression,MHxPC130528376,0,0,0.559867
sentence_transformer_logistic,Sentence Transformer + Logistic Regression,MHxPC130576956,0,0,0.05137
sentence_transformer_logistic,Sentence Transformer + Logistic Regression,MHxPC130291309,0,0,0.343784
sentence_transformer_logistic,Sentence Transformer + Logistic Regression,MHxPC130197242,0,0,0.029584
sentence_transformer_logistic,Sentence Transformer + Logistic Regression,MHxPC130186822,0,0,0.035318
sentence_transformer_logistic,Sentence Transformer + Logistic Regression,MHxPC130186415,0,0,0.131695
sentence_transformer_logistic,Sentence Transformer + Logistic Regression,MHxPC130446468,0,0,0.034905
sentence_transformer_logistic,Sentence Transformer + Logistic Regression,MHxPC130540174,0,0,0.184888
sentence_transformer_logistic,Sentence Transformer + Logistic Regression,MHxPC130226535,1,1,0.78138
sentence_transformer_logistic,Sentence Transformer + Logistic Regression,MHxPC130046957,0,0,0.061701
sentence_transformer_logistic,Sentence Transformer + Logistic Regression,MHxPC130480091,0,0,0.031975
sentence_transformer_logistic,Sentence Transformer + Logistic Regression,MHxPC130251958,0,0,0.025739
sentence_transformer_logistic,Sentence Transformer + Logistic Regression,MHxPC130224835,0,0,0.039028
sentence_transformer_logistic,Sentence Transformer + Logistic Regression,MHxPC130097572,0,0,0.051954
sentence_transformer_logistic,Sentence Transformer + Logistic Regression,MHxPC130006666,0,0,0.321363
sentence_transformer_logistic,Sentence Transformer + Logistic Regression,MHxPC130463290,0,0,0.029584
sentence_transformer_logistic,Sentence Transformer + Logistic Regression,MHxPC130595172,0,0,0.063267
sentence_transformer_logistic,Sentence Transformer + Logistic Regression,MHxPC130203772,0,1,0.86838
sentence_transformer_logistic,Sentence Transformer + Logistic Regression,MHxPC130386880,0,0,0.034905
sentence_transformer_logistic,Sentence Transformer + Logistic Regression,MHxPC130178281,0,0,0.035318
sentence_transformer_logistic,Sentence Transformer + Logistic Regression,MHxPC130205116,0,0,0.028791
sentence_transformer_logistic,Sentence Transformer + Logistic Regression,MHxPC130569640,1,1,0.90363
sentence_transformer_logistic,Sentence Transformer + Logistic Regression,MHxPC130290906,0,0,0.159731
sentence_transformer_logistic,Sentence Transformer + Logistic Regression,MHxPC130243406,0,0,0.596233
sentence_transformer_logistic,Sentence Transformer + Logistic Regression,MHxPC130122015,0,0,0.03299
sentence_transformer_logistic,Sentence Transformer + Logistic Regression,MHxPC130410488,0,0,0.029836
sentence_transformer_logistic,Sentence Transformer + Logistic Regression,MHxPC130456297,0,0,0.147283
sentence_transformer_logistic,Sentence Transformer + Logistic Regression,MHxPC130456664,0,0,0.456842
sentence_transformer_logistic,Sentence Transformer + Logistic Regression,MHxPC130175307,0,0,0.700182
sentence_transformer_logistic,Sentence Transformer + Logistic Regression,MHxPC130142274,0,0,0.577562
sentence_transformer_logistic,Sentence Transformer + Logistic Regression,MHxPC130252055,0,0,0.038593
sentence_transformer_logistic,Sentence Transformer + Logistic Regression,MHxPC130556112,0,0,0.031604
sentence_transformer_logistic,Sentence Transformer + Logistic Regression,MHxPC130541308,0,0,0.025739
sentence_transformer_logistic,Sentence Transformer + Logistic Regression,MHxPC130454279,0,0,0.123004
sentence_transformer_logistic,Sentence Transformer + Logistic Regression,MHxPC130013911,0,0,0.034905
sentence_transformer_logistic,Sentence Transformer + Logistic Regression,MHxPC130400646,0,0,0.063786
sentence_transformer_logistic,Sentence Transformer + Logistic Regression,MHxPC130430380,0,0,0.016235
sentence_transformer_logistic,Sentence Transformer + Logistic Regression,MHxPC130197763,0,0,0.069571
sentence_transformer_logistic,Sentence Transformer + Logistic Regression,MHxPC130062610,0,0,0.037675
sentence_transformer_logistic,Sentence Transformer + Logistic Regression,MHxPC130279875,0,0,0.035318
sentence_transformer_logistic,Sentence Transformer + Logistic Regression,MHxPC130218391,0,0,0.025739
sentence_transformer_logistic,Sentence Transformer + Logistic Regression,MHxPC130517976,0,0,0.343928
sentence_transformer_logistic,Sentence Transformer + Logistic Regression,MHxPC130438439,0,0,0.12748
sentence_transformer_logistic,Sentence Transformer + Logistic Regression,MHxPC130228715,0,0,0.251926
sentence_transformer_logistic,Sentence Transformer + Logistic Regression,MHxPC130586262,0,0,0.05149
sentence_transformer_logistic,Sentence Transformer + Logistic Regression,MHxPC130355009,0,0,0.086156
sentence_transformer_logistic,Sentence Transformer + Logistic Regression,MHxPC130313702,0,0,0.025739
sentence_transformer_logistic,Sentence Transformer + Logistic Regression,MHxPC130168163,0,0,0.038593
sentence_transformer_logistic,Sentence Transformer + Logistic Regression,MHxPC130594438,0,0,0.118067
sentence_transformer_logistic,Sentence Transformer + Logistic Regression,MHxPC130065676,0,0,0.188826
sentence_transformer_logistic,Sentence Transformer + Logistic Regression,MHxPC130431854,0,0,0.084245
sentence_transformer_logistic,Sentence Transformer + Logistic Regression,MHxPC130175528,0,0,0.034905
sentence_transformer_logistic,Sentence Transformer + Logistic Regression,MHxPC130439984,0,0,0.025739
sentence_transformer_logistic,Sentence Transformer + Logistic Regression,MHxPC130217578,0,0,0.051125
sentence_transformer_logistic,Sentence Transformer + Logistic Regression,MHxPC130292228,0,0,0.034905
sentence_transformer_logistic,Sentence Transformer + Logistic Regression,MHxPC130404404,0,0,0.025739
sentence_transformer_logistic,Sentence Transformer + Logistic Regression,MHxPC130123726,0,0,0.03299
sentence_transformer_logistic,Sentence Transformer + Logistic Regression,MHxPC130255791,0,0,0.309792
sentence_transformer_logistic,Sentence Transformer + Logistic Regression,MHxPC130068864,0,0,0.064081
sentence_transformer_logistic,Sentence Transformer + Logistic Regression,MHxPC130119395,0,0,0.025739
sentence_transformer_logistic,Sentence Transformer + Logistic Regression,MHxPC130419278,0,0,0.108458
sentence_transformer_logistic,Sentence Transformer + Logistic Regression,MHxPC130233948,0,0,0.022396
sentence_transformer_logistic,Sentence Transformer + Logistic Regression,MHxPC130393579,0,0,0.066077
sentence_transformer_logistic,Sentence Transformer + Logistic Regression,MHxPC130464227,0,0,0.027883
sentence_transformer_logistic,Sentence Transformer + Logistic Regression,MHxPC130258969,0,0,0.025739
sentence_transformer_logistic,Sentence Transformer + Logistic Regression,MHxPC130227221,0,0,0.025739
sentence_transformer_logistic,Sentence Transformer + Logistic Regression,MHxPC130506377,0,0,0.586152
sentence_transformer_logistic,Sentence Transformer + Logistic Regression,MHxPC130448722,0,0,0.035318
sentence_transformer_logistic,Sentence Transformer + Logistic Regression,MHxPC130302807,0,0,0.035318
sentence_transformer_logistic,Sentence Transformer + Logistic Regression,MHxPC130359398,0,0,0.095544
sentence_transformer_logistic,Sentence Transformer + Logistic Regression,MHxPC130551116,0,0,0.025739
sentence_transformer_logistic,Sentence Transformer + Logistic Regression,MHxPC130107670,0,0,0.038593
sentence_transformer_logistic,Sentence Transformer + Logistic Regression,MHxPC130089241,0,0,0.025739
sentence_transformer_logistic,Sentence Transformer + Logistic Regression,MHxPC130196999,0,0,0.144243
sentence_transformer_logistic,Sentence Transformer + Logistic Regression,MHxPC130256168,0,0,0.028791
sentence_transformer_logistic,Sentence Transformer + Logistic Regression,MHxPC130567635,0,0,0.03299
sentence_transformer_logistic,Sentence Transformer + Logistic Regression,MHxPC130210312,0,0,0.025739
sentence_transformer_logistic,Sentence Transformer + Logistic Regression,MHxPC130498994,0,0,0.025739
sentence_transformer_logistic,Sentence Transformer + Logistic Regression,MHxPC130084299,0,0,0.097781
sentence_transformer_logistic,Sentence Transformer + Logistic Regression,MHxPC130071628,0,0,0.45054
sentence_transformer_logistic,Sentence Transformer + Logistic Regression,MHxPC130501748,0,0,0.627959
sentence_transformer_logistic,Sentence Transformer + Logistic Regression,MHxPC130130777,0,0,0.03299
sentence_transformer_logistic,Sentence Transformer + Logistic Regression,MHxPC130045512,0,0,0.159469
sentence_transformer_logistic,Sentence Transformer + Logistic Regression,MHxPC130456938,0,0,0.066747
sentence_transformer_logistic,Sentence Transformer + Logistic Regression,MHxPC130374741,0,0,0.046237
sentence_transformer_logistic,Sentence Transformer + Logistic Regression,MHxPC130562576,0,0,0.144659
sentence_transformer_logistic,Sentence Transformer + Logistic Regression,MHxPC130021492,0,0,0.035318
sentence_transformer_logistic,Sentence Transformer + Logistic Regression,MHxPC130020004,0,0,0.031604
sentence_transformer_logistic,Sentence Transformer + Logistic Regression,MHxPC130237913,0,0,0.025739
sentence_transformer_logistic,Sentence Transformer + Logistic Regression,MHxPC130349561,0,0,0.155678
sentence_transformer_logistic,Sentence Transformer + Logistic Regression,MHxPC130426848,0,0,0.590221
sentence_transformer_logistic,Sentence Transformer + Logistic Regression,MHxPC130392820,0,0,0.151384
sentence_transformer_logistic,Sentence Transformer + Logistic Regression,MHxPC130560262,0,1,0.817818
sentence_transformer_logistic,Sentence Transformer + Logistic Regression,MHxPC130138480,0,0,0.379352
sentence_transformer_logistic,Sentence Transformer + Logistic Regression,MHxPC130375875,0,0,0.03299
sentence_transformer_logistic,Sentence Transformer + Logistic Regression,MHxPC130279823,0,0,0.041318
sentence_transformer_logistic,Sentence Transformer + Logistic Regression,MHxPC130246293,0,0,0.056726
sentence_transformer_logistic,Sentence Transformer + Logistic Regression,MHxPC130359272,0,0,0.104563
sentence_transformer_logistic,Sentence Transformer + Logistic Regression,MHxPC130300988,0,0,0.075022
sentence_transformer_logistic,Sentence Transformer + Logistic Regression,MHxPC130230792,0,0,0.410156
sentence_transformer_logistic,Sentence Transformer + Logistic Regression,MHxPC130264574,0,0,0.03299
sentence_transformer_logistic,Sentence Transformer + Logistic Regression,MHxPC130290282,0,0,0.028791
sentence_transformer_logistic,Sentence Transformer + Logistic Regression,MHxPC130497676,0,0,0.049927
sentence_transformer_logistic,Sentence Transformer + Logistic Regression,MHxPC130040523,0,0,0.036533
sentence_transformer_logistic,Sentence Transformer + Logistic Regression,MHxPC130112696,0,1,0.805145
sentence_transformer_logistic,Sentence Transformer + Logistic Regression,MHxPC130536833,0,0,0.491708
sentence_transformer_logistic,Sentence Transformer + Logistic Regression,MHxPC130525427,0,0,0.165288
sentence_transformer_logistic,Sentence Transformer + Logistic Regression,MHxPC130382695,0,0,0.025739
sentence_transformer_logistic,Sentence Transformer + Logistic Regression,MHxPC130479519,0,0,0.02174
sentence_transformer_logistic,Sentence Transformer + Logistic Regression,MHxPC130564143,0,0,0.03299
sentence_transformer_logistic,Sentence Transformer + Logistic Regression,MHxPC130332759,0,0,0.43564
sentence_transformer_logistic,Sentence Transformer + Logistic Regression,MHxPC130423649,0,0,0.071039
sentence_transformer_logistic,Sentence Transformer + Logistic Regression,MHxPC130489563,0,0,0.03299
sentence_transformer_logistic,Sentence Transformer + Logistic Regression,MHxPC130152260,0,0,0.03299
sentence_transformer_logistic,Sentence Transformer + Logistic Regression,MHxPC130456997,0,0,0.069243
sentence_transformer_logistic,Sentence Transformer + Logistic Regression,MHxPC130235531,0,0,0.087492
sentence_transformer_logistic,Sentence Transformer + Logistic Regression,MHxPC130396543,0,0,0.271748
sentence_transformer_logistic,Sentence Transformer + Logistic Regression,MHxPC130485096,0,0,0.167006
sentence_transformer_logistic,Sentence Transformer + Logistic Regression,MHxPC130249472,1,1,0.960825
sentence_transformer_logistic,Sentence Transformer + Logistic Regression,MHxPC130329417,0,0,0.184699
sentence_transformer_logistic,Sentence Transformer + Logistic Regression,MHxPC130574493,0,0,0.025739
sentence_transformer_logistic,Sentence Transformer + Logistic Regression,MHxPC130167815,1,1,0.949576
sentence_transformer_logistic,Sentence Transformer + Logistic Regression,MHxPC130015501,0,0,0.035318
sentence_transformer_logistic,Sentence Transformer + Logistic Regression,MHxPC130266008,0,0,0.504042
sentence_transformer_logistic,Sentence Transformer + Logistic Regression,MHxPC130332177,0,0,0.03299
sentence_transformer_logistic,Sentence Transformer + Logistic Regression,MHxPC130085560,0,0,0.025739
sentence_transformer_logistic,Sentence Transformer + Logistic Regression,MHxPC130013946,0,1,0.838878
sentence_transformer_logistic,Sentence Transformer + Logistic Regression,MHxPC130037094,0,0,0.03299
sentence_transformer_logistic,Sentence Transformer + Logistic Regression,MHxPC130303617,0,0,0.03276
sentence_transformer_logistic,Sentence Transformer + Logistic Regression,MHxPC130392121,0,0,0.025739
sentence_transformer_logistic,Sentence Transformer + Logistic Regression,MHxPC130004625,0,0,0.03299
sentence_transformer_logistic,Sentence Transformer + Logistic Regression,MHxPC130335023,0,0,0.035318
sentence_transformer_logistic,Sentence Transformer + Logistic Regression,MHxPC130159246,0,0,0.066747
sentence_transformer_logistic,Sentence Transformer + Logistic Regression,MHxPC130074170,1,1,0.779926
sentence_transformer_logistic,Sentence Transformer + Logistic Regression,MHxPC130534684,0,0,0.253397
sentence_transformer_logistic,Sentence Transformer + Logistic Regression,MHxPC130571659,0,0,0.025739
sentence_transformer_logistic,Sentence Transformer + Logistic Regression,MHxPC130177286,0,0,0.17668
sentence_transformer_logistic,Sentence Transformer + Logistic Regression,MHxPC130000968,0,0,0.280808
sentence_transformer_logistic,Sentence Transformer + Logistic Regression,MHxPC130181617,0,0,0.023425
sentence_transformer_logistic,Sentence Transformer + Logistic Regression,MHxPC130501064,0,0,0.076435
sentence_transformer_logistic,Sentence Transformer + Logistic Regression,MHxPC130548960,0,0,0.035318
sentence_transformer_logistic,Sentence Transformer + Logistic Regression,MHxPC130204436,0,0,0.038593
sentence_transformer_logistic,Sentence Transformer + Logistic Regression,MHxPC130225077,0,0,0.03299
sentence_transformer_logistic,Sentence Transformer + Logistic Regression,MHxPC130316696,0,0,0.041318
sentence_transformer_logistic,Sentence Transformer + Logistic Regression,MHxPC130168965,0,0,0.035318
sentence_transformer_logistic,Sentence Transformer + Logistic Regression,MHxPC130590391,0,0,0.233061
sentence_transformer_logistic,Sentence Transformer + Logistic Regression,MHxPC130259791,0,0,0.03299
sentence_transformer_logistic,Sentence Transformer + Logistic Regression,MHxPC130253483,0,1,0.837913
sentence_transformer_logistic,Sentence Transformer + Logistic Regression,MHxPC130081276,0,0,0.444536
sentence_transformer_logistic,Sentence Transformer + Logistic Regression,MHxPC130101320,0,0,0.115825
sentence_transformer_logistic,Sentence Transformer + Logistic Regression,MHxPC130474663,0,0,0.085566
sentence_transformer_logistic,Sentence Transformer + Logistic Regression,MHxPC130570969,0,0,0.035318
sentence_transformer_logistic,Sentence Transformer + Logistic Regression,MHxPC130349871,0,0,0.027883
sentence_transformer_logistic,Sentence Transformer + Logistic Regression,MHxPC130548581,0,0,0.025739
sentence_transformer_logistic,Sentence Transformer + Logistic Regression,MHxPC130463621,0,0,0.03299
sentence_transformer_logistic,Sentence Transformer + Logistic Regression,MHxPC130315893,0,0,0.029584
sentence_transformer_logistic,Sentence Transformer + Logistic Regression,MHxPC130333253,1,1,0.863601
sentence_transformer_logistic,Sentence Transformer + Logistic Regression,MHxPC130502988,0,0,0.16188
sentence_transformer_logistic,Sentence Transformer + Logistic Regression,MHxPC130466127,0,0,0.035318
sentence_transformer_logistic,Sentence Transformer + Logistic Regression,MHxPC130209821,0,0,0.03299
sentence_transformer_logistic,Sentence Transformer + Logistic Regression,MHxPC130105330,0,0,0.034905
sentence_transformer_logistic,Sentence Transformer + Logistic Regression,MHxPC130557414,0,0,0.277144
sentence_transformer_logistic,Sentence Transformer + Logistic Regression,MHxPC130269632,0,1,0.921837
sentence_transformer_logistic,Sentence Transformer + Logistic Regression,MHxPC130233710,0,0,0.066111
sentence_transformer_logistic,Sentence Transformer + Logistic Regression,MHxPC130253445,0,0,0.182726
sentence_transformer_logistic,Sentence Transformer + Logistic Regression,MHxPC130184392,0,0,0.035318
sentence_transformer_logistic,Sentence Transformer + Logistic Regression,MHxPC130200172,0,0,0.19693
sentence_transformer_logistic,Sentence Transformer + Logistic Regression,MHxPC130377502,0,0,0.025739
sentence_transformer_logistic,Sentence Transformer + Logistic Regression,MHxPC130002794,0,0,0.470941
sentence_transformer_logistic,Sentence Transformer + Logistic Regression,MHxPC130554140,0,0,0.03299
sentence_transformer_logistic,Sentence Transformer + Logistic Regression,MHxPC130235282,0,0,0.451305
sentence_transformer_logistic,Sentence Transformer + Logistic Regression,MHxPC130160451,0,0,0.238541
sentence_transformer_logistic,Sentence Transformer + Logistic Regression,MHxPC130233985,0,0,0.029584
sentence_transformer_logistic,Sentence Transformer + Logistic Regression,MHxPC130053716,0,1,0.766594
sentence_transformer_logistic,Sentence Transformer + Logistic Regression,MHxPC130222673,0,0,0.466656
sentence_transformer_logistic,Sentence Transformer + Logistic Regression,MHxPC130172315,0,0,0.071039
sentence_transformer_logistic,Sentence Transformer + Logistic Regression,MHxPC130256767,0,0,0.025739
sentence_transformer_logistic,Sentence Transformer + Logistic Regression,MHxPC130214939,0,0,0.396442
sentence_transformer_logistic,Sentence Transformer + Logistic Regression,MHxPC130506228,0,0,0.022396
sentence_transformer_logistic,Sentence Transformer + Logistic Regression,MHxPC130513733,0,0,0.17692
sentence_transformer_logistic,Sentence Transformer + Logistic Regression,MHxPC130060367,0,0,0.086395
sentence_transformer_logistic,Sentence Transformer + Logistic Regression,MHxPC130213819,0,0,0.29508
sentence_transformer_logistic,Sentence Transformer + Logistic Regression,MHxPC130267570,0,0,0.019976
sentence_transformer_logistic,Sentence Transformer + Logistic Regression,MHxPC130555519,0,0,0.087077
sentence_transformer_logistic,Sentence Transformer + Logistic Regression,MHxPC130372217,0,0,0.087465
sentence_transformer_logistic,Sentence Transformer + Logistic Regression,MHxPC130026099,0,0,0.109906
sentence_transformer_logistic,Sentence Transformer + Logistic Regression,MHxPC130571119,0,0,0.03299
sentence_transformer_logistic,Sentence Transformer + Logistic Regression,MHxPC130193997,0,0,0.267217
sentence_transformer_logistic,Sentence Transformer + Logistic Regression,MHxPC130098444,0,0,0.569671
sentence_transformer_logistic,Sentence Transformer + Logistic Regression,MHxPC130434985,0,0,0.03299
sentence_transformer_logistic,Sentence Transformer + Logistic Regression,MHxPC130487939,0,0,0.217207
sentence_transformer_logistic,Sentence Transformer + Logistic Regression,MHxPC130154580,0,0,0.111225
sentence_transformer_logistic,Sentence Transformer + Logistic Regression,MHxPC130263899,0,0,0.424749
sentence_transformer_logistic,Sentence Transformer + Logistic Regression,MHxPC130060518,0,0,0.025739
sentence_transformer_logistic,Sentence Transformer + Logistic Regression,MHxPC130135208,0,0,0.526506
sentence_transformer_logistic,Sentence Transformer + Logistic Regression,MHxPC130102271,0,0,0.147723
sentence_transformer_logistic,Sentence Transformer + Logistic Regression,MHxPC130088590,0,0,0.03299
sentence_transformer_logistic,Sentence Transformer + Logistic Regression,MHxPC130426210,0,0,0.03513
sentence_transformer_logistic,Sentence Transformer + Logistic Regression,MHxPC130349429,0,0,0.371991
sentence_transformer_logistic,Sentence Transformer + Logistic Regression,MHxPC130335025,0,0,0.133654
sentence_transformer_logistic,Sentence Transformer + Logistic Regression,MHxPC130301688,0,0,0.035318
sentence_transformer_logistic,Sentence Transformer + Logistic Regression,MHxPC130120773,0,0,0.478791
sentence_transformer_logistic,Sentence Transformer + Logistic Regression,MHxPC130156412,0,0,0.029335
sentence_transformer_logistic,Sentence Transformer + Logistic Regression,MHxPC130261329,0,0,0.035318
sentence_transformer_logistic,Sentence Transformer + Logistic Regression,MHxPC130361954,0,0,0.040415
sentence_transformer_logistic,Sentence Transformer + Logistic Regression,MHxPC130450998,0,0,0.08965
sentence_transformer_logistic,Sentence Transformer + Logistic Regression,MHxPC130183842,0,0,0.03299
sentence_transformer_logistic,Sentence Transformer + Logistic Regression,MHxPC130565742,0,0,0.757164
sentence_transformer_logistic,Sentence Transformer + Logistic Regression,MHxPC130483428,0,0,0.035318
sentence_transformer_logistic,Sentence Transformer + Logistic Regression,MHxPC130117435,0,0,0.584119
sentence_transformer_logistic,Sentence Transformer + Logistic Regression,MHxPC130038394,0,0,0.336091
sentence_transformer_logistic,Sentence Transformer + Logistic Regression,MHxPC130431016,0,0,0.640383
sentence_transformer_logistic,Sentence Transformer + Logistic Regression,MHxPC130184011,0,0,0.458113
sentence_transformer_logistic,Sentence Transformer + Logistic Regression,MHxPC130039051,0,0,0.04602
sentence_transformer_logistic,Sentence Transformer + Logistic Regression,MHxPC130493252,0,0,0.025739
sentence_transformer_logistic,Sentence Transformer + Logistic Regression,MHxPC130116726,0,0,0.486043
sentence_transformer_logistic,Sentence Transformer + Logistic Regression,MHxPC130348638,0,0,0.028791
sentence_transformer_logistic,Sentence Transformer + Logistic Regression,MHxPC130131555,0,0,0.321148
sentence_transformer_logistic,Sentence Transformer + Logistic Regression,MHxPC130509019,0,0,0.025739
sentence_transformer_logistic,Sentence Transformer + Logistic Regression,MHxPC130524248,0,0,0.041894
sentence_transformer_logistic,Sentence Transformer + Logistic Regression,MHxPC130125404,0,0,0.334552
sentence_transformer_logistic,Sentence Transformer + Logistic Regression,MHxPC130087874,0,0,0.03299
sentence_transformer_logistic,Sentence Transformer + Logistic Regression,MHxPC130427196,0,0,0.294767
sentence_transformer_logistic,Sentence Transformer + Logistic Regression,MHxPC130266559,0,0,0.241369
sentence_transformer_logistic,Sentence Transformer + Logistic Regression,MHxPC130199722,0,0,0.035318
sentence_transformer_logistic,Sentence Transformer + Logistic Regression,MHxPC130434745,0,0,0.018896
sentence_transformer_logistic,Sentence Transformer + Logistic Regression,MHxPC130394934,0,0,0.359469
sentence_transformer_logistic,Sentence Transformer + Logistic Regression,MHxPC130044133,0,0,0.548156
sentence_transformer_logistic,Sentence Transformer + Logistic Regression,MHxPC130359714,0,0,0.027185
sentence_transformer_logistic,Sentence Transformer + Logistic Regression,MHxPC130560569,0,0,0.379509
sentence_transformer_logistic,Sentence Transformer + Logistic Regression,MHxPC130499847,0,0,0.025739
sentence_transformer_logistic,Sentence Transformer + Logistic Regression,MHxPC130371864,0,0,0.034905
sentence_transformer_logistic,Sentence Transformer + Logistic Regression,MHxPC130020920,0,0,0.045776
sentence_transformer_logistic,Sentence Transformer + Logistic Regression,MHxPC130152633,0,0,0.356372
sentence_transformer_logistic,Sentence Transformer + Logistic Regression,MHxPC130057445,0,0,0.481542
sentence_transformer_logistic,Sentence Transformer + Logistic Regression,MHxPC130272019,0,0,0.124305
sentence_transformer_logistic,Sentence Transformer + Logistic Regression,MHxPC130299163,0,0,0.035318
sentence_transformer_logistic,Sentence Transformer + Logistic Regression,MHxPC130541622,0,1,0.95027
sentence_transformer_logistic,Sentence Transformer + Logistic Regression,MHxPC130310092,0,0,0.035318
sentence_transformer_logistic,Sentence Transformer + Logistic Regression,MHxPC130229272,0,0,0.038593
sentence_transformer_logistic,Sentence Transformer + Logistic Regression,MHxPC130078020,1,0,0.550439
sentence_transformer_logistic,Sentence Transformer + Logistic Regression,MHxPC130403848,0,0,0.028791
sentence_transformer_logistic,Sentence Transformer + Logistic Regression,MHxPC130459467,0,0,0.348809
sentence_transformer_logistic,Sentence Transformer + Logistic Regression,MHxPC130392461,0,0,0.034905
sentence_transformer_logistic,Sentence Transformer + Logistic Regression,MHxPC130132423,0,0,0.553683
sentence_transformer_logistic,Sentence Transformer + Logistic Regression,MHxPC130567945,0,0,0.066223
sentence_transformer_logistic,Sentence Transformer + Logistic Regression,MHxPC130086720,0,0,0.038593
sentence_transformer_logistic,Sentence Transformer + Logistic Regression,MHxPC130084325,0,0,0.298655
sentence_transformer_logistic,Sentence Transformer + Logistic Regression,MHxPC130440171,0,0,0.5753
sentence_transformer_logistic,Sentence Transformer + Logistic Regression,MHxPC130136501,0,0,0.035318
sentence_transformer_logistic,Sentence Transformer + Logistic Regression,MHxPC130469216,0,0,0.223954
sentence_transformer_logistic,Sentence Transformer + Logistic Regression,MHxPC130182893,0,1,0.792197
sentence_transformer_logistic,Sentence Transformer + Logistic Regression,MHxPC130326238,0,0,0.029584
sentence_transformer_logistic,Sentence Transformer + Logistic Regression,MHxPC130035030,0,0,0.034969
sentence_transformer_logistic,Sentence Transformer + Logistic Regression,MHxPC130156516,0,0,0.355035
sentence_transformer_logistic,Sentence Transformer + Logistic Regression,MHxPC130231007,0,0,0.341763
sentence_transformer_logistic,Sentence Transformer + Logistic Regression,MHxPC130119029,0,0,0.071039
sentence_transformer_logistic,Sentence Transformer + Logistic Regression,MHxPC130045168,0,0,0.048769
sentence_transformer_logistic,Sentence Transformer + Logistic Regression,MHxPC130442583,0,0,0.415582
sentence_transformer_logistic,Sentence Transformer + Logistic Regression,MHxPC130388995,0,0,0.051954
sentence_transformer_logistic,Sentence Transformer + Logistic Regression,MHxPC130209242,0,0,0.025739
sentence_transformer_logistic,Sentence Transformer + Logistic Regression,MHxPC130222823,0,1,0.813403
sentence_transformer_logistic,Sentence Transformer + Logistic Regression,MHxPC130233488,0,0,0.051954
sentence_transformer_logistic,Sentence Transformer + Logistic Regression,MHxPC130082003,0,0,0.025739
sentence_transformer_logistic,Sentence Transformer + Logistic Regression,MHxPC130298737,1,1,0.797372
sentence_transformer_logistic,Sentence Transformer + Logistic Regression,MHxPC130395989,0,0,0.025739
sentence_transformer_logistic,Sentence Transformer + Logistic Regression,MHxPC130567710,0,0,0.013753
sentence_transformer_logistic,Sentence Transformer + Logistic Regression,MHxPC130091783,0,0,0.035318
sentence_transformer_logistic,Sentence Transformer + Logistic Regression,MHxPC130314877,0,0,0.041207
sentence_transformer_logistic,Sentence Transformer + Logistic Regression,MHxPC130147508,0,0,0.296331
sentence_transformer_logistic,Sentence Transformer + Logistic Regression,MHxPC130374731,0,0,0.037675
sentence_transformer_logistic,Sentence Transformer + Logistic Regression,MHxPC130579602,0,0,0.028791
sentence_transformer_logistic,Sentence Transformer + Logistic Regression,MHxPC130361338,0,0,0.051125
sentence_transformer_logistic,Sentence Transformer + Logistic Regression,MHxPC130440096,0,0,0.035318
sentence_transformer_logistic,Sentence Transformer + Logistic Regression,MHxPC130475341,0,0,0.041318
sentence_transformer_logistic,Sentence Transformer + Logistic Regression,MHxPC130410989,0,0,0.039382
sentence_transformer_logistic,Sentence Transformer + Logistic Regression,MHxPC130156541,0,0,0.040182
sentence_transformer_logistic,Sentence Transformer + Logistic Regression,MHxPC130110306,0,0,0.319282
sentence_transformer_logistic,Sentence Transformer + Logistic Regression,MHxPC130454961,0,0,0.025739
sentence_transformer_logistic,Sentence Transformer + Logistic Regression,MHxPC130000160,0,0,0.034905
sentence_transformer_logistic,Sentence Transformer + Logistic Regression,MHxPC130090389,0,0,0.045776
sentence_transformer_logistic,Sentence Transformer + Logistic Regression,MHxPC130123365,0,0,0.612009
sentence_transformer_logistic,Sentence Transformer + Logistic Regression,MHxPC130171705,0,0,0.027883
sentence_transformer_logistic,Sentence Transformer + Logistic Regression,MHxPC130360405,0,0,0.178044
sentence_transformer_logistic,Sentence Transformer + Logistic Regression,MHxPC130504554,0,0,0.384385
sentence_transformer_logistic,Sentence Transformer + Logistic Regression,MHxPC130402630,0,0,0.025739
sentence_transformer_logistic,Sentence Transformer + Logistic Regression,MHxPC130084775,0,0,0.158321
sentence_transformer_logistic,Sentence Transformer + Logistic Regression,MHxPC130587954,0,0,0.034885
sentence_transformer_logistic,Sentence Transformer + Logistic Regression,MHxPC130168189,0,0,0.03299
sentence_transformer_logistic,Sentence Transformer + Logistic Regression,MHxPC130595533,0,0,0.679569
sentence_transformer_logistic,Sentence Transformer + Logistic Regression,MHxPC130144680,0,0,0.502205
sentence_transformer_logistic,Sentence Transformer + Logistic Regression,MHxPC130408825,0,0,0.460107
sentence_transformer_logistic,Sentence Transformer + Logistic Regression,MHxPC130297912,0,0,0.133369
sentence_transformer_logistic,Sentence Transformer + Logistic Regression,MHxPC130351600,0,0,0.028791
sentence_transformer_logistic,Sentence Transformer + Logistic Regression,MHxPC130180808,0,0,0.421129
sentence_transformer_logistic,Sentence Transformer + Logistic Regression,MHxPC130130289,0,0,0.461271
sentence_transformer_logistic,Sentence Transformer + Logistic Regression,MHxPC130424901,0,1,0.779498
sentence_transformer_logistic,Sentence Transformer + Logistic Regression,MHxPC130140504,0,0,0.414351
sentence_transformer_logistic,Sentence Transformer + Logistic Regression,MHxPC130328127,0,0,0.684984
sentence_transformer_logistic,Sentence Transformer + Logistic Regression,MHxPC130517048,0,0,0.022396
sentence_transformer_logistic,Sentence Transformer + Logistic Regression,MHxPC130471619,0,0,0.215879
sentence_transformer_logistic,Sentence Transformer + Logistic Regression,MHxPC130091756,0,0,0.027185
sentence_transformer_logistic,Sentence Transformer + Logistic Regression,MHxPC130352157,0,0,0.177383
sentence_transformer_logistic,Sentence Transformer + Logistic Regression,MHxPC130148323,0,0,0.17913
sentence_transformer_logistic,Sentence Transformer + Logistic Regression,MHxPC130300970,0,0,0.407077
sentence_transformer_logistic,Sentence Transformer + Logistic Regression,MHxPC130571040,0,0,0.212627
sentence_transformer_logistic,Sentence Transformer + Logistic Regression,MHxPC130315864,0,0,0.681296
sentence_transformer_logistic,Sentence Transformer + Logistic Regression,MHxPC130460571,0,0,0.025739
sentence_transformer_logistic,Sentence Transformer + Logistic Regression,MHxPC130467513,0,0,0.187112
sentence_transformer_logistic,Sentence Transformer + Logistic Regression,MHxPC130159836,0,0,0.025739
sentence_transformer_logistic,Sentence Transformer + Logistic Regression,MHxPC130319725,0,0,0.038593
sentence_transformer_logistic,Sentence Transformer + Logistic Regression,MHxPC130149576,0,0,0.028791
sentence_transformer_logistic,Sentence Transformer + Logistic Regression,MHxPC130499885,0,0,0.025739
sentence_transformer_logistic,Sentence Transformer + Logistic Regression,MHxPC130212966,0,0,0.32688
sentence_transformer_logistic,Sentence Transformer + Logistic Regression,MHxPC130525123,0,0,0.025739
sentence_transformer_logistic,Sentence Transformer + Logistic Regression,MHxPC130339172,0,0,0.304956
sentence_transformer_logistic,Sentence Transformer + Logistic Regression,MHxPC130325557,0,0,0.173277
sentence_transformer_logistic,Sentence Transformer + Logistic Regression,MHxPC130088148,0,0,0.041665
sentence_transformer_logistic,Sentence Transformer + Logistic Regression,MHxPC130453436,0,0,0.450403
sentence_transformer_logistic,Sentence Transformer + Logistic Regression,MHxPC130174686,0,0,0.034905
sentence_transformer_logistic,Sentence Transformer + Logistic Regression,MHxPC130591627,0,0,0.33357
sentence_transformer_logistic,Sentence Transformer + Logistic Regression,MHxPC130545997,0,0,0.035318
sentence_transformer_logistic,Sentence Transformer + Logistic Regression,MHxPC130337746,0,0,0.034905
sentence_transformer_logistic,Sentence Transformer + Logistic Regression,MHxPC130111838,0,0,0.03299
sentence_transformer_logistic,Sentence Transformer + Logistic Regression,MHxPC130085902,0,0,0.065121
sentence_transformer_logistic,Sentence Transformer + Logistic Regression,MHxPC130526336,0,0,0.59938
sentence_transformer_logistic,Sentence Transformer + Logistic Regression,MHxPC130486519,0,0,0.321632
sentence_transformer_logistic,Sentence Transformer + Logistic Regression,MHxPC130285235,0,0,0.168754
sentence_transformer_logistic,Sentence Transformer + Logistic Regression,MHxPC130411664,0,0,0.016235
sentence_transformer_logistic,Sentence Transformer + Logistic Regression,MHxPC130436683,0,0,0.038204
sentence_transformer_logistic,Sentence Transformer + Logistic Regression,MHxPC130380789,0,0,0.025739
sentence_transformer_logistic,Sentence Transformer + Logistic Regression,MHxPC130169370,0,0,0.035318
sentence_transformer_logistic,Sentence Transformer + Logistic Regression,MHxPC130285555,0,0,0.092509
sentence_transformer_logistic,Sentence Transformer + Logistic Regression,MHxPC130001565,0,0,0.374475
sentence_transformer_logistic,Sentence Transformer + Logistic Regression,MHxPC130001892,0,0,0.050596
sentence_transformer_logistic,Sentence Transformer + Logistic Regression,MHxPC130169397,0,1,0.846764
sentence_transformer_logistic,Sentence Transformer + Logistic Regression,MHxPC130155244,0,0,0.025739
sentence_transformer_logistic,Sentence Transformer + Logistic Regression,MHxPC130533719,0,0,0.59134
sentence_transformer_logistic,Sentence Transformer + Logistic Regression,MHxPC130122957,0,0,0.472524
sentence_transformer_logistic,Sentence Transformer + Logistic Regression,MHxPC130296647,0,0,0.40051
sentence_transformer_logistic,Sentence Transformer + Logistic Regression,MHxPC130582162,0,0,0.592659
sentence_transformer_logistic,Sentence Transformer + Logistic Regression,MHxPC130152682,0,0,0.025739
sentence_transformer_logistic,Sentence Transformer + Logistic Regression,MHxPC130139312,0,0,0.501181
sentence_transformer_logistic,Sentence Transformer + Logistic Regression,MHxPC130102506,0,0,0.013753
sentence_transformer_logistic,Sentence Transformer + Logistic Regression,MHxPC130460438,0,0,0.039028
sentence_transformer_logistic,Sentence Transformer + Logistic Regression,MHxPC130195218,0,0,0.035318
sentence_transformer_logistic,Sentence Transformer + Logistic Regression,MHxPC130576263,0,0,0.295711
sentence_transformer_logistic,Sentence Transformer + Logistic Regression,MHxPC130528844,0,0,0.177596
sentence_transformer_logistic,Sentence Transformer + Logistic Regression,MHxPC130589507,0,0,0.025739
sentence_transformer_logistic,Sentence Transformer + Logistic Regression,MHxPC130296936,0,0,0.025739
sentence_transformer_logistic,Sentence Transformer + Logistic Regression,MHxPC130318426,1,1,0.876437
sentence_transformer_logistic,Sentence Transformer + Logistic Regression,MHxPC130039658,0,0,0.118546
sentence_transformer_logistic,Sentence Transformer + Logistic Regression,MHxPC130524942,1,0,0.357156
sentence_transformer_logistic,Sentence Transformer + Logistic Regression,MHxPC130440815,0,0,0.068865
sentence_transformer_logistic,Sentence Transformer + Logistic Regression,MHxPC130497376,0,0,0.028791
sentence_transformer_logistic,Sentence Transformer + Logistic Regression,MHxPC130419112,0,0,0.123671
sentence_transformer_logistic,Sentence Transformer + Logistic Regression,MHxPC130477921,0,0,0.065838
sentence_transformer_logistic,Sentence Transformer + Logistic Regression,MHxPC130399017,0,0,0.183589
sentence_transformer_logistic,Sentence Transformer + Logistic Regression,MHxPC130448050,0,0,0.030165
sentence_transformer_logistic,Sentence Transformer + Logistic Regression,MHxPC130184163,0,0,0.137615
sentence_transformer_logistic,Sentence Transformer + Logistic Regression,MHxPC130009380,0,0,0.03299
sentence_transformer_logistic,Sentence Transformer + Logistic Regression,MHxPC130167655,0,1,0.788677
sentence_transformer_logistic,Sentence Transformer + Logistic Regression,MHxPC130000457,0,0,0.2013
sentence_transformer_logistic,Sentence Transformer + Logistic Regression,MHxPC130162621,0,0,0.035318
sentence_transformer_logistic,Sentence Transformer + Logistic Regression,MHxPC130077465,0,0,0.038593
sentence_transformer_logistic,Sentence Transformer + Logistic Regression,MHxPC130433986,0,0,0.034905
sentence_transformer_logistic,Sentence Transformer + Logistic Regression,MHxPC130511814,0,0,0.035318
sentence_transformer_logistic,Sentence Transformer + Logistic Regression,MHxPC130474416,0,0,0.313849
sentence_transformer_logistic,Sentence Transformer + Logistic Regression,MHxPC130556569,0,0,0.03299
sentence_transformer_logistic,Sentence Transformer + Logistic Regression,MHxPC130504522,0,0,0.180929
sentence_transformer_logistic,Sentence Transformer + Logistic Regression,MHxPC130089907,0,0,0.0655
sentence_transformer_logistic,Sentence Transformer + Logistic Regression,MHxPC130415822,0,0,0.025739
sentence_transformer_logistic,Sentence Transformer + Logistic Regression,MHxPC130382287,1,1,0.874346
sentence_transformer_logistic,Sentence Transformer + Logistic Regression,MHxPC130277929,0,0,0.034905
sentence_transformer_logistic,Sentence Transformer + Logistic Regression,MHxPC130059426,0,0,0.025739
sentence_transformer_logistic,Sentence Transformer + Logistic Regression,MHxPC130078781,0,0,0.035318
sentence_transformer_logistic,Sentence Transformer + Logistic Regression,MHxPC130108075,0,0,0.025739
sentence_transformer_logistic,Sentence Transformer + Logistic Regression,MHxPC130467400,0,0,0.013753
sentence_transformer_logistic,Sentence Transformer + Logistic Regression,MHxPC130236453,0,1,0.811392
sentence_transformer_logistic,Sentence Transformer + Logistic Regression,MHxPC130131621,0,0,0.604573
sentence_transformer_logistic,Sentence Transformer + Logistic Regression,MHxPC130415742,0,0,0.039028
sentence_transformer_logistic,Sentence Transformer + Logistic Regression,MHxPC130283383,0,0,0.268309
sentence_transformer_logistic,Sentence Transformer + Logistic Regression,MHxPC130199684,0,0,0.059374
sentence_transformer_logistic,Sentence Transformer + Logistic Regression,MHxPC130551822,0,0,0.029584
sentence_transformer_logistic,Sentence Transformer + Logistic Regression,MHxPC130231841,0,0,0.051893
sentence_transformer_logistic,Sentence Transformer + Logistic Regression,MHxPC130048410,0,0,0.321486
sentence_transformer_logistic,Sentence Transformer + Logistic Regression,MHxPC130113435,0,0,0.089977
sentence_transformer_logistic,Sentence Transformer + Logistic Regression,MHxPC130067965,0,1,0.935896
sentence_transformer_logistic,Sentence Transformer + Logistic Regression,MHxPC130284597,0,0,0.346244
sentence_transformer_logistic,Sentence Transformer + Logistic Regression,MHxPC130016097,0,0,0.292527
sentence_transformer_logistic,Sentence Transformer + Logistic Regression,MHxPC130454747,0,0,0.025739
sentence_transformer_logistic,Sentence Transformer + Logistic Regression,MHxPC130067230,0,0,0.116679
sentence_transformer_logistic,Sentence Transformer + Logistic Regression,MHxPC130452549,0,0,0.014761
sentence_transformer_logistic,Sentence Transformer + Logistic Regression,MHxPC130167844,0,0,0.03299
sentence_transformer_logistic,Sentence Transformer + Logistic Regression,MHxPC130263528,0,0,0.177374
sentence_transformer_logistic,Sentence Transformer + Logistic Regression,MHxPC130048225,0,0,0.323396
sentence_transformer_logistic,Sentence Transformer + Logistic Regression,MHxPC130405024,0,0,0.400002
sentence_transformer_logistic,Sentence Transformer + Logistic Regression,MHxPC130589259,1,1,0.823223
sentence_transformer_logistic,Sentence Transformer + Logistic Regression,MHxPC130097754,0,0,0.463854
sentence_transformer_logistic,Sentence Transformer + Logistic Regression,MHxPC130473609,0,0,0.028791
sentence_transformer_logistic,Sentence Transformer + Logistic Regression,MHxPC130387006,0,0,0.025739
sentence_transformer_logistic,Sentence Transformer + Logistic Regression,MHxPC130292094,0,0,0.698011
sentence_transformer_logistic,Sentence Transformer + Logistic Regression,MHxPC130111058,0,0,0.550085
sentence_transformer_logistic,Sentence Transformer + Logistic Regression,MHxPC130335524,0,0,0.035318
sentence_transformer_logistic,Sentence Transformer + Logistic Regression,MHxPC130370193,0,0,0.076322
sentence_transformer_logistic,Sentence Transformer + Logistic Regression,MHxPC130321975,0,0,0.051893
sentence_transformer_logistic,Sentence Transformer + Logistic Regression,MHxPC130228368,0,0,0.05809
sentence_transformer_logistic,Sentence Transformer + Logistic Regression,MHxPC130224653,0,0,0.019976
sentence_transformer_logistic,Sentence Transformer + Logistic Regression,MHxPC130548357,0,0,0.509584
sentence_transformer_logistic,Sentence Transformer + Logistic Regression,MHxPC130180813,0,0,0.093757
sentence_transformer_logistic,Sentence Transformer + Logistic Regression,MHxPC130064463,0,0,0.03299
sentence_transformer_logistic,Sentence Transformer + Logistic Regression,MHxPC130198649,0,0,0.025739
sentence_transformer_logistic,Sentence Transformer + Logistic Regression,MHxPC130104911,0,0,0.283356
sentence_transformer_logistic,Sentence Transformer + Logistic Regression,MHxPC130071941,1,1,0.799355
sentence_transformer_logistic,Sentence Transformer + Logistic Regression,MHxPC130071683,0,0,0.580625
sentence_transformer_logistic,Sentence Transformer + Logistic Regression,MHxPC130554942,0,0,0.541943
sentence_transformer_logistic,Sentence Transformer + Logistic Regression,MHxPC130264174,0,0,0.038593
sentence_transformer_logistic,Sentence Transformer + Logistic Regression,MHxPC130120453,0,0,0.029584
sentence_transformer_logistic,Sentence Transformer + Logistic Regression,MHxPC130141442,0,0,0.437156
sentence_transformer_logistic,Sentence Transformer + Logistic Regression,MHxPC130253939,0,0,0.035318
sentence_transformer_logistic,Sentence Transformer + Logistic Regression,MHxPC130073170,0,0,0.451217
sentence_transformer_logistic,Sentence Transformer + Logistic Regression,MHxPC130091932,0,0,0.050596
sentence_transformer_logistic,Sentence Transformer + Logistic Regression,MHxPC130231699,0,0,0.235083
sentence_transformer_logistic,Sentence Transformer + Logistic Regression,MHxPC130503158,0,0,0.308374
sentence_transformer_logistic,Sentence Transformer + Logistic Regression,MHxPC130436119,0,0,0.576547
sentence_transformer_logistic,Sentence Transformer + Logistic Regression,MHxPC130112417,0,0,0.025739
sentence_transformer_logistic,Sentence Transformer + Logistic Regression,MHxPC130227752,1,0,0.625875
sentence_transformer_logistic,Sentence Transformer + Logistic Regression,MHxPC130026382,0,1,0.911685
sentence_transformer_logistic,Sentence Transformer + Logistic Regression,MHxPC130428704,0,0,0.061203
sentence_transformer_logistic,Sentence Transformer + Logistic Regression,MHxPC130476570,0,0,0.608953
sentence_transformer_logistic,Sentence Transformer + Logistic Regression,MHxPC130428315,0,0,0.028688
sentence_transformer_logistic,Sentence Transformer + Logistic Regression,MHxPC130491824,0,0,0.035318
sentence_transformer_logistic,Sentence Transformer + Logistic Regression,MHxPC130307733,0,0,0.013753
sentence_transformer_logistic,Sentence Transformer + Logistic Regression,MHxPC130285620,0,0,0.025739
sentence_transformer_logistic,Sentence Transformer + Logistic Regression,MHxPC130149485,0,0,0.083185
sentence_transformer_logistic,Sentence Transformer + Logistic Regression,MHxPC130025426,0,0,0.348207
sentence_transformer_logistic,Sentence Transformer + Logistic Regression,MHxPC130229327,0,0,0.215599
sentence_transformer_logistic,Sentence Transformer + Logistic Regression,MHxPC130338131,0,0,0.668622
sentence_transformer_logistic,Sentence Transformer + Logistic Regression,MHxPC130298904,1,1,0.806514
sentence_transformer_logistic,Sentence Transformer + Logistic Regression,MHxPC130355725,0,0,0.170769
sentence_transformer_logistic,Sentence Transformer + Logistic Regression,MHxPC130244175,0,0,0.401694
sentence_transformer_logistic,Sentence Transformer + Logistic Regression,MHxPC130347551,0,0,0.032337
sentence_transformer_logistic,Sentence Transformer + Logistic Regression,MHxPC130528109,0,1,0.83061
sentence_transformer_logistic,Sentence Transformer + Logistic Regression,MHxPC130058355,0,0,0.025739
sentence_transformer_logistic,Sentence Transformer + Logistic Regression,MHxPC130067252,0,0,0.411493
sentence_transformer_logistic,Sentence Transformer + Logistic Regression,MHxPC130309055,0,0,0.034905
sentence_transformer_logistic,Sentence Transformer + Logistic Regression,MHxPC130241827,0,0,0.086395
sentence_transformer_logistic,Sentence Transformer + Logistic Regression,MHxPC130264902,0,0,0.406794
sentence_transformer_logistic,Sentence Transformer + Logistic Regression,MHxPC130261355,0,0,0.416454
sentence_transformer_logistic,Sentence Transformer + Logistic Regression,MHxPC130347354,0,0,0.028791
sentence_transformer_logistic,Sentence Transformer + Logistic Regression,MHxPC130017954,1,1,0.815843
sentence_transformer_logistic,Sentence Transformer + Logistic Regression,MHxPC130549592,0,0,0.034905
sentence_transformer_logistic,Sentence Transformer + Logistic Regression,MHxPC130537543,0,0,0.394802
sentence_transformer_logistic,Sentence Transformer + Logistic Regression,MHxPC130309252,0,0,0.039028
sentence_transformer_logistic,Sentence Transformer + Logistic Regression,MHxPC130456637,0,0,0.025739
sentence_transformer_logistic,Sentence Transformer + Logistic Regression,MHxPC130108672,0,0,0.237605
sentence_transformer_logistic,Sentence Transformer + Logistic Regression,MHxPC130423759,0,0,0.026071
sentence_transformer_logistic,Sentence Transformer + Logistic Regression,MHxPC130138486,0,0,0.075738
sentence_transformer_logistic,Sentence Transformer + Logistic Regression,MHxPC130091807,1,1,0.971481
sentence_transformer_logistic,Sentence Transformer + Logistic Regression,MHxPC130377976,0,0,0.035318
sentence_transformer_logistic,Sentence Transformer + Logistic Regression,MHxPC130449808,0,0,0.132831
sentence_transformer_logistic,Sentence Transformer + Logistic Regression,MHxPC130504772,0,0,0.013753
sentence_transformer_logistic,Sentence Transformer + Logistic Regression,MHxPC130313988,0,0,0.025739
sentence_transformer_logistic,Sentence Transformer + Logistic Regression,MHxPC130444647,0,0,0.197531
sentence_transformer_logistic,Sentence Transformer + Logistic Regression,MHxPC130538474,0,0,0.041894
sentence_transformer_logistic,Sentence Transformer + Logistic Regression,MHxPC130097500,0,0,0.034905
sentence_transformer_logistic,Sentence Transformer + Logistic Regression,MHxPC130168553,0,0,0.025739
sentence_transformer_logistic,Sentence Transformer + Logistic Regression,MHxPC130252278,0,0,0.025739
sentence_transformer_logistic,Sentence Transformer + Logistic Regression,MHxPC130127500,0,0,0.03299
sentence_transformer_logistic,Sentence Transformer + Logistic Regression,MHxPC130375716,0,0,0.038593
sentence_transformer_logistic,Sentence Transformer + Logistic Regression,MHxPC130597425,0,0,0.03299
sentence_transformer_logistic,Sentence Transformer + Logistic Regression,MHxPC130012704,0,0,0.025739
sentence_transformer_logistic,Sentence Transformer + Logistic Regression,MHxPC130582173,0,0,0.305058
sentence_transformer_logistic,Sentence Transformer + Logistic Regression,MHxPC130430850,0,1,0.81895
sentence_transformer_logistic,Sentence Transformer + Logistic Regression,MHxPC130191538,0,0,0.035318
sentence_transformer_logistic,Sentence Transformer + Logistic Regression,MHxPC130329207,0,0,0.323333
sentence_transformer_logistic,Sentence Transformer + Logistic Regression,MHxPC130434264,0,0,0.03299
sentence_transformer_logistic,Sentence Transformer + Logistic Regression,MHxPC130081483,0,0,0.035318
sentence_transformer_logistic,Sentence Transformer + Logistic Regression,MHxPC130398826,0,0,0.028791
sentence_transformer_logistic,Sentence Transformer + Logistic Regression,MHxPC130012062,0,0,0.025739
sentence_transformer_logistic,Sentence Transformer + Logistic Regression,MHxPC130338999,0,0,0.088407
sentence_transformer_logistic,Sentence Transformer + Logistic Regression,MHxPC130329146,0,0,0.051125
sentence_transformer_logistic,Sentence Transformer + Logistic Regression,MHxPC130271534,0,0,0.03299
sentence_transformer_logistic,Sentence Transformer + Logistic Regression,MHxPC130352909,0,0,0.03299
sentence_transformer_logistic,Sentence Transformer + Logistic Regression,MHxPC130558021,0,0,0.185776
sentence_transformer_logistic,Sentence Transformer + Logistic Regression,MHxPC130292715,0,0,0.47752
sentence_transformer_logistic,Sentence Transformer + Logistic Regression,MHxPC130143785,1,1,0.848942
sentence_transformer_logistic,Sentence Transformer + Logistic Regression,MHxPC130376677,0,0,0.018963
sentence_transformer_logistic,Sentence Transformer + Logistic Regression,MHxPC130101129,0,0,0.025739
sentence_transformer_logistic,Sentence Transformer + Logistic Regression,MHxPC130453853,0,1,0.92225
sentence_transformer_logistic,Sentence Transformer + Logistic Regression,MHxPC130028946,0,0,0.171137
sentence_transformer_logistic,Sentence Transformer + Logistic Regression,MHxPC130554727,0,0,0.088362
sentence_transformer_logistic,Sentence Transformer + Logistic Regression,MHxPC130176507,0,0,0.340898
sentence_transformer_logistic,Sentence Transformer + Logistic Regression,MHxPC130176527,0,0,0.401166
sentence_transformer_logistic,Sentence Transformer + Logistic Regression,MHxPC130553369,1,1,0.902646
sentence_transformer_logistic,Sentence Transformer + Logistic Regression,MHxPC130253951,0,1,0.777411
sentence_transformer_logistic,Sentence Transformer + Logistic Regression,MHxPC130135320,0,0,0.552782
sentence_transformer_logistic,Sentence Transformer + Logistic Regression,MHxPC130026240,0,0,0.589673
sentence_transformer_logistic,Sentence Transformer + Logistic Regression,MHxPC130374056,0,0,0.50109
sentence_transformer_logistic,Sentence Transformer + Logistic Regression,MHxPC130331722,0,0,0.025739
sentence_transformer_logistic,Sentence Transformer + Logistic Regression,MHxPC130367672,0,0,0.051125
sentence_transformer_logistic,Sentence Transformer + Logistic Regression,MHxPC130392239,0,0,0.367496
sentence_transformer_logistic,Sentence Transformer + Logistic Regression,MHxPC130483787,0,0,0.025739
sentence_transformer_logistic,Sentence Transformer + Logistic Regression,MHxPC130189756,0,0,0.1988
sentence_transformer_logistic,Sentence Transformer + Logistic Regression,MHxPC130489979,0,0,0.025739
sentence_transformer_logistic,Sentence Transformer + Logistic Regression,MHxPC130574651,0,0,0.03299
sentence_transformer_logistic,Sentence Transformer + Logistic Regression,MHxPC130055963,0,0,0.081639
sentence_transformer_logistic,Sentence Transformer + Logistic Regression,MHxPC130515217,0,0,0.025739
sentence_transformer_logistic,Sentence Transformer + Logistic Regression,MHxPC130420347,0,0,0.025739
sentence_transformer_logistic,Sentence Transformer + Logistic Regression,MHxPC130010583,0,0,0.145527
sentence_transformer_logistic,Sentence Transformer + Logistic Regression,MHxPC130146083,0,0,0.432848
sentence_transformer_logistic,Sentence Transformer + Logistic Regression,MHxPC130355883,0,0,0.067791
sentence_transformer_logistic,Sentence Transformer + Logistic Regression,MHxPC130593341,0,1,0.84559
sentence_transformer_logistic,Sentence Transformer + Logistic Regression,MHxPC130317240,0,0,0.290791
sentence_transformer_logistic,Sentence Transformer + Logistic Regression,MHxPC130434430,0,0,0.138206
sentence_transformer_logistic,Sentence Transformer + Logistic Regression,MHxPC130472439,0,0,0.035318
sentence_transformer_logistic,Sentence Transformer + Logistic Regression,MHxPC130238703,0,0,0.034905
sentence_transformer_logistic,Sentence Transformer + Logistic Regression,MHxPC130091580,0,0,0.33972
sentence_transformer_logistic,Sentence Transformer + Logistic Regression,MHxPC130447502,0,0,0.025739
sentence_transformer_logistic,Sentence Transformer + Logistic Regression,MHxPC130590165,0,0,0.034905
sentence_transformer_logistic,Sentence Transformer + Logistic Regression,MHxPC130217413,0,0,0.118546
sentence_transformer_logistic,Sentence Transformer + Logistic Regression,MHxPC130337220,0,0,0.428495
sentence_transformer_logistic,Sentence Transformer + Logistic Regression,MHxPC130262895,0,0,0.082276
sentence_transformer_logistic,Sentence Transformer + Logistic Regression,MHxPC130358124,0,0,0.034905
sentence_transformer_logistic,Sentence Transformer + Logistic Regression,MHxPC130387128,0,0,0.025739
sentence_transformer_logistic,Sentence Transformer + Logistic Regression,MHxPC130368129,0,0,0.025739
sentence_transformer_logistic,Sentence Transformer + Logistic Regression,MHxPC130281991,0,0,0.025739
sentence_transformer_logistic,Sentence Transformer + Logistic Regression,MHxPC130177216,0,0,0.022396
sentence_transformer_logistic,Sentence Transformer + Logistic Regression,MHxPC130508311,0,0,0.078549
sentence_transformer_logistic,Sentence Transformer + Logistic Regression,MHxPC130210216,1,1,0.913963
sentence_transformer_logistic,Sentence Transformer + Logistic Regression,MHxPC130570019,0,0,0.076338
sentence_transformer_logistic,Sentence Transformer + Logistic Regression,MHxPC130381974,0,0,0.069964
sentence_transformer_logistic,Sentence Transformer + Logistic Regression,MHxPC130569284,0,0,0.025739
sentence_transformer_logistic,Sentence Transformer + Logistic Regression,MHxPC130505831,0,0,0.025739
sentence_transformer_logistic,Sentence Transformer + Logistic Regression,MHxPC130523383,0,0,0.436746
sentence_transformer_logistic,Sentence Transformer + Logistic Regression,MHxPC130481250,1,0,0.756157
sentence_transformer_logistic,Sentence Transformer + Logistic Regression,MHxPC130309811,0,0,0.240295
sentence_transformer_logistic,Sentence Transformer + Logistic Regression,MHxPC130462083,0,0,0.050596
sentence_transformer_logistic,Sentence Transformer + Logistic Regression,MHxPC130287237,0,0,0.016235
sentence_transformer_logistic,Sentence Transformer + Logistic Regression,MHxPC130204683,0,0,0.021157
sentence_transformer_logistic,Sentence Transformer + Logistic Regression,MHxPC130467599,0,0,0.035889
sentence_transformer_logistic,Sentence Transformer + Logistic Regression,MHxPC130158389,0,0,0.605589
sentence_transformer_logistic,Sentence Transformer + Logistic Regression,MHxPC130446424,0,0,0.02376
sentence_transformer_logistic,Sentence Transformer + Logistic Regression,MHxPC130120210,0,0,0.460103
sentence_transformer_logistic,Sentence Transformer + Logistic Regression,MHxPC130047375,0,0,0.025739
sentence_transformer_logistic,Sentence Transformer + Logistic Regression,MHxPC130548304,0,0,0.336042
sentence_transformer_logistic,Sentence Transformer + Logistic Regression,MHxPC130192248,0,0,0.035318
sentence_transformer_logistic,Sentence Transformer + Logistic Regression,MHxPC130030247,0,0,0.141601
sentence_transformer_logistic,Sentence Transformer + Logistic Regression,MHxPC130151288,0,0,0.03299
sentence_transformer_logistic,Sentence Transformer + Logistic Regression,MHxPC130099039,0,0,0.025739
sentence_transformer_logistic,Sentence Transformer + Logistic Regression,MHxPC130363060,0,0,0.038593
sentence_transformer_logistic,Sentence Transformer + Logistic Regression,MHxPC130481147,0,0,0.025739
sentence_transformer_logistic,Sentence Transformer + Logistic Regression,MHxPC130340906,0,0,0.025739
sentence_transformer_logistic,Sentence Transformer + Logistic Regression,MHxPC130035619,0,0,0.291221
sentence_transformer_logistic,Sentence Transformer + Logistic Regression,MHxPC130128929,0,0,0.019976
sentence_transformer_logistic,Sentence Transformer + Logistic Regression,MHxPC130587252,0,1,0.783565
sentence_transformer_logistic,Sentence Transformer + Logistic Regression,MHxPC130463376,0,0,0.066067
sentence_transformer_logistic,Sentence Transformer + Logistic Regression,MHxPC130349286,0,0,0.038593
sentence_transformer_logistic,Sentence Transformer + Logistic Regression,MHxPC130587025,0,0,0.547308
sentence_transformer_logistic,Sentence Transformer + Logistic Regression,MHxPC130564419,0,0,0.048769
sentence_transformer_logistic,Sentence Transformer + Logistic Regression,MHxPC130405743,0,0,0.203908
sentence_transformer_logistic,Sentence Transformer + Logistic Regression,MHxPC130590304,0,0,0.049484
sentence_transformer_logistic,Sentence Transformer + Logistic Regression,MHxPC130499870,0,0,0.271628
sentence_transformer_logistic,Sentence Transformer + Logistic Regression,MHxPC130354966,0,0,0.03299
sentence_transformer_logistic,Sentence Transformer + Logistic Regression,MHxPC130589996,0,0,0.024381
sentence_transformer_logistic,Sentence Transformer + Logistic Regression,MHxPC130314952,0,0,0.051125
sentence_transformer_logistic,Sentence Transformer + Logistic Regression,MHxPC130513483,0,0,0.10761
sentence_transformer_logistic,Sentence Transformer + Logistic Regression,MHxPC130576029,0,1,0.954602
sentence_transformer_logistic,Sentence Transformer + Logistic Regression,MHxPC130597503,0,0,0.076435
sentence_transformer_logistic,Sentence Transformer + Logistic Regression,MHxPC130225032,0,0,0.025739
sentence_transformer_logistic,Sentence Transformer + Logistic Regression,MHxPC130143105,0,0,0.45262
sentence_transformer_logistic,Sentence Transformer + Logistic Regression,MHxPC130593261,0,0,0.140401
sentence_transformer_logistic,Sentence Transformer + Logistic Regression,MHxPC130254299,0,0,0.276505
sentence_transformer_logistic,Sentence Transformer + Logistic Regression,MHxPC130531852,0,0,0.169014
sentence_transformer_logistic,Sentence Transformer + Logistic Regression,MHxPC130438273,0,0,0.035318
sentence_transformer_logistic,Sentence Transformer + Logistic Regression,MHxPC130232493,0,0,0.025739
sentence_transformer_logistic,Sentence Transformer + Logistic Regression,MHxPC130547369,0,0,0.03299
sentence_transformer_logistic,Sentence Transformer + Logistic Regression,MHxPC130317559,0,0,0.025739
sentence_transformer_logistic,Sentence Transformer + Logistic Regression,MHxPC130023849,0,0,0.035318
sentence_transformer_logistic,Sentence Transformer + Logistic Regression,MHxPC130174433,0,0,0.03299
sentence_transformer_logistic,Sentence Transformer + Logistic Regression,MHxPC130128869,0,0,0.03299
sentence_transformer_logistic,Sentence Transformer + Logistic Regression,MHxPC130416486,0,0,0.228871
sentence_transformer_logistic,Sentence Transformer + Logistic Regression,MHxPC130292591,0,0,0.343854
sentence_transformer_logistic,Sentence Transformer + Logistic Regression,MHxPC130094816,0,0,0.388344
sentence_transformer_logistic,Sentence Transformer + Logistic Regression,MHxPC130114802,1,1,0.903241
sentence_transformer_logistic,Sentence Transformer + Logistic Regression,MHxPC130295804,0,0,0.170796
sentence_transformer_logistic,Sentence Transformer + Logistic Regression,MHxPC130406337,0,0,0.063136
sentence_transformer_logistic,Sentence Transformer + Logistic Regression,MHxPC130371218,0,0,0.567025
sentence_transformer_logistic,Sentence Transformer + Logistic Regression,MHxPC130570973,0,0,0.019976
sentence_transformer_logistic,Sentence Transformer + Logistic Regression,MHxPC130138971,0,0,0.03299
sentence_transformer_logistic,Sentence Transformer + Logistic Regression,MHxPC130222445,0,0,0.022396
sentence_transformer_logistic,Sentence Transformer + Logistic Regression,MHxPC130311820,0,0,0.523182
sentence_transformer_logistic,Sentence Transformer + Logistic Regression,MHxPC130507719,0,0,0.025739
sentence_transformer_logistic,Sentence Transformer + Logistic Regression,MHxPC130391804,0,0,0.168847
sentence_transformer_logistic,Sentence Transformer + Logistic Regression,MHxPC130311349,0,0,0.214317
sentence_transformer_logistic,Sentence Transformer + Logistic Regression,MHxPC130317495,0,0,0.025739
sentence_transformer_logistic,Sentence Transformer + Logistic Regression,MHxPC130575673,0,0,0.330885
sentence_transformer_logistic,Sentence Transformer + Logistic Regression,MHxPC130003409,0,0,0.025739
sentence_transformer_logistic,Sentence Transformer + Logistic Regression,MHxPC130565293,0,0,0.086219
sentence_transformer_logistic,Sentence Transformer + Logistic Regression,MHxPC130551195,0,0,0.09818
sentence_transformer_logistic,Sentence Transformer + Logistic Regression,MHxPC130260648,0,0,0.249709
sentence_transformer_logistic,Sentence Transformer + Logistic Regression,MHxPC130443551,0,0,0.025739
sentence_transformer_logistic,Sentence Transformer + Logistic Regression,MHxPC130140327,0,0,0.035318
sentence_transformer_logistic,Sentence Transformer + Logistic Regression,MHxPC130583696,0,0,0.065121
sentence_transformer_logistic,Sentence Transformer + Logistic Regression,MHxPC130340584,0,0,0.03299
sentence_transformer_logistic,Sentence Transformer + Logistic Regression,MHxPC130232864,0,0,0.051125
sentence_transformer_logistic,Sentence Transformer + Logistic Regression,MHxPC130157254,0,0,0.088471
sentence_transformer_logistic,Sentence Transformer + Logistic Regression,MHxPC130031054,0,0,0.025739
sentence_transformer_logistic,Sentence Transformer + Logistic Regression,MHxPC130486176,0,0,0.029584
sentence_transformer_logistic,Sentence Transformer + Logistic Regression,MHxPC130281896,0,0,0.495138
sentence_transformer_logistic,Sentence Transformer + Logistic Regression,MHxPC130028725,0,0,0.117762
sentence_transformer_logistic,Sentence Transformer + Logistic Regression,MHxPC130017212,0,0,0.055002
sentence_transformer_logistic,Sentence Transformer + Logistic Regression,MHxPC130254228,0,0,0.03299
sentence_transformer_logistic,Sentence Transformer + Logistic Regression,MHxPC130244405,0,0,0.03299
sentence_transformer_logistic,Sentence Transformer + Logistic Regression,MHxPC130252485,0,0,0.549856
sentence_transformer_logistic,Sentence Transformer + Logistic Regression,MHxPC130512893,0,0,0.025739
sentence_transformer_logistic,Sentence Transformer + Logistic Regression,MHxPC130031702,0,0,0.147723
sentence_transformer_logistic,Sentence Transformer + Logistic Regression,MHxPC130357897,0,0,0.119393
sentence_transformer_logistic,Sentence Transformer + Logistic Regression,MHxPC130493912,0,0,0.121369
sentence_transformer_logistic,Sentence Transformer + Logistic Regression,MHxPC130340765,0,0,0.173696
sentence_transformer_logistic,Sentence Transformer + Logistic Regression,MHxPC130133510,0,0,0.501108
sentence_transformer_logistic,Sentence Transformer + Logistic Regression,MHxPC130367413,1,1,0.764531
sentence_transformer_logistic,Sentence Transformer + Logistic Regression,MHxPC130284770,0,0,0.051125
sentence_transformer_logistic,Sentence Transformer + Logistic Regression,MHxPC130103580,0,0,0.05137
sentence_transformer_logistic,Sentence Transformer + Logistic Regression,MHxPC130374462,0,0,0.101038
sentence_transformer_logistic,Sentence Transformer + Logistic Regression,MHxPC130126220,1,0,0.589386
sentence_transformer_logistic,Sentence Transformer + Logistic Regression,MHxPC130008594,0,0,0.425312
sentence_transformer_logistic,Sentence Transformer + Logistic Regression,MHxPC130096044,0,0,0.035318
sentence_transformer_logistic,Sentence Transformer + Logistic Regression,MHxPC130560324,0,0,0.03299
sentence_transformer_logistic,Sentence Transformer + Logistic Regression,MHxPC130356963,0,0,0.035318
sentence_transformer_logistic,Sentence Transformer + Logistic Regression,MHxPC130410305,0,0,0.025739
sentence_transformer_logistic,Sentence Transformer + Logistic Regression,MHxPC130541184,0,1,0.917236
sentence_transformer_logistic,Sentence Transformer + Logistic Regression,MHxPC130405176,0,0,0.422437
sentence_transformer_logistic,Sentence Transformer + Logistic Regression,MHxPC130194893,0,0,0.016669
sentence_transformer_logistic,Sentence Transformer + Logistic Regression,MHxPC130295536,0,0,0.518068
sentence_transformer_logistic,Sentence Transformer + Logistic Regression,MHxPC130216570,0,0,0.322908
sentence_transformer_logistic,Sentence Transformer + Logistic Regression,MHxPC130250173,0,0,0.323831
sentence_transformer_logistic,Sentence Transformer + Logistic Regression,MHxPC130597462,0,1,0.949066
sentence_transformer_logistic,Sentence Transformer + Logistic Regression,MHxPC130021341,0,0,0.027883
sentence_transformer_logistic,Sentence Transformer + Logistic Regression,MHxPC130175841,0,0,0.034905
sentence_transformer_logistic,Sentence Transformer + Logistic Regression,MHxPC130308536,0,0,0.235967
sentence_transformer_logistic,Sentence Transformer + Logistic Regression,MHxPC130202287,1,1,0.813303
sentence_transformer_logistic,Sentence Transformer + Logistic Regression,MHxPC130078178,0,0,0.62757
sentence_transformer_logistic,Sentence Transformer + Logistic Regression,MHxPC130441917,0,0,0.292809
sentence_transformer_logistic,Sentence Transformer + Logistic Regression,MHxPC130402524,0,0,0.025739
sentence_transformer_logistic,Sentence Transformer + Logistic Regression,MHxPC130512785,0,0,0.025739
sentence_transformer_logistic,Sentence Transformer + Logistic Regression,MHxPC130548242,0,0,0.421774
sentence_transformer_logistic,Sentence Transformer + Logistic Regression,MHxPC130381097,0,1,0.862511
sentence_transformer_logistic,Sentence Transformer + Logistic Regression,MHxPC130527208,0,0,0.065195
sentence_transformer_logistic,Sentence Transformer + Logistic Regression,MHxPC130249225,0,0,0.399521
sentence_transformer_logistic,Sentence Transformer + Logistic Regression,MHxPC130227648,0,0,0.451277
sentence_transformer_logistic,Sentence Transformer + Logistic Regression,MHxPC130429912,0,0,0.025739
sentence_transformer_logistic,Sentence Transformer + Logistic Regression,MHxPC130049023,0,0,0.035318
sentence_transformer_logistic,Sentence Transformer + Logistic Regression,MHxPC130041924,0,0,0.448044
sentence_transformer_logistic,Sentence Transformer + Logistic Regression,MHxPC130198013,0,0,0.516756
sentence_transformer_logistic,Sentence Transformer + Logistic Regression,MHxPC130351669,0,1,0.766698
sentence_transformer_logistic,Sentence Transformer + Logistic Regression,MHxPC130082373,0,0,0.107297
sentence_transformer_logistic,Sentence Transformer + Logistic Regression,MHxPC130169152,0,0,0.025739
sentence_transformer_logistic,Sentence Transformer + Logistic Regression,MHxPC130172153,0,0,0.037675
sentence_transformer_logistic,Sentence Transformer + Logistic Regression,MHxPC130534514,0,0,0.035318
sentence_transformer_logistic,Sentence Transformer + Logistic Regression,MHxPC130200256,0,0,0.059088
sentence_transformer_logistic,Sentence Transformer + Logistic Regression,MHxPC130401443,0,0,0.025739
sentence_transformer_logistic,Sentence Transformer + Logistic Regression,MHxPC130417248,0,0,0.035318
sentence_transformer_logistic,Sentence Transformer + Logistic Regression,MHxPC130200090,0,0,0.083229
sentence_transformer_logistic,Sentence Transformer + Logistic Regression,MHxPC130310426,1,1,0.769306
sentence_transformer_logistic,Sentence Transformer + Logistic Regression,MHxPC130480802,0,0,0.051125
sentence_transformer_logistic,Sentence Transformer + Logistic Regression,MHxPC130019525,0,0,0.30142
sentence_transformer_logistic,Sentence Transformer + Logistic Regression,MHxPC130572182,0,0,0.025739
sentence_transformer_logistic,Sentence Transformer + Logistic Regression,MHxPC130269170,0,0,0.500316
sentence_transformer_logistic,Sentence Transformer + Logistic Regression,MHxPC130460164,0,0,0.114534
sentence_transformer_logistic,Sentence Transformer + Logistic Regression,MHxPC130100309,0,0,0.209489
sentence_transformer_logistic,Sentence Transformer + Logistic Regression,MHxPC130033285,0,0,0.034905
sentence_transformer_logistic,Sentence Transformer + Logistic Regression,MHxPC130216792,1,1,0.811099
sentence_transformer_logistic,Sentence Transformer + Logistic Regression,MHxPC130486664,0,0,0.025739
sentence_transformer_logistic,Sentence Transformer + Logistic Regression,MHxPC130099677,0,0,0.352325
sentence_transformer_logistic,Sentence Transformer + Logistic Regression,MHxPC130037177,0,0,0.03299
sentence_transformer_logistic,Sentence Transformer + Logistic Regression,MHxPC130354542,0,0,0.309781
sentence_transformer_logistic,Sentence Transformer + Logistic Regression,MHxPC130584040,0,0,0.052631
sentence_transformer_logistic,Sentence Transformer + Logistic Regression,MHxPC130022349,0,0,0.225091
sentence_transformer_logistic,Sentence Transformer + Logistic Regression,MHxPC130162950,0,0,0.502094
sentence_transformer_logistic,Sentence Transformer + Logistic Regression,MHxPC130268079,0,0,0.284008
sentence_transformer_logistic,Sentence Transformer + Logistic Regression,MHxPC130138538,0,0,0.664111
sentence_transformer_logistic,Sentence Transformer + Logistic Regression,MHxPC130230493,0,0,0.067341
sentence_transformer_logistic,Sentence Transformer + Logistic Regression,MHxPC130010159,0,0,0.051125
sentence_transformer_logistic,Sentence Transformer + Logistic Regression,MHxPC130444907,0,0,0.040415
sentence_transformer_logistic,Sentence Transformer + Logistic Regression,MHxPC130394734,0,0,0.059088
sentence_transformer_logistic,Sentence Transformer + Logistic Regression,MHxPC130554810,0,0,0.022396
sentence_transformer_logistic,Sentence Transformer + Logistic Regression,MHxPC130327199,0,0,0.025739
sentence_transformer_logistic,Sentence Transformer + Logistic Regression,MHxPC130430181,0,0,0.174729
sentence_transformer_logistic,Sentence Transformer + Logistic Regression,MHxPC130543861,0,0,0.723209
sentence_transformer_logistic,Sentence Transformer + Logistic Regression,MHxPC130187508,0,0,0.025739
sentence_transformer_logistic,Sentence Transformer + Logistic Regression,MHxPC130174993,0,0,0.249478
sentence_transformer_logistic,Sentence Transformer + Logistic Regression,MHxPC130375351,0,0,0.066747
sentence_transformer_logistic,Sentence Transformer + Logistic Regression,MHxPC130298871,0,0,0.303977
sentence_transformer_logistic,Sentence Transformer + Logistic Regression,MHxPC130261404,0,0,0.027883
sentence_transformer_logistic,Sentence Transformer + Logistic Regression,MHxPC130043832,0,0,0.06602
sentence_transformer_logistic,Sentence Transformer + Logistic Regression,MHxPC130062616,0,0,0.201616
sentence_transformer_logistic,Sentence Transformer + Logistic Regression,MHxPC130146917,0,0,0.094029
sentence_transformer_logistic,Sentence Transformer + Logistic Regression,MHxPC130137483,0,0,0.570513
sentence_transformer_logistic,Sentence Transformer + Logistic Regression,MHxPC130539176,0,0,0.343586
sentence_transformer_logistic,Sentence Transformer + Logistic Regression,MHxPC130034106,0,0,0.12253
sentence_transformer_logistic,Sentence Transformer + Logistic Regression,MHxPC130387629,0,0,0.648036
sentence_transformer_logistic,Sentence Transformer + Logistic Regression,MHxPC130357412,0,0,0.396872
sentence_transformer_logistic,Sentence Transformer + Logistic Regression,MHxPC130286306,0,0,0.027185
sentence_transformer_logistic,Sentence Transformer + Logistic Regression,MHxPC130352294,0,1,0.85513
sentence_transformer_logistic,Sentence Transformer + Logistic Regression,MHxPC130413575,0,0,0.03299
sentence_transformer_logistic,Sentence Transformer + Logistic Regression,MHxPC130173069,0,0,0.593943
sentence_transformer_logistic,Sentence Transformer + Logistic Regression,MHxPC130010876,0,0,0.03299
sentence_transformer_logistic,Sentence Transformer + Logistic Regression,MHxPC130213227,0,0,0.014761
sentence_transformer_logistic,Sentence Transformer + Logistic Regression,MHxPC130225630,0,0,0.045897
sentence_transformer_logistic,Sentence Transformer + Logistic Regression,MHxPC130304794,0,0,0.36028
sentence_transformer_logistic,Sentence Transformer + Logistic Regression,MHxPC130313161,0,0,0.588204
sentence_transformer_logistic,Sentence Transformer + Logistic Regression,MHxPC130195839,0,0,0.172963
sentence_transformer_logistic,Sentence Transformer + Logistic Regression,MHxPC130020818,0,0,0.025739
sentence_transformer_logistic,Sentence Transformer + Logistic Regression,MHxPC130280254,0,0,0.028791
sentence_transformer_logistic,Sentence Transformer + Logistic Regression,MHxPC130434391,0,1,0.781396
sentence_transformer_logistic,Sentence Transformer + Logistic Regression,MHxPC130297737,0,0,0.327206
sentence_transformer_logistic,Sentence Transformer + Logistic Regression,MHxPC130328075,0,0,0.019976
sentence_transformer_logistic,Sentence Transformer + Logistic Regression,MHxPC130429951,0,0,0.087807
sentence_transformer_logistic,Sentence Transformer + Logistic Regression,MHxPC130363388,0,0,0.679217
sentence_transformer_logistic,Sentence Transformer + Logistic Regression,MHxPC130066571,0,0,0.429938
sentence_transformer_logistic,Sentence Transformer + Logistic Regression,MHxPC130423534,0,0,0.018896
sentence_transformer_logistic,Sentence Transformer + Logistic Regression,MHxPC130503589,0,0,0.025739
sentence_transformer_logistic,Sentence Transformer + Logistic Regression,MHxPC130496837,0,0,0.508679
sentence_transformer_logistic,Sentence Transformer + Logistic Regression,MHxPC130070755,0,0,0.174242
sentence_transformer_logistic,Sentence Transformer + Logistic Regression,MHxPC130241855,0,0,0.034905
sentence_transformer_logistic,Sentence Transformer + Logistic Regression,MHxPC130418031,0,0,0.025739
sentence_transformer_logistic,Sentence Transformer + Logistic Regression,MHxPC130176370,0,0,0.029584
sentence_transformer_logistic,Sentence Transformer + Logistic Regression,MHxPC130523015,0,1,0.804388
sentence_transformer_logistic,Sentence Transformer + Logistic Regression,MHxPC130108689,0,0,0.248205
sentence_transformer_logistic,Sentence Transformer + Logistic Regression,MHxPC130490550,0,0,0.374269
sentence_transformer_logistic,Sentence Transformer + Logistic Regression,MHxPC130097300,0,0,0.03299
sentence_transformer_logistic,Sentence Transformer + Logistic Regression,MHxPC130256206,0,0,0.239478
sentence_transformer_logistic,Sentence Transformer + Logistic Regression,MHxPC130484101,0,0,0.013753
sentence_transformer_logistic,Sentence Transformer + Logistic Regression,MHxPC130543121,0,0,0.533919
sentence_transformer_logistic,Sentence Transformer + Logistic Regression,MHxPC130474761,0,0,0.078397
sentence_transformer_logistic,Sentence Transformer + Logistic Regression,MHxPC130317070,0,0,0.025739
sentence_transformer_logistic,Sentence Transformer + Logistic Regression,MHxPC130489050,0,0,0.035318
sentence_transformer_logistic,Sentence Transformer + Logistic Regression,MHxPC130366531,0,0,0.025739
sentence_transformer_logistic,Sentence Transformer + Logistic Regression,MHxPC130269455,0,0,0.58272
sentence_transformer_logistic,Sentence Transformer + Logistic Regression,MHxPC130407412,0,1,0.77992
sentence_transformer_logistic,Sentence Transformer + Logistic Regression,MHxPC130193167,0,0,0.042821
sentence_transformer_logistic,Sentence Transformer + Logistic Regression,MHxPC130149518,0,0,0.098424
sentence_transformer_logistic,Sentence Transformer + Logistic Regression,MHxPC130103316,0,0,0.029584
sentence_transformer_logistic,Sentence Transformer + Logistic Regression,MHxPC130512259,0,0,0.318087
sentence_transformer_logistic,Sentence Transformer + Logistic Regression,MHxPC130236860,0,0,0.315327
sentence_transformer_logistic,Sentence Transformer + Logistic Regression,MHxPC130091339,0,0,0.038593
sentence_transformer_logistic,Sentence Transformer + Logistic Regression,MHxPC130286265,0,0,0.423701
sentence_transformer_logistic,Sentence Transformer + Logistic Regression,MHxPC130578947,0,0,0.112771
sentence_transformer_logistic,Sentence Transformer + Logistic Regression,MHxPC130288369,0,0,0.045822
sentence_transformer_logistic,Sentence Transformer + Logistic Regression,MHxPC130552344,0,0,0.059088
sentence_transformer_logistic,Sentence Transformer + Logistic Regression,MHxPC130537036,0,0,0.219538
sentence_transformer_logistic,Sentence Transformer + Logistic Regression,MHxPC130312885,0,0,0.039028
sentence_transformer_logistic,Sentence Transformer + Logistic Regression,MHxPC130287374,0,0,0.446031
sentence_transformer_logistic,Sentence Transformer + Logistic Regression,MHxPC130565059,0,0,0.130445
sentence_transformer_logistic,Sentence Transformer + Logistic Regression,MHxPC130464331,0,0,0.064081
sentence_transformer_logistic,Sentence Transformer + Logistic Regression,MHxPC130258041,0,0,0.182762
sentence_transformer_logistic,Sentence Transformer + Logistic Regression,MHxPC130456982,0,0,0.110687
sentence_transformer_logistic,Sentence Transformer + Logistic Regression,MHxPC130025829,0,0,0.346377
sentence_transformer_logistic,Sentence Transformer + Logistic Regression,MHxPC130021223,1,1,0.910286
sentence_transformer_logistic,Sentence Transformer + Logistic Regression,MHxPC130593231,0,1,0.944997
sentence_transformer_logistic,Sentence Transformer + Logistic Regression,MHxPC130492947,0,0,0.05149
sentence_transformer_logistic,Sentence Transformer + Logistic Regression,MHxPC130577505,0,0,0.138206
sentence_transformer_logistic,Sentence Transformer + Logistic Regression,MHxPC130118313,0,0,0.034905
sentence_transformer_logistic,Sentence Transformer + Logistic Regression,MHxPC130001686,0,0,0.338235
sentence_transformer_logistic,Sentence Transformer + Logistic Regression,MHxPC130536504,0,0,0.124339
sentence_transformer_logistic,Sentence Transformer + Logistic Regression,MHxPC130012634,0,0,0.03299
sentence_transformer_logistic,Sentence Transformer + Logistic Regression,MHxPC130147553,0,0,0.153546
sentence_transformer_logistic,Sentence Transformer + Logistic Regression,MHxPC130554757,0,0,0.691204
sentence_transformer_logistic,Sentence Transformer + Logistic Regression,MHxPC130452433,0,0,0.148493
sentence_transformer_logistic,Sentence Transformer + Logistic Regression,MHxPC130293585,0,0,0.025739
sentence_transformer_logistic,Sentence Transformer + Logistic Regression,MHxPC130305525,0,1,0.796114
sentence_transformer_logistic,Sentence Transformer + Logistic Regression,MHxPC130060764,0,0,0.606059
sentence_transformer_logistic,Sentence Transformer + Logistic Regression,MHxPC130117995,0,0,0.216655
sentence_transformer_logistic,Sentence Transformer + Logistic Regression,MHxPC130491361,0,0,0.038593
sentence_transformer_logistic,Sentence Transformer + Logistic Regression,MHxPC130303068,0,0,0.035318
sentence_transformer_logistic,Sentence Transformer + Logistic Regression,MHxPC130554825,0,0,0.273514
sentence_transformer_logistic,Sentence Transformer + Logistic Regression,MHxPC130512927,0,0,0.03299
sentence_transformer_logistic,Sentence Transformer + Logistic Regression,MHxPC130289389,0,0,0.296158
sentence_transformer_logistic,Sentence Transformer + Logistic Regression,MHxPC130235568,0,0,0.035318
sentence_transformer_logistic,Sentence Transformer + Logistic Regression,MHxPC130353904,0,0,0.358821
sentence_transformer_logistic,Sentence Transformer + Logistic Regression,MHxPC130497273,0,0,0.324721
sentence_transformer_logistic,Sentence Transformer + Logistic Regression,MHxPC130226209,0,0,0.035318
sentence_transformer_logistic,Sentence Transformer + Logistic Regression,MHxPC130511657,0,0,0.025739
sentence_transformer_logistic,Sentence Transformer + Logistic Regression,MHxPC130512370,0,0,0.028791
sentence_transformer_logistic,Sentence Transformer + Logistic Regression,MHxPC130554246,0,0,0.035318
sentence_transformer_logistic,Sentence Transformer + Logistic Regression,MHxPC130338158,0,0,0.301414
sentence_transformer_logistic,Sentence Transformer + Logistic Regression,MHxPC130088820,0,0,0.057326
sentence_transformer_logistic,Sentence Transformer + Logistic Regression,MHxPC130479728,0,0,0.025739
sentence_transformer_logistic,Sentence Transformer + Logistic Regression,MHxPC130074980,0,0,0.752744
sentence_transformer_logistic,Sentence Transformer + Logistic Regression,MHxPC130147379,0,0,0.025739
sentence_transformer_logistic,Sentence Transformer + Logistic Regression,MHxPC130539444,0,1,0.869452
sentence_transformer_logistic,Sentence Transformer + Logistic Regression,MHxPC130115469,0,0,0.311873
sentence_transformer_logistic,Sentence Transformer + Logistic Regression,MHxPC130189358,0,0,0.035318
sentence_transformer_logistic,Sentence Transformer + Logistic Regression,MHxPC130493722,0,0,0.014761
sentence_transformer_logistic,Sentence Transformer + Logistic Regression,MHxPC130110511,0,0,0.03299
sentence_transformer_logistic,Sentence Transformer + Logistic Regression,MHxPC130060683,0,0,0.155876
sentence_transformer_logistic,Sentence Transformer + Logistic Regression,MHxPC130593657,0,0,0.424269
sentence_transformer_logistic,Sentence Transformer + Logistic Regression,MHxPC130113531,0,0,0.147283
sentence_transformer_logistic,Sentence Transformer + Logistic Regression,MHxPC130449231,0,0,0.073127
sentence_transformer_logistic,Sentence Transformer + Logistic Regression,MHxPC130473175,0,0,0.289248
sentence_transformer_logistic,Sentence Transformer + Logistic Regression,MHxPC130162359,0,0,0.195552
sentence_transformer_logistic,Sentence Transformer + Logistic Regression,MHxPC130548265,0,0,0.025739
sentence_transformer_logistic,Sentence Transformer + Logistic Regression,MHxPC130226350,0,0,0.03299
sentence_transformer_logistic,Sentence Transformer + Logistic Regression,MHxPC130133460,0,0,0.022396
sentence_transformer_logistic,Sentence Transformer + Logistic Regression,MHxPC130584707,0,0,0.274351
sentence_transformer_logistic,Sentence Transformer + Logistic Regression,MHxPC130512338,0,0,0.049358
sentence_transformer_logistic,Sentence Transformer + Logistic Regression,MHxPC130357058,0,0,0.025739
sentence_transformer_logistic,Sentence Transformer + Logistic Regression,MHxPC130089733,0,0,0.116654
sentence_transformer_logistic,Sentence Transformer + Logistic Regression,MHxPC130567024,0,0,0.035318
sentence_transformer_logistic,Sentence Transformer + Logistic Regression,MHxPC130212874,0,1,0.766493
sentence_transformer_logistic,Sentence Transformer + Logistic Regression,MHxPC130184417,0,0,0.272217
sentence_transformer_logistic,Sentence Transformer + Logistic Regression,MHxPC130329063,0,1,0.782352
sentence_transformer_logistic,Sentence Transformer + Logistic Regression,MHxPC130490249,0,0,0.247343
sentence_transformer_logistic,Sentence Transformer + Logistic Regression,MHxPC130354504,0,0,0.03299
sentence_transformer_logistic,Sentence Transformer + Logistic Regression,MHxPC130545216,0,0,0.025739
sentence_transformer_logistic,Sentence Transformer + Logistic Regression,MHxPC130581758,0,0,0.092825
sentence_transformer_logistic,Sentence Transformer + Logistic Regression,MHxPC130020766,0,0,0.03299
sentence_transformer_logistic,Sentence Transformer + Logistic Regression,MHxPC130061700,0,0,0.022196
sentence_transformer_logistic,Sentence Transformer + Logistic Regression,MHxPC130524786,0,0,0.025739
sentence_transformer_logistic,Sentence Transformer + Logistic Regression,MHxPC130007504,1,1,0.817928
sentence_transformer_logistic,Sentence Transformer + Logistic Regression,MHxPC130221040,0,0,0.080086
sentence_transformer_logistic,Sentence Transformer + Logistic Regression,MHxPC130584019,0,0,0.025739
sentence_transformer_logistic,Sentence Transformer + Logistic Regression,MHxPC130411394,0,0,0.041318
sentence_transformer_logistic,Sentence Transformer + Logistic Regression,MHxPC130588776,1,1,0.871827
sentence_transformer_logistic,Sentence Transformer + Logistic Regression,MHxPC130118133,0,0,0.174609
sentence_transformer_logistic,Sentence Transformer + Logistic Regression,MHxPC130334498,0,0,0.438849
sentence_transformer_logistic,Sentence Transformer + Logistic Regression,MHxPC130246574,0,0,0.029584
sentence_transformer_logistic,Sentence Transformer + Logistic Regression,MHxPC130352958,1,0,0.755115
sentence_transformer_logistic,Sentence Transformer + Logistic Regression,MHxPC130464515,0,0,0.035665
sentence_transformer_logistic,Sentence Transformer + Logistic Regression,MHxPC130577076,0,0,0.027883
sentence_transformer_logistic,Sentence Transformer + Logistic Regression,MHxPC130293032,0,0,0.035318
sentence_transformer_logistic,Sentence Transformer + Logistic Regression,MHxPC130117820,0,0,0.119162
sentence_transformer_logistic,Sentence Transformer + Logistic Regression,MHxPC130225911,0,0,0.062689
sentence_transformer_logistic,Sentence Transformer + Logistic Regression,MHxPC130498974,0,1,0.79899
sentence_transformer_logistic,Sentence Transformer + Logistic Regression,MHxPC130165102,0,0,0.025739
sentence_transformer_logistic,Sentence Transformer + Logistic Regression,MHxPC130595042,0,0,0.71214
sentence_transformer_logistic,Sentence Transformer + Logistic Regression,MHxPC130090152,0,0,0.035318
sentence_transformer_logistic,Sentence Transformer + Logistic Regression,MHxPC130158623,0,0,0.420142
sentence_transformer_logistic,Sentence Transformer + Logistic Regression,MHxPC130065837,1,0,0.735311
sentence_transformer_logistic,Sentence Transformer + Logistic Regression,MHxPC130441666,0,0,0.063995
sentence_transformer_logistic,Sentence Transformer + Logistic Regression,MHxPC130054266,0,0,0.245251
sentence_transformer_logistic,Sentence Transformer + Logistic Regression,MHxPC130589538,0,0,0.034905
sentence_transformer_logistic,Sentence Transformer + Logistic Regression,MHxPC130271909,0,0,0.022396
sentence_transformer_logistic,Sentence Transformer + Logistic Regression,MHxPC130107444,0,0,0.431528
sentence_transformer_logistic,Sentence Transformer + Logistic Regression,MHxPC130107320,0,0,0.025739
sentence_transformer_logistic,Sentence Transformer + Logistic Regression,MHxPC130405966,0,1,0.815868
sentence_transformer_logistic,Sentence Transformer + Logistic Regression,MHxPC130388965,0,0,0.494214
sentence_transformer_logistic,Sentence Transformer + Logistic Regression,MHxPC130511776,0,0,0.035318
sentence_transformer_logistic,Sentence Transformer + Logistic Regression,MHxPC130395283,0,0,0.38556
sentence_transformer_logistic,Sentence Transformer + Logistic Regression,MHxPC130578952,0,0,0.034905
sentence_transformer_logistic,Sentence Transformer + Logistic Regression,MHxPC130174290,0,0,0.034905
sentence_transformer_logistic,Sentence Transformer + Logistic Regression,MHxPC130417497,0,1,0.941973
sentence_transformer_logistic,Sentence Transformer + Logistic Regression,MHxPC130323698,0,1,0.820687
sentence_transformer_logistic,Sentence Transformer + Logistic Regression,MHxPC130030800,0,0,0.568981
sentence_transformer_logistic,Sentence Transformer + Logistic Regression,MHxPC130333094,0,0,0.165533
sentence_transformer_logistic,Sentence Transformer + Logistic Regression,MHxPC130034635,0,0,0.539277
sentence_transformer_logistic,Sentence Transformer + Logistic Regression,MHxPC130010052,0,0,0.103082
sentence_transformer_logistic,Sentence Transformer + Logistic Regression,MHxPC130008389,0,0,0.359073
sentence_transformer_logistic,Sentence Transformer + Logistic Regression,MHxPC130091190,0,1,0.900307
sentence_transformer_logistic,Sentence Transformer + Logistic Regression,MHxPC130237451,0,0,0.051125
sentence_transformer_logistic,Sentence Transformer + Logistic Regression,MHxPC130463118,0,0,0.150577
sentence_transformer_logistic,Sentence Transformer + Logistic Regression,MHxPC130440385,0,0,0.583663
sentence_transformer_logistic,Sentence Transformer + Logistic Regression,MHxPC130184968,0,0,0.083185
sentence_transformer_logistic,Sentence Transformer + Logistic Regression,MHxPC130548391,0,0,0.025739
sentence_transformer_logistic,Sentence Transformer + Logistic Regression,MHxPC130324727,0,0,0.025739
sentence_transformer_logistic,Sentence Transformer + Logistic Regression,MHxPC130152159,0,0,0.300802
sentence_transformer_logistic,Sentence Transformer + Logistic Regression,MHxPC130038300,0,0,0.041318
sentence_transformer_logistic,Sentence Transformer + Logistic Regression,MHxPC130029721,0,0,0.120503
sentence_transformer_logistic,Sentence Transformer + Logistic Regression,MHxPC130474503,0,0,0.231133
sentence_transformer_logistic,Sentence Transformer + Logistic Regression,MHxPC130569912,0,0,0.371866
sentence_transformer_logistic,Sentence Transformer + Logistic Regression,MHxPC130254835,0,0,0.368613
sentence_transformer_logistic,Sentence Transformer + Logistic Regression,MHxPC130280202,0,0,0.559589
sentence_transformer_logistic,Sentence Transformer + Logistic Regression,MHxPC130273857,0,1,0.828775
sentence_transformer_logistic,Sentence Transformer + Logistic Regression,MHxPC130119361,0,0,0.025739
sentence_transformer_logistic,Sentence Transformer + Logistic Regression,MHxPC130442177,0,0,0.256104
sentence_transformer_logistic,Sentence Transformer + Logistic Regression,MHxPC130262947,0,0,0.038593
sentence_transformer_logistic,Sentence Transformer + Logistic Regression,MHxPC130553989,0,0,0.137088
sentence_transformer_logistic,Sentence Transformer + Logistic Regression,MHxPC130356410,0,0,0.32957
sentence_transformer_logistic,Sentence Transformer + Logistic Regression,MHxPC130477635,0,0,0.03299
sentence_transformer_logistic,Sentence Transformer + Logistic Regression,MHxPC130283550,0,0,0.109556
sentence_transformer_logistic,Sentence Transformer + Logistic Regression,MHxPC130241406,0,0,0.03299
sentence_transformer_logistic,Sentence Transformer + Logistic Regression,MHxPC130216444,1,1,0.818619
sentence_transformer_logistic,Sentence Transformer + Logistic Regression,MHxPC130511653,0,0,0.521377
sentence_transformer_logistic,Sentence Transformer + Logistic Regression,MHxPC130586759,0,0,0.025739
sentence_transformer_logistic,Sentence Transformer + Logistic Regression,MHxPC130479257,0,0,0.12748
sentence_transformer_logistic,Sentence Transformer + Logistic Regression,MHxPC130589065,0,1,0.78292
sentence_transformer_logistic,Sentence Transformer + Logistic Regression,MHxPC130419594,0,0,0.300729
sentence_transformer_logistic,Sentence Transformer + Logistic Regression,MHxPC130362231,0,0,0.035318
