model_id,model_name,userid_DI,actual_certified,predicted_certified,predicted_probability
tfidf_linear_svm,TF-IDF + Linear SVM,MHxPC130364859,0,0,0.057312
tfidf_linear_svm,TF-IDF + Linear SVM,MHxPC130402267,0,0,0.000202
tfidf_linear_svm,TF-IDF + Linear SVM,MHxPC130153646,1,1,0.432863
tfidf_linear_svm,TF-IDF + Linear SVM,MHxPC130357648,0,0,0.008117
tfidf_linear_svm,TF-IDF + Linear SVM,MHxPC130255925,0,0,0.016647
tfidf_linear_svm,TF-IDF + Linear SVM,MHxPC130312722,0,0,0.021949
tfidf_linear_svm,TF-IDF + Linear SVM,MHxPC130340572,0,0,0.000202
tfidf_linear_svm,TF-IDF + Linear SVM,MHxPC130109670,0,1,0.472818
tfidf_linear_svm,TF-IDF + Linear SVM,MHxPC130037925,0,0,0.000202
tfidf_linear_svm,TF-IDF + Linear SVM,MHxPC130203384,0,0,0.003785
tfidf_linear_svm,TF-IDF + Linear SVM,MHxPC130344182,1,1,0.282436
tfidf_linear_svm,TF-IDF + Linear SVM,MHxPC130474721,0,0,0.020009
tfidf_linear_svm,TF-IDF + Linear SVM,MHxPC130550852,0,0,0.009748
tfidf_linear_svm,TF-IDF + Linear SVM,MHxPC130466960,0,0,0.029342
tfidf_linear_svm,TF-IDF + Linear SVM,MHxPC130176380,0,0,0.000202
tfidf_linear_svm,TF-IDF + Linear SVM,MHxPC130300804,0,0,0.000202
tfidf_linear_svm,TF-IDF + Linear SVM,MHxPC130005060,0,0,0.000202
tfidf_linear_svm,TF-IDF + Linear SVM,MHxPC130084873,0,0,0.000202
tfidf_linear_svm,TF-IDF + Linear SVM,MHxPC130185763,0,0,0.000202
tfidf_linear_svm,TF-IDF + Linear SVM,MHxPC130056898,0,0,0.000202
tfidf_linear_svm,TF-IDF + Linear SVM,MHxPC130019742,0,0,0.000202
tfidf_linear_svm,TF-IDF + Linear SVM,MHxPC130045257,0,0,0.000202
tfidf_linear_svm,TF-IDF + Linear SVM,MHxPC130012192,0,0,0.000202
tfidf_linear_svm,TF-IDF + Linear SVM,MHxPC130506928,0,0,0.000202
tfidf_linear_svm,TF-IDF + Linear SVM,MHxPC130244691,0,0,0.026985
tfidf_linear_svm,TF-IDF + Linear SVM,MHxPC130183493,0,0,0.000202
tfidf_linear_svm,TF-IDF + Linear SVM,MHxPC130095354,0,0,0.006165
tfidf_linear_svm,TF-IDF + Linear SVM,MHxPC130236588,0,0,0.051482
tfidf_linear_svm,TF-IDF + Linear SVM,MHxPC130267661,0,0,0.022118
tfidf_linear_svm,TF-IDF + Linear SVM,MHxPC130420227,0,0,0.000202
tfidf_linear_svm,TF-IDF + Linear SVM,MHxPC130478273,0,0,0.000202
tfidf_linear_svm,TF-IDF + Linear SVM,MHxPC130211699,0,0,0.012824
tfidf_linear_svm,TF-IDF + Linear SVM,MHxPC130343975,0,0,0.007556
tfidf_linear_svm,TF-IDF + Linear SVM,MHxPC130022810,0,0,0.033969
tfidf_linear_svm,TF-IDF + Linear SVM,MHxPC130335700,0,0,0.000202
tfidf_linear_svm,TF-IDF + Linear SVM,MHxPC130567575,0,0,0.000202
tfidf_linear_svm,TF-IDF + Linear SVM,MHxPC130596903,0,0,0.000202
tfidf_linear_svm,TF-IDF + Linear SVM,MHxPC130205446,0,0,0.000202
tfidf_linear_svm,TF-IDF + Linear SVM,MHxPC130007324,0,0,0.000202
tfidf_linear_svm,TF-IDF + Linear SVM,MHxPC130566350,0,0,0.000202
tfidf_linear_svm,TF-IDF + Linear SVM,MHxPC130161848,0,0,0.000202
tfidf_linear_svm,TF-IDF + Linear SVM,MHxPC130548617,0,0,0.05809
tfidf_linear_svm,TF-IDF + Linear SVM,MHxPC130547058,0,0,0.000202
tfidf_linear_svm,TF-IDF + Linear SVM,MHxPC130241956,0,0,0.018407
tfidf_linear_svm,TF-IDF + Linear SVM,MHxPC130393068,0,0,0.010694
tfidf_linear_svm,TF-IDF + Linear SVM,MHxPC130059851,0,0,0.063977
tfidf_linear_svm,TF-IDF + Linear SVM,MHxPC130041466,0,0,0.000202
tfidf_linear_svm,TF-IDF + Linear SVM,MHxPC130522869,0,0,0.023699
tfidf_linear_svm,TF-IDF + Linear SVM,MHxPC130357041,0,0,0.008868
tfidf_linear_svm,TF-IDF + Linear SVM,MHxPC130153511,0,0,0.000202
tfidf_linear_svm,TF-IDF + Linear SVM,MHxPC130500820,0,0,0.015947
tfidf_linear_svm,TF-IDF + Linear SVM,MHxPC130490217,0,0,0.005507
tfidf_linear_svm,TF-IDF + Linear SVM,MHxPC130576830,0,0,0.000202
tfidf_linear_svm,TF-IDF + Linear SVM,MHxPC130109338,0,0,0.028072
tfidf_linear_svm,TF-IDF + Linear SVM,MHxPC130555869,0,0,0.003325
tfidf_linear_svm,TF-IDF + Linear SVM,MHxPC130088930,0,0,0.009049
tfidf_linear_svm,TF-IDF + Linear SVM,MHxPC130558867,0,0,0.035279
tfidf_linear_svm,TF-IDF + Linear SVM,MHxPC130081815,0,0,0.003418
tfidf_linear_svm,TF-IDF + Linear SVM,MHxPC130020572,0,0,0.057085
tfidf_linear_svm,TF-IDF + Linear SVM,MHxPC130041737,0,0,0.053402
tfidf_linear_svm,TF-IDF + Linear SVM,MHxPC130523364,0,0,0.07217
tfidf_linear_svm,TF-IDF + Linear SVM,MHxPC130177930,0,0,0.000202
tfidf_linear_svm,TF-IDF + Linear SVM,MHxPC130086741,0,0,0.009776
tfidf_linear_svm,TF-IDF + Linear SVM,MHxPC130224679,0,0,0.038702
tfidf_linear_svm,TF-IDF + Linear SVM,MHxPC130070199,0,0,0.00989
tfidf_linear_svm,TF-IDF + Linear SVM,MHxPC130337474,0,0,0.000202
tfidf_linear_svm,TF-IDF + Linear SVM,MHxPC130533102,0,0,0.003325
tfidf_linear_svm,TF-IDF + Linear SVM,MHxPC130413856,0,0,0.000202
tfidf_linear_svm,TF-IDF + Linear SVM,MHxPC130507193,0,0,0.000202
tfidf_linear_svm,TF-IDF + Linear SVM,MHxPC130133281,0,0,0.000202
tfidf_linear_svm,TF-IDF + Linear SVM,MHxPC130188557,0,0,0.000181
tfidf_linear_svm,TF-IDF + Linear SVM,MHxPC130418846,0,1,0.484201
tfidf_linear_svm,TF-IDF + Linear SVM,MHxPC130140721,0,0,0.000202
tfidf_linear_svm,TF-IDF + Linear SVM,MHxPC130182875,0,0,0.000202
tfidf_linear_svm,TF-IDF + Linear SVM,MHxPC130356908,0,0,0.052455
tfidf_linear_svm,TF-IDF + Linear SVM,MHxPC130308595,0,0,0.000202
tfidf_linear_svm,TF-IDF + Linear SVM,MHxPC130292804,0,0,0.027369
tfidf_linear_svm,TF-IDF + Linear SVM,MHxPC130204946,0,0,0.00746
tfidf_linear_svm,TF-IDF + Linear SVM,MHxPC130501906,0,0,0.000202
tfidf_linear_svm,TF-IDF + Linear SVM,MHxPC130115227,0,0,0.022525
tfidf_linear_svm,TF-IDF + Linear SVM,MHxPC130596509,0,0,0.008423
tfidf_linear_svm,TF-IDF + Linear SVM,MHxPC130117832,0,0,0.000202
tfidf_linear_svm,TF-IDF + Linear SVM,MHxPC130165316,0,0,0.000202
tfidf_linear_svm,TF-IDF + Linear SVM,MHxPC130022798,0,0,0.045568
tfidf_linear_svm,TF-IDF + Linear SVM,MHxPC130199943,0,0,0.004402
tfidf_linear_svm,TF-IDF + Linear SVM,MHxPC130538973,0,0,0.00989
tfidf_linear_svm,TF-IDF + Linear SVM,MHxPC130206602,0,0,0.031444
tfidf_linear_svm,TF-IDF + Linear SVM,MHxPC130019735,0,0,0.000181
tfidf_linear_svm,TF-IDF + Linear SVM,MHxPC130049019,0,0,0.006035
tfidf_linear_svm,TF-IDF + Linear SVM,MHxPC130458988,0,0,0.000202
tfidf_linear_svm,TF-IDF + Linear SVM,MHxPC130130683,0,0,0.044587
tfidf_linear_svm,TF-IDF + Linear SVM,MHxPC130360258,0,0,0.000202
tfidf_linear_svm,TF-IDF + Linear SVM,MHxPC130275432,0,0,0.000202
tfidf_linear_svm,TF-IDF + Linear SVM,MHxPC130208326,0,0,0.037502
tfidf_linear_svm,TF-IDF + Linear SVM,MHxPC130224819,0,0,0.000202
tfidf_linear_svm,TF-IDF + Linear SVM,MHxPC130029226,0,0,0.012741
tfidf_linear_svm,TF-IDF + Linear SVM,MHxPC130110641,0,0,0.011125
tfidf_linear_svm,TF-IDF + Linear SVM,MHxPC130526768,0,0,0.00109
tfidf_linear_svm,TF-IDF + Linear SVM,MHxPC130262159,0,0,0.036318
tfidf_linear_svm,TF-IDF + Linear SVM,MHxPC130588792,0,0,0.000202
tfidf_linear_svm,TF-IDF + Linear SVM,MHxPC130345954,1,1,0.592122
tfidf_linear_svm,TF-IDF + Linear SVM,MHxPC130594021,0,0,0.000202
tfidf_linear_svm,TF-IDF + Linear SVM,MHxPC130125776,0,0,0.000202
tfidf_linear_svm,TF-IDF + Linear SVM,MHxPC130553479,0,0,0.003675
tfidf_linear_svm,TF-IDF + Linear SVM,MHxPC130525502,0,0,0.033296
tfidf_linear_svm,TF-IDF + Linear SVM,MHxPC130366074,0,0,0.000202
tfidf_linear_svm,TF-IDF + Linear SVM,MHxPC130042543,0,0,0.004834
tfidf_linear_svm,TF-IDF + Linear SVM,MHxPC130206552,0,0,0.000202
tfidf_linear_svm,TF-IDF + Linear SVM,MHxPC130141294,0,0,0.003675
tfidf_linear_svm,TF-IDF + Linear SVM,MHxPC130309810,0,0,0.000202
tfidf_linear_svm,TF-IDF + Linear SVM,MHxPC130375935,1,0,0.135359
tfidf_linear_svm,TF-IDF + Linear SVM,MHxPC130291020,0,0,0.000202
tfidf_linear_svm,TF-IDF + Linear SVM,MHxPC130569393,0,0,0.000202
tfidf_linear_svm,TF-IDF + Linear SVM,MHxPC130473599,0,0,0.010448
tfidf_linear_svm,TF-IDF + Linear SVM,MHxPC130132044,0,0,0.030836
tfidf_linear_svm,TF-IDF + Linear SVM,MHxPC130176069,0,0,0.000202
tfidf_linear_svm,TF-IDF + Linear SVM,MHxPC130461128,0,0,0.032192
tfidf_linear_svm,TF-IDF + Linear SVM,MHxPC130027636,0,0,0.000202
tfidf_linear_svm,TF-IDF + Linear SVM,MHxPC130144456,0,0,0.054588
tfidf_linear_svm,TF-IDF + Linear SVM,MHxPC130249963,0,0,0.000202
tfidf_linear_svm,TF-IDF + Linear SVM,MHxPC130385630,0,0,0.010161
tfidf_linear_svm,TF-IDF + Linear SVM,MHxPC130334237,0,0,0.000202
tfidf_linear_svm,TF-IDF + Linear SVM,MHxPC130321246,0,0,0.028335
tfidf_linear_svm,TF-IDF + Linear SVM,MHxPC130558049,0,0,0.008467
tfidf_linear_svm,TF-IDF + Linear SVM,MHxPC130401940,0,0,0.006532
tfidf_linear_svm,TF-IDF + Linear SVM,MHxPC130153100,0,0,0.004834
tfidf_linear_svm,TF-IDF + Linear SVM,MHxPC130166768,0,0,0.000202
tfidf_linear_svm,TF-IDF + Linear SVM,MHxPC130168035,0,0,0.000202
tfidf_linear_svm,TF-IDF + Linear SVM,MHxPC130521782,0,0,0.070702
tfidf_linear_svm,TF-IDF + Linear SVM,MHxPC130291498,0,0,0.000202
tfidf_linear_svm,TF-IDF + Linear SVM,MHxPC130327974,0,0,0.063163
tfidf_linear_svm,TF-IDF + Linear SVM,MHxPC130053134,0,0,0.040539
tfidf_linear_svm,TF-IDF + Linear SVM,MHxPC130198608,0,0,0.000202
tfidf_linear_svm,TF-IDF + Linear SVM,MHxPC130001392,0,0,0.000202
tfidf_linear_svm,TF-IDF + Linear SVM,MHxPC130029259,0,0,0.087104
tfidf_linear_svm,TF-IDF + Linear SVM,MHxPC130164626,0,0,0.000202
tfidf_linear_svm,TF-IDF + Linear SVM,MHxPC130139939,0,0,0.032449
tfidf_linear_svm,TF-IDF + Linear SVM,MHxPC130516120,0,0,0.000202
tfidf_linear_svm,TF-IDF + Linear SVM,MHxPC130116884,0,0,0.000202
tfidf_linear_svm,TF-IDF + Linear SVM,MHxPC130460289,0,0,0.000202
tfidf_linear_svm,TF-IDF + Linear SVM,MHxPC130491532,0,0,0.211199
tfidf_linear_svm,TF-IDF + Linear SVM,MHxPC130024756,0,0,0.066407
tfidf_linear_svm,TF-IDF + Linear SVM,MHxPC130196601,0,0,0.000202
tfidf_linear_svm,TF-IDF + Linear SVM,MHxPC130305675,0,1,0.34558
tfidf_linear_svm,TF-IDF + Linear SVM,MHxPC130210736,0,0,0.000202
tfidf_linear_svm,TF-IDF + Linear SVM,MHxPC130324067,0,0,0.000202
tfidf_linear_svm,TF-IDF + Linear SVM,MHxPC130513854,0,0,0.000202
tfidf_linear_svm,TF-IDF + Linear SVM,MHxPC130548834,0,0,0.012403
tfidf_linear_svm,TF-IDF + Linear SVM,MHxPC130559273,0,0,0.023782
tfidf_linear_svm,TF-IDF + Linear SVM,MHxPC130099053,0,0,0.009683
tfidf_linear_svm,TF-IDF + Linear SVM,MHxPC130583472,0,0,0.072955
tfidf_linear_svm,TF-IDF + Linear SVM,MHxPC130226915,0,0,0.000202
tfidf_linear_svm,TF-IDF + Linear SVM,MHxPC130063818,0,0,0.000202
tfidf_linear_svm,TF-IDF + Linear SVM,MHxPC130385158,0,0,0.000202
tfidf_linear_svm,TF-IDF + Linear SVM,MHxPC130005160,0,0,0.000202
tfidf_linear_svm,TF-IDF + Linear SVM,MHxPC130540155,0,0,0.085723
tfidf_linear_svm,TF-IDF + Linear SVM,MHxPC130034087,0,0,0.000202
tfidf_linear_svm,TF-IDF + Linear SVM,MHxPC130093174,0,0,0.000202
tfidf_linear_svm,TF-IDF + Linear SVM,MHxPC130583642,0,0,0.000202
tfidf_linear_svm,TF-IDF + Linear SVM,MHxPC130177800,0,0,0.000202
tfidf_linear_svm,TF-IDF + Linear SVM,MHxPC130064613,0,0,0.005181
tfidf_linear_svm,TF-IDF + Linear SVM,MHxPC130513916,0,0,0.000202
tfidf_linear_svm,TF-IDF + Linear SVM,MHxPC130373989,0,0,0.000202
tfidf_linear_svm,TF-IDF + Linear SVM,MHxPC130191916,0,0,0.000202
tfidf_linear_svm,TF-IDF + Linear SVM,MHxPC130321750,0,0,0.000202
tfidf_linear_svm,TF-IDF + Linear SVM,MHxPC130562840,0,0,0.006035
tfidf_linear_svm,TF-IDF + Linear SVM,MHxPC130329631,0,0,0.000202
tfidf_linear_svm,TF-IDF + Linear SVM,MHxPC130501310,0,0,0.000316
tfidf_linear_svm,TF-IDF + Linear SVM,MHxPC130335813,0,0,0.017149
tfidf_linear_svm,TF-IDF + Linear SVM,MHxPC130191182,0,0,0.000202
tfidf_linear_svm,TF-IDF + Linear SVM,MHxPC130072300,0,0,0.000202
tfidf_linear_svm,TF-IDF + Linear SVM,MHxPC130288609,0,0,0.020423
tfidf_linear_svm,TF-IDF + Linear SVM,MHxPC130186040,0,0,0.016068
tfidf_linear_svm,TF-IDF + Linear SVM,MHxPC130096626,0,0,0.126484
tfidf_linear_svm,TF-IDF + Linear SVM,MHxPC130503928,0,0,0.000202
tfidf_linear_svm,TF-IDF + Linear SVM,MHxPC130216980,0,0,0.014226
tfidf_linear_svm,TF-IDF + Linear SVM,MHxPC130271942,0,0,0.003798
tfidf_linear_svm,TF-IDF + Linear SVM,MHxPC130236155,0,0,0.029702
tfidf_linear_svm,TF-IDF + Linear SVM,MHxPC130413897,0,0,0.184442
tfidf_linear_svm,TF-IDF + Linear SVM,MHxPC130534007,0,0,0.000202
tfidf_linear_svm,TF-IDF + Linear SVM,MHxPC130378343,0,0,0.000202
tfidf_linear_svm,TF-IDF + Linear SVM,MHxPC130293350,0,0,0.021133
tfidf_linear_svm,TF-IDF + Linear SVM,MHxPC130373313,0,0,0.032644
tfidf_linear_svm,TF-IDF + Linear SVM,MHxPC130240053,0,0,0.029498
tfidf_linear_svm,TF-IDF + Linear SVM,MHxPC130301083,0,0,0.000202
tfidf_linear_svm,TF-IDF + Linear SVM,MHxPC130339202,0,0,0.000202
tfidf_linear_svm,TF-IDF + Linear SVM,MHxPC130322384,0,0,0.000202
tfidf_linear_svm,TF-IDF + Linear SVM,MHxPC130384626,0,1,0.59839
tfidf_linear_svm,TF-IDF + Linear SVM,MHxPC130139418,0,0,0.024922
tfidf_linear_svm,TF-IDF + Linear SVM,MHxPC130202747,0,0,0.006915
tfidf_linear_svm,TF-IDF + Linear SVM,MHxPC130578872,0,0,0.000202
tfidf_linear_svm,TF-IDF + Linear SVM,MHxPC130051440,0,0,0.068946
tfidf_linear_svm,TF-IDF + Linear SVM,MHxPC130104033,0,0,0.025587
tfidf_linear_svm,TF-IDF + Linear SVM,MHxPC130559077,0,0,0.068857
tfidf_linear_svm,TF-IDF + Linear SVM,MHxPC130418427,0,0,0.003675
tfidf_linear_svm,TF-IDF + Linear SVM,MHxPC130110341,0,0,0.014395
tfidf_linear_svm,TF-IDF + Linear SVM,MHxPC130163031,0,0,0.02623
tfidf_linear_svm,TF-IDF + Linear SVM,MHxPC130418539,0,0,0.021385
tfidf_linear_svm,TF-IDF + Linear SVM,MHxPC130474912,0,0,0.000202
tfidf_linear_svm,TF-IDF + Linear SVM,MHxPC130527644,0,0,0.000202
tfidf_linear_svm,TF-IDF + Linear SVM,MHxPC130057985,0,0,0.000202
tfidf_linear_svm,TF-IDF + Linear SVM,MHxPC130356499,0,0,0.076357
tfidf_linear_svm,TF-IDF + Linear SVM,MHxPC130269449,0,0,0.000202
tfidf_linear_svm,TF-IDF + Linear SVM,MHxPC130165933,0,0,0.027809
tfidf_linear_svm,TF-IDF + Linear SVM,MHxPC130351503,0,0,0.052176
tfidf_linear_svm,TF-IDF + Linear SVM,MHxPC130557911,0,0,0.000202
tfidf_linear_svm,TF-IDF + Linear SVM,MHxPC130067522,0,0,0.000202
tfidf_linear_svm,TF-IDF + Linear SVM,MHxPC130089627,0,0,0.000202
tfidf_linear_svm,TF-IDF + Linear SVM,MHxPC130208992,0,0,0.033199
tfidf_linear_svm,TF-IDF + Linear SVM,MHxPC130206420,1,0,0.235303
tfidf_linear_svm,TF-IDF + Linear SVM,MHxPC130292611,0,0,0.003785
tfidf_linear_svm,TF-IDF + Linear SVM,MHxPC130392939,0,0,0.005181
tfidf_linear_svm,TF-IDF + Linear SVM,MHxPC130035020,0,0,0.000202
tfidf_linear_svm,TF-IDF + Linear SVM,MHxPC130449961,0,0,0.000202
tfidf_linear_svm,TF-IDF + Linear SVM,MHxPC130285175,0,0,0.000202
tfidf_linear_svm,TF-IDF + Linear SVM,MHxPC130214411,0,0,0.009683
tfidf_linear_svm,TF-IDF + Linear SVM,MHxPC130448615,0,0,0.000202
tfidf_linear_svm,TF-IDF + Linear SVM,MHxPC130287306,0,0,0.004571
tfidf_linear_svm,TF-IDF + Linear SVM,MHxPC130080570,0,0,0.258081
tfidf_linear_svm,TF-IDF + Linear SVM,MHxPC130208498,0,0,0.000202
tfidf_linear_svm,TF-IDF + Linear SVM,MHxPC130000399,0,0,0.018304
tfidf_linear_svm,TF-IDF + Linear SVM,MHxPC130478164,0,0,0.104677
tfidf_linear_svm,TF-IDF + Linear SVM,MHxPC130551619,0,0,0.036832
tfidf_linear_svm,TF-IDF + Linear SVM,MHxPC130011133,0,0,0.000202
tfidf_linear_svm,TF-IDF + Linear SVM,MHxPC130555480,0,0,0.000202
tfidf_linear_svm,TF-IDF + Linear SVM,MHxPC130060825,0,0,0.014371
tfidf_linear_svm,TF-IDF + Linear SVM,MHxPC130098609,0,0,0.014223
tfidf_linear_svm,TF-IDF + Linear SVM,MHxPC130524481,0,0,0.000202
tfidf_linear_svm,TF-IDF + Linear SVM,MHxPC130561945,0,0,0.015501
tfidf_linear_svm,TF-IDF + Linear SVM,MHxPC130106047,0,0,0.034213
tfidf_linear_svm,TF-IDF + Linear SVM,MHxPC130043712,0,0,0.000202
tfidf_linear_svm,TF-IDF + Linear SVM,MHxPC130150732,0,0,0.000202
tfidf_linear_svm,TF-IDF + Linear SVM,MHxPC130575734,0,0,0.02536
tfidf_linear_svm,TF-IDF + Linear SVM,MHxPC130475165,0,0,0.003821
tfidf_linear_svm,TF-IDF + Linear SVM,MHxPC130319798,0,0,0.008694
tfidf_linear_svm,TF-IDF + Linear SVM,MHxPC130310126,0,0,0.084633
tfidf_linear_svm,TF-IDF + Linear SVM,MHxPC130441385,0,0,0.015739
tfidf_linear_svm,TF-IDF + Linear SVM,MHxPC130461767,0,0,0.018229
tfidf_linear_svm,TF-IDF + Linear SVM,MHxPC130163391,0,0,0.000202
tfidf_linear_svm,TF-IDF + Linear SVM,MHxPC130059669,0,0,0.000202
tfidf_linear_svm,TF-IDF + Linear SVM,MHxPC130413238,1,1,0.397631
tfidf_linear_svm,TF-IDF + Linear SVM,MHxPC130250707,0,0,0.000202
tfidf_linear_svm,TF-IDF + Linear SVM,MHxPC130048418,0,0,0.000202
tfidf_linear_svm,TF-IDF + Linear SVM,MHxPC130149431,0,0,0.000202
tfidf_linear_svm,TF-IDF + Linear SVM,MHxPC130100245,0,0,0.000202
tfidf_linear_svm,TF-IDF + Linear SVM,MHxPC130587730,0,0,0.008423
tfidf_linear_svm,TF-IDF + Linear SVM,MHxPC130353504,0,0,0.000202
tfidf_linear_svm,TF-IDF + Linear SVM,MHxPC130020221,0,0,0.003675
tfidf_linear_svm,TF-IDF + Linear SVM,MHxPC130353966,0,0,0.000202
tfidf_linear_svm,TF-IDF + Linear SVM,MHxPC130281050,0,0,0.008478
tfidf_linear_svm,TF-IDF + Linear SVM,MHxPC130335620,0,0,0.000202
tfidf_linear_svm,TF-IDF + Linear SVM,MHxPC130047406,0,0,0.000202
tfidf_linear_svm,TF-IDF + Linear SVM,MHxPC130134585,0,0,0.000202
tfidf_linear_svm,TF-IDF + Linear SVM,MHxPC130044054,0,0,0.123446
tfidf_linear_svm,TF-IDF + Linear SVM,MHxPC130035202,0,0,0.011731
tfidf_linear_svm,TF-IDF + Linear SVM,MHxPC130497028,0,0,0.031614
tfidf_linear_svm,TF-IDF + Linear SVM,MHxPC130211642,0,0,0.000202
tfidf_linear_svm,TF-IDF + Linear SVM,MHxPC130347101,0,1,0.394129
tfidf_linear_svm,TF-IDF + Linear SVM,MHxPC130547452,0,0,0.031941
tfidf_linear_svm,TF-IDF + Linear SVM,MHxPC130488689,0,0,0.060481
tfidf_linear_svm,TF-IDF + Linear SVM,MHxPC130497894,0,0,0.225895
tfidf_linear_svm,TF-IDF + Linear SVM,MHxPC130577459,0,1,0.720313
tfidf_linear_svm,TF-IDF + Linear SVM,MHxPC130010506,0,0,0.000202
tfidf_linear_svm,TF-IDF + Linear SVM,MHxPC130381835,0,0,0.000202
tfidf_linear_svm,TF-IDF + Linear SVM,MHxPC130457731,0,0,0.100987
tfidf_linear_svm,TF-IDF + Linear SVM,MHxPC130278997,0,0,0.000202
tfidf_linear_svm,TF-IDF + Linear SVM,MHxPC130502357,0,0,0.23281
tfidf_linear_svm,TF-IDF + Linear SVM,MHxPC130408457,0,0,0.023909
tfidf_linear_svm,TF-IDF + Linear SVM,MHxPC130465349,0,0,0.000202
tfidf_linear_svm,TF-IDF + Linear SVM,MHxPC130536428,0,0,0.06726
tfidf_linear_svm,TF-IDF + Linear SVM,MHxPC130105423,0,0,0.06406
tfidf_linear_svm,TF-IDF + Linear SVM,MHxPC130159478,0,0,0.026435
tfidf_linear_svm,TF-IDF + Linear SVM,MHxPC130123605,1,0,0.138473
tfidf_linear_svm,TF-IDF + Linear SVM,MHxPC130313977,0,0,0.019873
tfidf_linear_svm,TF-IDF + Linear SVM,MHxPC130143554,0,0,0.161551
tfidf_linear_svm,TF-IDF + Linear SVM,MHxPC130178271,0,0,0.077298
tfidf_linear_svm,TF-IDF + Linear SVM,MHxPC130432985,0,0,0.000202
tfidf_linear_svm,TF-IDF + Linear SVM,MHxPC130348299,0,0,0.062057
tfidf_linear_svm,TF-IDF + Linear SVM,MHxPC130582661,0,0,0.024733
tfidf_linear_svm,TF-IDF + Linear SVM,MHxPC130330683,0,0,0.000202
tfidf_linear_svm,TF-IDF + Linear SVM,MHxPC130549277,0,0,0.037683
tfidf_linear_svm,TF-IDF + Linear SVM,MHxPC130414612,0,0,0.040222
tfidf_linear_svm,TF-IDF + Linear SVM,MHxPC130169212,0,0,0.044869
tfidf_linear_svm,TF-IDF + Linear SVM,MHxPC130083909,0,0,0.01245
tfidf_linear_svm,TF-IDF + Linear SVM,MHxPC130238252,0,0,0.028918
tfidf_linear_svm,TF-IDF + Linear SVM,MHxPC130346423,0,0,0.000202
tfidf_linear_svm,TF-IDF + Linear SVM,MHxPC130271585,0,0,0.000202
tfidf_linear_svm,TF-IDF + Linear SVM,MHxPC130026122,0,0,0.000202
tfidf_linear_svm,TF-IDF + Linear SVM,MHxPC130187522,0,0,0.000202
tfidf_linear_svm,TF-IDF + Linear SVM,MHxPC130452759,0,0,0.000202
tfidf_linear_svm,TF-IDF + Linear SVM,MHxPC130015131,0,0,0.014294
tfidf_linear_svm,TF-IDF + Linear SVM,MHxPC130511992,0,0,0.000202
tfidf_linear_svm,TF-IDF + Linear SVM,MHxPC130050984,0,0,0.000202
tfidf_linear_svm,TF-IDF + Linear SVM,MHxPC130371689,0,0,0.018211
tfidf_linear_svm,TF-IDF + Linear SVM,MHxPC130214573,0,0,0.011222
tfidf_linear_svm,TF-IDF + Linear SVM,MHxPC130354606,0,0,0.023988
tfidf_linear_svm,TF-IDF + Linear SVM,MHxPC130114769,0,0,0.000202
tfidf_linear_svm,TF-IDF + Linear SVM,MHxPC130183339,0,0,0.000202
tfidf_linear_svm,TF-IDF + Linear SVM,MHxPC130539056,0,0,0.000202
tfidf_linear_svm,TF-IDF + Linear SVM,MHxPC130076880,0,0,0.000202
tfidf_linear_svm,TF-IDF + Linear SVM,MHxPC130506756,0,0,0.000202
tfidf_linear_svm,TF-IDF + Linear SVM,MHxPC130586363,0,0,0.037846
tfidf_linear_svm,TF-IDF + Linear SVM,MHxPC130237522,0,0,0.057839
tfidf_linear_svm,TF-IDF + Linear SVM,MHxPC130335862,1,0,0.058185
tfidf_linear_svm,TF-IDF + Linear SVM,MHxPC130414008,0,0,0.003821
tfidf_linear_svm,TF-IDF + Linear SVM,MHxPC130024730,0,0,0.003325
tfidf_linear_svm,TF-IDF + Linear SVM,MHxPC130452486,0,0,0.026305
tfidf_linear_svm,TF-IDF + Linear SVM,MHxPC130356355,0,0,0.000202
tfidf_linear_svm,TF-IDF + Linear SVM,MHxPC130582214,0,0,0.000202
tfidf_linear_svm,TF-IDF + Linear SVM,MHxPC130263064,0,0,0.000202
tfidf_linear_svm,TF-IDF + Linear SVM,MHxPC130354472,0,0,0.000202
tfidf_linear_svm,TF-IDF + Linear SVM,MHxPC130012365,0,0,0.106298
tfidf_linear_svm,TF-IDF + Linear SVM,MHxPC130044589,0,0,0.000933
tfidf_linear_svm,TF-IDF + Linear SVM,MHxPC130233044,0,0,0.000202
tfidf_linear_svm,TF-IDF + Linear SVM,MHxPC130497802,0,0,0.000202
tfidf_linear_svm,TF-IDF + Linear SVM,MHxPC130301035,0,0,0.020824
tfidf_linear_svm,TF-IDF + Linear SVM,MHxPC130010956,0,0,0.000202
tfidf_linear_svm,TF-IDF + Linear SVM,MHxPC130573883,0,0,0.000202
tfidf_linear_svm,TF-IDF + Linear SVM,MHxPC130156976,0,0,0.000202
tfidf_linear_svm,TF-IDF + Linear SVM,MHxPC130407360,0,0,0.000202
tfidf_linear_svm,TF-IDF + Linear SVM,MHxPC130183307,0,0,0.000202
tfidf_linear_svm,TF-IDF + Linear SVM,MHxPC130345985,1,0,0.11264
tfidf_linear_svm,TF-IDF + Linear SVM,MHxPC130564075,0,0,0.011072
tfidf_linear_svm,TF-IDF + Linear SVM,MHxPC130574341,0,0,0.019067
tfidf_linear_svm,TF-IDF + Linear SVM,MHxPC130379239,0,0,0.045039
tfidf_linear_svm,TF-IDF + Linear SVM,MHxPC130279479,0,0,0.017109
tfidf_linear_svm,TF-IDF + Linear SVM,MHxPC130541099,0,0,0.000202
tfidf_linear_svm,TF-IDF + Linear SVM,MHxPC130193281,0,0,0.000202
tfidf_linear_svm,TF-IDF + Linear SVM,MHxPC130434554,0,0,0.000202
tfidf_linear_svm,TF-IDF + Linear SVM,MHxPC130067632,0,0,0.007686
tfidf_linear_svm,TF-IDF + Linear SVM,MHxPC130082544,0,0,0.000202
tfidf_linear_svm,TF-IDF + Linear SVM,MHxPC130354505,0,0,0.000202
tfidf_linear_svm,TF-IDF + Linear SVM,MHxPC130154988,0,0,0.004834
tfidf_linear_svm,TF-IDF + Linear SVM,MHxPC130507797,0,0,0.000202
tfidf_linear_svm,TF-IDF + Linear SVM,MHxPC130066889,0,0,0.244094
tfidf_linear_svm,TF-IDF + Linear SVM,MHxPC130110910,0,0,0.000202
tfidf_linear_svm,TF-IDF + Linear SVM,MHxPC130063722,0,0,0.059318
tfidf_linear_svm,TF-IDF + Linear SVM,MHxPC130477597,0,0,0.042839
tfidf_linear_svm,TF-IDF + Linear SVM,MHxPC130531728,0,0,0.000202
tfidf_linear_svm,TF-IDF + Linear SVM,MHxPC130016500,0,0,0.000202
tfidf_linear_svm,TF-IDF + Linear SVM,MHxPC130557951,0,0,0.000202
tfidf_linear_svm,TF-IDF + Linear SVM,MHxPC130523490,0,1,0.440037
tfidf_linear_svm,TF-IDF + Linear SVM,MHxPC130177084,0,0,0.07009
tfidf_linear_svm,TF-IDF + Linear SVM,MHxPC130398316,0,0,0.000202
tfidf_linear_svm,TF-IDF + Linear SVM,MHxPC130352420,0,0,0.021825
tfidf_linear_svm,TF-IDF + Linear SVM,MHxPC130249564,0,0,0.000202
tfidf_linear_svm,TF-IDF + Linear SVM,MHxPC130026468,0,0,0.037919
tfidf_linear_svm,TF-IDF + Linear SVM,MHxPC130252707,0,0,0.000202
tfidf_linear_svm,TF-IDF + Linear SVM,MHxPC130077349,0,0,0.000202
tfidf_linear_svm,TF-IDF + Linear SVM,MHxPC130179973,0,0,0.012194
tfidf_linear_svm,TF-IDF + Linear SVM,MHxPC130539268,0,0,0.000202
tfidf_linear_svm,TF-IDF + Linear SVM,MHxPC130463753,0,0,0.011125
tfidf_linear_svm,TF-IDF + Linear SVM,MHxPC130518004,0,0,0.000202
tfidf_linear_svm,TF-IDF + Linear SVM,MHxPC130260199,0,0,0.021855
tfidf_linear_svm,TF-IDF + Linear SVM,MHxPC130349769,0,0,0.000202
tfidf_linear_svm,TF-IDF + Linear SVM,MHxPC130272931,0,0,0.027213
tfidf_linear_svm,TF-IDF + Linear SVM,MHxPC130447059,0,0,0.000202
tfidf_linear_svm,TF-IDF + Linear SVM,MHxPC130572441,0,0,0.125153
tfidf_linear_svm,TF-IDF + Linear SVM,MHxPC130513473,0,0,0.014801
tfidf_linear_svm,TF-IDF + Linear SVM,MHxPC130187936,0,0,0.000202
tfidf_linear_svm,TF-IDF + Linear SVM,MHxPC130245215,0,0,0.005485
tfidf_linear_svm,TF-IDF + Linear SVM,MHxPC130332447,0,0,0.082948
tfidf_linear_svm,TF-IDF + Linear SVM,MHxPC130207964,0,0,0.000202
tfidf_linear_svm,TF-IDF + Linear SVM,MHxPC130422128,0,0,0.015134
tfidf_linear_svm,TF-IDF + Linear SVM,MHxPC130484122,0,0,0.133809
tfidf_linear_svm,TF-IDF + Linear SVM,MHxPC130406989,0,0,0.000202
tfidf_linear_svm,TF-IDF + Linear SVM,MHxPC130149291,0,0,0.000202
tfidf_linear_svm,TF-IDF + Linear SVM,MHxPC130202348,0,0,0.020734
tfidf_linear_svm,TF-IDF + Linear SVM,MHxPC130307352,0,0,0.020901
tfidf_linear_svm,TF-IDF + Linear SVM,MHxPC130177925,0,0,0.079065
tfidf_linear_svm,TF-IDF + Linear SVM,MHxPC130105920,0,0,0.000202
tfidf_linear_svm,TF-IDF + Linear SVM,MHxPC130183066,0,0,0.003798
tfidf_linear_svm,TF-IDF + Linear SVM,MHxPC130511517,0,0,0.008135
tfidf_linear_svm,TF-IDF + Linear SVM,MHxPC130227437,0,0,0.000202
tfidf_linear_svm,TF-IDF + Linear SVM,MHxPC130292307,0,1,0.275173
tfidf_linear_svm,TF-IDF + Linear SVM,MHxPC130397978,0,0,0.000202
tfidf_linear_svm,TF-IDF + Linear SVM,MHxPC130427507,0,0,0.000202
tfidf_linear_svm,TF-IDF + Linear SVM,MHxPC130107863,0,0,0.003957
tfidf_linear_svm,TF-IDF + Linear SVM,MHxPC130540693,0,1,0.313416
tfidf_linear_svm,TF-IDF + Linear SVM,MHxPC130226071,0,0,0.033645
tfidf_linear_svm,TF-IDF + Linear SVM,MHxPC130291357,0,0,0.000202
tfidf_linear_svm,TF-IDF + Linear SVM,MHxPC130254818,0,0,0.003821
tfidf_linear_svm,TF-IDF + Linear SVM,MHxPC130592191,0,0,0.000202
tfidf_linear_svm,TF-IDF + Linear SVM,MHxPC130207038,0,0,0.170556
tfidf_linear_svm,TF-IDF + Linear SVM,MHxPC130164298,0,0,0.028679
tfidf_linear_svm,TF-IDF + Linear SVM,MHxPC130004721,0,0,0.011125
tfidf_linear_svm,TF-IDF + Linear SVM,MHxPC130157500,0,0,0.005181
tfidf_linear_svm,TF-IDF + Linear SVM,MHxPC130377258,0,0,0.000202
tfidf_linear_svm,TF-IDF + Linear SVM,MHxPC130128571,0,0,0.000202
tfidf_linear_svm,TF-IDF + Linear SVM,MHxPC130173184,0,0,0.018934
tfidf_linear_svm,TF-IDF + Linear SVM,MHxPC130002605,0,0,0.02536
tfidf_linear_svm,TF-IDF + Linear SVM,MHxPC130141914,0,0,0.011106
tfidf_linear_svm,TF-IDF + Linear SVM,MHxPC130348192,0,0,0.000202
tfidf_linear_svm,TF-IDF + Linear SVM,MHxPC130233947,0,0,0.023162
tfidf_linear_svm,TF-IDF + Linear SVM,MHxPC130454514,0,0,0.075912
tfidf_linear_svm,TF-IDF + Linear SVM,MHxPC130551343,0,0,0.000202
tfidf_linear_svm,TF-IDF + Linear SVM,MHxPC130376895,0,0,0.000202
tfidf_linear_svm,TF-IDF + Linear SVM,MHxPC130510023,0,0,0.003821
tfidf_linear_svm,TF-IDF + Linear SVM,MHxPC130013373,0,0,0.03156
tfidf_linear_svm,TF-IDF + Linear SVM,MHxPC130475551,0,0,0.017109
tfidf_linear_svm,TF-IDF + Linear SVM,MHxPC130384679,0,0,0.000202
tfidf_linear_svm,TF-IDF + Linear SVM,MHxPC130532678,0,1,0.295282
tfidf_linear_svm,TF-IDF + Linear SVM,MHxPC130237365,0,0,0.020901
tfidf_linear_svm,TF-IDF + Linear SVM,MHxPC130096335,0,0,0.000202
tfidf_linear_svm,TF-IDF + Linear SVM,MHxPC130556951,0,0,0.000202
tfidf_linear_svm,TF-IDF + Linear SVM,MHxPC130423208,0,0,0.000202
tfidf_linear_svm,TF-IDF + Linear SVM,MHxPC130055400,0,0,0.221781
tfidf_linear_svm,TF-IDF + Linear SVM,MHxPC130119109,0,0,0.028867
tfidf_linear_svm,TF-IDF + Linear SVM,MHxPC130429472,0,0,0.000202
tfidf_linear_svm,TF-IDF + Linear SVM,MHxPC130365354,0,0,0.000202
tfidf_linear_svm,TF-IDF + Linear SVM,MHxPC130075942,0,0,0.000202
tfidf_linear_svm,TF-IDF + Linear SVM,MHxPC130377232,0,0,0.000202
tfidf_linear_svm,TF-IDF + Linear SVM,MHxPC130506984,0,0,0.006165
tfidf_linear_svm,TF-IDF + Linear SVM,MHxPC130470574,0,0,0.000202
tfidf_linear_svm,TF-IDF + Linear SVM,MHxPC130317773,0,0,0.000202
tfidf_linear_svm,TF-IDF + Linear SVM,MHxPC130395356,0,0,0.006597
tfidf_linear_svm,TF-IDF + Linear SVM,MHxPC130057695,0,0,0.040857
tfidf_linear_svm,TF-IDF + Linear SVM,MHxPC130173351,0,0,0.010161
tfidf_linear_svm,TF-IDF + Linear SVM,MHxPC130158668,0,0,0.045934
tfidf_linear_svm,TF-IDF + Linear SVM,MHxPC130007951,0,0,0.000202
tfidf_linear_svm,TF-IDF + Linear SVM,MHxPC130075036,0,0,0.011875
tfidf_linear_svm,TF-IDF + Linear SVM,MHxPC130221751,0,0,0.016071
tfidf_linear_svm,TF-IDF + Linear SVM,MHxPC130032999,0,0,0.000202
tfidf_linear_svm,TF-IDF + Linear SVM,MHxPC130594312,0,0,0.04268
tfidf_linear_svm,TF-IDF + Linear SVM,MHxPC130248075,0,0,0.000202
tfidf_linear_svm,TF-IDF + Linear SVM,MHxPC130368443,0,0,0.000202
tfidf_linear_svm,TF-IDF + Linear SVM,MHxPC130098868,0,0,0.000202
tfidf_linear_svm,TF-IDF + Linear SVM,MHxPC130249217,0,0,0.100178
tfidf_linear_svm,TF-IDF + Linear SVM,MHxPC130223029,0,0,0.007485
tfidf_linear_svm,TF-IDF + Linear SVM,MHxPC130588966,0,0,0.000202
tfidf_linear_svm,TF-IDF + Linear SVM,MHxPC130360409,0,0,0.000202
tfidf_linear_svm,TF-IDF + Linear SVM,MHxPC130012269,0,0,0.022557
tfidf_linear_svm,TF-IDF + Linear SVM,MHxPC130344206,1,0,0.234236
tfidf_linear_svm,TF-IDF + Linear SVM,MHxPC130573631,0,0,0.047764
tfidf_linear_svm,TF-IDF + Linear SVM,MHxPC130136259,0,0,0.022511
tfidf_linear_svm,TF-IDF + Linear SVM,MHxPC130196922,0,0,0.000202
tfidf_linear_svm,TF-IDF + Linear SVM,MHxPC130097877,0,0,0.000202
tfidf_linear_svm,TF-IDF + Linear SVM,MHxPC130393128,0,0,0.169325
tfidf_linear_svm,TF-IDF + Linear SVM,MHxPC130497416,0,0,0.000202
tfidf_linear_svm,TF-IDF + Linear SVM,MHxPC130081786,0,0,0.000202
tfidf_linear_svm,TF-IDF + Linear SVM,MHxPC130533212,0,0,0.000202
tfidf_linear_svm,TF-IDF + Linear SVM,MHxPC130368165,0,0,0.000202
tfidf_linear_svm,TF-IDF + Linear SVM,MHxPC130345986,0,0,0.005181
tfidf_linear_svm,TF-IDF + Linear SVM,MHxPC130514381,0,0,0.000202
tfidf_linear_svm,TF-IDF + Linear SVM,MHxPC130165483,0,0,0.028327
tfidf_linear_svm,TF-IDF + Linear SVM,MHxPC130086440,0,0,0.000202
tfidf_linear_svm,TF-IDF + Linear SVM,MHxPC130054811,0,0,0.000202
tfidf_linear_svm,TF-IDF + Linear SVM,MHxPC130418179,0,0,0.000202
tfidf_linear_svm,TF-IDF + Linear SVM,MHxPC130385005,0,0,0.000202
tfidf_linear_svm,TF-IDF + Linear SVM,MHxPC130204536,0,0,0.022191
tfidf_linear_svm,TF-IDF + Linear SVM,MHxPC130151940,0,0,0.000202
tfidf_linear_svm,TF-IDF + Linear SVM,MHxPC130468946,0,0,0.006597
tfidf_linear_svm,TF-IDF + Linear SVM,MHxPC130345551,0,0,0.006597
tfidf_linear_svm,TF-IDF + Linear SVM,MHxPC130095940,0,0,0.003798
tfidf_linear_svm,TF-IDF + Linear SVM,MHxPC130515923,0,0,0.000202
tfidf_linear_svm,TF-IDF + Linear SVM,MHxPC130458245,0,0,0.000202
tfidf_linear_svm,TF-IDF + Linear SVM,MHxPC130429139,0,0,0.03347
tfidf_linear_svm,TF-IDF + Linear SVM,MHxPC130391671,0,0,0.000202
tfidf_linear_svm,TF-IDF + Linear SVM,MHxPC130369621,0,1,0.337899
tfidf_linear_svm,TF-IDF + Linear SVM,MHxPC130106806,0,0,0.01041
tfidf_linear_svm,TF-IDF + Linear SVM,MHxPC130186500,0,0,0.000202
tfidf_linear_svm,TF-IDF + Linear SVM,MHxPC130233766,0,0,0.000202
tfidf_linear_svm,TF-IDF + Linear SVM,MHxPC130594548,0,0,0.012752
tfidf_linear_svm,TF-IDF + Linear SVM,MHxPC130548744,0,0,0.000202
tfidf_linear_svm,TF-IDF + Linear SVM,MHxPC130492056,0,0,0.028561
tfidf_linear_svm,TF-IDF + Linear SVM,MHxPC130467902,0,0,0.000202
tfidf_linear_svm,TF-IDF + Linear SVM,MHxPC130384719,0,0,0.000202
tfidf_linear_svm,TF-IDF + Linear SVM,MHxPC130298283,0,0,0.000202
tfidf_linear_svm,TF-IDF + Linear SVM,MHxPC130557065,0,0,0.205167
tfidf_linear_svm,TF-IDF + Linear SVM,MHxPC130242042,0,0,0.000202
tfidf_linear_svm,TF-IDF + Linear SVM,MHxPC130538895,0,0,0.003325
tfidf_linear_svm,TF-IDF + Linear SVM,MHxPC130589652,0,0,0.000202
tfidf_linear_svm,TF-IDF + Linear SVM,MHxPC130400792,0,0,0.003488
tfidf_linear_svm,TF-IDF + Linear SVM,MHxPC130467282,0,0,0.032072
tfidf_linear_svm,TF-IDF + Linear SVM,MHxPC130251346,0,0,0.006165
tfidf_linear_svm,TF-IDF + Linear SVM,MHxPC130325266,0,0,0.000202
tfidf_linear_svm,TF-IDF + Linear SVM,MHxPC130244076,0,0,0.000202
tfidf_linear_svm,TF-IDF + Linear SVM,MHxPC130193163,0,0,0.000202
tfidf_linear_svm,TF-IDF + Linear SVM,MHxPC130550143,0,0,0.000202
tfidf_linear_svm,TF-IDF + Linear SVM,MHxPC130110142,0,0,0.014483
tfidf_linear_svm,TF-IDF + Linear SVM,MHxPC130098219,0,0,0.01101
tfidf_linear_svm,TF-IDF + Linear SVM,MHxPC130562073,0,0,0.000202
tfidf_linear_svm,TF-IDF + Linear SVM,MHxPC130437223,0,0,0.001664
tfidf_linear_svm,TF-IDF + Linear SVM,MHxPC130240707,0,0,0.087574
tfidf_linear_svm,TF-IDF + Linear SVM,MHxPC130335809,0,0,0.011222
tfidf_linear_svm,TF-IDF + Linear SVM,MHxPC130491047,0,0,0.000202
tfidf_linear_svm,TF-IDF + Linear SVM,MHxPC130296900,0,0,0.14721
tfidf_linear_svm,TF-IDF + Linear SVM,MHxPC130353739,0,0,0.021133
tfidf_linear_svm,TF-IDF + Linear SVM,MHxPC130294681,0,0,0.008868
tfidf_linear_svm,TF-IDF + Linear SVM,MHxPC130216908,0,0,0.183196
tfidf_linear_svm,TF-IDF + Linear SVM,MHxPC130215484,0,0,0.019062
tfidf_linear_svm,TF-IDF + Linear SVM,MHxPC130447471,0,0,0.029892
tfidf_linear_svm,TF-IDF + Linear SVM,MHxPC130371980,0,0,0.028462
tfidf_linear_svm,TF-IDF + Linear SVM,MHxPC130332153,0,0,0.032914
tfidf_linear_svm,TF-IDF + Linear SVM,MHxPC130056349,0,0,0.000202
tfidf_linear_svm,TF-IDF + Linear SVM,MHxPC130576079,0,0,0.00554
tfidf_linear_svm,TF-IDF + Linear SVM,MHxPC130161299,0,0,0.039577
tfidf_linear_svm,TF-IDF + Linear SVM,MHxPC130206283,0,0,0.039716
tfidf_linear_svm,TF-IDF + Linear SVM,MHxPC130559350,0,0,0.000202
tfidf_linear_svm,TF-IDF + Linear SVM,MHxPC130282701,0,0,0.189764
tfidf_linear_svm,TF-IDF + Linear SVM,MHxPC130544483,0,0,0.003675
tfidf_linear_svm,TF-IDF + Linear SVM,MHxPC130361016,0,0,0.037283
tfidf_linear_svm,TF-IDF + Linear SVM,MHxPC130379143,0,0,0.000202
tfidf_linear_svm,TF-IDF + Linear SVM,MHxPC130326223,0,1,0.357634
tfidf_linear_svm,TF-IDF + Linear SVM,MHxPC130273675,0,0,0.000202
tfidf_linear_svm,TF-IDF + Linear SVM,MHxPC130440698,0,1,0.331671
tfidf_linear_svm,TF-IDF + Linear SVM,MHxPC130175062,0,1,0.612631
tfidf_linear_svm,TF-IDF + Linear SVM,MHxPC130164470,0,0,0.024319
tfidf_linear_svm,TF-IDF + Linear SVM,MHxPC130176471,0,0,0.030995
tfidf_linear_svm,TF-IDF + Linear SVM,MHxPC130197020,0,0,0.03153
tfidf_linear_svm,TF-IDF + Linear SVM,MHxPC130230177,0,0,0.044682
tfidf_linear_svm,TF-IDF + Linear SVM,MHxPC130504461,0,0,0.014051
tfidf_linear_svm,TF-IDF + Linear SVM,MHxPC130204399,0,0,0.000202
tfidf_linear_svm,TF-IDF + Linear SVM,MHxPC130404152,0,0,0.000202
tfidf_linear_svm,TF-IDF + Linear SVM,MHxPC130297579,0,0,0.000202
tfidf_linear_svm,TF-IDF + Linear SVM,MHxPC130353004,0,0,0.023414
tfidf_linear_svm,TF-IDF + Linear SVM,MHxPC130397485,1,0,0.078858
tfidf_linear_svm,TF-IDF + Linear SVM,MHxPC130411885,0,0,0.000202
tfidf_linear_svm,TF-IDF + Linear SVM,MHxPC130145216,0,0,0.03953
tfidf_linear_svm,TF-IDF + Linear SVM,MHxPC130257038,0,0,0.016546
tfidf_linear_svm,TF-IDF + Linear SVM,MHxPC130266134,0,0,0.000202
tfidf_linear_svm,TF-IDF + Linear SVM,MHxPC130118969,1,1,0.290259
tfidf_linear_svm,TF-IDF + Linear SVM,MHxPC130055336,0,0,0.003675
tfidf_linear_svm,TF-IDF + Linear SVM,MHxPC130386720,0,0,0.029031
tfidf_linear_svm,TF-IDF + Linear SVM,MHxPC130396377,0,0,0.000202
tfidf_linear_svm,TF-IDF + Linear SVM,MHxPC130095011,0,0,0.000202
tfidf_linear_svm,TF-IDF + Linear SVM,MHxPC130201714,0,0,0.052142
tfidf_linear_svm,TF-IDF + Linear SVM,MHxPC130421562,0,0,0.005024
tfidf_linear_svm,TF-IDF + Linear SVM,MHxPC130001534,1,1,0.668586
tfidf_linear_svm,TF-IDF + Linear SVM,MHxPC130392605,0,0,0.000202
tfidf_linear_svm,TF-IDF + Linear SVM,MHxPC130491483,0,0,0.000202
tfidf_linear_svm,TF-IDF + Linear SVM,MHxPC130213111,0,0,0.024651
tfidf_linear_svm,TF-IDF + Linear SVM,MHxPC130514623,0,0,0.000202
tfidf_linear_svm,TF-IDF + Linear SVM,MHxPC130582937,0,0,0.000202
tfidf_linear_svm,TF-IDF + Linear SVM,MHxPC130139360,0,0,0.000202
tfidf_linear_svm,TF-IDF + Linear SVM,MHxPC130314623,0,0,0.000202
tfidf_linear_svm,TF-IDF + Linear SVM,MHxPC130285595,0,0,0.000202
tfidf_linear_svm,TF-IDF + Linear SVM,MHxPC130225748,0,0,0.03501
tfidf_linear_svm,TF-IDF + Linear SVM,MHxPC130224263,0,0,0.000202
tfidf_linear_svm,TF-IDF + Linear SVM,MHxPC130597402,0,0,0.015166
tfidf_linear_svm,TF-IDF + Linear SVM,MHxPC130265300,0,0,0.000202
tfidf_linear_svm,TF-IDF + Linear SVM,MHxPC130307447,0,0,0.000202
tfidf_linear_svm,TF-IDF + Linear SVM,MHxPC130357352,0,0,0.000202
tfidf_linear_svm,TF-IDF + Linear SVM,MHxPC130313738,0,0,0.043654
tfidf_linear_svm,TF-IDF + Linear SVM,MHxPC130259711,0,0,0.000202
tfidf_linear_svm,TF-IDF + Linear SVM,MHxPC130003152,0,0,0.000202
tfidf_linear_svm,TF-IDF + Linear SVM,MHxPC130374067,0,0,0.005485
tfidf_linear_svm,TF-IDF + Linear SVM,MHxPC130500620,0,0,0.000202
tfidf_linear_svm,TF-IDF + Linear SVM,MHxPC130319970,0,0,0.000202
tfidf_linear_svm,TF-IDF + Linear SVM,MHxPC130347972,0,0,0.012741
tfidf_linear_svm,TF-IDF + Linear SVM,MHxPC130480136,0,0,0.000202
tfidf_linear_svm,TF-IDF + Linear SVM,MHxPC130292127,0,0,0.011976
tfidf_linear_svm,TF-IDF + Linear SVM,MHxPC130422731,0,0,0.000202
tfidf_linear_svm,TF-IDF + Linear SVM,MHxPC130125644,0,0,0.022177
tfidf_linear_svm,TF-IDF + Linear SVM,MHxPC130351019,0,0,0.035388
tfidf_linear_svm,TF-IDF + Linear SVM,MHxPC130154419,0,0,0.030975
tfidf_linear_svm,TF-IDF + Linear SVM,MHxPC130272577,0,0,0.032436
tfidf_linear_svm,TF-IDF + Linear SVM,MHxPC130265114,0,0,0.089991
tfidf_linear_svm,TF-IDF + Linear SVM,MHxPC130590348,0,0,0.000202
tfidf_linear_svm,TF-IDF + Linear SVM,MHxPC130462445,0,0,0.021137
tfidf_linear_svm,TF-IDF + Linear SVM,MHxPC130281635,0,0,0.000202
tfidf_linear_svm,TF-IDF + Linear SVM,MHxPC130361552,0,0,0.177698
tfidf_linear_svm,TF-IDF + Linear SVM,MHxPC130100884,0,0,0.009683
tfidf_linear_svm,TF-IDF + Linear SVM,MHxPC130561201,0,0,0.000202
tfidf_linear_svm,TF-IDF + Linear SVM,MHxPC130444862,0,0,0.092835
tfidf_linear_svm,TF-IDF + Linear SVM,MHxPC130272298,0,0,0.028229
tfidf_linear_svm,TF-IDF + Linear SVM,MHxPC130392583,0,0,0.000202
tfidf_linear_svm,TF-IDF + Linear SVM,MHxPC130164961,0,0,0.000202
tfidf_linear_svm,TF-IDF + Linear SVM,MHxPC130093238,0,0,0.003675
tfidf_linear_svm,TF-IDF + Linear SVM,MHxPC130565538,0,0,0.012752
tfidf_linear_svm,TF-IDF + Linear SVM,MHxPC130074406,0,0,0.054997
tfidf_linear_svm,TF-IDF + Linear SVM,MHxPC130166670,0,0,0.003675
tfidf_linear_svm,TF-IDF + Linear SVM,MHxPC130287785,0,0,0.043855
tfidf_linear_svm,TF-IDF + Linear SVM,MHxPC130347821,0,0,0.008277
tfidf_linear_svm,TF-IDF + Linear SVM,MHxPC130548759,0,0,0.00795
tfidf_linear_svm,TF-IDF + Linear SVM,MHxPC130437235,0,0,0.012021
tfidf_linear_svm,TF-IDF + Linear SVM,MHxPC130470000,0,0,0.000202
tfidf_linear_svm,TF-IDF + Linear SVM,MHxPC130123324,0,0,0.003821
tfidf_linear_svm,TF-IDF + Linear SVM,MHxPC130096269,0,0,0.006035
tfidf_linear_svm,TF-IDF + Linear SVM,MHxPC130373110,0,0,0.000202
tfidf_linear_svm,TF-IDF + Linear SVM,MHxPC130064916,0,0,0.000202
tfidf_linear_svm,TF-IDF + Linear SVM,MHxPC130349839,0,0,0.010971
tfidf_linear_svm,TF-IDF + Linear SVM,MHxPC130089747,0,0,0.000202
tfidf_linear_svm,TF-IDF + Linear SVM,MHxPC130104015,0,0,0.000202
tfidf_linear_svm,TF-IDF + Linear SVM,MHxPC130145492,0,0,0.233895
tfidf_linear_svm,TF-IDF + Linear SVM,MHxPC130513283,0,0,0.000202
tfidf_linear_svm,TF-IDF + Linear SVM,MHxPC130257111,0,0,0.058867
tfidf_linear_svm,TF-IDF + Linear SVM,MHxPC130453466,0,0,0.000202
tfidf_linear_svm,TF-IDF + Linear SVM,MHxPC130468539,0,0,0.003675
tfidf_linear_svm,TF-IDF + Linear SVM,MHxPC130053503,0,0,0.015253
tfidf_linear_svm,TF-IDF + Linear SVM,MHxPC130350429,0,0,0.000202
tfidf_linear_svm,TF-IDF + Linear SVM,MHxPC130585551,0,0,0.000202
tfidf_linear_svm,TF-IDF + Linear SVM,MHxPC130433008,0,0,0.000202
tfidf_linear_svm,TF-IDF + Linear SVM,MHxPC130346228,0,0,0.014226
tfidf_linear_svm,TF-IDF + Linear SVM,MHxPC130591403,0,0,0.000202
tfidf_linear_svm,TF-IDF + Linear SVM,MHxPC130130195,0,0,0.018629
tfidf_linear_svm,TF-IDF + Linear SVM,MHxPC130141176,0,0,0.016289
tfidf_linear_svm,TF-IDF + Linear SVM,MHxPC130012450,0,0,0.006532
tfidf_linear_svm,TF-IDF + Linear SVM,MHxPC130117496,0,0,0.000202
tfidf_linear_svm,TF-IDF + Linear SVM,MHxPC130130142,0,0,0.000202
tfidf_linear_svm,TF-IDF + Linear SVM,MHxPC130412631,0,0,0.03746
tfidf_linear_svm,TF-IDF + Linear SVM,MHxPC130102662,0,0,0.003675
tfidf_linear_svm,TF-IDF + Linear SVM,MHxPC130195861,0,0,0.000202
tfidf_linear_svm,TF-IDF + Linear SVM,MHxPC130008862,0,0,0.000202
tfidf_linear_svm,TF-IDF + Linear SVM,MHxPC130420166,0,0,0.005961
tfidf_linear_svm,TF-IDF + Linear SVM,MHxPC130272637,0,0,0.000202
tfidf_linear_svm,TF-IDF + Linear SVM,MHxPC130556843,1,1,0.386872
tfidf_linear_svm,TF-IDF + Linear SVM,MHxPC130287750,0,0,0.000202
tfidf_linear_svm,TF-IDF + Linear SVM,MHxPC130272387,0,0,0.009683
tfidf_linear_svm,TF-IDF + Linear SVM,MHxPC130066109,0,0,0.046624
tfidf_linear_svm,TF-IDF + Linear SVM,MHxPC130302275,0,0,0.000202
tfidf_linear_svm,TF-IDF + Linear SVM,MHxPC130331284,0,0,0.000202
tfidf_linear_svm,TF-IDF + Linear SVM,MHxPC130352098,1,0,0.005486
tfidf_linear_svm,TF-IDF + Linear SVM,MHxPC130352883,0,0,0.000202
tfidf_linear_svm,TF-IDF + Linear SVM,MHxPC130412407,0,0,0.000202
tfidf_linear_svm,TF-IDF + Linear SVM,MHxPC130260815,0,0,0.000202
tfidf_linear_svm,TF-IDF + Linear SVM,MHxPC130375536,0,0,0.006915
tfidf_linear_svm,TF-IDF + Linear SVM,MHxPC130022871,0,0,0.000202
tfidf_linear_svm,TF-IDF + Linear SVM,MHxPC130321761,0,0,0.010033
tfidf_linear_svm,TF-IDF + Linear SVM,MHxPC130094683,0,0,0.000202
tfidf_linear_svm,TF-IDF + Linear SVM,MHxPC130052666,0,0,0.000202
tfidf_linear_svm,TF-IDF + Linear SVM,MHxPC130057116,0,0,0.000202
tfidf_linear_svm,TF-IDF + Linear SVM,MHxPC130376186,0,0,0.029498
tfidf_linear_svm,TF-IDF + Linear SVM,MHxPC130067755,0,0,0.000202
tfidf_linear_svm,TF-IDF + Linear SVM,MHxPC130191456,0,0,0.03011
tfidf_linear_svm,TF-IDF + Linear SVM,MHxPC130059236,0,0,0.000202
tfidf_linear_svm,TF-IDF + Linear SVM,MHxPC130377510,0,0,0.000202
tfidf_linear_svm,TF-IDF + Linear SVM,MHxPC130290177,0,0,0.000202
tfidf_linear_svm,TF-IDF + Linear SVM,MHxPC130358978,0,1,0.489993
tfidf_linear_svm,TF-IDF + Linear SVM,MHxPC130235643,0,0,0.000202
tfidf_linear_svm,TF-IDF + Linear SVM,MHxPC130525996,0,0,0.000202
tfidf_linear_svm,TF-IDF + Linear SVM,MHxPC130485477,0,0,0.003821
tfidf_linear_svm,TF-IDF + Linear SVM,MHxPC130565686,0,0,0.010069
tfidf_linear_svm,TF-IDF + Linear SVM,MHxPC130003940,0,0,0.000202
tfidf_linear_svm,TF-IDF + Linear SVM,MHxPC130260842,0,0,0.000202
tfidf_linear_svm,TF-IDF + Linear SVM,MHxPC130306308,0,0,0.002475
tfidf_linear_svm,TF-IDF + Linear SVM,MHxPC130092700,0,0,0.006915
tfidf_linear_svm,TF-IDF + Linear SVM,MHxPC130186896,0,0,0.000202
tfidf_linear_svm,TF-IDF + Linear SVM,MHxPC130486836,0,0,0.000202
tfidf_linear_svm,TF-IDF + Linear SVM,MHxPC130493849,0,0,0.000202
tfidf_linear_svm,TF-IDF + Linear SVM,MHxPC130336234,0,0,0.000202
tfidf_linear_svm,TF-IDF + Linear SVM,MHxPC130262306,0,0,0.000202
tfidf_linear_svm,TF-IDF + Linear SVM,MHxPC130468803,0,0,0.000202
tfidf_linear_svm,TF-IDF + Linear SVM,MHxPC130276560,0,0,0.000202
tfidf_linear_svm,TF-IDF + Linear SVM,MHxPC130114586,0,0,0.020255
tfidf_linear_svm,TF-IDF + Linear SVM,MHxPC130163655,0,0,0.000202
tfidf_linear_svm,TF-IDF + Linear SVM,MHxPC130195975,0,0,0.000202
tfidf_linear_svm,TF-IDF + Linear SVM,MHxPC130011230,0,0,0.016068
tfidf_linear_svm,TF-IDF + Linear SVM,MHxPC130495850,0,0,0.030707
tfidf_linear_svm,TF-IDF + Linear SVM,MHxPC130262761,0,0,0.003675
tfidf_linear_svm,TF-IDF + Linear SVM,MHxPC130413451,0,0,0.044988
tfidf_linear_svm,TF-IDF + Linear SVM,MHxPC130264450,0,0,0.008135
tfidf_linear_svm,TF-IDF + Linear SVM,MHxPC130311654,0,0,0.010871
tfidf_linear_svm,TF-IDF + Linear SVM,MHxPC130441179,0,0,0.011072
tfidf_linear_svm,TF-IDF + Linear SVM,MHxPC130361806,0,0,0.000202
tfidf_linear_svm,TF-IDF + Linear SVM,MHxPC130324221,0,0,0.000202
tfidf_linear_svm,TF-IDF + Linear SVM,MHxPC130438178,0,0,0.021277
tfidf_linear_svm,TF-IDF + Linear SVM,MHxPC130268609,0,0,0.000202
tfidf_linear_svm,TF-IDF + Linear SVM,MHxPC130215049,0,0,0.000202
tfidf_linear_svm,TF-IDF + Linear SVM,MHxPC130434489,0,0,0.017357
tfidf_linear_svm,TF-IDF + Linear SVM,MHxPC130052558,0,0,0.000202
tfidf_linear_svm,TF-IDF + Linear SVM,MHxPC130029443,0,0,0.023037
tfidf_linear_svm,TF-IDF + Linear SVM,MHxPC130401865,0,0,0.020002
tfidf_linear_svm,TF-IDF + Linear SVM,MHxPC130438051,0,0,0.009774
tfidf_linear_svm,TF-IDF + Linear SVM,MHxPC130317727,0,1,0.32658
tfidf_linear_svm,TF-IDF + Linear SVM,MHxPC130209993,0,0,0.000202
tfidf_linear_svm,TF-IDF + Linear SVM,MHxPC130574982,0,1,0.303753
tfidf_linear_svm,TF-IDF + Linear SVM,MHxPC130166137,0,0,0.028605
tfidf_linear_svm,TF-IDF + Linear SVM,MHxPC130540802,0,0,0.000202
tfidf_linear_svm,TF-IDF + Linear SVM,MHxPC130368840,0,0,0.055636
tfidf_linear_svm,TF-IDF + Linear SVM,MHxPC130314443,1,0,0.247162
tfidf_linear_svm,TF-IDF + Linear SVM,MHxPC130278785,0,0,0.000202
tfidf_linear_svm,TF-IDF + Linear SVM,MHxPC130070487,1,1,0.363805
tfidf_linear_svm,TF-IDF + Linear SVM,MHxPC130532304,1,0,0.21574
tfidf_linear_svm,TF-IDF + Linear SVM,MHxPC130090727,0,0,0.000202
tfidf_linear_svm,TF-IDF + Linear SVM,MHxPC130030273,0,0,0.003798
tfidf_linear_svm,TF-IDF + Linear SVM,MHxPC130367523,0,0,0.028121
tfidf_linear_svm,TF-IDF + Linear SVM,MHxPC130581729,0,0,0.037609
tfidf_linear_svm,TF-IDF + Linear SVM,MHxPC130563411,0,0,0.010154
tfidf_linear_svm,TF-IDF + Linear SVM,MHxPC130283838,0,0,0.042751
tfidf_linear_svm,TF-IDF + Linear SVM,MHxPC130452444,0,0,0.000202
tfidf_linear_svm,TF-IDF + Linear SVM,MHxPC130552575,0,0,0.02007
tfidf_linear_svm,TF-IDF + Linear SVM,MHxPC130038715,0,0,0.019635
tfidf_linear_svm,TF-IDF + Linear SVM,MHxPC130469684,0,0,0.000202
tfidf_linear_svm,TF-IDF + Linear SVM,MHxPC130575856,0,0,0.021022
tfidf_linear_svm,TF-IDF + Linear SVM,MHxPC130589448,0,0,0.000202
tfidf_linear_svm,TF-IDF + Linear SVM,MHxPC130460185,0,0,0.012076
tfidf_linear_svm,TF-IDF + Linear SVM,MHxPC130560150,0,0,0.000202
tfidf_linear_svm,TF-IDF + Linear SVM,MHxPC130540400,0,0,0.000202
tfidf_linear_svm,TF-IDF + Linear SVM,MHxPC130446384,0,0,0.000202
tfidf_linear_svm,TF-IDF + Linear SVM,MHxPC130086849,0,0,0.000202
tfidf_linear_svm,TF-IDF + Linear SVM,MHxPC130147548,0,0,0.000202
tfidf_linear_svm,TF-IDF + Linear SVM,MHxPC130226478,0,0,0.000202
tfidf_linear_svm,TF-IDF + Linear SVM,MHxPC130592915,0,0,0.036719
tfidf_linear_svm,TF-IDF + Linear SVM,MHxPC130243659,0,0,0.039141
tfidf_linear_svm,TF-IDF + Linear SVM,MHxPC130550819,0,0,0.000202
tfidf_linear_svm,TF-IDF + Linear SVM,MHxPC130334061,0,0,0.000202
tfidf_linear_svm,TF-IDF + Linear SVM,MHxPC130353279,0,0,0.004834
tfidf_linear_svm,TF-IDF + Linear SVM,MHxPC130439634,0,0,0.00332
tfidf_linear_svm,TF-IDF + Linear SVM,MHxPC130141190,0,0,0.000202
tfidf_linear_svm,TF-IDF + Linear SVM,MHxPC130404736,0,0,0.007376
tfidf_linear_svm,TF-IDF + Linear SVM,MHxPC130564793,1,1,0.306633
tfidf_linear_svm,TF-IDF + Linear SVM,MHxPC130532047,0,0,0.000202
tfidf_linear_svm,TF-IDF + Linear SVM,MHxPC130046154,0,0,0.040336
tfidf_linear_svm,TF-IDF + Linear SVM,MHxPC130193549,0,0,0.000202
tfidf_linear_svm,TF-IDF + Linear SVM,MHxPC130020641,0,0,0.000202
tfidf_linear_svm,TF-IDF + Linear SVM,MHxPC130373445,0,0,0.000202
tfidf_linear_svm,TF-IDF + Linear SVM,MHxPC130561815,0,0,0.035429
tfidf_linear_svm,TF-IDF + Linear SVM,MHxPC130282865,0,0,0.008467
tfidf_linear_svm,TF-IDF + Linear SVM,MHxPC130198070,0,0,0.224047
tfidf_linear_svm,TF-IDF + Linear SVM,MHxPC130076251,0,0,0.000202
tfidf_linear_svm,TF-IDF + Linear SVM,MHxPC130330262,0,0,0.016628
tfidf_linear_svm,TF-IDF + Linear SVM,MHxPC130587554,0,0,0.054186
tfidf_linear_svm,TF-IDF + Linear SVM,MHxPC130374132,0,0,0.012665
tfidf_linear_svm,TF-IDF + Linear SVM,MHxPC130363806,0,0,0.012432
tfidf_linear_svm,TF-IDF + Linear SVM,MHxPC130134548,0,0,0.000202
tfidf_linear_svm,TF-IDF + Linear SVM,MHxPC130423682,0,0,0.000202
tfidf_linear_svm,TF-IDF + Linear SVM,MHxPC130416415,0,0,0.000202
tfidf_linear_svm,TF-IDF + Linear SVM,MHxPC130367914,0,0,0.014263
tfidf_linear_svm,TF-IDF + Linear SVM,MHxPC130435525,0,0,0.000202
tfidf_linear_svm,TF-IDF + Linear SVM,MHxPC130385887,0,0,0.000202
tfidf_linear_svm,TF-IDF + Linear SVM,MHxPC130543988,0,0,0.000202
tfidf_linear_svm,TF-IDF + Linear SVM,MHxPC130317530,0,0,0.034693
tfidf_linear_svm,TF-IDF + Linear SVM,MHxPC130449720,0,0,0.006721
tfidf_linear_svm,TF-IDF + Linear SVM,MHxPC130014411,0,0,0.011811
tfidf_linear_svm,TF-IDF + Linear SVM,MHxPC130071824,0,0,0.046167
tfidf_linear_svm,TF-IDF + Linear SVM,MHxPC130090681,0,0,0.000202
tfidf_linear_svm,TF-IDF + Linear SVM,MHxPC130507437,0,0,0.000202
tfidf_linear_svm,TF-IDF + Linear SVM,MHxPC130026440,0,0,0.000202
tfidf_linear_svm,TF-IDF + Linear SVM,MHxPC130083472,0,0,0.000202
tfidf_linear_svm,TF-IDF + Linear SVM,MHxPC130519923,0,0,0.023162
tfidf_linear_svm,TF-IDF + Linear SVM,MHxPC130127439,0,0,0.000202
tfidf_linear_svm,TF-IDF + Linear SVM,MHxPC130358938,0,0,0.013081
tfidf_linear_svm,TF-IDF + Linear SVM,MHxPC130393029,0,0,0.000202
tfidf_linear_svm,TF-IDF + Linear SVM,MHxPC130227666,0,0,0.000202
tfidf_linear_svm,TF-IDF + Linear SVM,MHxPC130060588,0,0,0.017543
tfidf_linear_svm,TF-IDF + Linear SVM,MHxPC130134019,0,0,0.000202
tfidf_linear_svm,TF-IDF + Linear SVM,MHxPC130461364,0,0,0.000202
tfidf_linear_svm,TF-IDF + Linear SVM,MHxPC130251248,0,0,0.071197
tfidf_linear_svm,TF-IDF + Linear SVM,MHxPC130028347,0,0,0.028072
tfidf_linear_svm,TF-IDF + Linear SVM,MHxPC130230866,0,0,0.000202
tfidf_linear_svm,TF-IDF + Linear SVM,MHxPC130501731,1,0,0.026472
tfidf_linear_svm,TF-IDF + Linear SVM,MHxPC130555802,0,0,0.000202
tfidf_linear_svm,TF-IDF + Linear SVM,MHxPC130469316,0,0,0.017109
tfidf_linear_svm,TF-IDF + Linear SVM,MHxPC130035106,0,0,0.006035
tfidf_linear_svm,TF-IDF + Linear SVM,MHxPC130548612,0,0,0.000202
tfidf_linear_svm,TF-IDF + Linear SVM,MHxPC130035465,0,0,0.000202
tfidf_linear_svm,TF-IDF + Linear SVM,MHxPC130535837,0,0,0.000202
tfidf_linear_svm,TF-IDF + Linear SVM,MHxPC130151318,0,0,0.012665
tfidf_linear_svm,TF-IDF + Linear SVM,MHxPC130363619,0,0,0.000202
tfidf_linear_svm,TF-IDF + Linear SVM,MHxPC130106736,0,0,0.013158
tfidf_linear_svm,TF-IDF + Linear SVM,MHxPC130425837,0,0,0.027666
tfidf_linear_svm,TF-IDF + Linear SVM,MHxPC130260387,0,0,0.000202
tfidf_linear_svm,TF-IDF + Linear SVM,MHxPC130073513,0,0,0.012665
tfidf_linear_svm,TF-IDF + Linear SVM,MHxPC130262036,0,0,0.000202
tfidf_linear_svm,TF-IDF + Linear SVM,MHxPC130091631,0,0,0.006597
tfidf_linear_svm,TF-IDF + Linear SVM,MHxPC130198330,0,0,0.000202
tfidf_linear_svm,TF-IDF + Linear SVM,MHxPC130113615,0,0,0.141622
tfidf_linear_svm,TF-IDF + Linear SVM,MHxPC130294990,0,0,0.000202
tfidf_linear_svm,TF-IDF + Linear SVM,MHxPC130207658,0,0,0.028224
tfidf_linear_svm,TF-IDF + Linear SVM,MHxPC130445599,1,0,0.144565
tfidf_linear_svm,TF-IDF + Linear SVM,MHxPC130072436,0,0,0.000202
tfidf_linear_svm,TF-IDF + Linear SVM,MHxPC130106564,0,0,0.026596
tfidf_linear_svm,TF-IDF + Linear SVM,MHxPC130414405,0,0,0.000202
tfidf_linear_svm,TF-IDF + Linear SVM,MHxPC130022976,0,0,0.000202
tfidf_linear_svm,TF-IDF + Linear SVM,MHxPC130300584,0,0,0.000202
tfidf_linear_svm,TF-IDF + Linear SVM,MHxPC130160655,0,0,0.15319
tfidf_linear_svm,TF-IDF + Linear SVM,MHxPC130426890,0,0,0.000202
tfidf_linear_svm,TF-IDF + Linear SVM,MHxPC130233901,0,0,0.039188
tfidf_linear_svm,TF-IDF + Linear SVM,MHxPC130141052,1,1,0.527776
tfidf_linear_svm,TF-IDF + Linear SVM,MHxPC130596056,0,0,0.012752
tfidf_linear_svm,TF-IDF + Linear SVM,MHxPC130345265,0,0,0.035653
tfidf_linear_svm,TF-IDF + Linear SVM,MHxPC130127842,0,0,0.000202
tfidf_linear_svm,TF-IDF + Linear SVM,MHxPC130506324,0,0,0.085127
tfidf_linear_svm,TF-IDF + Linear SVM,MHxPC130149224,0,0,0.008467
tfidf_linear_svm,TF-IDF + Linear SVM,MHxPC130085542,0,0,0.032555
tfidf_linear_svm,TF-IDF + Linear SVM,MHxPC130202995,0,0,0.03132
tfidf_linear_svm,TF-IDF + Linear SVM,MHxPC130379771,0,0,0.011072
tfidf_linear_svm,TF-IDF + Linear SVM,MHxPC130186026,0,0,0.026321
tfidf_linear_svm,TF-IDF + Linear SVM,MHxPC130205104,0,0,0.000299
tfidf_linear_svm,TF-IDF + Linear SVM,MHxPC130108070,0,0,0.017947
tfidf_linear_svm,TF-IDF + Linear SVM,MHxPC130318290,0,0,0.003785
tfidf_linear_svm,TF-IDF + Linear SVM,MHxPC130318371,0,0,0.005181
tfidf_linear_svm,TF-IDF + Linear SVM,MHxPC130222732,0,0,0.019133
tfidf_linear_svm,TF-IDF + Linear SVM,MHxPC130491591,0,0,0.006035
tfidf_linear_svm,TF-IDF + Linear SVM,MHxPC130287938,0,0,0.021877
tfidf_linear_svm,TF-IDF + Linear SVM,MHxPC130570931,0,0,0.000202
tfidf_linear_svm,TF-IDF + Linear SVM,MHxPC130515438,0,0,0.031804
tfidf_linear_svm,TF-IDF + Linear SVM,MHxPC130259024,0,0,0.000202
tfidf_linear_svm,TF-IDF + Linear SVM,MHxPC130344213,0,0,0.005485
tfidf_linear_svm,TF-IDF + Linear SVM,MHxPC130506180,0,0,0.051973
tfidf_linear_svm,TF-IDF + Linear SVM,MHxPC130449829,0,0,0.000202
tfidf_linear_svm,TF-IDF + Linear SVM,MHxPC130139501,0,0,0.014381
tfidf_linear_svm,TF-IDF + Linear SVM,MHxPC130070771,0,0,0.000202
tfidf_linear_svm,TF-IDF + Linear SVM,MHxPC130012782,0,0,0.000202
tfidf_linear_svm,TF-IDF + Linear SVM,MHxPC130505105,0,0,0.000202
tfidf_linear_svm,TF-IDF + Linear SVM,MHxPC130471315,0,0,0.000202
tfidf_linear_svm,TF-IDF + Linear SVM,MHxPC130224959,0,0,0.027438
tfidf_linear_svm,TF-IDF + Linear SVM,MHxPC130532517,0,0,0.000202
tfidf_linear_svm,TF-IDF + Linear SVM,MHxPC130149050,0,0,0.000202
tfidf_linear_svm,TF-IDF + Linear SVM,MHxPC130477776,0,0,0.140892
tfidf_linear_svm,TF-IDF + Linear SVM,MHxPC130292523,0,0,0.074248
tfidf_linear_svm,TF-IDF + Linear SVM,MHxPC130029220,0,0,0.000202
tfidf_linear_svm,TF-IDF + Linear SVM,MHxPC130125440,0,0,0.105018
tfidf_linear_svm,TF-IDF + Linear SVM,MHxPC130143328,0,0,0.000202
tfidf_linear_svm,TF-IDF + Linear SVM,MHxPC130078133,0,0,0.037679
tfidf_linear_svm,TF-IDF + Linear SVM,MHxPC130395291,0,0,0.000202
tfidf_linear_svm,TF-IDF + Linear SVM,MHxPC130126206,0,0,0.045635
tfidf_linear_svm,TF-IDF + Linear SVM,MHxPC130158792,0,0,0.000202
tfidf_linear_svm,TF-IDF + Linear SVM,MHxPC130301614,0,0,0.019649
tfidf_linear_svm,TF-IDF + Linear SVM,MHxPC130251411,0,0,0.000202
tfidf_linear_svm,TF-IDF + Linear SVM,MHxPC130268038,0,0,0.009171
tfidf_linear_svm,TF-IDF + Linear SVM,MHxPC130334705,0,0,0.000202
tfidf_linear_svm,TF-IDF + Linear SVM,MHxPC130238275,1,0,0.078776
tfidf_linear_svm,TF-IDF + Linear SVM,MHxPC130582468,0,0,0.000202
tfidf_linear_svm,TF-IDF + Linear SVM,MHxPC130406202,0,0,0.015958
tfidf_linear_svm,TF-IDF + Linear SVM,MHxPC130578761,0,0,0.029734
tfidf_linear_svm,TF-IDF + Linear SVM,MHxPC130522550,0,0,0.000202
tfidf_linear_svm,TF-IDF + Linear SVM,MHxPC130468575,0,0,0.000202
tfidf_linear_svm,TF-IDF + Linear SVM,MHxPC130476288,0,0,0.022271
tfidf_linear_svm,TF-IDF + Linear SVM,MHxPC130263865,0,0,0.013961
tfidf_linear_svm,TF-IDF + Linear SVM,MHxPC130264004,0,0,0.000202
tfidf_linear_svm,TF-IDF + Linear SVM,MHxPC130371079,0,0,0.046525
tfidf_linear_svm,TF-IDF + Linear SVM,MHxPC130461481,0,0,0.014739
tfidf_linear_svm,TF-IDF + Linear SVM,MHxPC130083741,0,0,0.022819
tfidf_linear_svm,TF-IDF + Linear SVM,MHxPC130301219,0,0,0.050026
tfidf_linear_svm,TF-IDF + Linear SVM,MHxPC130236713,0,0,0.00109
tfidf_linear_svm,TF-IDF + Linear SVM,MHxPC130037839,0,0,0.000202
tfidf_linear_svm,TF-IDF + Linear SVM,MHxPC130548423,0,0,0.000202
tfidf_linear_svm,TF-IDF + Linear SVM,MHxPC130152490,0,0,0.000202
tfidf_linear_svm,TF-IDF + Linear SVM,MHxPC130490849,0,1,0.283073
tfidf_linear_svm,TF-IDF + Linear SVM,MHxPC130296407,0,0,0.031842
tfidf_linear_svm,TF-IDF + Linear SVM,MHxPC130050866,0,0,0.109592
tfidf_linear_svm,TF-IDF + Linear SVM,MHxPC130148551,0,0,0.000202
tfidf_linear_svm,TF-IDF + Linear SVM,MHxPC130337424,0,0,0.000202
tfidf_linear_svm,TF-IDF + Linear SVM,MHxPC130261868,0,0,0.130913
tfidf_linear_svm,TF-IDF + Linear SVM,MHxPC130021222,0,0,0.193786
tfidf_linear_svm,TF-IDF + Linear SVM,MHxPC130588185,0,0,0.000202
tfidf_linear_svm,TF-IDF + Linear SVM,MHxPC130045935,0,0,0.000202
tfidf_linear_svm,TF-IDF + Linear SVM,MHxPC130365937,0,0,0.000202
tfidf_linear_svm,TF-IDF + Linear SVM,MHxPC130191643,0,0,0.000202
tfidf_linear_svm,TF-IDF + Linear SVM,MHxPC130395192,0,0,0.03721
tfidf_linear_svm,TF-IDF + Linear SVM,MHxPC130337262,0,0,0.000202
tfidf_linear_svm,TF-IDF + Linear SVM,MHxPC130038063,0,0,0.000202
tfidf_linear_svm,TF-IDF + Linear SVM,MHxPC130447659,0,0,0.000202
tfidf_linear_svm,TF-IDF + Linear SVM,MHxPC130573372,0,1,0.483545
tfidf_linear_svm,TF-IDF + Linear SVM,MHxPC130427662,0,0,0.00686
tfidf_linear_svm,TF-IDF + Linear SVM,MHxPC130208799,0,0,0.000202
tfidf_linear_svm,TF-IDF + Linear SVM,MHxPC130193540,0,0,0.002257
tfidf_linear_svm,TF-IDF + Linear SVM,MHxPC130185376,0,0,0.000202
tfidf_linear_svm,TF-IDF + Linear SVM,MHxPC130199071,0,0,0.029498
tfidf_linear_svm,TF-IDF + Linear SVM,MHxPC130093923,0,0,0.000202
tfidf_linear_svm,TF-IDF + Linear SVM,MHxPC130367894,1,0,0.090141
tfidf_linear_svm,TF-IDF + Linear SVM,MHxPC130421624,0,0,0.000202
tfidf_linear_svm,TF-IDF + Linear SVM,MHxPC130372531,0,0,0.000202
tfidf_linear_svm,TF-IDF + Linear SVM,MHxPC130229506,0,0,0.014911
tfidf_linear_svm,TF-IDF + Linear SVM,MHxPC130055927,0,0,0.000202
tfidf_linear_svm,TF-IDF + Linear SVM,MHxPC130409686,0,0,0.000202
tfidf_linear_svm,TF-IDF + Linear SVM,MHxPC130464791,0,0,0.030118
tfidf_linear_svm,TF-IDF + Linear SVM,MHxPC130515201,0,0,0.027376
tfidf_linear_svm,TF-IDF + Linear SVM,MHxPC130418042,0,0,0.000202
tfidf_linear_svm,TF-IDF + Linear SVM,MHxPC130563779,0,0,0.000202
tfidf_linear_svm,TF-IDF + Linear SVM,MHxPC130175390,0,0,0.000202
tfidf_linear_svm,TF-IDF + Linear SVM,MHxPC130345314,0,0,0.000202
tfidf_linear_svm,TF-IDF + Linear SVM,MHxPC130354678,0,0,0.006915
tfidf_linear_svm,TF-IDF + Linear SVM,MHxPC130223044,0,0,0.000202
tfidf_linear_svm,TF-IDF + Linear SVM,MHxPC130420007,0,0,0.016289
tfidf_linear_svm,TF-IDF + Linear SVM,MHxPC130286232,0,0,0.000202
tfidf_linear_svm,TF-IDF + Linear SVM,MHxPC130234439,0,0,0.042729
tfidf_linear_svm,TF-IDF + Linear SVM,MHxPC130314117,0,0,0.000202
tfidf_linear_svm,TF-IDF + Linear SVM,MHxPC130010409,0,0,0.061158
tfidf_linear_svm,TF-IDF + Linear SVM,MHxPC130021353,0,0,0.00746
tfidf_linear_svm,TF-IDF + Linear SVM,MHxPC130144417,0,0,0.034868
tfidf_linear_svm,TF-IDF + Linear SVM,MHxPC130185766,0,0,0.028652
tfidf_linear_svm,TF-IDF + Linear SVM,MHxPC130064562,0,0,0.000202
tfidf_linear_svm,TF-IDF + Linear SVM,MHxPC130151046,0,0,0.000202
tfidf_linear_svm,TF-IDF + Linear SVM,MHxPC130152126,0,0,0.000202
tfidf_linear_svm,TF-IDF + Linear SVM,MHxPC130048308,0,0,0.000202
tfidf_linear_svm,TF-IDF + Linear SVM,MHxPC130270076,0,0,0.023672
tfidf_linear_svm,TF-IDF + Linear SVM,MHxPC130291973,0,0,0.000202
tfidf_linear_svm,TF-IDF + Linear SVM,MHxPC130288187,1,0,0.259779
tfidf_linear_svm,TF-IDF + Linear SVM,MHxPC130303398,0,0,0.000202
tfidf_linear_svm,TF-IDF + Linear SVM,MHxPC130300124,0,0,0.027121
tfidf_linear_svm,TF-IDF + Linear SVM,MHxPC130576260,0,0,0.218258
tfidf_linear_svm,TF-IDF + Linear SVM,MHxPC130511908,0,0,0.033577
tfidf_linear_svm,TF-IDF + Linear SVM,MHxPC130565675,0,0,0.027865
tfidf_linear_svm,TF-IDF + Linear SVM,MHxPC130054155,0,0,0.000202
tfidf_linear_svm,TF-IDF + Linear SVM,MHxPC130543612,0,0,0.056285
tfidf_linear_svm,TF-IDF + Linear SVM,MHxPC130454657,0,0,0.000202
tfidf_linear_svm,TF-IDF + Linear SVM,MHxPC130299649,0,0,0.000202
tfidf_linear_svm,TF-IDF + Linear SVM,MHxPC130154103,0,0,0.000202
tfidf_linear_svm,TF-IDF + Linear SVM,MHxPC130381986,0,0,0.03333
tfidf_linear_svm,TF-IDF + Linear SVM,MHxPC130233512,0,0,0.091747
tfidf_linear_svm,TF-IDF + Linear SVM,MHxPC130554880,0,0,0.000202
tfidf_linear_svm,TF-IDF + Linear SVM,MHxPC130588167,0,0,0.023494
tfidf_linear_svm,TF-IDF + Linear SVM,MHxPC130584193,0,1,0.48022
tfidf_linear_svm,TF-IDF + Linear SVM,MHxPC130031280,0,0,0.023652
tfidf_linear_svm,TF-IDF + Linear SVM,MHxPC130592269,0,0,0.000202
tfidf_linear_svm,TF-IDF + Linear SVM,MHxPC130522771,0,0,0.009683
tfidf_linear_svm,TF-IDF + Linear SVM,MHxPC130319157,0,0,0.004119
tfidf_linear_svm,TF-IDF + Linear SVM,MHxPC130083240,0,0,0.000202
tfidf_linear_svm,TF-IDF + Linear SVM,MHxPC130596570,0,0,0.043901
tfidf_linear_svm,TF-IDF + Linear SVM,MHxPC130247680,0,0,0.161176
tfidf_linear_svm,TF-IDF + Linear SVM,MHxPC130356876,0,0,0.000202
tfidf_linear_svm,TF-IDF + Linear SVM,MHxPC130463392,0,0,0.000202
tfidf_linear_svm,TF-IDF + Linear SVM,MHxPC130379133,0,0,0.005181
tfidf_linear_svm,TF-IDF + Linear SVM,MHxPC130447998,0,0,0.021295
tfidf_linear_svm,TF-IDF + Linear SVM,MHxPC130176987,0,0,0.000202
tfidf_linear_svm,TF-IDF + Linear SVM,MHxPC130240067,0,0,0.003798
tfidf_linear_svm,TF-IDF + Linear SVM,MHxPC130311074,0,0,0.003325
tfidf_linear_svm,TF-IDF + Linear SVM,MHxPC130541755,0,0,0.003651
tfidf_linear_svm,TF-IDF + Linear SVM,MHxPC130528376,0,0,0.221441
tfidf_linear_svm,TF-IDF + Linear SVM,MHxPC130576956,0,0,0.000202
tfidf_linear_svm,TF-IDF + Linear SVM,MHxPC130291309,0,0,0.058931
tfidf_linear_svm,TF-IDF + Linear SVM,MHxPC130197242,0,0,0.000202
tfidf_linear_svm,TF-IDF + Linear SVM,MHxPC130186822,0,0,0.000202
tfidf_linear_svm,TF-IDF + Linear SVM,MHxPC130186415,0,0,0.012021
tfidf_linear_svm,TF-IDF + Linear SVM,MHxPC130446468,0,0,0.000202
tfidf_linear_svm,TF-IDF + Linear SVM,MHxPC130540174,0,0,0.041216
tfidf_linear_svm,TF-IDF + Linear SVM,MHxPC130226535,1,1,0.375831
tfidf_linear_svm,TF-IDF + Linear SVM,MHxPC130046957,0,0,0.00109
tfidf_linear_svm,TF-IDF + Linear SVM,MHxPC130480091,0,0,0.000202
tfidf_linear_svm,TF-IDF + Linear SVM,MHxPC130251958,0,0,0.000202
tfidf_linear_svm,TF-IDF + Linear SVM,MHxPC130224835,0,0,0.000202
tfidf_linear_svm,TF-IDF + Linear SVM,MHxPC130097572,0,0,0.000202
tfidf_linear_svm,TF-IDF + Linear SVM,MHxPC130006666,0,0,0.013519
tfidf_linear_svm,TF-IDF + Linear SVM,MHxPC130463290,0,0,0.000202
tfidf_linear_svm,TF-IDF + Linear SVM,MHxPC130595172,0,0,0.00109
tfidf_linear_svm,TF-IDF + Linear SVM,MHxPC130203772,0,1,0.304319
tfidf_linear_svm,TF-IDF + Linear SVM,MHxPC130386880,0,0,0.000202
tfidf_linear_svm,TF-IDF + Linear SVM,MHxPC130178281,0,0,0.000202
tfidf_linear_svm,TF-IDF + Linear SVM,MHxPC130205116,0,0,0.000202
tfidf_linear_svm,TF-IDF + Linear SVM,MHxPC130569640,1,0,0.106361
tfidf_linear_svm,TF-IDF + Linear SVM,MHxPC130290906,0,0,0.022279
tfidf_linear_svm,TF-IDF + Linear SVM,MHxPC130243406,0,0,0.02612
tfidf_linear_svm,TF-IDF + Linear SVM,MHxPC130122015,0,0,0.000202
tfidf_linear_svm,TF-IDF + Linear SVM,MHxPC130410488,0,0,0.003798
tfidf_linear_svm,TF-IDF + Linear SVM,MHxPC130456297,0,0,0.005485
tfidf_linear_svm,TF-IDF + Linear SVM,MHxPC130456664,0,0,0.033402
tfidf_linear_svm,TF-IDF + Linear SVM,MHxPC130175307,0,0,0.219244
tfidf_linear_svm,TF-IDF + Linear SVM,MHxPC130142274,0,0,0.000181
tfidf_linear_svm,TF-IDF + Linear SVM,MHxPC130252055,0,0,0.000202
tfidf_linear_svm,TF-IDF + Linear SVM,MHxPC130556112,0,0,0.000202
tfidf_linear_svm,TF-IDF + Linear SVM,MHxPC130541308,0,0,0.000202
tfidf_linear_svm,TF-IDF + Linear SVM,MHxPC130454279,0,0,0.025837
tfidf_linear_svm,TF-IDF + Linear SVM,MHxPC130013911,0,0,0.000202
tfidf_linear_svm,TF-IDF + Linear SVM,MHxPC130400646,0,0,0.000202
tfidf_linear_svm,TF-IDF + Linear SVM,MHxPC130430380,0,0,0.000202
tfidf_linear_svm,TF-IDF + Linear SVM,MHxPC130197763,0,0,0.000202
tfidf_linear_svm,TF-IDF + Linear SVM,MHxPC130062610,0,0,0.000202
tfidf_linear_svm,TF-IDF + Linear SVM,MHxPC130279875,0,0,0.000202
tfidf_linear_svm,TF-IDF + Linear SVM,MHxPC130218391,0,0,0.000202
tfidf_linear_svm,TF-IDF + Linear SVM,MHxPC130517976,0,0,0.009919
tfidf_linear_svm,TF-IDF + Linear SVM,MHxPC130438439,0,0,0.002449
tfidf_linear_svm,TF-IDF + Linear SVM,MHxPC130228715,0,0,0.027978
tfidf_linear_svm,TF-IDF + Linear SVM,MHxPC130586262,0,0,0.003325
tfidf_linear_svm,TF-IDF + Linear SVM,MHxPC130355009,0,0,0.034175
tfidf_linear_svm,TF-IDF + Linear SVM,MHxPC130313702,0,0,0.000202
tfidf_linear_svm,TF-IDF + Linear SVM,MHxPC130168163,0,0,0.000202
tfidf_linear_svm,TF-IDF + Linear SVM,MHxPC130594438,0,0,0.003821
tfidf_linear_svm,TF-IDF + Linear SVM,MHxPC130065676,0,0,0.00332
tfidf_linear_svm,TF-IDF + Linear SVM,MHxPC130431854,0,0,0.000202
tfidf_linear_svm,TF-IDF + Linear SVM,MHxPC130175528,0,0,0.000202
tfidf_linear_svm,TF-IDF + Linear SVM,MHxPC130439984,0,0,0.000202
tfidf_linear_svm,TF-IDF + Linear SVM,MHxPC130217578,0,0,0.000202
tfidf_linear_svm,TF-IDF + Linear SVM,MHxPC130292228,0,0,0.000202
tfidf_linear_svm,TF-IDF + Linear SVM,MHxPC130404404,0,0,0.000202
tfidf_linear_svm,TF-IDF + Linear SVM,MHxPC130123726,0,0,0.000202
tfidf_linear_svm,TF-IDF + Linear SVM,MHxPC130255791,0,0,0.059638
tfidf_linear_svm,TF-IDF + Linear SVM,MHxPC130068864,0,0,0.000202
tfidf_linear_svm,TF-IDF + Linear SVM,MHxPC130119395,0,0,0.000202
tfidf_linear_svm,TF-IDF + Linear SVM,MHxPC130419278,0,0,0.004834
tfidf_linear_svm,TF-IDF + Linear SVM,MHxPC130233948,0,0,0.000202
tfidf_linear_svm,TF-IDF + Linear SVM,MHxPC130393579,0,0,0.000202
tfidf_linear_svm,TF-IDF + Linear SVM,MHxPC130464227,0,0,0.000202
tfidf_linear_svm,TF-IDF + Linear SVM,MHxPC130258969,0,0,0.000202
tfidf_linear_svm,TF-IDF + Linear SVM,MHxPC130227221,0,0,0.000202
tfidf_linear_svm,TF-IDF + Linear SVM,MHxPC130506377,0,0,0.023264
tfidf_linear_svm,TF-IDF + Linear SVM,MHxPC130448722,0,0,0.000202
tfidf_linear_svm,TF-IDF + Linear SVM,MHxPC130302807,0,0,0.000202
tfidf_linear_svm,TF-IDF + Linear SVM,MHxPC130359398,0,0,0.028072
tfidf_linear_svm,TF-IDF + Linear SVM,MHxPC130551116,0,0,0.000202
tfidf_linear_svm,TF-IDF + Linear SVM,MHxPC130107670,0,0,0.000202
tfidf_linear_svm,TF-IDF + Linear SVM,MHxPC130089241,0,0,0.000202
tfidf_linear_svm,TF-IDF + Linear SVM,MHxPC130196999,0,0,0.005485
tfidf_linear_svm,TF-IDF + Linear SVM,MHxPC130256168,0,0,0.000202
tfidf_linear_svm,TF-IDF + Linear SVM,MHxPC130567635,0,0,0.000202
tfidf_linear_svm,TF-IDF + Linear SVM,MHxPC130210312,0,0,0.000202
tfidf_linear_svm,TF-IDF + Linear SVM,MHxPC130498994,0,0,0.000202
tfidf_linear_svm,TF-IDF + Linear SVM,MHxPC130084299,0,0,0.009178
tfidf_linear_svm,TF-IDF + Linear SVM,MHxPC130071628,0,0,0.038175
tfidf_linear_svm,TF-IDF + Linear SVM,MHxPC130501748,0,0,0.022015
tfidf_linear_svm,TF-IDF + Linear SVM,MHxPC130130777,0,0,0.000202
tfidf_linear_svm,TF-IDF + Linear SVM,MHxPC130045512,0,0,0.006345
tfidf_linear_svm,TF-IDF + Linear SVM,MHxPC130456938,0,0,0.000202
tfidf_linear_svm,TF-IDF + Linear SVM,MHxPC130374741,0,0,0.000202
tfidf_linear_svm,TF-IDF + Linear SVM,MHxPC130562576,0,0,0.006165
tfidf_linear_svm,TF-IDF + Linear SVM,MHxPC130021492,0,0,0.000202
tfidf_linear_svm,TF-IDF + Linear SVM,MHxPC130020004,0,0,0.000202
tfidf_linear_svm,TF-IDF + Linear SVM,MHxPC130237913,0,0,0.000202
tfidf_linear_svm,TF-IDF + Linear SVM,MHxPC130349561,0,0,0.020901
tfidf_linear_svm,TF-IDF + Linear SVM,MHxPC130426848,0,0,0.079242
tfidf_linear_svm,TF-IDF + Linear SVM,MHxPC130392820,0,0,0.032945
tfidf_linear_svm,TF-IDF + Linear SVM,MHxPC130560262,0,0,0.264016
tfidf_linear_svm,TF-IDF + Linear SVM,MHxPC130138480,0,0,0.031162
tfidf_linear_svm,TF-IDF + Linear SVM,MHxPC130375875,0,0,0.000202
tfidf_linear_svm,TF-IDF + Linear SVM,MHxPC130279823,0,0,0.000202
tfidf_linear_svm,TF-IDF + Linear SVM,MHxPC130246293,0,0,0.006532
tfidf_linear_svm,TF-IDF + Linear SVM,MHxPC130359272,0,0,0.006165
tfidf_linear_svm,TF-IDF + Linear SVM,MHxPC130300988,0,0,0.008534
tfidf_linear_svm,TF-IDF + Linear SVM,MHxPC130230792,0,0,0.017352
tfidf_linear_svm,TF-IDF + Linear SVM,MHxPC130264574,0,0,0.000202
tfidf_linear_svm,TF-IDF + Linear SVM,MHxPC130290282,0,0,0.000202
tfidf_linear_svm,TF-IDF + Linear SVM,MHxPC130497676,0,0,0.00109
tfidf_linear_svm,TF-IDF + Linear SVM,MHxPC130040523,0,0,0.000202
tfidf_linear_svm,TF-IDF + Linear SVM,MHxPC130112696,0,0,0.055367
tfidf_linear_svm,TF-IDF + Linear SVM,MHxPC130536833,0,0,0.04696
tfidf_linear_svm,TF-IDF + Linear SVM,MHxPC130525427,0,0,0.006165
tfidf_linear_svm,TF-IDF + Linear SVM,MHxPC130382695,0,0,0.000202
tfidf_linear_svm,TF-IDF + Linear SVM,MHxPC130479519,0,0,0.00109
tfidf_linear_svm,TF-IDF + Linear SVM,MHxPC130564143,0,0,0.000202
tfidf_linear_svm,TF-IDF + Linear SVM,MHxPC130332759,0,0,0.017106
tfidf_linear_svm,TF-IDF + Linear SVM,MHxPC130423649,0,0,0.003798
tfidf_linear_svm,TF-IDF + Linear SVM,MHxPC130489563,0,0,0.000202
tfidf_linear_svm,TF-IDF + Linear SVM,MHxPC130152260,0,0,0.000202
tfidf_linear_svm,TF-IDF + Linear SVM,MHxPC130456997,0,0,0.000202
tfidf_linear_svm,TF-IDF + Linear SVM,MHxPC130235531,0,0,0.000202
tfidf_linear_svm,TF-IDF + Linear SVM,MHxPC130396543,0,0,0.057359
tfidf_linear_svm,TF-IDF + Linear SVM,MHxPC130485096,0,0,0.017196
tfidf_linear_svm,TF-IDF + Linear SVM,MHxPC130249472,1,1,0.294395
tfidf_linear_svm,TF-IDF + Linear SVM,MHxPC130329417,0,0,0.027121
tfidf_linear_svm,TF-IDF + Linear SVM,MHxPC130574493,0,0,0.000202
tfidf_linear_svm,TF-IDF + Linear SVM,MHxPC130167815,1,0,0.229824
tfidf_linear_svm,TF-IDF + Linear SVM,MHxPC130015501,0,0,0.000202
tfidf_linear_svm,TF-IDF + Linear SVM,MHxPC130266008,0,0,0.058471
tfidf_linear_svm,TF-IDF + Linear SVM,MHxPC130332177,0,0,0.000202
tfidf_linear_svm,TF-IDF + Linear SVM,MHxPC130085560,0,0,0.000202
tfidf_linear_svm,TF-IDF + Linear SVM,MHxPC130013946,0,0,0.011532
tfidf_linear_svm,TF-IDF + Linear SVM,MHxPC130037094,0,0,0.000202
tfidf_linear_svm,TF-IDF + Linear SVM,MHxPC130303617,0,0,0.000202
tfidf_linear_svm,TF-IDF + Linear SVM,MHxPC130392121,0,0,0.000202
tfidf_linear_svm,TF-IDF + Linear SVM,MHxPC130004625,0,0,0.000202
tfidf_linear_svm,TF-IDF + Linear SVM,MHxPC130335023,0,0,0.000202
tfidf_linear_svm,TF-IDF + Linear SVM,MHxPC130159246,0,0,0.000202
tfidf_linear_svm,TF-IDF + Linear SVM,MHxPC130074170,1,0,0.165161
tfidf_linear_svm,TF-IDF + Linear SVM,MHxPC130534684,0,0,0.016969
tfidf_linear_svm,TF-IDF + Linear SVM,MHxPC130571659,0,0,0.000202
tfidf_linear_svm,TF-IDF + Linear SVM,MHxPC130177286,0,0,0.018039
tfidf_linear_svm,TF-IDF + Linear SVM,MHxPC130000968,0,0,0.078008
tfidf_linear_svm,TF-IDF + Linear SVM,MHxPC130181617,0,0,0.000202
tfidf_linear_svm,TF-IDF + Linear SVM,MHxPC130501064,0,0,0.000202
tfidf_linear_svm,TF-IDF + Linear SVM,MHxPC130548960,0,0,0.000202
tfidf_linear_svm,TF-IDF + Linear SVM,MHxPC130204436,0,0,0.000202
tfidf_linear_svm,TF-IDF + Linear SVM,MHxPC130225077,0,0,0.000202
tfidf_linear_svm,TF-IDF + Linear SVM,MHxPC130316696,0,0,0.000202
tfidf_linear_svm,TF-IDF + Linear SVM,MHxPC130168965,0,0,0.000202
tfidf_linear_svm,TF-IDF + Linear SVM,MHxPC130590391,0,0,0.016518
tfidf_linear_svm,TF-IDF + Linear SVM,MHxPC130259791,0,0,0.000202
tfidf_linear_svm,TF-IDF + Linear SVM,MHxPC130253483,0,0,0.030177
tfidf_linear_svm,TF-IDF + Linear SVM,MHxPC130081276,0,0,0.041017
tfidf_linear_svm,TF-IDF + Linear SVM,MHxPC130101320,0,0,0.016231
tfidf_linear_svm,TF-IDF + Linear SVM,MHxPC130474663,0,0,0.000202
tfidf_linear_svm,TF-IDF + Linear SVM,MHxPC130570969,0,0,0.000202
tfidf_linear_svm,TF-IDF + Linear SVM,MHxPC130349871,0,0,0.000202
tfidf_linear_svm,TF-IDF + Linear SVM,MHxPC130548581,0,0,0.000202
tfidf_linear_svm,TF-IDF + Linear SVM,MHxPC130463621,0,0,0.000202
tfidf_linear_svm,TF-IDF + Linear SVM,MHxPC130315893,0,0,0.000202
tfidf_linear_svm,TF-IDF + Linear SVM,MHxPC130333253,1,0,0.005553
tfidf_linear_svm,TF-IDF + Linear SVM,MHxPC130502988,0,0,0.023162
tfidf_linear_svm,TF-IDF + Linear SVM,MHxPC130466127,0,0,0.000202
tfidf_linear_svm,TF-IDF + Linear SVM,MHxPC130209821,0,0,0.000202
tfidf_linear_svm,TF-IDF + Linear SVM,MHxPC130105330,0,0,0.000202
tfidf_linear_svm,TF-IDF + Linear SVM,MHxPC130557414,0,0,0.02169
tfidf_linear_svm,TF-IDF + Linear SVM,MHxPC130269632,0,0,0.027716
tfidf_linear_svm,TF-IDF + Linear SVM,MHxPC130233710,0,0,0.003821
tfidf_linear_svm,TF-IDF + Linear SVM,MHxPC130253445,0,0,0.013328
tfidf_linear_svm,TF-IDF + Linear SVM,MHxPC130184392,0,0,0.000202
tfidf_linear_svm,TF-IDF + Linear SVM,MHxPC130200172,0,0,0.005136
tfidf_linear_svm,TF-IDF + Linear SVM,MHxPC130377502,0,0,0.000202
tfidf_linear_svm,TF-IDF + Linear SVM,MHxPC130002794,0,0,0.03195
tfidf_linear_svm,TF-IDF + Linear SVM,MHxPC130554140,0,0,0.000202
tfidf_linear_svm,TF-IDF + Linear SVM,MHxPC130235282,0,0,0.035571
tfidf_linear_svm,TF-IDF + Linear SVM,MHxPC130160451,0,0,0.007686
tfidf_linear_svm,TF-IDF + Linear SVM,MHxPC130233985,0,0,0.000202
tfidf_linear_svm,TF-IDF + Linear SVM,MHxPC130053716,0,0,0.002454
tfidf_linear_svm,TF-IDF + Linear SVM,MHxPC130222673,0,0,0.054827
tfidf_linear_svm,TF-IDF + Linear SVM,MHxPC130172315,0,0,0.003798
tfidf_linear_svm,TF-IDF + Linear SVM,MHxPC130256767,0,0,0.000202
tfidf_linear_svm,TF-IDF + Linear SVM,MHxPC130214939,0,0,0.090117
tfidf_linear_svm,TF-IDF + Linear SVM,MHxPC130506228,0,0,0.000202
tfidf_linear_svm,TF-IDF + Linear SVM,MHxPC130513733,0,0,0.014051
tfidf_linear_svm,TF-IDF + Linear SVM,MHxPC130060367,0,0,0.003675
tfidf_linear_svm,TF-IDF + Linear SVM,MHxPC130213819,0,0,0.01997
tfidf_linear_svm,TF-IDF + Linear SVM,MHxPC130267570,0,0,0.000202
tfidf_linear_svm,TF-IDF + Linear SVM,MHxPC130555519,0,0,0.000202
tfidf_linear_svm,TF-IDF + Linear SVM,MHxPC130372217,0,0,0.000202
tfidf_linear_svm,TF-IDF + Linear SVM,MHxPC130026099,0,0,0.014381
tfidf_linear_svm,TF-IDF + Linear SVM,MHxPC130571119,0,0,0.000202
tfidf_linear_svm,TF-IDF + Linear SVM,MHxPC130193997,0,0,0.016152
tfidf_linear_svm,TF-IDF + Linear SVM,MHxPC130098444,0,0,0.053638
tfidf_linear_svm,TF-IDF + Linear SVM,MHxPC130434985,0,0,0.000202
tfidf_linear_svm,TF-IDF + Linear SVM,MHxPC130487939,0,0,0.014051
tfidf_linear_svm,TF-IDF + Linear SVM,MHxPC130154580,0,0,0.020901
tfidf_linear_svm,TF-IDF + Linear SVM,MHxPC130263899,0,0,0.084171
tfidf_linear_svm,TF-IDF + Linear SVM,MHxPC130060518,0,0,0.000202
tfidf_linear_svm,TF-IDF + Linear SVM,MHxPC130135208,0,0,0.022713
tfidf_linear_svm,TF-IDF + Linear SVM,MHxPC130102271,0,0,0.00746
tfidf_linear_svm,TF-IDF + Linear SVM,MHxPC130088590,0,0,0.000202
tfidf_linear_svm,TF-IDF + Linear SVM,MHxPC130426210,0,0,0.000202
tfidf_linear_svm,TF-IDF + Linear SVM,MHxPC130349429,0,0,0.030321
tfidf_linear_svm,TF-IDF + Linear SVM,MHxPC130335025,0,0,0.006165
tfidf_linear_svm,TF-IDF + Linear SVM,MHxPC130301688,0,0,0.000202
tfidf_linear_svm,TF-IDF + Linear SVM,MHxPC130120773,0,0,0.016991
tfidf_linear_svm,TF-IDF + Linear SVM,MHxPC130156412,0,0,0.000202
tfidf_linear_svm,TF-IDF + Linear SVM,MHxPC130261329,0,0,0.000202
tfidf_linear_svm,TF-IDF + Linear SVM,MHxPC130361954,0,0,0.000202
tfidf_linear_svm,TF-IDF + Linear SVM,MHxPC130450998,0,0,0.000202
tfidf_linear_svm,TF-IDF + Linear SVM,MHxPC130183842,0,0,0.000202
tfidf_linear_svm,TF-IDF + Linear SVM,MHxPC130565742,0,0,0.01649
tfidf_linear_svm,TF-IDF + Linear SVM,MHxPC130483428,0,0,0.000202
tfidf_linear_svm,TF-IDF + Linear SVM,MHxPC130117435,0,0,0.029709
tfidf_linear_svm,TF-IDF + Linear SVM,MHxPC130038394,0,0,0.021818
tfidf_linear_svm,TF-IDF + Linear SVM,MHxPC130431016,0,1,0.439737
tfidf_linear_svm,TF-IDF + Linear SVM,MHxPC130184011,0,0,0.021195
tfidf_linear_svm,TF-IDF + Linear SVM,MHxPC130039051,0,0,0.00109
tfidf_linear_svm,TF-IDF + Linear SVM,MHxPC130493252,0,0,0.000202
tfidf_linear_svm,TF-IDF + Linear SVM,MHxPC130116726,0,0,0.044784
tfidf_linear_svm,TF-IDF + Linear SVM,MHxPC130348638,0,0,0.000202
tfidf_linear_svm,TF-IDF + Linear SVM,MHxPC130131555,0,0,0.03083
tfidf_linear_svm,TF-IDF + Linear SVM,MHxPC130509019,0,0,0.000202
tfidf_linear_svm,TF-IDF + Linear SVM,MHxPC130524248,0,0,0.000202
tfidf_linear_svm,TF-IDF + Linear SVM,MHxPC130125404,0,0,0.024084
tfidf_linear_svm,TF-IDF + Linear SVM,MHxPC130087874,0,0,0.000202
tfidf_linear_svm,TF-IDF + Linear SVM,MHxPC130427196,0,0,0.02005
tfidf_linear_svm,TF-IDF + Linear SVM,MHxPC130266559,0,0,0.008515
tfidf_linear_svm,TF-IDF + Linear SVM,MHxPC130199722,0,0,0.000202
tfidf_linear_svm,TF-IDF + Linear SVM,MHxPC130434745,0,0,0.000202
tfidf_linear_svm,TF-IDF + Linear SVM,MHxPC130394934,0,0,0.081839
tfidf_linear_svm,TF-IDF + Linear SVM,MHxPC130044133,0,0,0.105391
tfidf_linear_svm,TF-IDF + Linear SVM,MHxPC130359714,0,0,0.000202
tfidf_linear_svm,TF-IDF + Linear SVM,MHxPC130560569,0,0,0.066782
tfidf_linear_svm,TF-IDF + Linear SVM,MHxPC130499847,0,0,0.000202
tfidf_linear_svm,TF-IDF + Linear SVM,MHxPC130371864,0,0,0.000202
tfidf_linear_svm,TF-IDF + Linear SVM,MHxPC130020920,0,0,0.000202
tfidf_linear_svm,TF-IDF + Linear SVM,MHxPC130152633,0,0,0.016044
tfidf_linear_svm,TF-IDF + Linear SVM,MHxPC130057445,0,0,0.048283
tfidf_linear_svm,TF-IDF + Linear SVM,MHxPC130272019,0,0,0.003785
tfidf_linear_svm,TF-IDF + Linear SVM,MHxPC130299163,0,0,0.000202
tfidf_linear_svm,TF-IDF + Linear SVM,MHxPC130541622,0,0,0.014026
tfidf_linear_svm,TF-IDF + Linear SVM,MHxPC130310092,0,0,0.000202
tfidf_linear_svm,TF-IDF + Linear SVM,MHxPC130229272,0,0,0.000202
tfidf_linear_svm,TF-IDF + Linear SVM,MHxPC130078020,1,1,0.360276
tfidf_linear_svm,TF-IDF + Linear SVM,MHxPC130403848,0,0,0.000202
tfidf_linear_svm,TF-IDF + Linear SVM,MHxPC130459467,0,0,0.022191
tfidf_linear_svm,TF-IDF + Linear SVM,MHxPC130392461,0,0,0.000202
tfidf_linear_svm,TF-IDF + Linear SVM,MHxPC130132423,0,0,0.033246
tfidf_linear_svm,TF-IDF + Linear SVM,MHxPC130567945,0,0,0.008135
tfidf_linear_svm,TF-IDF + Linear SVM,MHxPC130086720,0,0,0.000202
tfidf_linear_svm,TF-IDF + Linear SVM,MHxPC130084325,0,0,0.029734
tfidf_linear_svm,TF-IDF + Linear SVM,MHxPC130440171,0,0,0.034262
tfidf_linear_svm,TF-IDF + Linear SVM,MHxPC130136501,0,0,0.000202
tfidf_linear_svm,TF-IDF + Linear SVM,MHxPC130469216,0,0,0.001047
tfidf_linear_svm,TF-IDF + Linear SVM,MHxPC130182893,0,0,0.217455
tfidf_linear_svm,TF-IDF + Linear SVM,MHxPC130326238,0,0,0.000202
tfidf_linear_svm,TF-IDF + Linear SVM,MHxPC130035030,0,0,0.003798
tfidf_linear_svm,TF-IDF + Linear SVM,MHxPC130156516,0,0,0.024775
tfidf_linear_svm,TF-IDF + Linear SVM,MHxPC130231007,0,0,0.02954
tfidf_linear_svm,TF-IDF + Linear SVM,MHxPC130119029,0,0,0.003798
tfidf_linear_svm,TF-IDF + Linear SVM,MHxPC130045168,0,0,0.000202
tfidf_linear_svm,TF-IDF + Linear SVM,MHxPC130442583,0,0,0.12473
tfidf_linear_svm,TF-IDF + Linear SVM,MHxPC130388995,0,0,0.000202
tfidf_linear_svm,TF-IDF + Linear SVM,MHxPC130209242,0,0,0.000202
tfidf_linear_svm,TF-IDF + Linear SVM,MHxPC130222823,0,0,0.062705
tfidf_linear_svm,TF-IDF + Linear SVM,MHxPC130233488,0,0,0.000202
tfidf_linear_svm,TF-IDF + Linear SVM,MHxPC130082003,0,0,0.000202
tfidf_linear_svm,TF-IDF + Linear SVM,MHxPC130298737,1,1,0.321635
tfidf_linear_svm,TF-IDF + Linear SVM,MHxPC130395989,0,0,0.000202
tfidf_linear_svm,TF-IDF + Linear SVM,MHxPC130567710,0,0,0.000202
tfidf_linear_svm,TF-IDF + Linear SVM,MHxPC130091783,0,0,0.000202
tfidf_linear_svm,TF-IDF + Linear SVM,MHxPC130314877,0,0,0.000202
tfidf_linear_svm,TF-IDF + Linear SVM,MHxPC130147508,0,0,0.017109
tfidf_linear_svm,TF-IDF + Linear SVM,MHxPC130374731,0,0,0.000202
tfidf_linear_svm,TF-IDF + Linear SVM,MHxPC130579602,0,0,0.000202
tfidf_linear_svm,TF-IDF + Linear SVM,MHxPC130361338,0,0,0.000202
tfidf_linear_svm,TF-IDF + Linear SVM,MHxPC130440096,0,0,0.000202
tfidf_linear_svm,TF-IDF + Linear SVM,MHxPC130475341,0,0,0.000202
tfidf_linear_svm,TF-IDF + Linear SVM,MHxPC130410989,0,0,0.000202
tfidf_linear_svm,TF-IDF + Linear SVM,MHxPC130156541,0,0,0.00109
tfidf_linear_svm,TF-IDF + Linear SVM,MHxPC130110306,0,0,0.036864
tfidf_linear_svm,TF-IDF + Linear SVM,MHxPC130454961,0,0,0.000202
tfidf_linear_svm,TF-IDF + Linear SVM,MHxPC130000160,0,0,0.000202
tfidf_linear_svm,TF-IDF + Linear SVM,MHxPC130090389,0,0,0.000202
tfidf_linear_svm,TF-IDF + Linear SVM,MHxPC130123365,0,0,0.018108
tfidf_linear_svm,TF-IDF + Linear SVM,MHxPC130171705,0,0,0.000202
tfidf_linear_svm,TF-IDF + Linear SVM,MHxPC130360405,0,0,0.003166
tfidf_linear_svm,TF-IDF + Linear SVM,MHxPC130504554,0,0,0.05647
tfidf_linear_svm,TF-IDF + Linear SVM,MHxPC130402630,0,0,0.000202
tfidf_linear_svm,TF-IDF + Linear SVM,MHxPC130084775,0,0,0.00746
tfidf_linear_svm,TF-IDF + Linear SVM,MHxPC130587954,0,0,0.000202
tfidf_linear_svm,TF-IDF + Linear SVM,MHxPC130168189,0,0,0.000202
tfidf_linear_svm,TF-IDF + Linear SVM,MHxPC130595533,0,0,0.038631
tfidf_linear_svm,TF-IDF + Linear SVM,MHxPC130144680,0,0,0.032155
tfidf_linear_svm,TF-IDF + Linear SVM,MHxPC130408825,0,0,0.018475
tfidf_linear_svm,TF-IDF + Linear SVM,MHxPC130297912,0,0,0.005485
tfidf_linear_svm,TF-IDF + Linear SVM,MHxPC130351600,0,0,0.000202
tfidf_linear_svm,TF-IDF + Linear SVM,MHxPC130180808,0,0,0.066838
tfidf_linear_svm,TF-IDF + Linear SVM,MHxPC130130289,0,0,0.117407
tfidf_linear_svm,TF-IDF + Linear SVM,MHxPC130424901,0,0,0.001559
tfidf_linear_svm,TF-IDF + Linear SVM,MHxPC130140504,0,0,0.008858
tfidf_linear_svm,TF-IDF + Linear SVM,MHxPC130328127,0,0,0.007868
tfidf_linear_svm,TF-IDF + Linear SVM,MHxPC130517048,0,0,0.000202
tfidf_linear_svm,TF-IDF + Linear SVM,MHxPC130471619,0,0,0.020904
tfidf_linear_svm,TF-IDF + Linear SVM,MHxPC130091756,0,0,0.000202
tfidf_linear_svm,TF-IDF + Linear SVM,MHxPC130352157,0,0,0.012741
tfidf_linear_svm,TF-IDF + Linear SVM,MHxPC130148323,0,0,0.005904
tfidf_linear_svm,TF-IDF + Linear SVM,MHxPC130300970,0,0,0.030953
tfidf_linear_svm,TF-IDF + Linear SVM,MHxPC130571040,0,0,0.008478
tfidf_linear_svm,TF-IDF + Linear SVM,MHxPC130315864,0,0,0.027984
tfidf_linear_svm,TF-IDF + Linear SVM,MHxPC130460571,0,0,0.000202
tfidf_linear_svm,TF-IDF + Linear SVM,MHxPC130467513,0,0,0.008423
tfidf_linear_svm,TF-IDF + Linear SVM,MHxPC130159836,0,0,0.000202
tfidf_linear_svm,TF-IDF + Linear SVM,MHxPC130319725,0,0,0.000202
tfidf_linear_svm,TF-IDF + Linear SVM,MHxPC130149576,0,0,0.000202
tfidf_linear_svm,TF-IDF + Linear SVM,MHxPC130499885,0,0,0.000202
tfidf_linear_svm,TF-IDF + Linear SVM,MHxPC130212966,0,0,0.016257
tfidf_linear_svm,TF-IDF + Linear SVM,MHxPC130525123,0,0,0.000202
tfidf_linear_svm,TF-IDF + Linear SVM,MHxPC130339172,0,0,0.036446
tfidf_linear_svm,TF-IDF + Linear SVM,MHxPC130325557,0,0,0.005075
tfidf_linear_svm,TF-IDF + Linear SVM,MHxPC130088148,0,0,0.000202
tfidf_linear_svm,TF-IDF + Linear SVM,MHxPC130453436,0,0,0.183465
tfidf_linear_svm,TF-IDF + Linear SVM,MHxPC130174686,0,0,0.000202
tfidf_linear_svm,TF-IDF + Linear SVM,MHxPC130591627,0,0,0.010712
tfidf_linear_svm,TF-IDF + Linear SVM,MHxPC130545997,0,0,0.000202
tfidf_linear_svm,TF-IDF + Linear SVM,MHxPC130337746,0,0,0.000202
tfidf_linear_svm,TF-IDF + Linear SVM,MHxPC130111838,0,0,0.000202
tfidf_linear_svm,TF-IDF + Linear SVM,MHxPC130085902,0,0,0.000202
tfidf_linear_svm,TF-IDF + Linear SVM,MHxPC130526336,0,0,0.014508
tfidf_linear_svm,TF-IDF + Linear SVM,MHxPC130486519,0,0,0.055806
tfidf_linear_svm,TF-IDF + Linear SVM,MHxPC130285235,0,0,0.011106
tfidf_linear_svm,TF-IDF + Linear SVM,MHxPC130411664,0,0,0.000202
tfidf_linear_svm,TF-IDF + Linear SVM,MHxPC130436683,0,0,0.000202
tfidf_linear_svm,TF-IDF + Linear SVM,MHxPC130380789,0,0,0.000202
tfidf_linear_svm,TF-IDF + Linear SVM,MHxPC130169370,0,0,0.000202
tfidf_linear_svm,TF-IDF + Linear SVM,MHxPC130285555,0,0,0.008423
tfidf_linear_svm,TF-IDF + Linear SVM,MHxPC130001565,0,0,0.039768
tfidf_linear_svm,TF-IDF + Linear SVM,MHxPC130001892,0,0,0.000202
tfidf_linear_svm,TF-IDF + Linear SVM,MHxPC130169397,0,0,0.021654
tfidf_linear_svm,TF-IDF + Linear SVM,MHxPC130155244,0,0,0.000202
tfidf_linear_svm,TF-IDF + Linear SVM,MHxPC130533719,0,0,0.055586
tfidf_linear_svm,TF-IDF + Linear SVM,MHxPC130122957,0,0,0.000181
tfidf_linear_svm,TF-IDF + Linear SVM,MHxPC130296647,0,0,0.110945
tfidf_linear_svm,TF-IDF + Linear SVM,MHxPC130582162,0,0,0.058309
tfidf_linear_svm,TF-IDF + Linear SVM,MHxPC130152682,0,0,0.000202
tfidf_linear_svm,TF-IDF + Linear SVM,MHxPC130139312,0,0,0.084865
tfidf_linear_svm,TF-IDF + Linear SVM,MHxPC130102506,0,0,0.000202
tfidf_linear_svm,TF-IDF + Linear SVM,MHxPC130460438,0,0,0.000202
tfidf_linear_svm,TF-IDF + Linear SVM,MHxPC130195218,0,0,0.000202
tfidf_linear_svm,TF-IDF + Linear SVM,MHxPC130576263,0,0,0.010176
tfidf_linear_svm,TF-IDF + Linear SVM,MHxPC130528844,0,0,0.023162
tfidf_linear_svm,TF-IDF + Linear SVM,MHxPC130589507,0,0,0.000202
tfidf_linear_svm,TF-IDF + Linear SVM,MHxPC130296936,0,0,0.000202
tfidf_linear_svm,TF-IDF + Linear SVM,MHxPC130318426,1,1,0.306376
tfidf_linear_svm,TF-IDF + Linear SVM,MHxPC130039658,0,0,0.003675
tfidf_linear_svm,TF-IDF + Linear SVM,MHxPC130524942,1,0,0.021247
tfidf_linear_svm,TF-IDF + Linear SVM,MHxPC130440815,0,0,0.006165
tfidf_linear_svm,TF-IDF + Linear SVM,MHxPC130497376,0,0,0.000202
tfidf_linear_svm,TF-IDF + Linear SVM,MHxPC130419112,0,0,0.005181
tfidf_linear_svm,TF-IDF + Linear SVM,MHxPC130477921,0,0,0.000202
tfidf_linear_svm,TF-IDF + Linear SVM,MHxPC130399017,0,0,0.022118
tfidf_linear_svm,TF-IDF + Linear SVM,MHxPC130448050,0,0,0.000202
tfidf_linear_svm,TF-IDF + Linear SVM,MHxPC130184163,0,0,0.022266
tfidf_linear_svm,TF-IDF + Linear SVM,MHxPC130009380,0,0,0.000202
tfidf_linear_svm,TF-IDF + Linear SVM,MHxPC130167655,0,0,0.118514
tfidf_linear_svm,TF-IDF + Linear SVM,MHxPC130000457,0,0,0.019798
tfidf_linear_svm,TF-IDF + Linear SVM,MHxPC130162621,0,0,0.000202
tfidf_linear_svm,TF-IDF + Linear SVM,MHxPC130077465,0,0,0.000202
tfidf_linear_svm,TF-IDF + Linear SVM,MHxPC130433986,0,0,0.000202
tfidf_linear_svm,TF-IDF + Linear SVM,MHxPC130511814,0,0,0.000202
tfidf_linear_svm,TF-IDF + Linear SVM,MHxPC130474416,0,0,0.026951
tfidf_linear_svm,TF-IDF + Linear SVM,MHxPC130556569,0,0,0.000202
tfidf_linear_svm,TF-IDF + Linear SVM,MHxPC130504522,0,0,0.00746
tfidf_linear_svm,TF-IDF + Linear SVM,MHxPC130089907,0,0,0.009171
tfidf_linear_svm,TF-IDF + Linear SVM,MHxPC130415822,0,0,0.000202
tfidf_linear_svm,TF-IDF + Linear SVM,MHxPC130382287,1,0,0.043427
tfidf_linear_svm,TF-IDF + Linear SVM,MHxPC130277929,0,0,0.000202
tfidf_linear_svm,TF-IDF + Linear SVM,MHxPC130059426,0,0,0.000202
tfidf_linear_svm,TF-IDF + Linear SVM,MHxPC130078781,0,0,0.000202
tfidf_linear_svm,TF-IDF + Linear SVM,MHxPC130108075,0,0,0.000202
tfidf_linear_svm,TF-IDF + Linear SVM,MHxPC130467400,0,0,0.000202
tfidf_linear_svm,TF-IDF + Linear SVM,MHxPC130236453,0,0,0.128395
tfidf_linear_svm,TF-IDF + Linear SVM,MHxPC130131621,0,0,0.046362
tfidf_linear_svm,TF-IDF + Linear SVM,MHxPC130415742,0,0,0.000202
tfidf_linear_svm,TF-IDF + Linear SVM,MHxPC130283383,0,0,0.012922
tfidf_linear_svm,TF-IDF + Linear SVM,MHxPC130199684,0,0,0.00109
tfidf_linear_svm,TF-IDF + Linear SVM,MHxPC130551822,0,0,0.000202
tfidf_linear_svm,TF-IDF + Linear SVM,MHxPC130231841,0,0,0.000202
tfidf_linear_svm,TF-IDF + Linear SVM,MHxPC130048410,0,0,0.032889
tfidf_linear_svm,TF-IDF + Linear SVM,MHxPC130113435,0,0,0.003821
tfidf_linear_svm,TF-IDF + Linear SVM,MHxPC130067965,0,0,0.184834
tfidf_linear_svm,TF-IDF + Linear SVM,MHxPC130284597,0,0,0.052908
tfidf_linear_svm,TF-IDF + Linear SVM,MHxPC130016097,0,0,0.040308
tfidf_linear_svm,TF-IDF + Linear SVM,MHxPC130454747,0,0,0.000202
tfidf_linear_svm,TF-IDF + Linear SVM,MHxPC130067230,0,0,0.000202
tfidf_linear_svm,TF-IDF + Linear SVM,MHxPC130452549,0,0,0.000202
tfidf_linear_svm,TF-IDF + Linear SVM,MHxPC130167844,0,0,0.000202
tfidf_linear_svm,TF-IDF + Linear SVM,MHxPC130263528,0,0,0.036581
tfidf_linear_svm,TF-IDF + Linear SVM,MHxPC130048225,0,0,0.059532
tfidf_linear_svm,TF-IDF + Linear SVM,MHxPC130405024,0,0,0.031129
tfidf_linear_svm,TF-IDF + Linear SVM,MHxPC130589259,1,0,0.07398
tfidf_linear_svm,TF-IDF + Linear SVM,MHxPC130097754,0,0,0.000181
tfidf_linear_svm,TF-IDF + Linear SVM,MHxPC130473609,0,0,0.000202
tfidf_linear_svm,TF-IDF + Linear SVM,MHxPC130387006,0,0,0.000202
tfidf_linear_svm,TF-IDF + Linear SVM,MHxPC130292094,0,0,0.014837
tfidf_linear_svm,TF-IDF + Linear SVM,MHxPC130111058,0,0,0.069353
tfidf_linear_svm,TF-IDF + Linear SVM,MHxPC130335524,0,0,0.000202
tfidf_linear_svm,TF-IDF + Linear SVM,MHxPC130370193,0,0,0.011125
tfidf_linear_svm,TF-IDF + Linear SVM,MHxPC130321975,0,0,0.000202
tfidf_linear_svm,TF-IDF + Linear SVM,MHxPC130228368,0,0,0.006035
tfidf_linear_svm,TF-IDF + Linear SVM,MHxPC130224653,0,0,0.000202
tfidf_linear_svm,TF-IDF + Linear SVM,MHxPC130548357,0,0,0.034431
tfidf_linear_svm,TF-IDF + Linear SVM,MHxPC130180813,0,0,0.026266
tfidf_linear_svm,TF-IDF + Linear SVM,MHxPC130064463,0,0,0.000202
tfidf_linear_svm,TF-IDF + Linear SVM,MHxPC130198649,0,0,0.000202
tfidf_linear_svm,TF-IDF + Linear SVM,MHxPC130104911,0,0,0.028265
tfidf_linear_svm,TF-IDF + Linear SVM,MHxPC130071941,1,1,0.338001
tfidf_linear_svm,TF-IDF + Linear SVM,MHxPC130071683,0,0,0.035973
tfidf_linear_svm,TF-IDF + Linear SVM,MHxPC130554942,0,0,0.012704
tfidf_linear_svm,TF-IDF + Linear SVM,MHxPC130264174,0,0,0.000202
tfidf_linear_svm,TF-IDF + Linear SVM,MHxPC130120453,0,0,0.000202
tfidf_linear_svm,TF-IDF + Linear SVM,MHxPC130141442,0,0,0.027666
tfidf_linear_svm,TF-IDF + Linear SVM,MHxPC130253939,0,0,0.000202
tfidf_linear_svm,TF-IDF + Linear SVM,MHxPC130073170,0,0,0.035299
tfidf_linear_svm,TF-IDF + Linear SVM,MHxPC130091932,0,0,0.000202
tfidf_linear_svm,TF-IDF + Linear SVM,MHxPC130231699,0,0,0.04265
tfidf_linear_svm,TF-IDF + Linear SVM,MHxPC130503158,0,0,0.022819
tfidf_linear_svm,TF-IDF + Linear SVM,MHxPC130436119,0,0,0.199098
tfidf_linear_svm,TF-IDF + Linear SVM,MHxPC130112417,0,0,0.000202
tfidf_linear_svm,TF-IDF + Linear SVM,MHxPC130227752,1,1,0.736241
tfidf_linear_svm,TF-IDF + Linear SVM,MHxPC130026382,0,1,0.408696
tfidf_linear_svm,TF-IDF + Linear SVM,MHxPC130428704,0,0,0.000202
tfidf_linear_svm,TF-IDF + Linear SVM,MHxPC130476570,0,0,0.018801
tfidf_linear_svm,TF-IDF + Linear SVM,MHxPC130428315,0,0,0.000202
tfidf_linear_svm,TF-IDF + Linear SVM,MHxPC130491824,0,0,0.000202
tfidf_linear_svm,TF-IDF + Linear SVM,MHxPC130307733,0,0,0.000202
tfidf_linear_svm,TF-IDF + Linear SVM,MHxPC130285620,0,0,0.000202
tfidf_linear_svm,TF-IDF + Linear SVM,MHxPC130149485,0,0,0.000202
tfidf_linear_svm,TF-IDF + Linear SVM,MHxPC130025426,0,0,0.015078
tfidf_linear_svm,TF-IDF + Linear SVM,MHxPC130229327,0,0,0.006943
tfidf_linear_svm,TF-IDF + Linear SVM,MHxPC130338131,0,0,0.069281
tfidf_linear_svm,TF-IDF + Linear SVM,MHxPC130298904,1,1,0.287023
tfidf_linear_svm,TF-IDF + Linear SVM,MHxPC130355725,0,0,0.005485
tfidf_linear_svm,TF-IDF + Linear SVM,MHxPC130244175,0,0,0.04103
tfidf_linear_svm,TF-IDF + Linear SVM,MHxPC130347551,0,0,0.000202
tfidf_linear_svm,TF-IDF + Linear SVM,MHxPC130528109,0,0,0.038952
tfidf_linear_svm,TF-IDF + Linear SVM,MHxPC130058355,0,0,0.000202
tfidf_linear_svm,TF-IDF + Linear SVM,MHxPC130067252,0,0,0.019487
tfidf_linear_svm,TF-IDF + Linear SVM,MHxPC130309055,0,0,0.000202
tfidf_linear_svm,TF-IDF + Linear SVM,MHxPC130241827,0,0,0.003675
tfidf_linear_svm,TF-IDF + Linear SVM,MHxPC130264902,0,0,0.023208
tfidf_linear_svm,TF-IDF + Linear SVM,MHxPC130261355,0,0,0.041388
tfidf_linear_svm,TF-IDF + Linear SVM,MHxPC130347354,0,0,0.000202
tfidf_linear_svm,TF-IDF + Linear SVM,MHxPC130017954,1,1,0.334923
tfidf_linear_svm,TF-IDF + Linear SVM,MHxPC130549592,0,0,0.000202
tfidf_linear_svm,TF-IDF + Linear SVM,MHxPC130537543,0,0,0.018277
tfidf_linear_svm,TF-IDF + Linear SVM,MHxPC130309252,0,0,0.000202
tfidf_linear_svm,TF-IDF + Linear SVM,MHxPC130456637,0,0,0.000202
tfidf_linear_svm,TF-IDF + Linear SVM,MHxPC130108672,0,0,0.014575
tfidf_linear_svm,TF-IDF + Linear SVM,MHxPC130423759,0,0,0.000202
tfidf_linear_svm,TF-IDF + Linear SVM,MHxPC130138486,0,0,0.003675
tfidf_linear_svm,TF-IDF + Linear SVM,MHxPC130091807,1,0,0.148422
tfidf_linear_svm,TF-IDF + Linear SVM,MHxPC130377976,0,0,0.000202
tfidf_linear_svm,TF-IDF + Linear SVM,MHxPC130449808,0,0,0.017196
tfidf_linear_svm,TF-IDF + Linear SVM,MHxPC130504772,0,0,0.000202
tfidf_linear_svm,TF-IDF + Linear SVM,MHxPC130313988,0,0,0.000202
tfidf_linear_svm,TF-IDF + Linear SVM,MHxPC130444647,0,0,0.012403
tfidf_linear_svm,TF-IDF + Linear SVM,MHxPC130538474,0,0,0.000202
tfidf_linear_svm,TF-IDF + Linear SVM,MHxPC130097500,0,0,0.000202
tfidf_linear_svm,TF-IDF + Linear SVM,MHxPC130168553,0,0,0.000202
tfidf_linear_svm,TF-IDF + Linear SVM,MHxPC130252278,0,0,0.000202
tfidf_linear_svm,TF-IDF + Linear SVM,MHxPC130127500,0,0,0.000202
tfidf_linear_svm,TF-IDF + Linear SVM,MHxPC130375716,0,0,0.000202
tfidf_linear_svm,TF-IDF + Linear SVM,MHxPC130597425,0,0,0.000202
tfidf_linear_svm,TF-IDF + Linear SVM,MHxPC130012704,0,0,0.000202
tfidf_linear_svm,TF-IDF + Linear SVM,MHxPC130582173,0,0,0.012741
tfidf_linear_svm,TF-IDF + Linear SVM,MHxPC130430850,0,0,0.073108
tfidf_linear_svm,TF-IDF + Linear SVM,MHxPC130191538,0,0,0.000202
tfidf_linear_svm,TF-IDF + Linear SVM,MHxPC130329207,0,0,0.027121
tfidf_linear_svm,TF-IDF + Linear SVM,MHxPC130434264,0,0,0.000202
tfidf_linear_svm,TF-IDF + Linear SVM,MHxPC130081483,0,0,0.000202
tfidf_linear_svm,TF-IDF + Linear SVM,MHxPC130398826,0,0,0.000202
tfidf_linear_svm,TF-IDF + Linear SVM,MHxPC130012062,0,0,0.000202
tfidf_linear_svm,TF-IDF + Linear SVM,MHxPC130338999,0,0,0.000202
tfidf_linear_svm,TF-IDF + Linear SVM,MHxPC130329146,0,0,0.000202
tfidf_linear_svm,TF-IDF + Linear SVM,MHxPC130271534,0,0,0.000202
tfidf_linear_svm,TF-IDF + Linear SVM,MHxPC130352909,0,0,0.000202
tfidf_linear_svm,TF-IDF + Linear SVM,MHxPC130558021,0,0,0.008694
tfidf_linear_svm,TF-IDF + Linear SVM,MHxPC130292715,0,0,0.03729
tfidf_linear_svm,TF-IDF + Linear SVM,MHxPC130143785,1,1,0.807183
tfidf_linear_svm,TF-IDF + Linear SVM,MHxPC130376677,0,0,0.000202
tfidf_linear_svm,TF-IDF + Linear SVM,MHxPC130101129,0,0,0.000202
tfidf_linear_svm,TF-IDF + Linear SVM,MHxPC130453853,0,0,0.141161
tfidf_linear_svm,TF-IDF + Linear SVM,MHxPC130028946,0,0,0.014575
tfidf_linear_svm,TF-IDF + Linear SVM,MHxPC130554727,0,0,0.169187
tfidf_linear_svm,TF-IDF + Linear SVM,MHxPC130176507,0,0,0.028523
tfidf_linear_svm,TF-IDF + Linear SVM,MHxPC130176527,0,0,0.02079
tfidf_linear_svm,TF-IDF + Linear SVM,MHxPC130553369,1,0,0.166139
tfidf_linear_svm,TF-IDF + Linear SVM,MHxPC130253951,0,0,0.060884
tfidf_linear_svm,TF-IDF + Linear SVM,MHxPC130135320,0,0,0.047924
tfidf_linear_svm,TF-IDF + Linear SVM,MHxPC130026240,0,0,0.022854
tfidf_linear_svm,TF-IDF + Linear SVM,MHxPC130374056,0,0,0.022541
tfidf_linear_svm,TF-IDF + Linear SVM,MHxPC130331722,0,0,0.000202
tfidf_linear_svm,TF-IDF + Linear SVM,MHxPC130367672,0,0,0.000202
tfidf_linear_svm,TF-IDF + Linear SVM,MHxPC130392239,0,0,0.051123
tfidf_linear_svm,TF-IDF + Linear SVM,MHxPC130483787,0,0,0.000202
tfidf_linear_svm,TF-IDF + Linear SVM,MHxPC130189756,0,0,0.002517
tfidf_linear_svm,TF-IDF + Linear SVM,MHxPC130489979,0,0,0.000202
tfidf_linear_svm,TF-IDF + Linear SVM,MHxPC130574651,0,0,0.000202
tfidf_linear_svm,TF-IDF + Linear SVM,MHxPC130055963,0,0,0.000202
tfidf_linear_svm,TF-IDF + Linear SVM,MHxPC130515217,0,0,0.000202
tfidf_linear_svm,TF-IDF + Linear SVM,MHxPC130420347,0,0,0.000202
tfidf_linear_svm,TF-IDF + Linear SVM,MHxPC130010583,0,0,0.006946
tfidf_linear_svm,TF-IDF + Linear SVM,MHxPC130146083,0,0,0.071062
tfidf_linear_svm,TF-IDF + Linear SVM,MHxPC130355883,0,0,0.021137
tfidf_linear_svm,TF-IDF + Linear SVM,MHxPC130593341,0,0,0.200635
tfidf_linear_svm,TF-IDF + Linear SVM,MHxPC130317240,0,0,0.016628
tfidf_linear_svm,TF-IDF + Linear SVM,MHxPC130434430,0,0,0.011072
tfidf_linear_svm,TF-IDF + Linear SVM,MHxPC130472439,0,0,0.000202
tfidf_linear_svm,TF-IDF + Linear SVM,MHxPC130238703,0,0,0.000202
tfidf_linear_svm,TF-IDF + Linear SVM,MHxPC130091580,0,0,0.017572
tfidf_linear_svm,TF-IDF + Linear SVM,MHxPC130447502,0,0,0.000202
tfidf_linear_svm,TF-IDF + Linear SVM,MHxPC130590165,0,0,0.000202
tfidf_linear_svm,TF-IDF + Linear SVM,MHxPC130217413,0,0,0.003675
tfidf_linear_svm,TF-IDF + Linear SVM,MHxPC130337220,0,0,0.065055
tfidf_linear_svm,TF-IDF + Linear SVM,MHxPC130262895,0,0,0.000202
tfidf_linear_svm,TF-IDF + Linear SVM,MHxPC130358124,0,0,0.000202
tfidf_linear_svm,TF-IDF + Linear SVM,MHxPC130387128,0,0,0.000202
tfidf_linear_svm,TF-IDF + Linear SVM,MHxPC130368129,0,0,0.000202
tfidf_linear_svm,TF-IDF + Linear SVM,MHxPC130281991,0,0,0.000202
tfidf_linear_svm,TF-IDF + Linear SVM,MHxPC130177216,0,0,0.000202
tfidf_linear_svm,TF-IDF + Linear SVM,MHxPC130508311,0,0,0.000202
tfidf_linear_svm,TF-IDF + Linear SVM,MHxPC130210216,1,0,0.184054
tfidf_linear_svm,TF-IDF + Linear SVM,MHxPC130570019,0,0,0.008135
tfidf_linear_svm,TF-IDF + Linear SVM,MHxPC130381974,0,0,0.000202
tfidf_linear_svm,TF-IDF + Linear SVM,MHxPC130569284,0,0,0.000202
tfidf_linear_svm,TF-IDF + Linear SVM,MHxPC130505831,0,0,0.000202
tfidf_linear_svm,TF-IDF + Linear SVM,MHxPC130523383,0,0,0.022905
tfidf_linear_svm,TF-IDF + Linear SVM,MHxPC130481250,1,1,0.523039
tfidf_linear_svm,TF-IDF + Linear SVM,MHxPC130309811,0,0,0.008423
tfidf_linear_svm,TF-IDF + Linear SVM,MHxPC130462083,0,0,0.000202
tfidf_linear_svm,TF-IDF + Linear SVM,MHxPC130287237,0,0,0.000202
tfidf_linear_svm,TF-IDF + Linear SVM,MHxPC130204683,0,0,0.000202
tfidf_linear_svm,TF-IDF + Linear SVM,MHxPC130467599,0,0,0.000202
tfidf_linear_svm,TF-IDF + Linear SVM,MHxPC130158389,0,0,0.05203
tfidf_linear_svm,TF-IDF + Linear SVM,MHxPC130446424,0,0,0.000202
tfidf_linear_svm,TF-IDF + Linear SVM,MHxPC130120210,0,0,0.055971
tfidf_linear_svm,TF-IDF + Linear SVM,MHxPC130047375,0,0,0.000202
tfidf_linear_svm,TF-IDF + Linear SVM,MHxPC130548304,0,0,0.051893
tfidf_linear_svm,TF-IDF + Linear SVM,MHxPC130192248,0,0,0.000202
tfidf_linear_svm,TF-IDF + Linear SVM,MHxPC130030247,0,0,0.029651
tfidf_linear_svm,TF-IDF + Linear SVM,MHxPC130151288,0,0,0.000202
tfidf_linear_svm,TF-IDF + Linear SVM,MHxPC130099039,0,0,0.000202
tfidf_linear_svm,TF-IDF + Linear SVM,MHxPC130363060,0,0,0.000202
tfidf_linear_svm,TF-IDF + Linear SVM,MHxPC130481147,0,0,0.000202
tfidf_linear_svm,TF-IDF + Linear SVM,MHxPC130340906,0,0,0.000202
tfidf_linear_svm,TF-IDF + Linear SVM,MHxPC130035619,0,0,0.032544
tfidf_linear_svm,TF-IDF + Linear SVM,MHxPC130128929,0,0,0.000202
tfidf_linear_svm,TF-IDF + Linear SVM,MHxPC130587252,0,0,0.00961
tfidf_linear_svm,TF-IDF + Linear SVM,MHxPC130463376,0,0,0.003798
tfidf_linear_svm,TF-IDF + Linear SVM,MHxPC130349286,0,0,0.000202
tfidf_linear_svm,TF-IDF + Linear SVM,MHxPC130587025,0,0,0.029895
tfidf_linear_svm,TF-IDF + Linear SVM,MHxPC130564419,0,0,0.000202
tfidf_linear_svm,TF-IDF + Linear SVM,MHxPC130405743,0,0,0.008368
tfidf_linear_svm,TF-IDF + Linear SVM,MHxPC130590304,0,0,0.000202
tfidf_linear_svm,TF-IDF + Linear SVM,MHxPC130499870,0,0,0.006943
tfidf_linear_svm,TF-IDF + Linear SVM,MHxPC130354966,0,0,0.000202
tfidf_linear_svm,TF-IDF + Linear SVM,MHxPC130589996,0,0,0.000202
tfidf_linear_svm,TF-IDF + Linear SVM,MHxPC130314952,0,0,0.000202
tfidf_linear_svm,TF-IDF + Linear SVM,MHxPC130513483,0,0,0.006029
tfidf_linear_svm,TF-IDF + Linear SVM,MHxPC130576029,0,0,0.025194
tfidf_linear_svm,TF-IDF + Linear SVM,MHxPC130597503,0,0,0.000202
tfidf_linear_svm,TF-IDF + Linear SVM,MHxPC130225032,0,0,0.000202
tfidf_linear_svm,TF-IDF + Linear SVM,MHxPC130143105,0,0,0.166167
tfidf_linear_svm,TF-IDF + Linear SVM,MHxPC130593261,0,0,0.015958
tfidf_linear_svm,TF-IDF + Linear SVM,MHxPC130254299,0,0,0.036539
tfidf_linear_svm,TF-IDF + Linear SVM,MHxPC130531852,0,0,0.02561
tfidf_linear_svm,TF-IDF + Linear SVM,MHxPC130438273,0,0,0.000202
tfidf_linear_svm,TF-IDF + Linear SVM,MHxPC130232493,0,0,0.000202
tfidf_linear_svm,TF-IDF + Linear SVM,MHxPC130547369,0,0,0.000202
tfidf_linear_svm,TF-IDF + Linear SVM,MHxPC130317559,0,0,0.000202
tfidf_linear_svm,TF-IDF + Linear SVM,MHxPC130023849,0,0,0.000202
tfidf_linear_svm,TF-IDF + Linear SVM,MHxPC130174433,0,0,0.000202
tfidf_linear_svm,TF-IDF + Linear SVM,MHxPC130128869,0,0,0.000202
tfidf_linear_svm,TF-IDF + Linear SVM,MHxPC130416486,0,0,0.031488
tfidf_linear_svm,TF-IDF + Linear SVM,MHxPC130292591,0,0,0.007966
tfidf_linear_svm,TF-IDF + Linear SVM,MHxPC130094816,0,0,0.040518
tfidf_linear_svm,TF-IDF + Linear SVM,MHxPC130114802,1,0,0.186765
tfidf_linear_svm,TF-IDF + Linear SVM,MHxPC130295804,0,0,0.015741
tfidf_linear_svm,TF-IDF + Linear SVM,MHxPC130406337,0,0,0.004118
tfidf_linear_svm,TF-IDF + Linear SVM,MHxPC130371218,0,0,0.061866
tfidf_linear_svm,TF-IDF + Linear SVM,MHxPC130570973,0,0,0.000202
tfidf_linear_svm,TF-IDF + Linear SVM,MHxPC130138971,0,0,0.000202
tfidf_linear_svm,TF-IDF + Linear SVM,MHxPC130222445,0,0,0.000202
tfidf_linear_svm,TF-IDF + Linear SVM,MHxPC130311820,0,0,0.232779
tfidf_linear_svm,TF-IDF + Linear SVM,MHxPC130507719,0,0,0.000202
tfidf_linear_svm,TF-IDF + Linear SVM,MHxPC130391804,0,0,0.070798
tfidf_linear_svm,TF-IDF + Linear SVM,MHxPC130311349,0,0,0.016518
tfidf_linear_svm,TF-IDF + Linear SVM,MHxPC130317495,0,0,0.000202
tfidf_linear_svm,TF-IDF + Linear SVM,MHxPC130575673,0,0,0.050843
tfidf_linear_svm,TF-IDF + Linear SVM,MHxPC130003409,0,0,0.000202
tfidf_linear_svm,TF-IDF + Linear SVM,MHxPC130565293,0,0,0.006532
tfidf_linear_svm,TF-IDF + Linear SVM,MHxPC130551195,0,0,0.022557
tfidf_linear_svm,TF-IDF + Linear SVM,MHxPC130260648,0,0,0.035533
tfidf_linear_svm,TF-IDF + Linear SVM,MHxPC130443551,0,0,0.000202
tfidf_linear_svm,TF-IDF + Linear SVM,MHxPC130140327,0,0,0.000202
tfidf_linear_svm,TF-IDF + Linear SVM,MHxPC130583696,0,0,0.000202
tfidf_linear_svm,TF-IDF + Linear SVM,MHxPC130340584,0,0,0.000202
tfidf_linear_svm,TF-IDF + Linear SVM,MHxPC130232864,0,0,0.000202
tfidf_linear_svm,TF-IDF + Linear SVM,MHxPC130157254,0,0,0.000202
tfidf_linear_svm,TF-IDF + Linear SVM,MHxPC130031054,0,0,0.000202
tfidf_linear_svm,TF-IDF + Linear SVM,MHxPC130486176,0,0,0.000202
tfidf_linear_svm,TF-IDF + Linear SVM,MHxPC130281896,0,0,0.015075
tfidf_linear_svm,TF-IDF + Linear SVM,MHxPC130028725,0,0,0.015022
tfidf_linear_svm,TF-IDF + Linear SVM,MHxPC130017212,0,0,0.00989
tfidf_linear_svm,TF-IDF + Linear SVM,MHxPC130254228,0,0,0.000202
tfidf_linear_svm,TF-IDF + Linear SVM,MHxPC130244405,0,0,0.000202
tfidf_linear_svm,TF-IDF + Linear SVM,MHxPC130252485,0,0,0.011282
tfidf_linear_svm,TF-IDF + Linear SVM,MHxPC130512893,0,0,0.000202
tfidf_linear_svm,TF-IDF + Linear SVM,MHxPC130031702,0,0,0.032857
tfidf_linear_svm,TF-IDF + Linear SVM,MHxPC130357897,0,0,0.011072
tfidf_linear_svm,TF-IDF + Linear SVM,MHxPC130493912,0,0,0.008826
tfidf_linear_svm,TF-IDF + Linear SVM,MHxPC130340765,0,0,0.014801
tfidf_linear_svm,TF-IDF + Linear SVM,MHxPC130133510,0,0,0.034419
tfidf_linear_svm,TF-IDF + Linear SVM,MHxPC130367413,1,1,0.486816
tfidf_linear_svm,TF-IDF + Linear SVM,MHxPC130284770,0,0,0.000202
tfidf_linear_svm,TF-IDF + Linear SVM,MHxPC130103580,0,0,0.000202
tfidf_linear_svm,TF-IDF + Linear SVM,MHxPC130374462,0,0,0.004834
tfidf_linear_svm,TF-IDF + Linear SVM,MHxPC130126220,1,1,0.440903
tfidf_linear_svm,TF-IDF + Linear SVM,MHxPC130008594,0,1,0.462812
tfidf_linear_svm,TF-IDF + Linear SVM,MHxPC130096044,0,0,0.000202
tfidf_linear_svm,TF-IDF + Linear SVM,MHxPC130560324,0,0,0.000202
tfidf_linear_svm,TF-IDF + Linear SVM,MHxPC130356963,0,0,0.000202
tfidf_linear_svm,TF-IDF + Linear SVM,MHxPC130410305,0,0,0.000202
tfidf_linear_svm,TF-IDF + Linear SVM,MHxPC130541184,0,0,0.00954
tfidf_linear_svm,TF-IDF + Linear SVM,MHxPC130405176,0,0,0.016155
tfidf_linear_svm,TF-IDF + Linear SVM,MHxPC130194893,0,0,0.000202
tfidf_linear_svm,TF-IDF + Linear SVM,MHxPC130295536,0,0,0.257172
tfidf_linear_svm,TF-IDF + Linear SVM,MHxPC130216570,0,0,0.018382
tfidf_linear_svm,TF-IDF + Linear SVM,MHxPC130250173,0,0,0.01965
tfidf_linear_svm,TF-IDF + Linear SVM,MHxPC130597462,0,0,0.050607
tfidf_linear_svm,TF-IDF + Linear SVM,MHxPC130021341,0,0,0.000202
tfidf_linear_svm,TF-IDF + Linear SVM,MHxPC130175841,0,0,0.000202
tfidf_linear_svm,TF-IDF + Linear SVM,MHxPC130308536,0,0,0.013328
tfidf_linear_svm,TF-IDF + Linear SVM,MHxPC130202287,1,0,0.080871
tfidf_linear_svm,TF-IDF + Linear SVM,MHxPC130078178,0,0,0.014976
tfidf_linear_svm,TF-IDF + Linear SVM,MHxPC130441917,0,0,0.033678
tfidf_linear_svm,TF-IDF + Linear SVM,MHxPC130402524,0,0,0.000202
tfidf_linear_svm,TF-IDF + Linear SVM,MHxPC130512785,0,0,0.000202
tfidf_linear_svm,TF-IDF + Linear SVM,MHxPC130548242,0,0,0.034425
tfidf_linear_svm,TF-IDF + Linear SVM,MHxPC130381097,0,0,0.246865
tfidf_linear_svm,TF-IDF + Linear SVM,MHxPC130527208,0,0,0.000202
tfidf_linear_svm,TF-IDF + Linear SVM,MHxPC130249225,0,0,0.066114
tfidf_linear_svm,TF-IDF + Linear SVM,MHxPC130227648,0,0,0.034932
tfidf_linear_svm,TF-IDF + Linear SVM,MHxPC130429912,0,0,0.000202
tfidf_linear_svm,TF-IDF + Linear SVM,MHxPC130049023,0,0,0.000202
tfidf_linear_svm,TF-IDF + Linear SVM,MHxPC130041924,0,0,0.038917
tfidf_linear_svm,TF-IDF + Linear SVM,MHxPC130198013,0,0,0.033617
tfidf_linear_svm,TF-IDF + Linear SVM,MHxPC130351669,0,0,0.010435
tfidf_linear_svm,TF-IDF + Linear SVM,MHxPC130082373,0,0,0.003325
tfidf_linear_svm,TF-IDF + Linear SVM,MHxPC130169152,0,0,0.000202
tfidf_linear_svm,TF-IDF + Linear SVM,MHxPC130172153,0,0,0.000202
tfidf_linear_svm,TF-IDF + Linear SVM,MHxPC130534514,0,0,0.000202
tfidf_linear_svm,TF-IDF + Linear SVM,MHxPC130200256,0,0,0.000202
tfidf_linear_svm,TF-IDF + Linear SVM,MHxPC130401443,0,0,0.000202
tfidf_linear_svm,TF-IDF + Linear SVM,MHxPC130417248,0,0,0.000202
tfidf_linear_svm,TF-IDF + Linear SVM,MHxPC130200090,0,0,0.007376
tfidf_linear_svm,TF-IDF + Linear SVM,MHxPC130310426,1,0,0.194974
tfidf_linear_svm,TF-IDF + Linear SVM,MHxPC130480802,0,0,0.000202
tfidf_linear_svm,TF-IDF + Linear SVM,MHxPC130019525,0,0,0.028059
tfidf_linear_svm,TF-IDF + Linear SVM,MHxPC130572182,0,0,0.000202
tfidf_linear_svm,TF-IDF + Linear SVM,MHxPC130269170,0,0,0.067204
tfidf_linear_svm,TF-IDF + Linear SVM,MHxPC130460164,0,0,0.005485
tfidf_linear_svm,TF-IDF + Linear SVM,MHxPC130100309,0,0,0.029884
tfidf_linear_svm,TF-IDF + Linear SVM,MHxPC130033285,0,0,0.000202
tfidf_linear_svm,TF-IDF + Linear SVM,MHxPC130216792,1,0,0.226456
tfidf_linear_svm,TF-IDF + Linear SVM,MHxPC130486664,0,0,0.000202
tfidf_linear_svm,TF-IDF + Linear SVM,MHxPC130099677,0,0,0.024665
tfidf_linear_svm,TF-IDF + Linear SVM,MHxPC130037177,0,0,0.000202
tfidf_linear_svm,TF-IDF + Linear SVM,MHxPC130354542,0,0,0.010679
tfidf_linear_svm,TF-IDF + Linear SVM,MHxPC130584040,0,0,0.000202
tfidf_linear_svm,TF-IDF + Linear SVM,MHxPC130022349,0,0,0.005607
tfidf_linear_svm,TF-IDF + Linear SVM,MHxPC130162950,0,0,0.030838
tfidf_linear_svm,TF-IDF + Linear SVM,MHxPC130268079,0,0,0.03656
tfidf_linear_svm,TF-IDF + Linear SVM,MHxPC130138538,0,0,0.003159
tfidf_linear_svm,TF-IDF + Linear SVM,MHxPC130230493,0,0,0.00989
tfidf_linear_svm,TF-IDF + Linear SVM,MHxPC130010159,0,0,0.000202
tfidf_linear_svm,TF-IDF + Linear SVM,MHxPC130444907,0,0,0.000202
tfidf_linear_svm,TF-IDF + Linear SVM,MHxPC130394734,0,0,0.000202
tfidf_linear_svm,TF-IDF + Linear SVM,MHxPC130554810,0,0,0.000202
tfidf_linear_svm,TF-IDF + Linear SVM,MHxPC130327199,0,0,0.000202
tfidf_linear_svm,TF-IDF + Linear SVM,MHxPC130430181,0,0,0.008423
tfidf_linear_svm,TF-IDF + Linear SVM,MHxPC130543861,0,0,0.04113
tfidf_linear_svm,TF-IDF + Linear SVM,MHxPC130187508,0,0,0.000202
tfidf_linear_svm,TF-IDF + Linear SVM,MHxPC130174993,0,0,0.022819
tfidf_linear_svm,TF-IDF + Linear SVM,MHxPC130375351,0,0,0.000202
tfidf_linear_svm,TF-IDF + Linear SVM,MHxPC130298871,0,0,0.003063
tfidf_linear_svm,TF-IDF + Linear SVM,MHxPC130261404,0,0,0.000202
tfidf_linear_svm,TF-IDF + Linear SVM,MHxPC130043832,0,0,0.006035
tfidf_linear_svm,TF-IDF + Linear SVM,MHxPC130062616,0,0,0.014226
tfidf_linear_svm,TF-IDF + Linear SVM,MHxPC130146917,0,0,0.003675
tfidf_linear_svm,TF-IDF + Linear SVM,MHxPC130137483,0,0,0.128155
tfidf_linear_svm,TF-IDF + Linear SVM,MHxPC130539176,0,0,0.022927
tfidf_linear_svm,TF-IDF + Linear SVM,MHxPC130034106,0,0,0.022118
tfidf_linear_svm,TF-IDF + Linear SVM,MHxPC130387629,0,0,0.022994
tfidf_linear_svm,TF-IDF + Linear SVM,MHxPC130357412,0,0,0.010409
tfidf_linear_svm,TF-IDF + Linear SVM,MHxPC130286306,0,0,0.000202
tfidf_linear_svm,TF-IDF + Linear SVM,MHxPC130352294,0,0,0.04733
tfidf_linear_svm,TF-IDF + Linear SVM,MHxPC130413575,0,0,0.000202
tfidf_linear_svm,TF-IDF + Linear SVM,MHxPC130173069,0,0,0.219206
tfidf_linear_svm,TF-IDF + Linear SVM,MHxPC130010876,0,0,0.000202
tfidf_linear_svm,TF-IDF + Linear SVM,MHxPC130213227,0,0,0.000202
tfidf_linear_svm,TF-IDF + Linear SVM,MHxPC130225630,0,0,0.006035
tfidf_linear_svm,TF-IDF + Linear SVM,MHxPC130304794,0,0,0.016214
tfidf_linear_svm,TF-IDF + Linear SVM,MHxPC130313161,0,0,0.13695
tfidf_linear_svm,TF-IDF + Linear SVM,MHxPC130195839,0,0,0.003821
tfidf_linear_svm,TF-IDF + Linear SVM,MHxPC130020818,0,0,0.000202
tfidf_linear_svm,TF-IDF + Linear SVM,MHxPC130280254,0,0,0.000202
tfidf_linear_svm,TF-IDF + Linear SVM,MHxPC130434391,0,0,0.008601
tfidf_linear_svm,TF-IDF + Linear SVM,MHxPC130297737,0,0,0.020517
tfidf_linear_svm,TF-IDF + Linear SVM,MHxPC130328075,0,0,0.000202
tfidf_linear_svm,TF-IDF + Linear SVM,MHxPC130429951,0,0,0.000202
tfidf_linear_svm,TF-IDF + Linear SVM,MHxPC130363388,0,0,0.023965
tfidf_linear_svm,TF-IDF + Linear SVM,MHxPC130066571,0,0,0.008858
tfidf_linear_svm,TF-IDF + Linear SVM,MHxPC130423534,0,0,0.000202
tfidf_linear_svm,TF-IDF + Linear SVM,MHxPC130503589,0,0,0.000202
tfidf_linear_svm,TF-IDF + Linear SVM,MHxPC130496837,0,0,0.050558
tfidf_linear_svm,TF-IDF + Linear SVM,MHxPC130070755,0,0,0.004497
tfidf_linear_svm,TF-IDF + Linear SVM,MHxPC130241855,0,0,0.000202
tfidf_linear_svm,TF-IDF + Linear SVM,MHxPC130418031,0,0,0.000202
tfidf_linear_svm,TF-IDF + Linear SVM,MHxPC130176370,0,0,0.000202
tfidf_linear_svm,TF-IDF + Linear SVM,MHxPC130523015,0,1,0.598533
tfidf_linear_svm,TF-IDF + Linear SVM,MHxPC130108689,0,0,0.014333
tfidf_linear_svm,TF-IDF + Linear SVM,MHxPC130490550,0,0,0.014045
tfidf_linear_svm,TF-IDF + Linear SVM,MHxPC130097300,0,0,0.000202
tfidf_linear_svm,TF-IDF + Linear SVM,MHxPC130256206,0,0,0.024994
tfidf_linear_svm,TF-IDF + Linear SVM,MHxPC130484101,0,0,0.000202
tfidf_linear_svm,TF-IDF + Linear SVM,MHxPC130543121,0,0,0.078795
tfidf_linear_svm,TF-IDF + Linear SVM,MHxPC130474761,0,0,0.004834
tfidf_linear_svm,TF-IDF + Linear SVM,MHxPC130317070,0,0,0.000202
tfidf_linear_svm,TF-IDF + Linear SVM,MHxPC130489050,0,0,0.000202
tfidf_linear_svm,TF-IDF + Linear SVM,MHxPC130366531,0,0,0.000202
tfidf_linear_svm,TF-IDF + Linear SVM,MHxPC130269455,0,0,0.026356
tfidf_linear_svm,TF-IDF + Linear SVM,MHxPC130407412,0,0,0.006486
tfidf_linear_svm,TF-IDF + Linear SVM,MHxPC130193167,0,0,0.000202
tfidf_linear_svm,TF-IDF + Linear SVM,MHxPC130149518,0,0,0.003325
tfidf_linear_svm,TF-IDF + Linear SVM,MHxPC130103316,0,0,0.000202
tfidf_linear_svm,TF-IDF + Linear SVM,MHxPC130512259,0,0,0.040393
tfidf_linear_svm,TF-IDF + Linear SVM,MHxPC130236860,0,0,0.016345
tfidf_linear_svm,TF-IDF + Linear SVM,MHxPC130091339,0,0,0.000202
tfidf_linear_svm,TF-IDF + Linear SVM,MHxPC130286265,0,0,0.067033
tfidf_linear_svm,TF-IDF + Linear SVM,MHxPC130578947,0,0,0.004402
tfidf_linear_svm,TF-IDF + Linear SVM,MHxPC130288369,0,0,0.000202
tfidf_linear_svm,TF-IDF + Linear SVM,MHxPC130552344,0,0,0.000202
tfidf_linear_svm,TF-IDF + Linear SVM,MHxPC130537036,0,0,0.041942
tfidf_linear_svm,TF-IDF + Linear SVM,MHxPC130312885,0,0,0.000202
tfidf_linear_svm,TF-IDF + Linear SVM,MHxPC130287374,0,0,0.206231
tfidf_linear_svm,TF-IDF + Linear SVM,MHxPC130565059,0,0,0.032449
tfidf_linear_svm,TF-IDF + Linear SVM,MHxPC130464331,0,0,0.000202
tfidf_linear_svm,TF-IDF + Linear SVM,MHxPC130258041,0,0,0.016289
tfidf_linear_svm,TF-IDF + Linear SVM,MHxPC130456982,0,0,0.000316
tfidf_linear_svm,TF-IDF + Linear SVM,MHxPC130025829,0,0,0.041432
tfidf_linear_svm,TF-IDF + Linear SVM,MHxPC130021223,1,1,0.583846
tfidf_linear_svm,TF-IDF + Linear SVM,MHxPC130593231,0,1,0.293827
tfidf_linear_svm,TF-IDF + Linear SVM,MHxPC130492947,0,0,0.003325
tfidf_linear_svm,TF-IDF + Linear SVM,MHxPC130577505,0,0,0.011072
tfidf_linear_svm,TF-IDF + Linear SVM,MHxPC130118313,0,0,0.000202
tfidf_linear_svm,TF-IDF + Linear SVM,MHxPC130001686,0,0,0.001047
tfidf_linear_svm,TF-IDF + Linear SVM,MHxPC130536504,0,0,0.000202
tfidf_linear_svm,TF-IDF + Linear SVM,MHxPC130012634,0,0,0.000202
tfidf_linear_svm,TF-IDF + Linear SVM,MHxPC130147553,0,0,0.002257
tfidf_linear_svm,TF-IDF + Linear SVM,MHxPC130554757,0,0,0.01899
tfidf_linear_svm,TF-IDF + Linear SVM,MHxPC130452433,0,0,0.016068
tfidf_linear_svm,TF-IDF + Linear SVM,MHxPC130293585,0,0,0.000202
tfidf_linear_svm,TF-IDF + Linear SVM,MHxPC130305525,0,0,0.044172
tfidf_linear_svm,TF-IDF + Linear SVM,MHxPC130060764,0,0,0.029346
tfidf_linear_svm,TF-IDF + Linear SVM,MHxPC130117995,0,0,0.006642
tfidf_linear_svm,TF-IDF + Linear SVM,MHxPC130491361,0,0,0.000202
tfidf_linear_svm,TF-IDF + Linear SVM,MHxPC130303068,0,0,0.000202
tfidf_linear_svm,TF-IDF + Linear SVM,MHxPC130554825,0,0,0.020578
tfidf_linear_svm,TF-IDF + Linear SVM,MHxPC130512927,0,0,0.000202
tfidf_linear_svm,TF-IDF + Linear SVM,MHxPC130289389,0,0,0.027774
tfidf_linear_svm,TF-IDF + Linear SVM,MHxPC130235568,0,0,0.000202
tfidf_linear_svm,TF-IDF + Linear SVM,MHxPC130353904,0,0,0.04111
tfidf_linear_svm,TF-IDF + Linear SVM,MHxPC130497273,0,0,0.031019
tfidf_linear_svm,TF-IDF + Linear SVM,MHxPC130226209,0,0,0.000202
tfidf_linear_svm,TF-IDF + Linear SVM,MHxPC130511657,0,0,0.000202
tfidf_linear_svm,TF-IDF + Linear SVM,MHxPC130512370,0,0,0.000202
tfidf_linear_svm,TF-IDF + Linear SVM,MHxPC130554246,0,0,0.000202
tfidf_linear_svm,TF-IDF + Linear SVM,MHxPC130338158,0,0,0.120095
tfidf_linear_svm,TF-IDF + Linear SVM,MHxPC130088820,0,0,0.005181
tfidf_linear_svm,TF-IDF + Linear SVM,MHxPC130479728,0,0,0.000202
tfidf_linear_svm,TF-IDF + Linear SVM,MHxPC130074980,0,0,0.011303
tfidf_linear_svm,TF-IDF + Linear SVM,MHxPC130147379,0,0,0.000202
tfidf_linear_svm,TF-IDF + Linear SVM,MHxPC130539444,0,0,0.027048
tfidf_linear_svm,TF-IDF + Linear SVM,MHxPC130115469,0,0,0.020627
tfidf_linear_svm,TF-IDF + Linear SVM,MHxPC130189358,0,0,0.000202
tfidf_linear_svm,TF-IDF + Linear SVM,MHxPC130493722,0,0,0.000202
tfidf_linear_svm,TF-IDF + Linear SVM,MHxPC130110511,0,0,0.000202
tfidf_linear_svm,TF-IDF + Linear SVM,MHxPC130060683,0,0,0.029198
tfidf_linear_svm,TF-IDF + Linear SVM,MHxPC130593657,0,0,0.033713
tfidf_linear_svm,TF-IDF + Linear SVM,MHxPC130113531,0,0,0.005485
tfidf_linear_svm,TF-IDF + Linear SVM,MHxPC130449231,0,0,0.002136
tfidf_linear_svm,TF-IDF + Linear SVM,MHxPC130473175,0,0,0.0101
tfidf_linear_svm,TF-IDF + Linear SVM,MHxPC130162359,0,0,0.02243
tfidf_linear_svm,TF-IDF + Linear SVM,MHxPC130548265,0,0,0.000202
tfidf_linear_svm,TF-IDF + Linear SVM,MHxPC130226350,0,0,0.000202
tfidf_linear_svm,TF-IDF + Linear SVM,MHxPC130133460,0,0,0.000202
tfidf_linear_svm,TF-IDF + Linear SVM,MHxPC130584707,0,0,0.027642
tfidf_linear_svm,TF-IDF + Linear SVM,MHxPC130512338,0,0,0.000202
tfidf_linear_svm,TF-IDF + Linear SVM,MHxPC130357058,0,0,0.000202
tfidf_linear_svm,TF-IDF + Linear SVM,MHxPC130089733,0,0,0.015353
tfidf_linear_svm,TF-IDF + Linear SVM,MHxPC130567024,0,0,0.000202
tfidf_linear_svm,TF-IDF + Linear SVM,MHxPC130212874,0,0,0.024795
tfidf_linear_svm,TF-IDF + Linear SVM,MHxPC130184417,0,0,0.04103
tfidf_linear_svm,TF-IDF + Linear SVM,MHxPC130329063,0,0,0.022548
tfidf_linear_svm,TF-IDF + Linear SVM,MHxPC130490249,0,0,0.017572
tfidf_linear_svm,TF-IDF + Linear SVM,MHxPC130354504,0,0,0.000202
tfidf_linear_svm,TF-IDF + Linear SVM,MHxPC130545216,0,0,0.000202
tfidf_linear_svm,TF-IDF + Linear SVM,MHxPC130581758,0,0,0.007376
tfidf_linear_svm,TF-IDF + Linear SVM,MHxPC130020766,0,0,0.000202
tfidf_linear_svm,TF-IDF + Linear SVM,MHxPC130061700,0,0,0.000202
tfidf_linear_svm,TF-IDF + Linear SVM,MHxPC130524786,0,0,0.000202
tfidf_linear_svm,TF-IDF + Linear SVM,MHxPC130007504,1,0,0.071658
tfidf_linear_svm,TF-IDF + Linear SVM,MHxPC130221040,0,0,0.000202
tfidf_linear_svm,TF-IDF + Linear SVM,MHxPC130584019,0,0,0.000202
tfidf_linear_svm,TF-IDF + Linear SVM,MHxPC130411394,0,0,0.000202
tfidf_linear_svm,TF-IDF + Linear SVM,MHxPC130588776,1,0,0.20201
tfidf_linear_svm,TF-IDF + Linear SVM,MHxPC130118133,0,0,0.002449
tfidf_linear_svm,TF-IDF + Linear SVM,MHxPC130334498,0,0,0.018775
tfidf_linear_svm,TF-IDF + Linear SVM,MHxPC130246574,0,0,0.000202
tfidf_linear_svm,TF-IDF + Linear SVM,MHxPC130352958,1,1,0.28023
tfidf_linear_svm,TF-IDF + Linear SVM,MHxPC130464515,0,0,0.000202
tfidf_linear_svm,TF-IDF + Linear SVM,MHxPC130577076,0,0,0.000202
tfidf_linear_svm,TF-IDF + Linear SVM,MHxPC130293032,0,0,0.000202
tfidf_linear_svm,TF-IDF + Linear SVM,MHxPC130117820,0,0,0.005181
tfidf_linear_svm,TF-IDF + Linear SVM,MHxPC130225911,0,0,0.003798
tfidf_linear_svm,TF-IDF + Linear SVM,MHxPC130498974,0,0,0.243948
tfidf_linear_svm,TF-IDF + Linear SVM,MHxPC130165102,0,0,0.000202
tfidf_linear_svm,TF-IDF + Linear SVM,MHxPC130595042,0,0,0.009746
tfidf_linear_svm,TF-IDF + Linear SVM,MHxPC130090152,0,0,0.000202
tfidf_linear_svm,TF-IDF + Linear SVM,MHxPC130158623,0,0,0.03315
tfidf_linear_svm,TF-IDF + Linear SVM,MHxPC130065837,1,0,0.039059
tfidf_linear_svm,TF-IDF + Linear SVM,MHxPC130441666,0,0,0.000202
tfidf_linear_svm,TF-IDF + Linear SVM,MHxPC130054266,0,0,0.007485
tfidf_linear_svm,TF-IDF + Linear SVM,MHxPC130589538,0,0,0.000202
tfidf_linear_svm,TF-IDF + Linear SVM,MHxPC130271909,0,0,0.000202
tfidf_linear_svm,TF-IDF + Linear SVM,MHxPC130107444,0,0,0.039484
tfidf_linear_svm,TF-IDF + Linear SVM,MHxPC130107320,0,0,0.000202
tfidf_linear_svm,TF-IDF + Linear SVM,MHxPC130405966,0,0,0.010503
tfidf_linear_svm,TF-IDF + Linear SVM,MHxPC130388965,0,0,0.034647
tfidf_linear_svm,TF-IDF + Linear SVM,MHxPC130511776,0,0,0.000202
tfidf_linear_svm,TF-IDF + Linear SVM,MHxPC130395283,0,0,0.089678
tfidf_linear_svm,TF-IDF + Linear SVM,MHxPC130578952,0,0,0.000202
tfidf_linear_svm,TF-IDF + Linear SVM,MHxPC130174290,0,0,0.000202
tfidf_linear_svm,TF-IDF + Linear SVM,MHxPC130417497,0,0,0.214796
tfidf_linear_svm,TF-IDF + Linear SVM,MHxPC130323698,0,0,0.049411
tfidf_linear_svm,TF-IDF + Linear SVM,MHxPC130030800,0,0,0.055413
tfidf_linear_svm,TF-IDF + Linear SVM,MHxPC130333094,0,0,0.014226
tfidf_linear_svm,TF-IDF + Linear SVM,MHxPC130034635,0,1,0.297442
tfidf_linear_svm,TF-IDF + Linear SVM,MHxPC130010052,0,0,0.003325
tfidf_linear_svm,TF-IDF + Linear SVM,MHxPC130008389,0,0,0.014784
tfidf_linear_svm,TF-IDF + Linear SVM,MHxPC130091190,0,0,0.08468
tfidf_linear_svm,TF-IDF + Linear SVM,MHxPC130237451,0,0,0.000202
tfidf_linear_svm,TF-IDF + Linear SVM,MHxPC130463118,0,0,0.030979
tfidf_linear_svm,TF-IDF + Linear SVM,MHxPC130440385,0,0,0.034397
tfidf_linear_svm,TF-IDF + Linear SVM,MHxPC130184968,0,0,0.000202
tfidf_linear_svm,TF-IDF + Linear SVM,MHxPC130548391,0,0,0.000202
tfidf_linear_svm,TF-IDF + Linear SVM,MHxPC130324727,0,0,0.000202
tfidf_linear_svm,TF-IDF + Linear SVM,MHxPC130152159,0,0,0.075363
tfidf_linear_svm,TF-IDF + Linear SVM,MHxPC130038300,0,0,0.000202
tfidf_linear_svm,TF-IDF + Linear SVM,MHxPC130029721,0,0,0.003325
tfidf_linear_svm,TF-IDF + Linear SVM,MHxPC130474503,0,0,0.012741
tfidf_linear_svm,TF-IDF + Linear SVM,MHxPC130569912,0,0,0.089711
tfidf_linear_svm,TF-IDF + Linear SVM,MHxPC130254835,0,0,0.015008
tfidf_linear_svm,TF-IDF + Linear SVM,MHxPC130280202,0,0,0.024488
tfidf_linear_svm,TF-IDF + Linear SVM,MHxPC130273857,0,0,0.165167
tfidf_linear_svm,TF-IDF + Linear SVM,MHxPC130119361,0,0,0.000202
tfidf_linear_svm,TF-IDF + Linear SVM,MHxPC130442177,0,0,0.021133
tfidf_linear_svm,TF-IDF + Linear SVM,MHxPC130262947,0,0,0.000202
tfidf_linear_svm,TF-IDF + Linear SVM,MHxPC130553989,0,0,0.016289
tfidf_linear_svm,TF-IDF + Linear SVM,MHxPC130356410,0,0,0.021482
tfidf_linear_svm,TF-IDF + Linear SVM,MHxPC130477635,0,0,0.000202
tfidf_linear_svm,TF-IDF + Linear SVM,MHxPC130283550,0,0,0.010161
tfidf_linear_svm,TF-IDF + Linear SVM,MHxPC130241406,0,0,0.000202
tfidf_linear_svm,TF-IDF + Linear SVM,MHxPC130216444,1,1,0.290259
tfidf_linear_svm,TF-IDF + Linear SVM,MHxPC130511653,0,0,0.033617
tfidf_linear_svm,TF-IDF + Linear SVM,MHxPC130586759,0,0,0.000202
tfidf_linear_svm,TF-IDF + Linear SVM,MHxPC130479257,0,0,0.002449
tfidf_linear_svm,TF-IDF + Linear SVM,MHxPC130589065,0,1,0.795769
tfidf_linear_svm,TF-IDF + Linear SVM,MHxPC130419594,0,0,0.04147
tfidf_linear_svm,TF-IDF + Linear SVM,MHxPC130362231,0,0,0.000202
