model_id,model_name,userid_DI,actual_certified,predicted_certified,predicted_probability
minilm_logistic,MiniLM Embeddings + Logistic Regression,MHxPC130364859,0,0,0.593353
minilm_logistic,MiniLM Embeddings + Logistic Regression,MHxPC130402267,0,0,0.022582
minilm_logistic,MiniLM Embeddings + Logistic Regression,MHxPC130153646,1,1,0.842505
minilm_logistic,MiniLM Embeddings + Logistic Regression,MHxPC130357648,0,0,0.135138
minilm_logistic,MiniLM Embeddings + Logistic Regression,MHxPC130255925,0,0,0.212922
minilm_logistic,MiniLM Embeddings + Logistic Regression,MHxPC130312722,0,0,0.328396
minilm_logistic,MiniLM Embeddings + Logistic Regression,MHxPC130340572,0,0,0.02244
minilm_logistic,MiniLM Embeddings + Logistic Regression,MHxPC130109670,0,1,0.86697
minilm_logistic,MiniLM Embeddings + Logistic Regression,MHxPC130037925,0,0,0.022582
minilm_logistic,MiniLM Embeddings + Logistic Regression,MHxPC130203384,0,0,0.112958
minilm_logistic,MiniLM Embeddings + Logistic Regression,MHxPC130344182,1,0,0.749057
minilm_logistic,MiniLM Embeddings + Logistic Regression,MHxPC130474721,0,0,0.263201
minilm_logistic,MiniLM Embeddings + Logistic Regression,MHxPC130550852,0,0,0.108268
minilm_logistic,MiniLM Embeddings + Logistic Regression,MHxPC130466960,0,0,0.357843
minilm_logistic,MiniLM Embeddings + Logistic Regression,MHxPC130176380,0,0,0.022582
minilm_logistic,MiniLM Embeddings + Logistic Regression,MHxPC130300804,0,0,0.022582
minilm_logistic,MiniLM Embeddings + Logistic Regression,MHxPC130005060,0,0,0.027742
minilm_logistic,MiniLM Embeddings + Logistic Regression,MHxPC130084873,0,0,0.02244
minilm_logistic,MiniLM Embeddings + Logistic Regression,MHxPC130185763,0,0,0.032066
minilm_logistic,MiniLM Embeddings + Logistic Regression,MHxPC130056898,0,0,0.031413
minilm_logistic,MiniLM Embeddings + Logistic Regression,MHxPC130019742,0,0,0.022582
minilm_logistic,MiniLM Embeddings + Logistic Regression,MHxPC130045257,0,0,0.02244
minilm_logistic,MiniLM Embeddings + Logistic Regression,MHxPC130012192,0,0,0.022582
minilm_logistic,MiniLM Embeddings + Logistic Regression,MHxPC130506928,0,0,0.052251
minilm_logistic,MiniLM Embeddings + Logistic Regression,MHxPC130244691,0,0,0.245421
minilm_logistic,MiniLM Embeddings + Logistic Regression,MHxPC130183493,0,0,0.027742
minilm_logistic,MiniLM Embeddings + Logistic Regression,MHxPC130095354,0,0,0.205628
minilm_logistic,MiniLM Embeddings + Logistic Regression,MHxPC130236588,0,0,0.639172
minilm_logistic,MiniLM Embeddings + Logistic Regression,MHxPC130267661,0,0,0.067926
minilm_logistic,MiniLM Embeddings + Logistic Regression,MHxPC130420227,0,0,0.038909
minilm_logistic,MiniLM Embeddings + Logistic Regression,MHxPC130478273,0,0,0.027742
minilm_logistic,MiniLM Embeddings + Logistic Regression,MHxPC130211699,0,0,0.264468
minilm_logistic,MiniLM Embeddings + Logistic Regression,MHxPC130343975,0,0,0.74968
minilm_logistic,MiniLM Embeddings + Logistic Regression,MHxPC130022810,0,0,0.289972
minilm_logistic,MiniLM Embeddings + Logistic Regression,MHxPC130335700,0,0,0.032508
minilm_logistic,MiniLM Embeddings + Logistic Regression,MHxPC130567575,0,0,0.02244
minilm_logistic,MiniLM Embeddings + Logistic Regression,MHxPC130596903,0,0,0.041161
minilm_logistic,MiniLM Embeddings + Logistic Regression,MHxPC130205446,0,0,0.035808
minilm_logistic,MiniLM Embeddings + Logistic Regression,MHxPC130007324,0,0,0.031413
minilm_logistic,MiniLM Embeddings + Logistic Regression,MHxPC130566350,0,0,0.032508
minilm_logistic,MiniLM Embeddings + Logistic Regression,MHxPC130161848,0,0,0.02244
minilm_logistic,MiniLM Embeddings + Logistic Regression,MHxPC130548617,0,0,0.261468
minilm_logistic,MiniLM Embeddings + Logistic Regression,MHxPC130547058,0,0,0.022582
minilm_logistic,MiniLM Embeddings + Logistic Regression,MHxPC130241956,0,0,0.344529
minilm_logistic,MiniLM Embeddings + Logistic Regression,MHxPC130393068,0,0,0.407416
minilm_logistic,MiniLM Embeddings + Logistic Regression,MHxPC130059851,0,0,0.692359
minilm_logistic,MiniLM Embeddings + Logistic Regression,MHxPC130041466,0,0,0.022582
minilm_logistic,MiniLM Embeddings + Logistic Regression,MHxPC130522869,0,0,0.566014
minilm_logistic,MiniLM Embeddings + Logistic Regression,MHxPC130357041,0,0,0.110174
minilm_logistic,MiniLM Embeddings + Logistic Regression,MHxPC130153511,0,0,0.035395
minilm_logistic,MiniLM Embeddings + Logistic Regression,MHxPC130500820,0,0,0.498261
minilm_logistic,MiniLM Embeddings + Logistic Regression,MHxPC130490217,0,0,0.216788
minilm_logistic,MiniLM Embeddings + Logistic Regression,MHxPC130576830,0,0,0.027336
minilm_logistic,MiniLM Embeddings + Logistic Regression,MHxPC130109338,0,0,0.106822
minilm_logistic,MiniLM Embeddings + Logistic Regression,MHxPC130555869,0,0,0.07774
minilm_logistic,MiniLM Embeddings + Logistic Regression,MHxPC130088930,0,0,0.08583
minilm_logistic,MiniLM Embeddings + Logistic Regression,MHxPC130558867,0,0,0.128842
minilm_logistic,MiniLM Embeddings + Logistic Regression,MHxPC130081815,0,0,0.330689
minilm_logistic,MiniLM Embeddings + Logistic Regression,MHxPC130020572,0,0,0.161141
minilm_logistic,MiniLM Embeddings + Logistic Regression,MHxPC130041737,0,0,0.657235
minilm_logistic,MiniLM Embeddings + Logistic Regression,MHxPC130523364,0,0,0.678552
minilm_logistic,MiniLM Embeddings + Logistic Regression,MHxPC130177930,0,0,0.022582
minilm_logistic,MiniLM Embeddings + Logistic Regression,MHxPC130086741,0,0,0.23581
minilm_logistic,MiniLM Embeddings + Logistic Regression,MHxPC130224679,0,0,0.148727
minilm_logistic,MiniLM Embeddings + Logistic Regression,MHxPC130070199,0,0,0.108023
minilm_logistic,MiniLM Embeddings + Logistic Regression,MHxPC130337474,0,0,0.032508
minilm_logistic,MiniLM Embeddings + Logistic Regression,MHxPC130533102,0,0,0.083835
minilm_logistic,MiniLM Embeddings + Logistic Regression,MHxPC130413856,0,0,0.023836
minilm_logistic,MiniLM Embeddings + Logistic Regression,MHxPC130507193,0,0,0.107896
minilm_logistic,MiniLM Embeddings + Logistic Regression,MHxPC130133281,0,0,0.022582
minilm_logistic,MiniLM Embeddings + Logistic Regression,MHxPC130188557,0,0,0.424707
minilm_logistic,MiniLM Embeddings + Logistic Regression,MHxPC130418846,0,1,0.876217
minilm_logistic,MiniLM Embeddings + Logistic Regression,MHxPC130140721,0,0,0.041722
minilm_logistic,MiniLM Embeddings + Logistic Regression,MHxPC130182875,0,0,0.02244
minilm_logistic,MiniLM Embeddings + Logistic Regression,MHxPC130356908,0,0,0.244911
minilm_logistic,MiniLM Embeddings + Logistic Regression,MHxPC130308595,0,0,0.032508
minilm_logistic,MiniLM Embeddings + Logistic Regression,MHxPC130292804,0,0,0.153998
minilm_logistic,MiniLM Embeddings + Logistic Regression,MHxPC130204946,0,0,0.211066
minilm_logistic,MiniLM Embeddings + Logistic Regression,MHxPC130501906,0,0,0.027336
minilm_logistic,MiniLM Embeddings + Logistic Regression,MHxPC130115227,0,0,0.127847
minilm_logistic,MiniLM Embeddings + Logistic Regression,MHxPC130596509,0,0,0.227896
minilm_logistic,MiniLM Embeddings + Logistic Regression,MHxPC130117832,0,0,0.022582
minilm_logistic,MiniLM Embeddings + Logistic Regression,MHxPC130165316,0,0,0.163913
minilm_logistic,MiniLM Embeddings + Logistic Regression,MHxPC130022798,0,0,0.398769
minilm_logistic,MiniLM Embeddings + Logistic Regression,MHxPC130199943,0,0,0.088391
minilm_logistic,MiniLM Embeddings + Logistic Regression,MHxPC130538973,0,0,0.132021
minilm_logistic,MiniLM Embeddings + Logistic Regression,MHxPC130206602,0,0,0.254189
minilm_logistic,MiniLM Embeddings + Logistic Regression,MHxPC130019735,0,0,0.476264
minilm_logistic,MiniLM Embeddings + Logistic Regression,MHxPC130049019,0,0,0.038137
minilm_logistic,MiniLM Embeddings + Logistic Regression,MHxPC130458988,0,0,0.054047
minilm_logistic,MiniLM Embeddings + Logistic Regression,MHxPC130130683,0,0,0.563816
minilm_logistic,MiniLM Embeddings + Logistic Regression,MHxPC130360258,0,0,0.022582
minilm_logistic,MiniLM Embeddings + Logistic Regression,MHxPC130275432,0,0,0.032508
minilm_logistic,MiniLM Embeddings + Logistic Regression,MHxPC130208326,0,1,0.855409
minilm_logistic,MiniLM Embeddings + Logistic Regression,MHxPC130224819,0,0,0.051966
minilm_logistic,MiniLM Embeddings + Logistic Regression,MHxPC130029226,0,0,0.206042
minilm_logistic,MiniLM Embeddings + Logistic Regression,MHxPC130110641,0,0,0.207523
minilm_logistic,MiniLM Embeddings + Logistic Regression,MHxPC130526768,0,0,0.069418
minilm_logistic,MiniLM Embeddings + Logistic Regression,MHxPC130262159,0,0,0.626911
minilm_logistic,MiniLM Embeddings + Logistic Regression,MHxPC130588792,0,0,0.031413
minilm_logistic,MiniLM Embeddings + Logistic Regression,MHxPC130345954,1,0,0.527384
minilm_logistic,MiniLM Embeddings + Logistic Regression,MHxPC130594021,0,0,0.032508
minilm_logistic,MiniLM Embeddings + Logistic Regression,MHxPC130125776,0,0,0.023836
minilm_logistic,MiniLM Embeddings + Logistic Regression,MHxPC130553479,0,0,0.193638
minilm_logistic,MiniLM Embeddings + Logistic Regression,MHxPC130525502,0,0,0.233512
minilm_logistic,MiniLM Embeddings + Logistic Regression,MHxPC130366074,0,0,0.022582
minilm_logistic,MiniLM Embeddings + Logistic Regression,MHxPC130042543,0,0,0.109068
minilm_logistic,MiniLM Embeddings + Logistic Regression,MHxPC130206552,0,0,0.031413
minilm_logistic,MiniLM Embeddings + Logistic Regression,MHxPC130141294,0,0,0.153519
minilm_logistic,MiniLM Embeddings + Logistic Regression,MHxPC130309810,0,0,0.022582
minilm_logistic,MiniLM Embeddings + Logistic Regression,MHxPC130375935,1,1,0.871891
minilm_logistic,MiniLM Embeddings + Logistic Regression,MHxPC130291020,0,0,0.055178
minilm_logistic,MiniLM Embeddings + Logistic Regression,MHxPC130569393,0,0,0.051974
minilm_logistic,MiniLM Embeddings + Logistic Regression,MHxPC130473599,0,0,0.217555
minilm_logistic,MiniLM Embeddings + Logistic Regression,MHxPC130132044,0,0,0.178192
minilm_logistic,MiniLM Embeddings + Logistic Regression,MHxPC130176069,0,0,0.022582
minilm_logistic,MiniLM Embeddings + Logistic Regression,MHxPC130461128,0,0,0.271881
minilm_logistic,MiniLM Embeddings + Logistic Regression,MHxPC130027636,0,0,0.04157
minilm_logistic,MiniLM Embeddings + Logistic Regression,MHxPC130144456,0,1,0.947321
minilm_logistic,MiniLM Embeddings + Logistic Regression,MHxPC130249963,0,0,0.051966
minilm_logistic,MiniLM Embeddings + Logistic Regression,MHxPC130385630,0,0,0.184627
minilm_logistic,MiniLM Embeddings + Logistic Regression,MHxPC130334237,0,0,0.032508
minilm_logistic,MiniLM Embeddings + Logistic Regression,MHxPC130321246,0,0,0.227138
minilm_logistic,MiniLM Embeddings + Logistic Regression,MHxPC130558049,0,0,0.15973
minilm_logistic,MiniLM Embeddings + Logistic Regression,MHxPC130401940,0,0,0.076394
minilm_logistic,MiniLM Embeddings + Logistic Regression,MHxPC130153100,0,0,0.129489
minilm_logistic,MiniLM Embeddings + Logistic Regression,MHxPC130166768,0,0,0.019548
minilm_logistic,MiniLM Embeddings + Logistic Regression,MHxPC130168035,0,0,0.139991
minilm_logistic,MiniLM Embeddings + Logistic Regression,MHxPC130521782,0,0,0.448357
minilm_logistic,MiniLM Embeddings + Logistic Regression,MHxPC130291498,0,0,0.022582
minilm_logistic,MiniLM Embeddings + Logistic Regression,MHxPC130327974,0,0,0.330743
minilm_logistic,MiniLM Embeddings + Logistic Regression,MHxPC130053134,0,0,0.204692
minilm_logistic,MiniLM Embeddings + Logistic Regression,MHxPC130198608,0,0,0.032508
minilm_logistic,MiniLM Embeddings + Logistic Regression,MHxPC130001392,0,0,0.032508
minilm_logistic,MiniLM Embeddings + Logistic Regression,MHxPC130029259,0,0,0.280393
minilm_logistic,MiniLM Embeddings + Logistic Regression,MHxPC130164626,0,0,0.022582
minilm_logistic,MiniLM Embeddings + Logistic Regression,MHxPC130139939,0,0,0.163706
minilm_logistic,MiniLM Embeddings + Logistic Regression,MHxPC130516120,0,0,0.051966
minilm_logistic,MiniLM Embeddings + Logistic Regression,MHxPC130116884,0,0,0.022582
minilm_logistic,MiniLM Embeddings + Logistic Regression,MHxPC130460289,0,0,0.106091
minilm_logistic,MiniLM Embeddings + Logistic Regression,MHxPC130491532,0,0,0.756365
minilm_logistic,MiniLM Embeddings + Logistic Regression,MHxPC130024756,0,0,0.44357
minilm_logistic,MiniLM Embeddings + Logistic Regression,MHxPC130196601,0,0,0.032508
minilm_logistic,MiniLM Embeddings + Logistic Regression,MHxPC130305675,0,1,0.858603
minilm_logistic,MiniLM Embeddings + Logistic Regression,MHxPC130210736,0,0,0.022582
minilm_logistic,MiniLM Embeddings + Logistic Regression,MHxPC130324067,0,0,0.022582
minilm_logistic,MiniLM Embeddings + Logistic Regression,MHxPC130513854,0,0,0.022582
minilm_logistic,MiniLM Embeddings + Logistic Regression,MHxPC130548834,0,0,0.317925
minilm_logistic,MiniLM Embeddings + Logistic Regression,MHxPC130559273,0,0,0.355528
minilm_logistic,MiniLM Embeddings + Logistic Regression,MHxPC130099053,0,0,0.192654
minilm_logistic,MiniLM Embeddings + Logistic Regression,MHxPC130583472,0,1,0.835889
minilm_logistic,MiniLM Embeddings + Logistic Regression,MHxPC130226915,0,0,0.023836
minilm_logistic,MiniLM Embeddings + Logistic Regression,MHxPC130063818,0,0,0.031413
minilm_logistic,MiniLM Embeddings + Logistic Regression,MHxPC130385158,0,0,0.023836
minilm_logistic,MiniLM Embeddings + Logistic Regression,MHxPC130005160,0,0,0.063558
minilm_logistic,MiniLM Embeddings + Logistic Regression,MHxPC130540155,0,1,0.809065
minilm_logistic,MiniLM Embeddings + Logistic Regression,MHxPC130034087,0,0,0.023836
minilm_logistic,MiniLM Embeddings + Logistic Regression,MHxPC130093174,0,0,0.027336
minilm_logistic,MiniLM Embeddings + Logistic Regression,MHxPC130583642,0,0,0.079091
minilm_logistic,MiniLM Embeddings + Logistic Regression,MHxPC130177800,0,0,0.027336
minilm_logistic,MiniLM Embeddings + Logistic Regression,MHxPC130064613,0,0,0.173508
minilm_logistic,MiniLM Embeddings + Logistic Regression,MHxPC130513916,0,0,0.032066
minilm_logistic,MiniLM Embeddings + Logistic Regression,MHxPC130373989,0,0,0.038909
minilm_logistic,MiniLM Embeddings + Logistic Regression,MHxPC130191916,0,0,0.02244
minilm_logistic,MiniLM Embeddings + Logistic Regression,MHxPC130321750,0,0,0.022582
minilm_logistic,MiniLM Embeddings + Logistic Regression,MHxPC130562840,0,0,0.061325
minilm_logistic,MiniLM Embeddings + Logistic Regression,MHxPC130329631,0,0,0.02244
minilm_logistic,MiniLM Embeddings + Logistic Regression,MHxPC130501310,0,0,0.021582
minilm_logistic,MiniLM Embeddings + Logistic Regression,MHxPC130335813,0,0,0.211562
minilm_logistic,MiniLM Embeddings + Logistic Regression,MHxPC130191182,0,0,0.107221
minilm_logistic,MiniLM Embeddings + Logistic Regression,MHxPC130072300,0,0,0.022582
minilm_logistic,MiniLM Embeddings + Logistic Regression,MHxPC130288609,0,0,0.241194
minilm_logistic,MiniLM Embeddings + Logistic Regression,MHxPC130186040,0,0,0.297156
minilm_logistic,MiniLM Embeddings + Logistic Regression,MHxPC130096626,0,0,0.298971
minilm_logistic,MiniLM Embeddings + Logistic Regression,MHxPC130503928,0,0,0.020371
minilm_logistic,MiniLM Embeddings + Logistic Regression,MHxPC130216980,0,0,0.349768
minilm_logistic,MiniLM Embeddings + Logistic Regression,MHxPC130271942,0,0,0.106878
minilm_logistic,MiniLM Embeddings + Logistic Regression,MHxPC130236155,0,1,0.80597
minilm_logistic,MiniLM Embeddings + Logistic Regression,MHxPC130413897,0,1,0.794293
minilm_logistic,MiniLM Embeddings + Logistic Regression,MHxPC130534007,0,0,0.081136
minilm_logistic,MiniLM Embeddings + Logistic Regression,MHxPC130378343,0,0,0.022582
minilm_logistic,MiniLM Embeddings + Logistic Regression,MHxPC130293350,0,0,0.192663
minilm_logistic,MiniLM Embeddings + Logistic Regression,MHxPC130373313,0,0,0.722843
minilm_logistic,MiniLM Embeddings + Logistic Regression,MHxPC130240053,0,0,0.408229
minilm_logistic,MiniLM Embeddings + Logistic Regression,MHxPC130301083,0,0,0.02244
minilm_logistic,MiniLM Embeddings + Logistic Regression,MHxPC130339202,0,0,0.054047
minilm_logistic,MiniLM Embeddings + Logistic Regression,MHxPC130322384,0,0,0.038909
minilm_logistic,MiniLM Embeddings + Logistic Regression,MHxPC130384626,0,1,0.785506
minilm_logistic,MiniLM Embeddings + Logistic Regression,MHxPC130139418,0,1,0.802781
minilm_logistic,MiniLM Embeddings + Logistic Regression,MHxPC130202747,0,0,0.049956
minilm_logistic,MiniLM Embeddings + Logistic Regression,MHxPC130578872,0,0,0.023836
minilm_logistic,MiniLM Embeddings + Logistic Regression,MHxPC130051440,0,0,0.749219
minilm_logistic,MiniLM Embeddings + Logistic Regression,MHxPC130104033,0,1,0.781161
minilm_logistic,MiniLM Embeddings + Logistic Regression,MHxPC130559077,0,0,0.403225
minilm_logistic,MiniLM Embeddings + Logistic Regression,MHxPC130418427,0,0,0.208622
minilm_logistic,MiniLM Embeddings + Logistic Regression,MHxPC130110341,0,0,0.18842
minilm_logistic,MiniLM Embeddings + Logistic Regression,MHxPC130163031,0,0,0.449815
minilm_logistic,MiniLM Embeddings + Logistic Regression,MHxPC130418539,0,0,0.296748
minilm_logistic,MiniLM Embeddings + Logistic Regression,MHxPC130474912,0,0,0.022582
minilm_logistic,MiniLM Embeddings + Logistic Regression,MHxPC130527644,0,0,0.051966
minilm_logistic,MiniLM Embeddings + Logistic Regression,MHxPC130057985,0,0,0.02244
minilm_logistic,MiniLM Embeddings + Logistic Regression,MHxPC130356499,0,0,0.385354
minilm_logistic,MiniLM Embeddings + Logistic Regression,MHxPC130269449,0,0,0.08289
minilm_logistic,MiniLM Embeddings + Logistic Regression,MHxPC130165933,0,1,0.827879
minilm_logistic,MiniLM Embeddings + Logistic Regression,MHxPC130351503,0,0,0.558885
minilm_logistic,MiniLM Embeddings + Logistic Regression,MHxPC130557911,0,0,0.022582
minilm_logistic,MiniLM Embeddings + Logistic Regression,MHxPC130067522,0,0,0.059141
minilm_logistic,MiniLM Embeddings + Logistic Regression,MHxPC130089627,0,0,0.023836
minilm_logistic,MiniLM Embeddings + Logistic Regression,MHxPC130208992,0,0,0.707802
minilm_logistic,MiniLM Embeddings + Logistic Regression,MHxPC130206420,1,1,0.933875
minilm_logistic,MiniLM Embeddings + Logistic Regression,MHxPC130292611,0,0,0.210656
minilm_logistic,MiniLM Embeddings + Logistic Regression,MHxPC130392939,0,0,0.11766
minilm_logistic,MiniLM Embeddings + Logistic Regression,MHxPC130035020,0,0,0.035808
minilm_logistic,MiniLM Embeddings + Logistic Regression,MHxPC130449961,0,0,0.032508
minilm_logistic,MiniLM Embeddings + Logistic Regression,MHxPC130285175,0,0,0.022582
minilm_logistic,MiniLM Embeddings + Logistic Regression,MHxPC130214411,0,0,0.155229
minilm_logistic,MiniLM Embeddings + Logistic Regression,MHxPC130448615,0,0,0.022582
minilm_logistic,MiniLM Embeddings + Logistic Regression,MHxPC130287306,0,1,0.840007
minilm_logistic,MiniLM Embeddings + Logistic Regression,MHxPC130080570,0,1,0.808438
minilm_logistic,MiniLM Embeddings + Logistic Regression,MHxPC130208498,0,0,0.054317
minilm_logistic,MiniLM Embeddings + Logistic Regression,MHxPC130000399,0,0,0.167105
minilm_logistic,MiniLM Embeddings + Logistic Regression,MHxPC130478164,0,0,0.384061
minilm_logistic,MiniLM Embeddings + Logistic Regression,MHxPC130551619,0,0,0.617833
minilm_logistic,MiniLM Embeddings + Logistic Regression,MHxPC130011133,0,0,0.039886
minilm_logistic,MiniLM Embeddings + Logistic Regression,MHxPC130555480,0,0,0.031413
minilm_logistic,MiniLM Embeddings + Logistic Regression,MHxPC130060825,0,0,0.244996
minilm_logistic,MiniLM Embeddings + Logistic Regression,MHxPC130098609,0,0,0.070484
minilm_logistic,MiniLM Embeddings + Logistic Regression,MHxPC130524481,0,0,0.02244
minilm_logistic,MiniLM Embeddings + Logistic Regression,MHxPC130561945,0,0,0.397054
minilm_logistic,MiniLM Embeddings + Logistic Regression,MHxPC130106047,0,0,0.202732
minilm_logistic,MiniLM Embeddings + Logistic Regression,MHxPC130043712,0,0,0.031413
minilm_logistic,MiniLM Embeddings + Logistic Regression,MHxPC130150732,0,0,0.032508
minilm_logistic,MiniLM Embeddings + Logistic Regression,MHxPC130575734,0,0,0.334094
minilm_logistic,MiniLM Embeddings + Logistic Regression,MHxPC130475165,0,0,0.185971
minilm_logistic,MiniLM Embeddings + Logistic Regression,MHxPC130319798,0,0,0.1861
minilm_logistic,MiniLM Embeddings + Logistic Regression,MHxPC130310126,0,1,0.840553
minilm_logistic,MiniLM Embeddings + Logistic Regression,MHxPC130441385,0,0,0.098944
minilm_logistic,MiniLM Embeddings + Logistic Regression,MHxPC130461767,0,0,0.154398
minilm_logistic,MiniLM Embeddings + Logistic Regression,MHxPC130163391,0,0,0.022582
minilm_logistic,MiniLM Embeddings + Logistic Regression,MHxPC130059669,0,0,0.051974
minilm_logistic,MiniLM Embeddings + Logistic Regression,MHxPC130413238,1,1,0.893314
minilm_logistic,MiniLM Embeddings + Logistic Regression,MHxPC130250707,0,0,0.038909
minilm_logistic,MiniLM Embeddings + Logistic Regression,MHxPC130048418,0,0,0.019548
minilm_logistic,MiniLM Embeddings + Logistic Regression,MHxPC130149431,0,0,0.022582
minilm_logistic,MiniLM Embeddings + Logistic Regression,MHxPC130100245,0,0,0.02244
minilm_logistic,MiniLM Embeddings + Logistic Regression,MHxPC130587730,0,0,0.195967
minilm_logistic,MiniLM Embeddings + Logistic Regression,MHxPC130353504,0,0,0.032508
minilm_logistic,MiniLM Embeddings + Logistic Regression,MHxPC130020221,0,0,0.270945
minilm_logistic,MiniLM Embeddings + Logistic Regression,MHxPC130353966,0,0,0.039634
minilm_logistic,MiniLM Embeddings + Logistic Regression,MHxPC130281050,0,0,0.230145
minilm_logistic,MiniLM Embeddings + Logistic Regression,MHxPC130335620,0,0,0.02244
minilm_logistic,MiniLM Embeddings + Logistic Regression,MHxPC130047406,0,0,0.094731
minilm_logistic,MiniLM Embeddings + Logistic Regression,MHxPC130134585,0,0,0.043236
minilm_logistic,MiniLM Embeddings + Logistic Regression,MHxPC130044054,0,0,0.551862
minilm_logistic,MiniLM Embeddings + Logistic Regression,MHxPC130035202,0,0,0.268888
minilm_logistic,MiniLM Embeddings + Logistic Regression,MHxPC130497028,0,0,0.367709
minilm_logistic,MiniLM Embeddings + Logistic Regression,MHxPC130211642,0,0,0.08289
minilm_logistic,MiniLM Embeddings + Logistic Regression,MHxPC130347101,0,1,0.903914
minilm_logistic,MiniLM Embeddings + Logistic Regression,MHxPC130547452,0,0,0.330385
minilm_logistic,MiniLM Embeddings + Logistic Regression,MHxPC130488689,0,0,0.62329
minilm_logistic,MiniLM Embeddings + Logistic Regression,MHxPC130497894,0,0,0.709615
minilm_logistic,MiniLM Embeddings + Logistic Regression,MHxPC130577459,0,0,0.738966
minilm_logistic,MiniLM Embeddings + Logistic Regression,MHxPC130010506,0,0,0.027336
minilm_logistic,MiniLM Embeddings + Logistic Regression,MHxPC130381835,0,0,0.038909
minilm_logistic,MiniLM Embeddings + Logistic Regression,MHxPC130457731,0,0,0.748947
minilm_logistic,MiniLM Embeddings + Logistic Regression,MHxPC130278997,0,0,0.038909
minilm_logistic,MiniLM Embeddings + Logistic Regression,MHxPC130502357,0,1,0.813402
minilm_logistic,MiniLM Embeddings + Logistic Regression,MHxPC130408457,0,0,0.403033
minilm_logistic,MiniLM Embeddings + Logistic Regression,MHxPC130465349,0,0,0.032508
minilm_logistic,MiniLM Embeddings + Logistic Regression,MHxPC130536428,0,0,0.185942
minilm_logistic,MiniLM Embeddings + Logistic Regression,MHxPC130105423,0,0,0.132879
minilm_logistic,MiniLM Embeddings + Logistic Regression,MHxPC130159478,0,0,0.416483
minilm_logistic,MiniLM Embeddings + Logistic Regression,MHxPC130123605,1,1,0.891588
minilm_logistic,MiniLM Embeddings + Logistic Regression,MHxPC130313977,0,0,0.133975
minilm_logistic,MiniLM Embeddings + Logistic Regression,MHxPC130143554,0,0,0.355847
minilm_logistic,MiniLM Embeddings + Logistic Regression,MHxPC130178271,0,0,0.680596
minilm_logistic,MiniLM Embeddings + Logistic Regression,MHxPC130432985,0,0,0.0521
minilm_logistic,MiniLM Embeddings + Logistic Regression,MHxPC130348299,0,0,0.316222
minilm_logistic,MiniLM Embeddings + Logistic Regression,MHxPC130582661,0,0,0.408083
minilm_logistic,MiniLM Embeddings + Logistic Regression,MHxPC130330683,0,0,0.032508
minilm_logistic,MiniLM Embeddings + Logistic Regression,MHxPC130549277,0,0,0.508928
minilm_logistic,MiniLM Embeddings + Logistic Regression,MHxPC130414612,0,0,0.442784
minilm_logistic,MiniLM Embeddings + Logistic Regression,MHxPC130169212,0,0,0.587308
minilm_logistic,MiniLM Embeddings + Logistic Regression,MHxPC130083909,0,0,0.723526
minilm_logistic,MiniLM Embeddings + Logistic Regression,MHxPC130238252,0,0,0.459466
minilm_logistic,MiniLM Embeddings + Logistic Regression,MHxPC130346423,0,0,0.022582
minilm_logistic,MiniLM Embeddings + Logistic Regression,MHxPC130271585,0,0,0.037247
minilm_logistic,MiniLM Embeddings + Logistic Regression,MHxPC130026122,0,0,0.022582
minilm_logistic,MiniLM Embeddings + Logistic Regression,MHxPC130187522,0,0,0.02244
minilm_logistic,MiniLM Embeddings + Logistic Regression,MHxPC130452759,0,0,0.032508
minilm_logistic,MiniLM Embeddings + Logistic Regression,MHxPC130015131,0,0,0.600067
minilm_logistic,MiniLM Embeddings + Logistic Regression,MHxPC130511992,0,0,0.031413
minilm_logistic,MiniLM Embeddings + Logistic Regression,MHxPC130050984,0,0,0.032508
minilm_logistic,MiniLM Embeddings + Logistic Regression,MHxPC130371689,0,0,0.542723
minilm_logistic,MiniLM Embeddings + Logistic Regression,MHxPC130214573,0,0,0.152007
minilm_logistic,MiniLM Embeddings + Logistic Regression,MHxPC130354606,0,0,0.296548
minilm_logistic,MiniLM Embeddings + Logistic Regression,MHxPC130114769,0,0,0.022582
minilm_logistic,MiniLM Embeddings + Logistic Regression,MHxPC130183339,0,0,0.032508
minilm_logistic,MiniLM Embeddings + Logistic Regression,MHxPC130539056,0,0,0.02244
minilm_logistic,MiniLM Embeddings + Logistic Regression,MHxPC130076880,0,0,0.069881
minilm_logistic,MiniLM Embeddings + Logistic Regression,MHxPC130506756,0,0,0.02244
minilm_logistic,MiniLM Embeddings + Logistic Regression,MHxPC130586363,0,0,0.212758
minilm_logistic,MiniLM Embeddings + Logistic Regression,MHxPC130237522,0,0,0.719929
minilm_logistic,MiniLM Embeddings + Logistic Regression,MHxPC130335862,1,0,0.655772
minilm_logistic,MiniLM Embeddings + Logistic Regression,MHxPC130414008,0,0,0.149637
minilm_logistic,MiniLM Embeddings + Logistic Regression,MHxPC130024730,0,0,0.083835
minilm_logistic,MiniLM Embeddings + Logistic Regression,MHxPC130452486,0,0,0.662444
minilm_logistic,MiniLM Embeddings + Logistic Regression,MHxPC130356355,0,0,0.031413
minilm_logistic,MiniLM Embeddings + Logistic Regression,MHxPC130582214,0,0,0.032508
minilm_logistic,MiniLM Embeddings + Logistic Regression,MHxPC130263064,0,0,0.032508
minilm_logistic,MiniLM Embeddings + Logistic Regression,MHxPC130354472,0,0,0.022582
minilm_logistic,MiniLM Embeddings + Logistic Regression,MHxPC130012365,0,0,0.343007
minilm_logistic,MiniLM Embeddings + Logistic Regression,MHxPC130044589,0,0,0.511655
minilm_logistic,MiniLM Embeddings + Logistic Regression,MHxPC130233044,0,0,0.032508
minilm_logistic,MiniLM Embeddings + Logistic Regression,MHxPC130497802,0,0,0.107221
minilm_logistic,MiniLM Embeddings + Logistic Regression,MHxPC130301035,0,0,0.318938
minilm_logistic,MiniLM Embeddings + Logistic Regression,MHxPC130010956,0,0,0.02244
minilm_logistic,MiniLM Embeddings + Logistic Regression,MHxPC130573883,0,0,0.022582
minilm_logistic,MiniLM Embeddings + Logistic Regression,MHxPC130156976,0,0,0.02244
minilm_logistic,MiniLM Embeddings + Logistic Regression,MHxPC130407360,0,0,0.02244
minilm_logistic,MiniLM Embeddings + Logistic Regression,MHxPC130183307,0,0,0.038909
minilm_logistic,MiniLM Embeddings + Logistic Regression,MHxPC130345985,1,0,0.756846
minilm_logistic,MiniLM Embeddings + Logistic Regression,MHxPC130564075,0,0,0.294676
minilm_logistic,MiniLM Embeddings + Logistic Regression,MHxPC130574341,0,0,0.198841
minilm_logistic,MiniLM Embeddings + Logistic Regression,MHxPC130379239,0,0,0.406778
minilm_logistic,MiniLM Embeddings + Logistic Regression,MHxPC130279479,0,0,0.301562
minilm_logistic,MiniLM Embeddings + Logistic Regression,MHxPC130541099,0,0,0.029956
minilm_logistic,MiniLM Embeddings + Logistic Regression,MHxPC130193281,0,0,0.02244
minilm_logistic,MiniLM Embeddings + Logistic Regression,MHxPC130434554,0,0,0.029956
minilm_logistic,MiniLM Embeddings + Logistic Regression,MHxPC130067632,0,0,0.152435
minilm_logistic,MiniLM Embeddings + Logistic Regression,MHxPC130082544,0,0,0.032508
minilm_logistic,MiniLM Embeddings + Logistic Regression,MHxPC130354505,0,0,0.068164
minilm_logistic,MiniLM Embeddings + Logistic Regression,MHxPC130154988,0,0,0.091923
minilm_logistic,MiniLM Embeddings + Logistic Regression,MHxPC130507797,0,0,0.127777
minilm_logistic,MiniLM Embeddings + Logistic Regression,MHxPC130066889,0,1,0.871226
minilm_logistic,MiniLM Embeddings + Logistic Regression,MHxPC130110910,0,0,0.118129
minilm_logistic,MiniLM Embeddings + Logistic Regression,MHxPC130063722,0,0,0.634856
minilm_logistic,MiniLM Embeddings + Logistic Regression,MHxPC130477597,0,0,0.251624
minilm_logistic,MiniLM Embeddings + Logistic Regression,MHxPC130531728,0,0,0.027251
minilm_logistic,MiniLM Embeddings + Logistic Regression,MHxPC130016500,0,0,0.02244
minilm_logistic,MiniLM Embeddings + Logistic Regression,MHxPC130557951,0,0,0.031413
minilm_logistic,MiniLM Embeddings + Logistic Regression,MHxPC130523490,0,1,0.969496
minilm_logistic,MiniLM Embeddings + Logistic Regression,MHxPC130177084,0,0,0.626568
minilm_logistic,MiniLM Embeddings + Logistic Regression,MHxPC130398316,0,0,0.022582
minilm_logistic,MiniLM Embeddings + Logistic Regression,MHxPC130352420,0,0,0.4186
minilm_logistic,MiniLM Embeddings + Logistic Regression,MHxPC130249564,0,0,0.02244
minilm_logistic,MiniLM Embeddings + Logistic Regression,MHxPC130026468,0,0,0.589496
minilm_logistic,MiniLM Embeddings + Logistic Regression,MHxPC130252707,0,0,0.127777
minilm_logistic,MiniLM Embeddings + Logistic Regression,MHxPC130077349,0,0,0.031413
minilm_logistic,MiniLM Embeddings + Logistic Regression,MHxPC130179973,0,0,0.193783
minilm_logistic,MiniLM Embeddings + Logistic Regression,MHxPC130539268,0,0,0.110855
minilm_logistic,MiniLM Embeddings + Logistic Regression,MHxPC130463753,0,0,0.218131
minilm_logistic,MiniLM Embeddings + Logistic Regression,MHxPC130518004,0,0,0.022582
minilm_logistic,MiniLM Embeddings + Logistic Regression,MHxPC130260199,0,0,0.23669
minilm_logistic,MiniLM Embeddings + Logistic Regression,MHxPC130349769,0,0,0.031413
minilm_logistic,MiniLM Embeddings + Logistic Regression,MHxPC130272931,0,0,0.357269
minilm_logistic,MiniLM Embeddings + Logistic Regression,MHxPC130447059,0,0,0.077439
minilm_logistic,MiniLM Embeddings + Logistic Regression,MHxPC130572441,0,0,0.356926
minilm_logistic,MiniLM Embeddings + Logistic Regression,MHxPC130513473,0,0,0.27468
minilm_logistic,MiniLM Embeddings + Logistic Regression,MHxPC130187936,0,0,0.070885
minilm_logistic,MiniLM Embeddings + Logistic Regression,MHxPC130245215,0,0,0.203295
minilm_logistic,MiniLM Embeddings + Logistic Regression,MHxPC130332447,0,0,0.346335
minilm_logistic,MiniLM Embeddings + Logistic Regression,MHxPC130207964,0,0,0.022582
minilm_logistic,MiniLM Embeddings + Logistic Regression,MHxPC130422128,0,1,0.82155
minilm_logistic,MiniLM Embeddings + Logistic Regression,MHxPC130484122,0,0,0.217452
minilm_logistic,MiniLM Embeddings + Logistic Regression,MHxPC130406989,0,0,0.032508
minilm_logistic,MiniLM Embeddings + Logistic Regression,MHxPC130149291,0,0,0.032508
minilm_logistic,MiniLM Embeddings + Logistic Regression,MHxPC130202348,0,0,0.16261
minilm_logistic,MiniLM Embeddings + Logistic Regression,MHxPC130307352,0,0,0.194484
minilm_logistic,MiniLM Embeddings + Logistic Regression,MHxPC130177925,0,0,0.551948
minilm_logistic,MiniLM Embeddings + Logistic Regression,MHxPC130105920,0,0,0.022582
minilm_logistic,MiniLM Embeddings + Logistic Regression,MHxPC130183066,0,0,0.111335
minilm_logistic,MiniLM Embeddings + Logistic Regression,MHxPC130511517,0,0,0.058845
minilm_logistic,MiniLM Embeddings + Logistic Regression,MHxPC130227437,0,0,0.032508
minilm_logistic,MiniLM Embeddings + Logistic Regression,MHxPC130292307,0,1,0.860334
minilm_logistic,MiniLM Embeddings + Logistic Regression,MHxPC130397978,0,0,0.022582
minilm_logistic,MiniLM Embeddings + Logistic Regression,MHxPC130427507,0,0,0.038909
minilm_logistic,MiniLM Embeddings + Logistic Regression,MHxPC130107863,0,0,0.091943
minilm_logistic,MiniLM Embeddings + Logistic Regression,MHxPC130540693,0,1,0.859119
minilm_logistic,MiniLM Embeddings + Logistic Regression,MHxPC130226071,0,0,0.360741
minilm_logistic,MiniLM Embeddings + Logistic Regression,MHxPC130291357,0,0,0.023836
minilm_logistic,MiniLM Embeddings + Logistic Regression,MHxPC130254818,0,0,0.144195
minilm_logistic,MiniLM Embeddings + Logistic Regression,MHxPC130592191,0,0,0.022582
minilm_logistic,MiniLM Embeddings + Logistic Regression,MHxPC130207038,0,0,0.760165
minilm_logistic,MiniLM Embeddings + Logistic Regression,MHxPC130164298,0,0,0.288043
minilm_logistic,MiniLM Embeddings + Logistic Regression,MHxPC130004721,0,0,0.176784
minilm_logistic,MiniLM Embeddings + Logistic Regression,MHxPC130157500,0,0,0.177391
minilm_logistic,MiniLM Embeddings + Logistic Regression,MHxPC130377258,0,0,0.1218
minilm_logistic,MiniLM Embeddings + Logistic Regression,MHxPC130128571,0,0,0.02244
minilm_logistic,MiniLM Embeddings + Logistic Regression,MHxPC130173184,0,0,0.328566
minilm_logistic,MiniLM Embeddings + Logistic Regression,MHxPC130002605,0,0,0.340094
minilm_logistic,MiniLM Embeddings + Logistic Regression,MHxPC130141914,0,0,0.234749
minilm_logistic,MiniLM Embeddings + Logistic Regression,MHxPC130348192,0,0,0.02244
minilm_logistic,MiniLM Embeddings + Logistic Regression,MHxPC130233947,0,0,0.24357
minilm_logistic,MiniLM Embeddings + Logistic Regression,MHxPC130454514,0,0,0.295752
minilm_logistic,MiniLM Embeddings + Logistic Regression,MHxPC130551343,0,0,0.022582
minilm_logistic,MiniLM Embeddings + Logistic Regression,MHxPC130376895,0,0,0.022582
minilm_logistic,MiniLM Embeddings + Logistic Regression,MHxPC130510023,0,0,0.149894
minilm_logistic,MiniLM Embeddings + Logistic Regression,MHxPC130013373,0,0,0.430334
minilm_logistic,MiniLM Embeddings + Logistic Regression,MHxPC130475551,0,0,0.301562
minilm_logistic,MiniLM Embeddings + Logistic Regression,MHxPC130384679,0,0,0.032508
minilm_logistic,MiniLM Embeddings + Logistic Regression,MHxPC130532678,0,1,0.861779
minilm_logistic,MiniLM Embeddings + Logistic Regression,MHxPC130237365,0,0,0.155478
minilm_logistic,MiniLM Embeddings + Logistic Regression,MHxPC130096335,0,0,0.038909
minilm_logistic,MiniLM Embeddings + Logistic Regression,MHxPC130556951,0,0,0.029956
minilm_logistic,MiniLM Embeddings + Logistic Regression,MHxPC130423208,0,0,0.022582
minilm_logistic,MiniLM Embeddings + Logistic Regression,MHxPC130055400,0,0,0.471217
minilm_logistic,MiniLM Embeddings + Logistic Regression,MHxPC130119109,0,0,0.179889
minilm_logistic,MiniLM Embeddings + Logistic Regression,MHxPC130429472,0,0,0.032508
minilm_logistic,MiniLM Embeddings + Logistic Regression,MHxPC130365354,0,0,0.022582
minilm_logistic,MiniLM Embeddings + Logistic Regression,MHxPC130075942,0,0,0.036778
minilm_logistic,MiniLM Embeddings + Logistic Regression,MHxPC130377232,0,0,0.107221
minilm_logistic,MiniLM Embeddings + Logistic Regression,MHxPC130506984,0,0,0.158155
minilm_logistic,MiniLM Embeddings + Logistic Regression,MHxPC130470574,0,0,0.069486
minilm_logistic,MiniLM Embeddings + Logistic Regression,MHxPC130317773,0,0,0.032508
minilm_logistic,MiniLM Embeddings + Logistic Regression,MHxPC130395356,0,0,0.066253
minilm_logistic,MiniLM Embeddings + Logistic Regression,MHxPC130057695,0,0,0.212117
minilm_logistic,MiniLM Embeddings + Logistic Regression,MHxPC130173351,0,0,0.140887
minilm_logistic,MiniLM Embeddings + Logistic Regression,MHxPC130158668,0,0,0.561954
minilm_logistic,MiniLM Embeddings + Logistic Regression,MHxPC130007951,0,0,0.022582
minilm_logistic,MiniLM Embeddings + Logistic Regression,MHxPC130075036,0,0,0.386759
minilm_logistic,MiniLM Embeddings + Logistic Regression,MHxPC130221751,0,1,0.841409
minilm_logistic,MiniLM Embeddings + Logistic Regression,MHxPC130032999,0,0,0.031413
minilm_logistic,MiniLM Embeddings + Logistic Regression,MHxPC130594312,0,0,0.402477
minilm_logistic,MiniLM Embeddings + Logistic Regression,MHxPC130248075,0,0,0.022582
minilm_logistic,MiniLM Embeddings + Logistic Regression,MHxPC130368443,0,0,0.022582
minilm_logistic,MiniLM Embeddings + Logistic Regression,MHxPC130098868,0,0,0.032508
minilm_logistic,MiniLM Embeddings + Logistic Regression,MHxPC130249217,0,1,0.964436
minilm_logistic,MiniLM Embeddings + Logistic Regression,MHxPC130223029,0,0,0.287094
minilm_logistic,MiniLM Embeddings + Logistic Regression,MHxPC130588966,0,0,0.022582
minilm_logistic,MiniLM Embeddings + Logistic Regression,MHxPC130360409,0,0,0.05222
minilm_logistic,MiniLM Embeddings + Logistic Regression,MHxPC130012269,0,0,0.17337
minilm_logistic,MiniLM Embeddings + Logistic Regression,MHxPC130344206,1,1,0.889709
minilm_logistic,MiniLM Embeddings + Logistic Regression,MHxPC130573631,0,0,0.444855
minilm_logistic,MiniLM Embeddings + Logistic Regression,MHxPC130136259,0,0,0.066955
minilm_logistic,MiniLM Embeddings + Logistic Regression,MHxPC130196922,0,0,0.032508
minilm_logistic,MiniLM Embeddings + Logistic Regression,MHxPC130097877,0,0,0.032969
minilm_logistic,MiniLM Embeddings + Logistic Regression,MHxPC130393128,0,0,0.395466
minilm_logistic,MiniLM Embeddings + Logistic Regression,MHxPC130497416,0,0,0.065383
minilm_logistic,MiniLM Embeddings + Logistic Regression,MHxPC130081786,0,0,0.022582
minilm_logistic,MiniLM Embeddings + Logistic Regression,MHxPC130533212,0,0,0.027336
minilm_logistic,MiniLM Embeddings + Logistic Regression,MHxPC130368165,0,0,0.032508
minilm_logistic,MiniLM Embeddings + Logistic Regression,MHxPC130345986,0,0,0.255721
minilm_logistic,MiniLM Embeddings + Logistic Regression,MHxPC130514381,0,0,0.019548
minilm_logistic,MiniLM Embeddings + Logistic Regression,MHxPC130165483,0,0,0.659554
minilm_logistic,MiniLM Embeddings + Logistic Regression,MHxPC130086440,0,0,0.022582
minilm_logistic,MiniLM Embeddings + Logistic Regression,MHxPC130054811,0,0,0.022582
minilm_logistic,MiniLM Embeddings + Logistic Regression,MHxPC130418179,0,0,0.081136
minilm_logistic,MiniLM Embeddings + Logistic Regression,MHxPC130385005,0,0,0.031986
minilm_logistic,MiniLM Embeddings + Logistic Regression,MHxPC130204536,0,0,0.286264
minilm_logistic,MiniLM Embeddings + Logistic Regression,MHxPC130151940,0,0,0.051966
minilm_logistic,MiniLM Embeddings + Logistic Regression,MHxPC130468946,0,0,0.080345
minilm_logistic,MiniLM Embeddings + Logistic Regression,MHxPC130345551,0,0,0.068091
minilm_logistic,MiniLM Embeddings + Logistic Regression,MHxPC130095940,0,0,0.076203
minilm_logistic,MiniLM Embeddings + Logistic Regression,MHxPC130515923,0,0,0.022582
minilm_logistic,MiniLM Embeddings + Logistic Regression,MHxPC130458245,0,0,0.032508
minilm_logistic,MiniLM Embeddings + Logistic Regression,MHxPC130429139,0,0,0.153896
minilm_logistic,MiniLM Embeddings + Logistic Regression,MHxPC130391671,0,0,0.05684
minilm_logistic,MiniLM Embeddings + Logistic Regression,MHxPC130369621,0,0,0.612011
minilm_logistic,MiniLM Embeddings + Logistic Regression,MHxPC130106806,0,0,0.660286
minilm_logistic,MiniLM Embeddings + Logistic Regression,MHxPC130186500,0,0,0.022582
minilm_logistic,MiniLM Embeddings + Logistic Regression,MHxPC130233766,0,0,0.022582
minilm_logistic,MiniLM Embeddings + Logistic Regression,MHxPC130594548,0,0,0.2142
minilm_logistic,MiniLM Embeddings + Logistic Regression,MHxPC130548744,0,0,0.02244
minilm_logistic,MiniLM Embeddings + Logistic Regression,MHxPC130492056,0,0,0.269396
minilm_logistic,MiniLM Embeddings + Logistic Regression,MHxPC130467902,0,0,0.036962
minilm_logistic,MiniLM Embeddings + Logistic Regression,MHxPC130384719,0,0,0.022582
minilm_logistic,MiniLM Embeddings + Logistic Regression,MHxPC130298283,0,0,0.029956
minilm_logistic,MiniLM Embeddings + Logistic Regression,MHxPC130557065,0,0,0.384145
minilm_logistic,MiniLM Embeddings + Logistic Regression,MHxPC130242042,0,0,0.032508
minilm_logistic,MiniLM Embeddings + Logistic Regression,MHxPC130538895,0,0,0.083835
minilm_logistic,MiniLM Embeddings + Logistic Regression,MHxPC130589652,0,0,0.032508
minilm_logistic,MiniLM Embeddings + Logistic Regression,MHxPC130400792,0,0,0.449123
minilm_logistic,MiniLM Embeddings + Logistic Regression,MHxPC130467282,0,0,0.52134
minilm_logistic,MiniLM Embeddings + Logistic Regression,MHxPC130251346,0,0,0.158155
minilm_logistic,MiniLM Embeddings + Logistic Regression,MHxPC130325266,0,0,0.043236
minilm_logistic,MiniLM Embeddings + Logistic Regression,MHxPC130244076,0,0,0.022582
minilm_logistic,MiniLM Embeddings + Logistic Regression,MHxPC130193163,0,0,0.032508
minilm_logistic,MiniLM Embeddings + Logistic Regression,MHxPC130550143,0,0,0.074299
minilm_logistic,MiniLM Embeddings + Logistic Regression,MHxPC130110142,0,0,0.171843
minilm_logistic,MiniLM Embeddings + Logistic Regression,MHxPC130098219,0,0,0.33037
minilm_logistic,MiniLM Embeddings + Logistic Regression,MHxPC130562073,0,0,0.127777
minilm_logistic,MiniLM Embeddings + Logistic Regression,MHxPC130437223,0,0,0.058328
minilm_logistic,MiniLM Embeddings + Logistic Regression,MHxPC130240707,0,1,0.79522
minilm_logistic,MiniLM Embeddings + Logistic Regression,MHxPC130335809,0,0,0.152933
minilm_logistic,MiniLM Embeddings + Logistic Regression,MHxPC130491047,0,0,0.032066
minilm_logistic,MiniLM Embeddings + Logistic Regression,MHxPC130296900,0,0,0.746091
minilm_logistic,MiniLM Embeddings + Logistic Regression,MHxPC130353739,0,0,0.211032
minilm_logistic,MiniLM Embeddings + Logistic Regression,MHxPC130294681,0,0,0.141513
minilm_logistic,MiniLM Embeddings + Logistic Regression,MHxPC130216908,0,0,0.697059
minilm_logistic,MiniLM Embeddings + Logistic Regression,MHxPC130215484,0,0,0.191754
minilm_logistic,MiniLM Embeddings + Logistic Regression,MHxPC130447471,0,0,0.563421
minilm_logistic,MiniLM Embeddings + Logistic Regression,MHxPC130371980,0,0,0.171665
minilm_logistic,MiniLM Embeddings + Logistic Regression,MHxPC130332153,0,0,0.273492
minilm_logistic,MiniLM Embeddings + Logistic Regression,MHxPC130056349,0,0,0.059141
minilm_logistic,MiniLM Embeddings + Logistic Regression,MHxPC130576079,0,0,0.390271
minilm_logistic,MiniLM Embeddings + Logistic Regression,MHxPC130161299,0,0,0.072442
minilm_logistic,MiniLM Embeddings + Logistic Regression,MHxPC130206283,0,0,0.064467
minilm_logistic,MiniLM Embeddings + Logistic Regression,MHxPC130559350,0,0,0.02244
minilm_logistic,MiniLM Embeddings + Logistic Regression,MHxPC130282701,0,0,0.458758
minilm_logistic,MiniLM Embeddings + Logistic Regression,MHxPC130544483,0,0,0.158654
minilm_logistic,MiniLM Embeddings + Logistic Regression,MHxPC130361016,0,0,0.439035
minilm_logistic,MiniLM Embeddings + Logistic Regression,MHxPC130379143,0,0,0.035395
minilm_logistic,MiniLM Embeddings + Logistic Regression,MHxPC130326223,0,0,0.339719
minilm_logistic,MiniLM Embeddings + Logistic Regression,MHxPC130273675,0,0,0.032508
minilm_logistic,MiniLM Embeddings + Logistic Regression,MHxPC130440698,0,0,0.773465
minilm_logistic,MiniLM Embeddings + Logistic Regression,MHxPC130175062,0,1,0.846724
minilm_logistic,MiniLM Embeddings + Logistic Regression,MHxPC130164470,0,0,0.750908
minilm_logistic,MiniLM Embeddings + Logistic Regression,MHxPC130176471,0,0,0.544891
minilm_logistic,MiniLM Embeddings + Logistic Regression,MHxPC130197020,0,0,0.38833
minilm_logistic,MiniLM Embeddings + Logistic Regression,MHxPC130230177,0,0,0.352035
minilm_logistic,MiniLM Embeddings + Logistic Regression,MHxPC130504461,0,0,0.118699
minilm_logistic,MiniLM Embeddings + Logistic Regression,MHxPC130204399,0,0,0.029956
minilm_logistic,MiniLM Embeddings + Logistic Regression,MHxPC130404152,0,0,0.031413
minilm_logistic,MiniLM Embeddings + Logistic Regression,MHxPC130297579,0,0,0.02244
minilm_logistic,MiniLM Embeddings + Logistic Regression,MHxPC130353004,0,0,0.343315
minilm_logistic,MiniLM Embeddings + Logistic Regression,MHxPC130397485,1,1,0.873963
minilm_logistic,MiniLM Embeddings + Logistic Regression,MHxPC130411885,0,0,0.022582
minilm_logistic,MiniLM Embeddings + Logistic Regression,MHxPC130145216,0,0,0.778714
minilm_logistic,MiniLM Embeddings + Logistic Regression,MHxPC130257038,0,0,0.521031
minilm_logistic,MiniLM Embeddings + Logistic Regression,MHxPC130266134,0,0,0.02244
minilm_logistic,MiniLM Embeddings + Logistic Regression,MHxPC130118969,1,1,0.965341
minilm_logistic,MiniLM Embeddings + Logistic Regression,MHxPC130055336,0,0,0.156697
minilm_logistic,MiniLM Embeddings + Logistic Regression,MHxPC130386720,0,0,0.397174
minilm_logistic,MiniLM Embeddings + Logistic Regression,MHxPC130396377,0,0,0.032508
minilm_logistic,MiniLM Embeddings + Logistic Regression,MHxPC130095011,0,0,0.022582
minilm_logistic,MiniLM Embeddings + Logistic Regression,MHxPC130201714,0,0,0.113882
minilm_logistic,MiniLM Embeddings + Logistic Regression,MHxPC130421562,0,0,0.149388
minilm_logistic,MiniLM Embeddings + Logistic Regression,MHxPC130001534,1,0,0.773091
minilm_logistic,MiniLM Embeddings + Logistic Regression,MHxPC130392605,0,0,0.031413
minilm_logistic,MiniLM Embeddings + Logistic Regression,MHxPC130491483,0,0,0.032508
minilm_logistic,MiniLM Embeddings + Logistic Regression,MHxPC130213111,0,0,0.364134
minilm_logistic,MiniLM Embeddings + Logistic Regression,MHxPC130514623,0,0,0.077439
minilm_logistic,MiniLM Embeddings + Logistic Regression,MHxPC130582937,0,0,0.035395
minilm_logistic,MiniLM Embeddings + Logistic Regression,MHxPC130139360,0,0,0.022582
minilm_logistic,MiniLM Embeddings + Logistic Regression,MHxPC130314623,0,0,0.07286
minilm_logistic,MiniLM Embeddings + Logistic Regression,MHxPC130285595,0,0,0.051974
minilm_logistic,MiniLM Embeddings + Logistic Regression,MHxPC130225748,0,0,0.495287
minilm_logistic,MiniLM Embeddings + Logistic Regression,MHxPC130224263,0,0,0.02244
minilm_logistic,MiniLM Embeddings + Logistic Regression,MHxPC130597402,0,0,0.141259
minilm_logistic,MiniLM Embeddings + Logistic Regression,MHxPC130265300,0,0,0.070211
minilm_logistic,MiniLM Embeddings + Logistic Regression,MHxPC130307447,0,0,0.022582
minilm_logistic,MiniLM Embeddings + Logistic Regression,MHxPC130357352,0,0,0.115167
minilm_logistic,MiniLM Embeddings + Logistic Regression,MHxPC130313738,0,0,0.271128
minilm_logistic,MiniLM Embeddings + Logistic Regression,MHxPC130259711,0,0,0.02244
minilm_logistic,MiniLM Embeddings + Logistic Regression,MHxPC130003152,0,0,0.032508
minilm_logistic,MiniLM Embeddings + Logistic Regression,MHxPC130374067,0,0,0.185728
minilm_logistic,MiniLM Embeddings + Logistic Regression,MHxPC130500620,0,0,0.065383
minilm_logistic,MiniLM Embeddings + Logistic Regression,MHxPC130319970,0,0,0.032508
minilm_logistic,MiniLM Embeddings + Logistic Regression,MHxPC130347972,0,0,0.25098
minilm_logistic,MiniLM Embeddings + Logistic Regression,MHxPC130480136,0,0,0.022582
minilm_logistic,MiniLM Embeddings + Logistic Regression,MHxPC130292127,0,0,0.455697
minilm_logistic,MiniLM Embeddings + Logistic Regression,MHxPC130422731,0,0,0.02244
minilm_logistic,MiniLM Embeddings + Logistic Regression,MHxPC130125644,0,0,0.232383
minilm_logistic,MiniLM Embeddings + Logistic Regression,MHxPC130351019,0,0,0.269397
minilm_logistic,MiniLM Embeddings + Logistic Regression,MHxPC130154419,0,0,0.393625
minilm_logistic,MiniLM Embeddings + Logistic Regression,MHxPC130272577,0,0,0.558296
minilm_logistic,MiniLM Embeddings + Logistic Regression,MHxPC130265114,0,1,0.823106
minilm_logistic,MiniLM Embeddings + Logistic Regression,MHxPC130590348,0,0,0.032508
minilm_logistic,MiniLM Embeddings + Logistic Regression,MHxPC130462445,0,0,0.195054
minilm_logistic,MiniLM Embeddings + Logistic Regression,MHxPC130281635,0,0,0.031413
minilm_logistic,MiniLM Embeddings + Logistic Regression,MHxPC130361552,0,0,0.70446
minilm_logistic,MiniLM Embeddings + Logistic Regression,MHxPC130100884,0,0,0.158609
minilm_logistic,MiniLM Embeddings + Logistic Regression,MHxPC130561201,0,0,0.035395
minilm_logistic,MiniLM Embeddings + Logistic Regression,MHxPC130444862,0,0,0.50902
minilm_logistic,MiniLM Embeddings + Logistic Regression,MHxPC130272298,0,0,0.210588
minilm_logistic,MiniLM Embeddings + Logistic Regression,MHxPC130392583,0,0,0.160026
minilm_logistic,MiniLM Embeddings + Logistic Regression,MHxPC130164961,0,0,0.110855
minilm_logistic,MiniLM Embeddings + Logistic Regression,MHxPC130093238,0,0,0.190234
minilm_logistic,MiniLM Embeddings + Logistic Regression,MHxPC130565538,0,0,0.246794
minilm_logistic,MiniLM Embeddings + Logistic Regression,MHxPC130074406,0,0,0.754146
minilm_logistic,MiniLM Embeddings + Logistic Regression,MHxPC130166670,0,0,0.153701
minilm_logistic,MiniLM Embeddings + Logistic Regression,MHxPC130287785,0,0,0.326728
minilm_logistic,MiniLM Embeddings + Logistic Regression,MHxPC130347821,0,0,0.658586
minilm_logistic,MiniLM Embeddings + Logistic Regression,MHxPC130548759,0,0,0.246118
minilm_logistic,MiniLM Embeddings + Logistic Regression,MHxPC130437235,0,0,0.131792
minilm_logistic,MiniLM Embeddings + Logistic Regression,MHxPC130470000,0,0,0.067844
minilm_logistic,MiniLM Embeddings + Logistic Regression,MHxPC130123324,0,0,0.173904
minilm_logistic,MiniLM Embeddings + Logistic Regression,MHxPC130096269,0,0,0.081831
minilm_logistic,MiniLM Embeddings + Logistic Regression,MHxPC130373110,0,0,0.042632
minilm_logistic,MiniLM Embeddings + Logistic Regression,MHxPC130064916,0,0,0.022582
minilm_logistic,MiniLM Embeddings + Logistic Regression,MHxPC130349839,0,0,0.403777
minilm_logistic,MiniLM Embeddings + Logistic Regression,MHxPC130089747,0,0,0.032508
minilm_logistic,MiniLM Embeddings + Logistic Regression,MHxPC130104015,0,0,0.063467
minilm_logistic,MiniLM Embeddings + Logistic Regression,MHxPC130145492,0,0,0.450793
minilm_logistic,MiniLM Embeddings + Logistic Regression,MHxPC130513283,0,0,0.019548
minilm_logistic,MiniLM Embeddings + Logistic Regression,MHxPC130257111,0,0,0.488112
minilm_logistic,MiniLM Embeddings + Logistic Regression,MHxPC130453466,0,0,0.032508
minilm_logistic,MiniLM Embeddings + Logistic Regression,MHxPC130468539,0,0,0.208556
minilm_logistic,MiniLM Embeddings + Logistic Regression,MHxPC130053503,0,0,0.119988
minilm_logistic,MiniLM Embeddings + Logistic Regression,MHxPC130350429,0,0,0.022582
minilm_logistic,MiniLM Embeddings + Logistic Regression,MHxPC130585551,0,0,0.032508
minilm_logistic,MiniLM Embeddings + Logistic Regression,MHxPC130433008,0,0,0.042755
minilm_logistic,MiniLM Embeddings + Logistic Regression,MHxPC130346228,0,0,0.190399
minilm_logistic,MiniLM Embeddings + Logistic Regression,MHxPC130591403,0,0,0.02244
minilm_logistic,MiniLM Embeddings + Logistic Regression,MHxPC130130195,0,0,0.232092
minilm_logistic,MiniLM Embeddings + Logistic Regression,MHxPC130141176,0,0,0.190474
minilm_logistic,MiniLM Embeddings + Logistic Regression,MHxPC130012450,0,0,0.11442
minilm_logistic,MiniLM Embeddings + Logistic Regression,MHxPC130117496,0,0,0.034559
minilm_logistic,MiniLM Embeddings + Logistic Regression,MHxPC130130142,0,0,0.022582
minilm_logistic,MiniLM Embeddings + Logistic Regression,MHxPC130412631,0,0,0.637244
minilm_logistic,MiniLM Embeddings + Logistic Regression,MHxPC130102662,0,0,0.192107
minilm_logistic,MiniLM Embeddings + Logistic Regression,MHxPC130195861,0,0,0.1187
minilm_logistic,MiniLM Embeddings + Logistic Regression,MHxPC130008862,0,0,0.054317
minilm_logistic,MiniLM Embeddings + Logistic Regression,MHxPC130420166,0,1,0.787444
minilm_logistic,MiniLM Embeddings + Logistic Regression,MHxPC130272637,0,0,0.031413
minilm_logistic,MiniLM Embeddings + Logistic Regression,MHxPC130556843,1,0,0.733978
minilm_logistic,MiniLM Embeddings + Logistic Regression,MHxPC130287750,0,0,0.031413
minilm_logistic,MiniLM Embeddings + Logistic Regression,MHxPC130272387,0,0,0.172583
minilm_logistic,MiniLM Embeddings + Logistic Regression,MHxPC130066109,0,0,0.289726
minilm_logistic,MiniLM Embeddings + Logistic Regression,MHxPC130302275,0,0,0.022582
minilm_logistic,MiniLM Embeddings + Logistic Regression,MHxPC130331284,0,0,0.067844
minilm_logistic,MiniLM Embeddings + Logistic Regression,MHxPC130352098,1,0,0.704258
minilm_logistic,MiniLM Embeddings + Logistic Regression,MHxPC130352883,0,0,0.04157
minilm_logistic,MiniLM Embeddings + Logistic Regression,MHxPC130412407,0,0,0.059141
minilm_logistic,MiniLM Embeddings + Logistic Regression,MHxPC130260815,0,0,0.029956
minilm_logistic,MiniLM Embeddings + Logistic Regression,MHxPC130375536,0,0,0.040219
minilm_logistic,MiniLM Embeddings + Logistic Regression,MHxPC130022871,0,0,0.022582
minilm_logistic,MiniLM Embeddings + Logistic Regression,MHxPC130321761,0,0,0.604296
minilm_logistic,MiniLM Embeddings + Logistic Regression,MHxPC130094683,0,0,0.023836
minilm_logistic,MiniLM Embeddings + Logistic Regression,MHxPC130052666,0,0,0.041161
minilm_logistic,MiniLM Embeddings + Logistic Regression,MHxPC130057116,0,0,0.059762
minilm_logistic,MiniLM Embeddings + Logistic Regression,MHxPC130376186,0,0,0.385483
minilm_logistic,MiniLM Embeddings + Logistic Regression,MHxPC130067755,0,0,0.032508
minilm_logistic,MiniLM Embeddings + Logistic Regression,MHxPC130191456,0,0,0.18888
minilm_logistic,MiniLM Embeddings + Logistic Regression,MHxPC130059236,0,0,0.032508
minilm_logistic,MiniLM Embeddings + Logistic Regression,MHxPC130377510,0,0,0.042632
minilm_logistic,MiniLM Embeddings + Logistic Regression,MHxPC130290177,0,0,0.022582
minilm_logistic,MiniLM Embeddings + Logistic Regression,MHxPC130358978,0,1,0.82297
minilm_logistic,MiniLM Embeddings + Logistic Regression,MHxPC130235643,0,0,0.043236
minilm_logistic,MiniLM Embeddings + Logistic Regression,MHxPC130525996,0,0,0.022582
minilm_logistic,MiniLM Embeddings + Logistic Regression,MHxPC130485477,0,0,0.186174
minilm_logistic,MiniLM Embeddings + Logistic Regression,MHxPC130565686,0,0,0.225898
minilm_logistic,MiniLM Embeddings + Logistic Regression,MHxPC130003940,0,0,0.02244
minilm_logistic,MiniLM Embeddings + Logistic Regression,MHxPC130260842,0,0,0.022582
minilm_logistic,MiniLM Embeddings + Logistic Regression,MHxPC130306308,0,0,0.354852
minilm_logistic,MiniLM Embeddings + Logistic Regression,MHxPC130092700,0,0,0.047631
minilm_logistic,MiniLM Embeddings + Logistic Regression,MHxPC130186896,0,0,0.04525
minilm_logistic,MiniLM Embeddings + Logistic Regression,MHxPC130486836,0,0,0.02244
minilm_logistic,MiniLM Embeddings + Logistic Regression,MHxPC130493849,0,0,0.069881
minilm_logistic,MiniLM Embeddings + Logistic Regression,MHxPC130336234,0,0,0.022582
minilm_logistic,MiniLM Embeddings + Logistic Regression,MHxPC130262306,0,0,0.022582
minilm_logistic,MiniLM Embeddings + Logistic Regression,MHxPC130468803,0,0,0.031413
minilm_logistic,MiniLM Embeddings + Logistic Regression,MHxPC130276560,0,0,0.023836
minilm_logistic,MiniLM Embeddings + Logistic Regression,MHxPC130114586,0,0,0.708804
minilm_logistic,MiniLM Embeddings + Logistic Regression,MHxPC130163655,0,0,0.032508
minilm_logistic,MiniLM Embeddings + Logistic Regression,MHxPC130195975,0,0,0.022582
minilm_logistic,MiniLM Embeddings + Logistic Regression,MHxPC130011230,0,0,0.333244
minilm_logistic,MiniLM Embeddings + Logistic Regression,MHxPC130495850,0,0,0.236056
minilm_logistic,MiniLM Embeddings + Logistic Regression,MHxPC130262761,0,0,0.216146
minilm_logistic,MiniLM Embeddings + Logistic Regression,MHxPC130413451,0,0,0.591931
minilm_logistic,MiniLM Embeddings + Logistic Regression,MHxPC130264450,0,0,0.060364
minilm_logistic,MiniLM Embeddings + Logistic Regression,MHxPC130311654,0,0,0.14865
minilm_logistic,MiniLM Embeddings + Logistic Regression,MHxPC130441179,0,0,0.399047
minilm_logistic,MiniLM Embeddings + Logistic Regression,MHxPC130361806,0,0,0.147724
minilm_logistic,MiniLM Embeddings + Logistic Regression,MHxPC130324221,0,0,0.022582
minilm_logistic,MiniLM Embeddings + Logistic Regression,MHxPC130438178,0,0,0.52492
minilm_logistic,MiniLM Embeddings + Logistic Regression,MHxPC130268609,0,0,0.031413
minilm_logistic,MiniLM Embeddings + Logistic Regression,MHxPC130215049,0,0,0.032508
minilm_logistic,MiniLM Embeddings + Logistic Regression,MHxPC130434489,0,0,0.430719
minilm_logistic,MiniLM Embeddings + Logistic Regression,MHxPC130052558,0,0,0.041161
minilm_logistic,MiniLM Embeddings + Logistic Regression,MHxPC130029443,0,0,0.567713
minilm_logistic,MiniLM Embeddings + Logistic Regression,MHxPC130401865,0,1,0.811783
minilm_logistic,MiniLM Embeddings + Logistic Regression,MHxPC130438051,0,0,0.090103
minilm_logistic,MiniLM Embeddings + Logistic Regression,MHxPC130317727,0,0,0.353331
minilm_logistic,MiniLM Embeddings + Logistic Regression,MHxPC130209993,0,0,0.027336
minilm_logistic,MiniLM Embeddings + Logistic Regression,MHxPC130574982,0,1,0.861669
minilm_logistic,MiniLM Embeddings + Logistic Regression,MHxPC130166137,0,0,0.28446
minilm_logistic,MiniLM Embeddings + Logistic Regression,MHxPC130540802,0,0,0.027336
minilm_logistic,MiniLM Embeddings + Logistic Regression,MHxPC130368840,0,0,0.36813
minilm_logistic,MiniLM Embeddings + Logistic Regression,MHxPC130314443,1,1,0.909544
minilm_logistic,MiniLM Embeddings + Logistic Regression,MHxPC130278785,0,0,0.15481
minilm_logistic,MiniLM Embeddings + Logistic Regression,MHxPC130070487,1,1,0.967352
minilm_logistic,MiniLM Embeddings + Logistic Regression,MHxPC130532304,1,1,0.90807
minilm_logistic,MiniLM Embeddings + Logistic Regression,MHxPC130090727,0,0,0.032508
minilm_logistic,MiniLM Embeddings + Logistic Regression,MHxPC130030273,0,0,0.081076
minilm_logistic,MiniLM Embeddings + Logistic Regression,MHxPC130367523,0,0,0.178533
minilm_logistic,MiniLM Embeddings + Logistic Regression,MHxPC130581729,0,0,0.441838
minilm_logistic,MiniLM Embeddings + Logistic Regression,MHxPC130563411,0,0,0.165284
minilm_logistic,MiniLM Embeddings + Logistic Regression,MHxPC130283838,0,0,0.316492
minilm_logistic,MiniLM Embeddings + Logistic Regression,MHxPC130452444,0,0,0.022582
minilm_logistic,MiniLM Embeddings + Logistic Regression,MHxPC130552575,0,0,0.740523
minilm_logistic,MiniLM Embeddings + Logistic Regression,MHxPC130038715,0,0,0.16955
minilm_logistic,MiniLM Embeddings + Logistic Regression,MHxPC130469684,0,0,0.023836
minilm_logistic,MiniLM Embeddings + Logistic Regression,MHxPC130575856,0,0,0.232533
minilm_logistic,MiniLM Embeddings + Logistic Regression,MHxPC130589448,0,0,0.022582
minilm_logistic,MiniLM Embeddings + Logistic Regression,MHxPC130460185,0,0,0.384567
minilm_logistic,MiniLM Embeddings + Logistic Regression,MHxPC130560150,0,0,0.031413
minilm_logistic,MiniLM Embeddings + Logistic Regression,MHxPC130540400,0,0,0.031413
minilm_logistic,MiniLM Embeddings + Logistic Regression,MHxPC130446384,0,0,0.032508
minilm_logistic,MiniLM Embeddings + Logistic Regression,MHxPC130086849,0,0,0.022582
minilm_logistic,MiniLM Embeddings + Logistic Regression,MHxPC130147548,0,0,0.029956
minilm_logistic,MiniLM Embeddings + Logistic Regression,MHxPC130226478,0,0,0.02244
minilm_logistic,MiniLM Embeddings + Logistic Regression,MHxPC130592915,0,0,0.656155
minilm_logistic,MiniLM Embeddings + Logistic Regression,MHxPC130243659,0,0,0.309152
minilm_logistic,MiniLM Embeddings + Logistic Regression,MHxPC130550819,0,0,0.022582
minilm_logistic,MiniLM Embeddings + Logistic Regression,MHxPC130334061,0,0,0.020371
minilm_logistic,MiniLM Embeddings + Logistic Regression,MHxPC130353279,0,0,0.091923
minilm_logistic,MiniLM Embeddings + Logistic Regression,MHxPC130439634,0,0,0.164215
minilm_logistic,MiniLM Embeddings + Logistic Regression,MHxPC130141190,0,0,0.107997
minilm_logistic,MiniLM Embeddings + Logistic Regression,MHxPC130404736,0,0,0.156914
minilm_logistic,MiniLM Embeddings + Logistic Regression,MHxPC130564793,1,1,0.909714
minilm_logistic,MiniLM Embeddings + Logistic Regression,MHxPC130532047,0,0,0.031413
minilm_logistic,MiniLM Embeddings + Logistic Regression,MHxPC130046154,0,0,0.491722
minilm_logistic,MiniLM Embeddings + Logistic Regression,MHxPC130193549,0,0,0.023836
minilm_logistic,MiniLM Embeddings + Logistic Regression,MHxPC130020641,0,0,0.022582
minilm_logistic,MiniLM Embeddings + Logistic Regression,MHxPC130373445,0,0,0.023836
minilm_logistic,MiniLM Embeddings + Logistic Regression,MHxPC130561815,0,0,0.351656
minilm_logistic,MiniLM Embeddings + Logistic Regression,MHxPC130282865,0,0,0.160653
minilm_logistic,MiniLM Embeddings + Logistic Regression,MHxPC130198070,0,0,0.6054
minilm_logistic,MiniLM Embeddings + Logistic Regression,MHxPC130076251,0,0,0.084585
minilm_logistic,MiniLM Embeddings + Logistic Regression,MHxPC130330262,0,0,0.285462
minilm_logistic,MiniLM Embeddings + Logistic Regression,MHxPC130587554,0,1,0.833297
minilm_logistic,MiniLM Embeddings + Logistic Regression,MHxPC130374132,0,0,0.212977
minilm_logistic,MiniLM Embeddings + Logistic Regression,MHxPC130363806,0,0,0.704904
minilm_logistic,MiniLM Embeddings + Logistic Regression,MHxPC130134548,0,0,0.087901
minilm_logistic,MiniLM Embeddings + Logistic Regression,MHxPC130423682,0,0,0.022582
minilm_logistic,MiniLM Embeddings + Logistic Regression,MHxPC130416415,0,0,0.031413
minilm_logistic,MiniLM Embeddings + Logistic Regression,MHxPC130367914,0,0,0.214726
minilm_logistic,MiniLM Embeddings + Logistic Regression,MHxPC130435525,0,0,0.022582
minilm_logistic,MiniLM Embeddings + Logistic Regression,MHxPC130385887,0,0,0.038909
minilm_logistic,MiniLM Embeddings + Logistic Regression,MHxPC130543988,0,0,0.022582
minilm_logistic,MiniLM Embeddings + Logistic Regression,MHxPC130317530,0,0,0.307103
minilm_logistic,MiniLM Embeddings + Logistic Regression,MHxPC130449720,0,0,0.121336
minilm_logistic,MiniLM Embeddings + Logistic Regression,MHxPC130014411,0,0,0.774189
minilm_logistic,MiniLM Embeddings + Logistic Regression,MHxPC130071824,0,1,0.803118
minilm_logistic,MiniLM Embeddings + Logistic Regression,MHxPC130090681,0,0,0.027336
minilm_logistic,MiniLM Embeddings + Logistic Regression,MHxPC130507437,0,0,0.04157
minilm_logistic,MiniLM Embeddings + Logistic Regression,MHxPC130026440,0,0,0.035395
minilm_logistic,MiniLM Embeddings + Logistic Regression,MHxPC130083472,0,0,0.02244
minilm_logistic,MiniLM Embeddings + Logistic Regression,MHxPC130519923,0,0,0.16336
minilm_logistic,MiniLM Embeddings + Logistic Regression,MHxPC130127439,0,0,0.085647
minilm_logistic,MiniLM Embeddings + Logistic Regression,MHxPC130358938,0,1,0.839054
minilm_logistic,MiniLM Embeddings + Logistic Regression,MHxPC130393029,0,0,0.022582
minilm_logistic,MiniLM Embeddings + Logistic Regression,MHxPC130227666,0,0,0.047637
minilm_logistic,MiniLM Embeddings + Logistic Regression,MHxPC130060588,0,0,0.194379
minilm_logistic,MiniLM Embeddings + Logistic Regression,MHxPC130134019,0,0,0.031413
minilm_logistic,MiniLM Embeddings + Logistic Regression,MHxPC130461364,0,0,0.022582
minilm_logistic,MiniLM Embeddings + Logistic Regression,MHxPC130251248,0,0,0.290727
minilm_logistic,MiniLM Embeddings + Logistic Regression,MHxPC130028347,0,0,0.089699
minilm_logistic,MiniLM Embeddings + Logistic Regression,MHxPC130230866,0,0,0.023836
minilm_logistic,MiniLM Embeddings + Logistic Regression,MHxPC130501731,1,0,0.666735
minilm_logistic,MiniLM Embeddings + Logistic Regression,MHxPC130555802,0,0,0.023836
minilm_logistic,MiniLM Embeddings + Logistic Regression,MHxPC130469316,0,0,0.353931
minilm_logistic,MiniLM Embeddings + Logistic Regression,MHxPC130035106,0,0,0.045672
minilm_logistic,MiniLM Embeddings + Logistic Regression,MHxPC130548612,0,0,0.032508
minilm_logistic,MiniLM Embeddings + Logistic Regression,MHxPC130035465,0,0,0.022582
minilm_logistic,MiniLM Embeddings + Logistic Regression,MHxPC130535837,0,0,0.042521
minilm_logistic,MiniLM Embeddings + Logistic Regression,MHxPC130151318,0,0,0.188643
minilm_logistic,MiniLM Embeddings + Logistic Regression,MHxPC130363619,0,0,0.035808
minilm_logistic,MiniLM Embeddings + Logistic Regression,MHxPC130106736,0,0,0.213541
minilm_logistic,MiniLM Embeddings + Logistic Regression,MHxPC130425837,0,0,0.247151
minilm_logistic,MiniLM Embeddings + Logistic Regression,MHxPC130260387,0,0,0.029956
minilm_logistic,MiniLM Embeddings + Logistic Regression,MHxPC130073513,0,0,0.336918
minilm_logistic,MiniLM Embeddings + Logistic Regression,MHxPC130262036,0,0,0.022582
minilm_logistic,MiniLM Embeddings + Logistic Regression,MHxPC130091631,0,0,0.0779
minilm_logistic,MiniLM Embeddings + Logistic Regression,MHxPC130198330,0,0,0.022582
minilm_logistic,MiniLM Embeddings + Logistic Regression,MHxPC130113615,0,0,0.655073
minilm_logistic,MiniLM Embeddings + Logistic Regression,MHxPC130294990,0,0,0.032508
minilm_logistic,MiniLM Embeddings + Logistic Regression,MHxPC130207658,0,0,0.443041
minilm_logistic,MiniLM Embeddings + Logistic Regression,MHxPC130445599,1,1,0.851135
minilm_logistic,MiniLM Embeddings + Logistic Regression,MHxPC130072436,0,0,0.032508
minilm_logistic,MiniLM Embeddings + Logistic Regression,MHxPC130106564,0,0,0.102502
minilm_logistic,MiniLM Embeddings + Logistic Regression,MHxPC130414405,0,0,0.023836
minilm_logistic,MiniLM Embeddings + Logistic Regression,MHxPC130022976,0,0,0.031413
minilm_logistic,MiniLM Embeddings + Logistic Regression,MHxPC130300584,0,0,0.02244
minilm_logistic,MiniLM Embeddings + Logistic Regression,MHxPC130160655,0,1,0.854144
minilm_logistic,MiniLM Embeddings + Logistic Regression,MHxPC130426890,0,0,0.02244
minilm_logistic,MiniLM Embeddings + Logistic Regression,MHxPC130233901,0,0,0.486148
minilm_logistic,MiniLM Embeddings + Logistic Regression,MHxPC130141052,1,0,0.751365
minilm_logistic,MiniLM Embeddings + Logistic Regression,MHxPC130596056,0,0,0.225673
minilm_logistic,MiniLM Embeddings + Logistic Regression,MHxPC130345265,0,0,0.198958
minilm_logistic,MiniLM Embeddings + Logistic Regression,MHxPC130127842,0,0,0.032508
minilm_logistic,MiniLM Embeddings + Logistic Regression,MHxPC130506324,0,1,0.848583
minilm_logistic,MiniLM Embeddings + Logistic Regression,MHxPC130149224,0,0,0.145299
minilm_logistic,MiniLM Embeddings + Logistic Regression,MHxPC130085542,0,0,0.339385
minilm_logistic,MiniLM Embeddings + Logistic Regression,MHxPC130202995,0,0,0.736745
minilm_logistic,MiniLM Embeddings + Logistic Regression,MHxPC130379771,0,0,0.294676
minilm_logistic,MiniLM Embeddings + Logistic Regression,MHxPC130186026,0,0,0.605942
minilm_logistic,MiniLM Embeddings + Logistic Regression,MHxPC130205104,0,0,0.249501
minilm_logistic,MiniLM Embeddings + Logistic Regression,MHxPC130108070,0,0,0.284678
minilm_logistic,MiniLM Embeddings + Logistic Regression,MHxPC130318290,0,0,0.125541
minilm_logistic,MiniLM Embeddings + Logistic Regression,MHxPC130318371,0,0,0.11766
minilm_logistic,MiniLM Embeddings + Logistic Regression,MHxPC130222732,0,0,0.255917
minilm_logistic,MiniLM Embeddings + Logistic Regression,MHxPC130491591,0,0,0.045262
minilm_logistic,MiniLM Embeddings + Logistic Regression,MHxPC130287938,0,0,0.717939
minilm_logistic,MiniLM Embeddings + Logistic Regression,MHxPC130570931,0,0,0.027336
minilm_logistic,MiniLM Embeddings + Logistic Regression,MHxPC130515438,0,0,0.684902
minilm_logistic,MiniLM Embeddings + Logistic Regression,MHxPC130259024,0,0,0.022582
minilm_logistic,MiniLM Embeddings + Logistic Regression,MHxPC130344213,0,0,0.191195
minilm_logistic,MiniLM Embeddings + Logistic Regression,MHxPC130506180,0,0,0.305463
minilm_logistic,MiniLM Embeddings + Logistic Regression,MHxPC130449829,0,0,0.041161
minilm_logistic,MiniLM Embeddings + Logistic Regression,MHxPC130139501,0,0,0.090822
minilm_logistic,MiniLM Embeddings + Logistic Regression,MHxPC130070771,0,0,0.032508
minilm_logistic,MiniLM Embeddings + Logistic Regression,MHxPC130012782,0,0,0.039634
minilm_logistic,MiniLM Embeddings + Logistic Regression,MHxPC130505105,0,0,0.063558
minilm_logistic,MiniLM Embeddings + Logistic Regression,MHxPC130471315,0,0,0.029956
minilm_logistic,MiniLM Embeddings + Logistic Regression,MHxPC130224959,0,0,0.76819
minilm_logistic,MiniLM Embeddings + Logistic Regression,MHxPC130532517,0,0,0.022582
minilm_logistic,MiniLM Embeddings + Logistic Regression,MHxPC130149050,0,0,0.032508
minilm_logistic,MiniLM Embeddings + Logistic Regression,MHxPC130477776,0,0,0.363173
minilm_logistic,MiniLM Embeddings + Logistic Regression,MHxPC130292523,0,0,0.658414
minilm_logistic,MiniLM Embeddings + Logistic Regression,MHxPC130029220,0,0,0.022582
minilm_logistic,MiniLM Embeddings + Logistic Regression,MHxPC130125440,0,0,0.382984
minilm_logistic,MiniLM Embeddings + Logistic Regression,MHxPC130143328,0,0,0.04157
minilm_logistic,MiniLM Embeddings + Logistic Regression,MHxPC130078133,0,0,0.506139
minilm_logistic,MiniLM Embeddings + Logistic Regression,MHxPC130395291,0,0,0.022582
minilm_logistic,MiniLM Embeddings + Logistic Regression,MHxPC130126206,0,0,0.392245
minilm_logistic,MiniLM Embeddings + Logistic Regression,MHxPC130158792,0,0,0.031413
minilm_logistic,MiniLM Embeddings + Logistic Regression,MHxPC130301614,0,0,0.141876
minilm_logistic,MiniLM Embeddings + Logistic Regression,MHxPC130251411,0,0,0.027336
minilm_logistic,MiniLM Embeddings + Logistic Regression,MHxPC130268038,0,0,0.120311
minilm_logistic,MiniLM Embeddings + Logistic Regression,MHxPC130334705,0,0,0.022582
minilm_logistic,MiniLM Embeddings + Logistic Regression,MHxPC130238275,1,0,0.777288
minilm_logistic,MiniLM Embeddings + Logistic Regression,MHxPC130582468,0,0,0.022582
minilm_logistic,MiniLM Embeddings + Logistic Regression,MHxPC130406202,0,0,0.200445
minilm_logistic,MiniLM Embeddings + Logistic Regression,MHxPC130578761,0,0,0.276795
minilm_logistic,MiniLM Embeddings + Logistic Regression,MHxPC130522550,0,0,0.02244
minilm_logistic,MiniLM Embeddings + Logistic Regression,MHxPC130468575,0,0,0.081136
minilm_logistic,MiniLM Embeddings + Logistic Regression,MHxPC130476288,0,0,0.116397
minilm_logistic,MiniLM Embeddings + Logistic Regression,MHxPC130263865,0,0,0.214092
minilm_logistic,MiniLM Embeddings + Logistic Regression,MHxPC130264004,0,0,0.077439
minilm_logistic,MiniLM Embeddings + Logistic Regression,MHxPC130371079,0,0,0.758942
minilm_logistic,MiniLM Embeddings + Logistic Regression,MHxPC130461481,0,0,0.247829
minilm_logistic,MiniLM Embeddings + Logistic Regression,MHxPC130083741,0,0,0.319507
minilm_logistic,MiniLM Embeddings + Logistic Regression,MHxPC130301219,0,0,0.699961
minilm_logistic,MiniLM Embeddings + Logistic Regression,MHxPC130236713,0,0,0.071872
minilm_logistic,MiniLM Embeddings + Logistic Regression,MHxPC130037839,0,0,0.02244
minilm_logistic,MiniLM Embeddings + Logistic Regression,MHxPC130548423,0,0,0.023836
minilm_logistic,MiniLM Embeddings + Logistic Regression,MHxPC130152490,0,0,0.02244
minilm_logistic,MiniLM Embeddings + Logistic Regression,MHxPC130490849,0,0,0.748613
minilm_logistic,MiniLM Embeddings + Logistic Regression,MHxPC130296407,0,0,0.354091
minilm_logistic,MiniLM Embeddings + Logistic Regression,MHxPC130050866,0,0,0.685952
minilm_logistic,MiniLM Embeddings + Logistic Regression,MHxPC130148551,0,0,0.022582
minilm_logistic,MiniLM Embeddings + Logistic Regression,MHxPC130337424,0,0,0.059141
minilm_logistic,MiniLM Embeddings + Logistic Regression,MHxPC130261868,0,0,0.368734
minilm_logistic,MiniLM Embeddings + Logistic Regression,MHxPC130021222,0,0,0.458017
minilm_logistic,MiniLM Embeddings + Logistic Regression,MHxPC130588185,0,0,0.02244
minilm_logistic,MiniLM Embeddings + Logistic Regression,MHxPC130045935,0,0,0.035808
minilm_logistic,MiniLM Embeddings + Logistic Regression,MHxPC130365937,0,0,0.032508
minilm_logistic,MiniLM Embeddings + Logistic Regression,MHxPC130191643,0,0,0.148966
minilm_logistic,MiniLM Embeddings + Logistic Regression,MHxPC130395192,0,0,0.680798
minilm_logistic,MiniLM Embeddings + Logistic Regression,MHxPC130337262,0,0,0.022582
minilm_logistic,MiniLM Embeddings + Logistic Regression,MHxPC130038063,0,0,0.022582
minilm_logistic,MiniLM Embeddings + Logistic Regression,MHxPC130447659,0,0,0.022582
minilm_logistic,MiniLM Embeddings + Logistic Regression,MHxPC130573372,0,1,0.823363
minilm_logistic,MiniLM Embeddings + Logistic Regression,MHxPC130427662,0,0,0.176938
minilm_logistic,MiniLM Embeddings + Logistic Regression,MHxPC130208799,0,0,0.032508
minilm_logistic,MiniLM Embeddings + Logistic Regression,MHxPC130193540,0,0,0.042311
minilm_logistic,MiniLM Embeddings + Logistic Regression,MHxPC130185376,0,0,0.022582
minilm_logistic,MiniLM Embeddings + Logistic Regression,MHxPC130199071,0,0,0.428987
minilm_logistic,MiniLM Embeddings + Logistic Regression,MHxPC130093923,0,0,0.031413
minilm_logistic,MiniLM Embeddings + Logistic Regression,MHxPC130367894,1,1,0.800557
minilm_logistic,MiniLM Embeddings + Logistic Regression,MHxPC130421624,0,0,0.051974
minilm_logistic,MiniLM Embeddings + Logistic Regression,MHxPC130372531,0,0,0.022582
minilm_logistic,MiniLM Embeddings + Logistic Regression,MHxPC130229506,0,0,0.167637
minilm_logistic,MiniLM Embeddings + Logistic Regression,MHxPC130055927,0,0,0.022582
minilm_logistic,MiniLM Embeddings + Logistic Regression,MHxPC130409686,0,0,0.02244
minilm_logistic,MiniLM Embeddings + Logistic Regression,MHxPC130464791,0,0,0.345485
minilm_logistic,MiniLM Embeddings + Logistic Regression,MHxPC130515201,0,0,0.166158
minilm_logistic,MiniLM Embeddings + Logistic Regression,MHxPC130418042,0,0,0.029956
minilm_logistic,MiniLM Embeddings + Logistic Regression,MHxPC130563779,0,0,0.02244
minilm_logistic,MiniLM Embeddings + Logistic Regression,MHxPC130175390,0,0,0.031413
minilm_logistic,MiniLM Embeddings + Logistic Regression,MHxPC130345314,0,0,0.022582
minilm_logistic,MiniLM Embeddings + Logistic Regression,MHxPC130354678,0,0,0.05869
minilm_logistic,MiniLM Embeddings + Logistic Regression,MHxPC130223044,0,0,0.027251
minilm_logistic,MiniLM Embeddings + Logistic Regression,MHxPC130420007,0,0,0.179125
minilm_logistic,MiniLM Embeddings + Logistic Regression,MHxPC130286232,0,0,0.051974
minilm_logistic,MiniLM Embeddings + Logistic Regression,MHxPC130234439,0,0,0.381155
minilm_logistic,MiniLM Embeddings + Logistic Regression,MHxPC130314117,0,0,0.048699
minilm_logistic,MiniLM Embeddings + Logistic Regression,MHxPC130010409,0,0,0.341852
minilm_logistic,MiniLM Embeddings + Logistic Regression,MHxPC130021353,0,0,0.279329
minilm_logistic,MiniLM Embeddings + Logistic Regression,MHxPC130144417,0,0,0.734581
minilm_logistic,MiniLM Embeddings + Logistic Regression,MHxPC130185766,0,0,0.161199
minilm_logistic,MiniLM Embeddings + Logistic Regression,MHxPC130064562,0,0,0.051966
minilm_logistic,MiniLM Embeddings + Logistic Regression,MHxPC130151046,0,0,0.022582
minilm_logistic,MiniLM Embeddings + Logistic Regression,MHxPC130152126,0,0,0.022582
minilm_logistic,MiniLM Embeddings + Logistic Regression,MHxPC130048308,0,0,0.02244
minilm_logistic,MiniLM Embeddings + Logistic Regression,MHxPC130270076,0,0,0.429732
minilm_logistic,MiniLM Embeddings + Logistic Regression,MHxPC130291973,0,0,0.032508
minilm_logistic,MiniLM Embeddings + Logistic Regression,MHxPC130288187,1,1,0.911394
minilm_logistic,MiniLM Embeddings + Logistic Regression,MHxPC130303398,0,0,0.022582
minilm_logistic,MiniLM Embeddings + Logistic Regression,MHxPC130300124,0,0,0.260521
minilm_logistic,MiniLM Embeddings + Logistic Regression,MHxPC130576260,0,0,0.424304
minilm_logistic,MiniLM Embeddings + Logistic Regression,MHxPC130511908,0,0,0.322195
minilm_logistic,MiniLM Embeddings + Logistic Regression,MHxPC130565675,0,0,0.577013
minilm_logistic,MiniLM Embeddings + Logistic Regression,MHxPC130054155,0,0,0.02244
minilm_logistic,MiniLM Embeddings + Logistic Regression,MHxPC130543612,0,0,0.464585
minilm_logistic,MiniLM Embeddings + Logistic Regression,MHxPC130454657,0,0,0.106207
minilm_logistic,MiniLM Embeddings + Logistic Regression,MHxPC130299649,0,0,0.042729
minilm_logistic,MiniLM Embeddings + Logistic Regression,MHxPC130154103,0,0,0.022582
minilm_logistic,MiniLM Embeddings + Logistic Regression,MHxPC130381986,0,1,0.837371
minilm_logistic,MiniLM Embeddings + Logistic Regression,MHxPC130233512,0,0,0.628602
minilm_logistic,MiniLM Embeddings + Logistic Regression,MHxPC130554880,0,0,0.107997
minilm_logistic,MiniLM Embeddings + Logistic Regression,MHxPC130588167,0,0,0.25901
minilm_logistic,MiniLM Embeddings + Logistic Regression,MHxPC130584193,0,1,0.791169
minilm_logistic,MiniLM Embeddings + Logistic Regression,MHxPC130031280,0,0,0.38538
minilm_logistic,MiniLM Embeddings + Logistic Regression,MHxPC130592269,0,0,0.051966
minilm_logistic,MiniLM Embeddings + Logistic Regression,MHxPC130522771,0,0,0.290909
minilm_logistic,MiniLM Embeddings + Logistic Regression,MHxPC130319157,0,0,0.741504
minilm_logistic,MiniLM Embeddings + Logistic Regression,MHxPC130083240,0,0,0.02244
minilm_logistic,MiniLM Embeddings + Logistic Regression,MHxPC130596570,0,0,0.42662
minilm_logistic,MiniLM Embeddings + Logistic Regression,MHxPC130247680,0,0,0.614971
minilm_logistic,MiniLM Embeddings + Logistic Regression,MHxPC130356876,0,0,0.022582
minilm_logistic,MiniLM Embeddings + Logistic Regression,MHxPC130463392,0,0,0.054317
minilm_logistic,MiniLM Embeddings + Logistic Regression,MHxPC130379133,0,0,0.11766
minilm_logistic,MiniLM Embeddings + Logistic Regression,MHxPC130447998,0,0,0.390217
minilm_logistic,MiniLM Embeddings + Logistic Regression,MHxPC130176987,0,0,0.068942
minilm_logistic,MiniLM Embeddings + Logistic Regression,MHxPC130240067,0,0,0.076203
minilm_logistic,MiniLM Embeddings + Logistic Regression,MHxPC130311074,0,0,0.083835
minilm_logistic,MiniLM Embeddings + Logistic Regression,MHxPC130541755,0,0,0.715417
minilm_logistic,MiniLM Embeddings + Logistic Regression,MHxPC130528376,0,0,0.420327
minilm_logistic,MiniLM Embeddings + Logistic Regression,MHxPC130576956,0,0,0.042225
minilm_logistic,MiniLM Embeddings + Logistic Regression,MHxPC130291309,0,0,0.162697
minilm_logistic,MiniLM Embeddings + Logistic Regression,MHxPC130197242,0,0,0.027336
minilm_logistic,MiniLM Embeddings + Logistic Regression,MHxPC130186822,0,0,0.032508
minilm_logistic,MiniLM Embeddings + Logistic Regression,MHxPC130186415,0,0,0.065348
minilm_logistic,MiniLM Embeddings + Logistic Regression,MHxPC130446468,0,0,0.023836
minilm_logistic,MiniLM Embeddings + Logistic Regression,MHxPC130540174,0,0,0.290481
minilm_logistic,MiniLM Embeddings + Logistic Regression,MHxPC130226535,1,1,0.885941
minilm_logistic,MiniLM Embeddings + Logistic Regression,MHxPC130046957,0,0,0.062191
minilm_logistic,MiniLM Embeddings + Logistic Regression,MHxPC130480091,0,0,0.035606
minilm_logistic,MiniLM Embeddings + Logistic Regression,MHxPC130251958,0,0,0.022582
minilm_logistic,MiniLM Embeddings + Logistic Regression,MHxPC130224835,0,0,0.051974
minilm_logistic,MiniLM Embeddings + Logistic Regression,MHxPC130097572,0,0,0.068942
minilm_logistic,MiniLM Embeddings + Logistic Regression,MHxPC130006666,0,0,0.196064
minilm_logistic,MiniLM Embeddings + Logistic Regression,MHxPC130463290,0,0,0.027336
minilm_logistic,MiniLM Embeddings + Logistic Regression,MHxPC130595172,0,0,0.069418
minilm_logistic,MiniLM Embeddings + Logistic Regression,MHxPC130203772,0,1,0.808412
minilm_logistic,MiniLM Embeddings + Logistic Regression,MHxPC130386880,0,0,0.023836
minilm_logistic,MiniLM Embeddings + Logistic Regression,MHxPC130178281,0,0,0.032508
minilm_logistic,MiniLM Embeddings + Logistic Regression,MHxPC130205116,0,0,0.031413
minilm_logistic,MiniLM Embeddings + Logistic Regression,MHxPC130569640,1,1,0.87945
minilm_logistic,MiniLM Embeddings + Logistic Regression,MHxPC130290906,0,0,0.146843
minilm_logistic,MiniLM Embeddings + Logistic Regression,MHxPC130243406,0,0,0.540191
minilm_logistic,MiniLM Embeddings + Logistic Regression,MHxPC130122015,0,0,0.02244
minilm_logistic,MiniLM Embeddings + Logistic Regression,MHxPC130410488,0,0,0.079081
minilm_logistic,MiniLM Embeddings + Logistic Regression,MHxPC130456297,0,0,0.191091
minilm_logistic,MiniLM Embeddings + Logistic Regression,MHxPC130456664,0,0,0.189548
minilm_logistic,MiniLM Embeddings + Logistic Regression,MHxPC130175307,0,0,0.508405
minilm_logistic,MiniLM Embeddings + Logistic Regression,MHxPC130142274,0,0,0.378687
minilm_logistic,MiniLM Embeddings + Logistic Regression,MHxPC130252055,0,0,0.038909
minilm_logistic,MiniLM Embeddings + Logistic Regression,MHxPC130556112,0,0,0.059762
minilm_logistic,MiniLM Embeddings + Logistic Regression,MHxPC130541308,0,0,0.022582
minilm_logistic,MiniLM Embeddings + Logistic Regression,MHxPC130454279,0,0,0.186929
minilm_logistic,MiniLM Embeddings + Logistic Regression,MHxPC130013911,0,0,0.023836
minilm_logistic,MiniLM Embeddings + Logistic Regression,MHxPC130400646,0,0,0.072486
minilm_logistic,MiniLM Embeddings + Logistic Regression,MHxPC130430380,0,0,0.027742
minilm_logistic,MiniLM Embeddings + Logistic Regression,MHxPC130197763,0,0,0.066232
minilm_logistic,MiniLM Embeddings + Logistic Regression,MHxPC130062610,0,0,0.027943
minilm_logistic,MiniLM Embeddings + Logistic Regression,MHxPC130279875,0,0,0.032508
minilm_logistic,MiniLM Embeddings + Logistic Regression,MHxPC130218391,0,0,0.022582
minilm_logistic,MiniLM Embeddings + Logistic Regression,MHxPC130517976,0,0,0.401869
minilm_logistic,MiniLM Embeddings + Logistic Regression,MHxPC130438439,0,0,0.077725
minilm_logistic,MiniLM Embeddings + Logistic Regression,MHxPC130228715,0,0,0.333101
minilm_logistic,MiniLM Embeddings + Logistic Regression,MHxPC130586262,0,0,0.083835
minilm_logistic,MiniLM Embeddings + Logistic Regression,MHxPC130355009,0,0,0.24089
minilm_logistic,MiniLM Embeddings + Logistic Regression,MHxPC130313702,0,0,0.022582
minilm_logistic,MiniLM Embeddings + Logistic Regression,MHxPC130168163,0,0,0.038909
minilm_logistic,MiniLM Embeddings + Logistic Regression,MHxPC130594438,0,0,0.153015
minilm_logistic,MiniLM Embeddings + Logistic Regression,MHxPC130065676,0,0,0.10603
minilm_logistic,MiniLM Embeddings + Logistic Regression,MHxPC130431854,0,0,0.081905
minilm_logistic,MiniLM Embeddings + Logistic Regression,MHxPC130175528,0,0,0.023836
minilm_logistic,MiniLM Embeddings + Logistic Regression,MHxPC130439984,0,0,0.022582
minilm_logistic,MiniLM Embeddings + Logistic Regression,MHxPC130217578,0,0,0.051966
minilm_logistic,MiniLM Embeddings + Logistic Regression,MHxPC130292228,0,0,0.023836
minilm_logistic,MiniLM Embeddings + Logistic Regression,MHxPC130404404,0,0,0.022582
minilm_logistic,MiniLM Embeddings + Logistic Regression,MHxPC130123726,0,0,0.02244
minilm_logistic,MiniLM Embeddings + Logistic Regression,MHxPC130255791,0,0,0.397779
minilm_logistic,MiniLM Embeddings + Logistic Regression,MHxPC130068864,0,0,0.107221
minilm_logistic,MiniLM Embeddings + Logistic Regression,MHxPC130119395,0,0,0.022582
minilm_logistic,MiniLM Embeddings + Logistic Regression,MHxPC130419278,0,0,0.093443
minilm_logistic,MiniLM Embeddings + Logistic Regression,MHxPC130233948,0,0,0.029956
minilm_logistic,MiniLM Embeddings + Logistic Regression,MHxPC130393579,0,0,0.106091
minilm_logistic,MiniLM Embeddings + Logistic Regression,MHxPC130464227,0,0,0.04157
minilm_logistic,MiniLM Embeddings + Logistic Regression,MHxPC130258969,0,0,0.022582
minilm_logistic,MiniLM Embeddings + Logistic Regression,MHxPC130227221,0,0,0.022582
minilm_logistic,MiniLM Embeddings + Logistic Regression,MHxPC130506377,0,0,0.627239
minilm_logistic,MiniLM Embeddings + Logistic Regression,MHxPC130448722,0,0,0.032508
minilm_logistic,MiniLM Embeddings + Logistic Regression,MHxPC130302807,0,0,0.032508
minilm_logistic,MiniLM Embeddings + Logistic Regression,MHxPC130359398,0,0,0.121294
minilm_logistic,MiniLM Embeddings + Logistic Regression,MHxPC130551116,0,0,0.022582
minilm_logistic,MiniLM Embeddings + Logistic Regression,MHxPC130107670,0,0,0.038909
minilm_logistic,MiniLM Embeddings + Logistic Regression,MHxPC130089241,0,0,0.022582
minilm_logistic,MiniLM Embeddings + Logistic Regression,MHxPC130196999,0,0,0.269421
minilm_logistic,MiniLM Embeddings + Logistic Regression,MHxPC130256168,0,0,0.031413
minilm_logistic,MiniLM Embeddings + Logistic Regression,MHxPC130567635,0,0,0.02244
minilm_logistic,MiniLM Embeddings + Logistic Regression,MHxPC130210312,0,0,0.022582
minilm_logistic,MiniLM Embeddings + Logistic Regression,MHxPC130498994,0,0,0.022582
minilm_logistic,MiniLM Embeddings + Logistic Regression,MHxPC130084299,0,0,0.150613
minilm_logistic,MiniLM Embeddings + Logistic Regression,MHxPC130071628,0,0,0.498455
minilm_logistic,MiniLM Embeddings + Logistic Regression,MHxPC130501748,0,1,0.804362
minilm_logistic,MiniLM Embeddings + Logistic Regression,MHxPC130130777,0,0,0.02244
minilm_logistic,MiniLM Embeddings + Logistic Regression,MHxPC130045512,0,0,0.133093
minilm_logistic,MiniLM Embeddings + Logistic Regression,MHxPC130456938,0,0,0.063558
minilm_logistic,MiniLM Embeddings + Logistic Regression,MHxPC130374741,0,0,0.033144
minilm_logistic,MiniLM Embeddings + Logistic Regression,MHxPC130562576,0,0,0.168552
minilm_logistic,MiniLM Embeddings + Logistic Regression,MHxPC130021492,0,0,0.032508
minilm_logistic,MiniLM Embeddings + Logistic Regression,MHxPC130020004,0,0,0.059762
minilm_logistic,MiniLM Embeddings + Logistic Regression,MHxPC130237913,0,0,0.022582
minilm_logistic,MiniLM Embeddings + Logistic Regression,MHxPC130349561,0,0,0.200684
minilm_logistic,MiniLM Embeddings + Logistic Regression,MHxPC130426848,0,0,0.682991
minilm_logistic,MiniLM Embeddings + Logistic Regression,MHxPC130392820,0,0,0.187448
minilm_logistic,MiniLM Embeddings + Logistic Regression,MHxPC130560262,0,1,0.8759
minilm_logistic,MiniLM Embeddings + Logistic Regression,MHxPC130138480,0,0,0.483519
minilm_logistic,MiniLM Embeddings + Logistic Regression,MHxPC130375875,0,0,0.02244
minilm_logistic,MiniLM Embeddings + Logistic Regression,MHxPC130279823,0,0,0.027251
minilm_logistic,MiniLM Embeddings + Logistic Regression,MHxPC130246293,0,0,0.077162
minilm_logistic,MiniLM Embeddings + Logistic Regression,MHxPC130359272,0,0,0.158155
minilm_logistic,MiniLM Embeddings + Logistic Regression,MHxPC130300988,0,0,0.075559
minilm_logistic,MiniLM Embeddings + Logistic Regression,MHxPC130230792,0,0,0.247459
minilm_logistic,MiniLM Embeddings + Logistic Regression,MHxPC130264574,0,0,0.02244
minilm_logistic,MiniLM Embeddings + Logistic Regression,MHxPC130290282,0,0,0.031413
minilm_logistic,MiniLM Embeddings + Logistic Regression,MHxPC130497676,0,0,0.071245
minilm_logistic,MiniLM Embeddings + Logistic Regression,MHxPC130040523,0,0,0.032969
minilm_logistic,MiniLM Embeddings + Logistic Regression,MHxPC130112696,0,0,0.774384
minilm_logistic,MiniLM Embeddings + Logistic Regression,MHxPC130536833,0,0,0.57982
minilm_logistic,MiniLM Embeddings + Logistic Regression,MHxPC130525427,0,0,0.204794
minilm_logistic,MiniLM Embeddings + Logistic Regression,MHxPC130382695,0,0,0.022582
minilm_logistic,MiniLM Embeddings + Logistic Regression,MHxPC130479519,0,0,0.026731
minilm_logistic,MiniLM Embeddings + Logistic Regression,MHxPC130564143,0,0,0.02244
minilm_logistic,MiniLM Embeddings + Logistic Regression,MHxPC130332759,0,0,0.380506
minilm_logistic,MiniLM Embeddings + Logistic Regression,MHxPC130423649,0,0,0.077954
minilm_logistic,MiniLM Embeddings + Logistic Regression,MHxPC130489563,0,0,0.02244
minilm_logistic,MiniLM Embeddings + Logistic Regression,MHxPC130152260,0,0,0.02244
minilm_logistic,MiniLM Embeddings + Logistic Regression,MHxPC130456997,0,0,0.052851
minilm_logistic,MiniLM Embeddings + Logistic Regression,MHxPC130235531,0,0,0.150646
minilm_logistic,MiniLM Embeddings + Logistic Regression,MHxPC130396543,0,0,0.398651
minilm_logistic,MiniLM Embeddings + Logistic Regression,MHxPC130485096,0,0,0.244805
minilm_logistic,MiniLM Embeddings + Logistic Regression,MHxPC130249472,1,0,0.577579
minilm_logistic,MiniLM Embeddings + Logistic Regression,MHxPC130329417,0,0,0.254265
minilm_logistic,MiniLM Embeddings + Logistic Regression,MHxPC130574493,0,0,0.022582
minilm_logistic,MiniLM Embeddings + Logistic Regression,MHxPC130167815,1,0,0.655488
minilm_logistic,MiniLM Embeddings + Logistic Regression,MHxPC130015501,0,0,0.032508
minilm_logistic,MiniLM Embeddings + Logistic Regression,MHxPC130266008,0,0,0.746648
minilm_logistic,MiniLM Embeddings + Logistic Regression,MHxPC130332177,0,0,0.02244
minilm_logistic,MiniLM Embeddings + Logistic Regression,MHxPC130085560,0,0,0.022582
minilm_logistic,MiniLM Embeddings + Logistic Regression,MHxPC130013946,0,1,0.822717
minilm_logistic,MiniLM Embeddings + Logistic Regression,MHxPC130037094,0,0,0.02244
minilm_logistic,MiniLM Embeddings + Logistic Regression,MHxPC130303617,0,0,0.0595
minilm_logistic,MiniLM Embeddings + Logistic Regression,MHxPC130392121,0,0,0.022582
minilm_logistic,MiniLM Embeddings + Logistic Regression,MHxPC130004625,0,0,0.02244
minilm_logistic,MiniLM Embeddings + Logistic Regression,MHxPC130335023,0,0,0.032508
minilm_logistic,MiniLM Embeddings + Logistic Regression,MHxPC130159246,0,0,0.063558
minilm_logistic,MiniLM Embeddings + Logistic Regression,MHxPC130074170,1,1,0.868889
minilm_logistic,MiniLM Embeddings + Logistic Regression,MHxPC130534684,0,0,0.194689
minilm_logistic,MiniLM Embeddings + Logistic Regression,MHxPC130571659,0,0,0.022582
minilm_logistic,MiniLM Embeddings + Logistic Regression,MHxPC130177286,0,0,0.169843
minilm_logistic,MiniLM Embeddings + Logistic Regression,MHxPC130000968,0,0,0.263854
minilm_logistic,MiniLM Embeddings + Logistic Regression,MHxPC130181617,0,0,0.023496
minilm_logistic,MiniLM Embeddings + Logistic Regression,MHxPC130501064,0,0,0.043236
minilm_logistic,MiniLM Embeddings + Logistic Regression,MHxPC130548960,0,0,0.032508
minilm_logistic,MiniLM Embeddings + Logistic Regression,MHxPC130204436,0,0,0.038909
minilm_logistic,MiniLM Embeddings + Logistic Regression,MHxPC130225077,0,0,0.02244
minilm_logistic,MiniLM Embeddings + Logistic Regression,MHxPC130316696,0,0,0.027251
minilm_logistic,MiniLM Embeddings + Logistic Regression,MHxPC130168965,0,0,0.032508
minilm_logistic,MiniLM Embeddings + Logistic Regression,MHxPC130590391,0,0,0.243773
minilm_logistic,MiniLM Embeddings + Logistic Regression,MHxPC130259791,0,0,0.02244
minilm_logistic,MiniLM Embeddings + Logistic Regression,MHxPC130253483,0,1,0.904704
minilm_logistic,MiniLM Embeddings + Logistic Regression,MHxPC130081276,0,0,0.743596
minilm_logistic,MiniLM Embeddings + Logistic Regression,MHxPC130101320,0,0,0.1527
minilm_logistic,MiniLM Embeddings + Logistic Regression,MHxPC130474663,0,0,0.065383
minilm_logistic,MiniLM Embeddings + Logistic Regression,MHxPC130570969,0,0,0.032508
minilm_logistic,MiniLM Embeddings + Logistic Regression,MHxPC130349871,0,0,0.04157
minilm_logistic,MiniLM Embeddings + Logistic Regression,MHxPC130548581,0,0,0.022582
minilm_logistic,MiniLM Embeddings + Logistic Regression,MHxPC130463621,0,0,0.02244
minilm_logistic,MiniLM Embeddings + Logistic Regression,MHxPC130315893,0,0,0.027336
minilm_logistic,MiniLM Embeddings + Logistic Regression,MHxPC130333253,1,0,0.749412
minilm_logistic,MiniLM Embeddings + Logistic Regression,MHxPC130502988,0,0,0.206188
minilm_logistic,MiniLM Embeddings + Logistic Regression,MHxPC130466127,0,0,0.032508
minilm_logistic,MiniLM Embeddings + Logistic Regression,MHxPC130209821,0,0,0.02244
minilm_logistic,MiniLM Embeddings + Logistic Regression,MHxPC130105330,0,0,0.023836
minilm_logistic,MiniLM Embeddings + Logistic Regression,MHxPC130557414,0,0,0.231471
minilm_logistic,MiniLM Embeddings + Logistic Regression,MHxPC130269632,0,0,0.38822
minilm_logistic,MiniLM Embeddings + Logistic Regression,MHxPC130233710,0,0,0.156104
minilm_logistic,MiniLM Embeddings + Logistic Regression,MHxPC130253445,0,0,0.250408
minilm_logistic,MiniLM Embeddings + Logistic Regression,MHxPC130184392,0,0,0.032508
minilm_logistic,MiniLM Embeddings + Logistic Regression,MHxPC130200172,0,0,0.10729
minilm_logistic,MiniLM Embeddings + Logistic Regression,MHxPC130377502,0,0,0.022582
minilm_logistic,MiniLM Embeddings + Logistic Regression,MHxPC130002794,0,0,0.321271
minilm_logistic,MiniLM Embeddings + Logistic Regression,MHxPC130554140,0,0,0.02244
minilm_logistic,MiniLM Embeddings + Logistic Regression,MHxPC130235282,0,0,0.281997
minilm_logistic,MiniLM Embeddings + Logistic Regression,MHxPC130160451,0,0,0.149508
minilm_logistic,MiniLM Embeddings + Logistic Regression,MHxPC130233985,0,0,0.027336
minilm_logistic,MiniLM Embeddings + Logistic Regression,MHxPC130053716,0,0,0.761428
minilm_logistic,MiniLM Embeddings + Logistic Regression,MHxPC130222673,0,0,0.239989
minilm_logistic,MiniLM Embeddings + Logistic Regression,MHxPC130172315,0,0,0.077954
minilm_logistic,MiniLM Embeddings + Logistic Regression,MHxPC130256767,0,0,0.022582
minilm_logistic,MiniLM Embeddings + Logistic Regression,MHxPC130214939,0,0,0.391216
minilm_logistic,MiniLM Embeddings + Logistic Regression,MHxPC130506228,0,0,0.029956
minilm_logistic,MiniLM Embeddings + Logistic Regression,MHxPC130513733,0,0,0.202221
minilm_logistic,MiniLM Embeddings + Logistic Regression,MHxPC130060367,0,0,0.153701
minilm_logistic,MiniLM Embeddings + Logistic Regression,MHxPC130213819,0,0,0.171998
minilm_logistic,MiniLM Embeddings + Logistic Regression,MHxPC130267570,0,0,0.04525
minilm_logistic,MiniLM Embeddings + Logistic Regression,MHxPC130555519,0,0,0.108596
minilm_logistic,MiniLM Embeddings + Logistic Regression,MHxPC130372217,0,0,0.118129
minilm_logistic,MiniLM Embeddings + Logistic Regression,MHxPC130026099,0,0,0.092127
minilm_logistic,MiniLM Embeddings + Logistic Regression,MHxPC130571119,0,0,0.02244
minilm_logistic,MiniLM Embeddings + Logistic Regression,MHxPC130193997,0,0,0.434759
minilm_logistic,MiniLM Embeddings + Logistic Regression,MHxPC130098444,0,1,0.872475
minilm_logistic,MiniLM Embeddings + Logistic Regression,MHxPC130434985,0,0,0.02244
minilm_logistic,MiniLM Embeddings + Logistic Regression,MHxPC130487939,0,0,0.167824
minilm_logistic,MiniLM Embeddings + Logistic Regression,MHxPC130154580,0,0,0.261874
minilm_logistic,MiniLM Embeddings + Logistic Regression,MHxPC130263899,0,0,0.319778
minilm_logistic,MiniLM Embeddings + Logistic Regression,MHxPC130060518,0,0,0.022582
minilm_logistic,MiniLM Embeddings + Logistic Regression,MHxPC130135208,0,0,0.282783
minilm_logistic,MiniLM Embeddings + Logistic Regression,MHxPC130102271,0,0,0.271681
minilm_logistic,MiniLM Embeddings + Logistic Regression,MHxPC130088590,0,0,0.02244
minilm_logistic,MiniLM Embeddings + Logistic Regression,MHxPC130426210,0,0,0.069982
minilm_logistic,MiniLM Embeddings + Logistic Regression,MHxPC130349429,0,0,0.340344
minilm_logistic,MiniLM Embeddings + Logistic Regression,MHxPC130335025,0,0,0.2228
minilm_logistic,MiniLM Embeddings + Logistic Regression,MHxPC130301688,0,0,0.032508
minilm_logistic,MiniLM Embeddings + Logistic Regression,MHxPC130120773,0,0,0.244012
minilm_logistic,MiniLM Embeddings + Logistic Regression,MHxPC130156412,0,0,0.055178
minilm_logistic,MiniLM Embeddings + Logistic Regression,MHxPC130261329,0,0,0.032508
minilm_logistic,MiniLM Embeddings + Logistic Regression,MHxPC130361954,0,0,0.056449
minilm_logistic,MiniLM Embeddings + Logistic Regression,MHxPC130450998,0,0,0.110855
minilm_logistic,MiniLM Embeddings + Logistic Regression,MHxPC130183842,0,0,0.02244
minilm_logistic,MiniLM Embeddings + Logistic Regression,MHxPC130565742,0,0,0.674448
minilm_logistic,MiniLM Embeddings + Logistic Regression,MHxPC130483428,0,0,0.032508
minilm_logistic,MiniLM Embeddings + Logistic Regression,MHxPC130117435,0,0,0.754348
minilm_logistic,MiniLM Embeddings + Logistic Regression,MHxPC130038394,0,0,0.25616
minilm_logistic,MiniLM Embeddings + Logistic Regression,MHxPC130431016,0,1,0.851809
minilm_logistic,MiniLM Embeddings + Logistic Regression,MHxPC130184011,0,0,0.317528
minilm_logistic,MiniLM Embeddings + Logistic Regression,MHxPC130039051,0,0,0.039328
minilm_logistic,MiniLM Embeddings + Logistic Regression,MHxPC130493252,0,0,0.022582
minilm_logistic,MiniLM Embeddings + Logistic Regression,MHxPC130116726,0,0,0.511953
minilm_logistic,MiniLM Embeddings + Logistic Regression,MHxPC130348638,0,0,0.031413
minilm_logistic,MiniLM Embeddings + Logistic Regression,MHxPC130131555,0,0,0.269748
minilm_logistic,MiniLM Embeddings + Logistic Regression,MHxPC130509019,0,0,0.022582
minilm_logistic,MiniLM Embeddings + Logistic Regression,MHxPC130524248,0,0,0.107997
minilm_logistic,MiniLM Embeddings + Logistic Regression,MHxPC130125404,0,0,0.268241
minilm_logistic,MiniLM Embeddings + Logistic Regression,MHxPC130087874,0,0,0.02244
minilm_logistic,MiniLM Embeddings + Logistic Regression,MHxPC130427196,0,0,0.160282
minilm_logistic,MiniLM Embeddings + Logistic Regression,MHxPC130266559,0,0,0.174843
minilm_logistic,MiniLM Embeddings + Logistic Regression,MHxPC130199722,0,0,0.032508
minilm_logistic,MiniLM Embeddings + Logistic Regression,MHxPC130434745,0,0,0.039634
minilm_logistic,MiniLM Embeddings + Logistic Regression,MHxPC130394934,0,0,0.346424
minilm_logistic,MiniLM Embeddings + Logistic Regression,MHxPC130044133,0,0,0.317506
minilm_logistic,MiniLM Embeddings + Logistic Regression,MHxPC130359714,0,0,0.059141
minilm_logistic,MiniLM Embeddings + Logistic Regression,MHxPC130560569,0,0,0.533107
minilm_logistic,MiniLM Embeddings + Logistic Regression,MHxPC130499847,0,0,0.022582
minilm_logistic,MiniLM Embeddings + Logistic Regression,MHxPC130371864,0,0,0.023836
minilm_logistic,MiniLM Embeddings + Logistic Regression,MHxPC130020920,0,0,0.045577
minilm_logistic,MiniLM Embeddings + Logistic Regression,MHxPC130152633,0,0,0.211223
minilm_logistic,MiniLM Embeddings + Logistic Regression,MHxPC130057445,0,0,0.614444
minilm_logistic,MiniLM Embeddings + Logistic Regression,MHxPC130272019,0,0,0.110867
minilm_logistic,MiniLM Embeddings + Logistic Regression,MHxPC130299163,0,0,0.032508
minilm_logistic,MiniLM Embeddings + Logistic Regression,MHxPC130541622,0,0,0.608385
minilm_logistic,MiniLM Embeddings + Logistic Regression,MHxPC130310092,0,0,0.032508
minilm_logistic,MiniLM Embeddings + Logistic Regression,MHxPC130229272,0,0,0.038909
minilm_logistic,MiniLM Embeddings + Logistic Regression,MHxPC130078020,1,0,0.543867
minilm_logistic,MiniLM Embeddings + Logistic Regression,MHxPC130403848,0,0,0.031413
minilm_logistic,MiniLM Embeddings + Logistic Regression,MHxPC130459467,0,0,0.25118
minilm_logistic,MiniLM Embeddings + Logistic Regression,MHxPC130392461,0,0,0.023836
minilm_logistic,MiniLM Embeddings + Logistic Regression,MHxPC130132423,0,0,0.385024
minilm_logistic,MiniLM Embeddings + Logistic Regression,MHxPC130567945,0,0,0.079234
minilm_logistic,MiniLM Embeddings + Logistic Regression,MHxPC130086720,0,0,0.038909
minilm_logistic,MiniLM Embeddings + Logistic Regression,MHxPC130084325,0,0,0.353502
minilm_logistic,MiniLM Embeddings + Logistic Regression,MHxPC130440171,0,0,0.710153
minilm_logistic,MiniLM Embeddings + Logistic Regression,MHxPC130136501,0,0,0.032508
minilm_logistic,MiniLM Embeddings + Logistic Regression,MHxPC130469216,0,0,0.318509
minilm_logistic,MiniLM Embeddings + Logistic Regression,MHxPC130182893,0,0,0.750396
minilm_logistic,MiniLM Embeddings + Logistic Regression,MHxPC130326238,0,0,0.027336
minilm_logistic,MiniLM Embeddings + Logistic Regression,MHxPC130035030,0,0,0.081076
minilm_logistic,MiniLM Embeddings + Logistic Regression,MHxPC130156516,0,0,0.331006
minilm_logistic,MiniLM Embeddings + Logistic Regression,MHxPC130231007,0,0,0.248306
minilm_logistic,MiniLM Embeddings + Logistic Regression,MHxPC130119029,0,0,0.077954
minilm_logistic,MiniLM Embeddings + Logistic Regression,MHxPC130045168,0,0,0.041831
minilm_logistic,MiniLM Embeddings + Logistic Regression,MHxPC130442583,0,0,0.561074
minilm_logistic,MiniLM Embeddings + Logistic Regression,MHxPC130388995,0,0,0.068942
minilm_logistic,MiniLM Embeddings + Logistic Regression,MHxPC130209242,0,0,0.022582
minilm_logistic,MiniLM Embeddings + Logistic Regression,MHxPC130222823,0,1,0.868734
minilm_logistic,MiniLM Embeddings + Logistic Regression,MHxPC130233488,0,0,0.068942
minilm_logistic,MiniLM Embeddings + Logistic Regression,MHxPC130082003,0,0,0.022582
minilm_logistic,MiniLM Embeddings + Logistic Regression,MHxPC130298737,1,1,0.928288
minilm_logistic,MiniLM Embeddings + Logistic Regression,MHxPC130395989,0,0,0.022582
minilm_logistic,MiniLM Embeddings + Logistic Regression,MHxPC130567710,0,0,0.035808
minilm_logistic,MiniLM Embeddings + Logistic Regression,MHxPC130091783,0,0,0.032508
minilm_logistic,MiniLM Embeddings + Logistic Regression,MHxPC130314877,0,0,0.07039
minilm_logistic,MiniLM Embeddings + Logistic Regression,MHxPC130147508,0,0,0.274267
minilm_logistic,MiniLM Embeddings + Logistic Regression,MHxPC130374731,0,0,0.027943
minilm_logistic,MiniLM Embeddings + Logistic Regression,MHxPC130579602,0,0,0.031413
minilm_logistic,MiniLM Embeddings + Logistic Regression,MHxPC130361338,0,0,0.051966
minilm_logistic,MiniLM Embeddings + Logistic Regression,MHxPC130440096,0,0,0.032508
minilm_logistic,MiniLM Embeddings + Logistic Regression,MHxPC130475341,0,0,0.027251
minilm_logistic,MiniLM Embeddings + Logistic Regression,MHxPC130410989,0,0,0.04122
minilm_logistic,MiniLM Embeddings + Logistic Regression,MHxPC130156541,0,0,0.033856
minilm_logistic,MiniLM Embeddings + Logistic Regression,MHxPC130110306,0,0,0.288126
minilm_logistic,MiniLM Embeddings + Logistic Regression,MHxPC130454961,0,0,0.022582
minilm_logistic,MiniLM Embeddings + Logistic Regression,MHxPC130000160,0,0,0.023836
minilm_logistic,MiniLM Embeddings + Logistic Regression,MHxPC130090389,0,0,0.045577
minilm_logistic,MiniLM Embeddings + Logistic Regression,MHxPC130123365,0,0,0.476433
minilm_logistic,MiniLM Embeddings + Logistic Regression,MHxPC130171705,0,0,0.04157
minilm_logistic,MiniLM Embeddings + Logistic Regression,MHxPC130360405,0,0,0.068516
minilm_logistic,MiniLM Embeddings + Logistic Regression,MHxPC130504554,0,0,0.246047
minilm_logistic,MiniLM Embeddings + Logistic Regression,MHxPC130402630,0,0,0.022582
minilm_logistic,MiniLM Embeddings + Logistic Regression,MHxPC130084775,0,0,0.250613
minilm_logistic,MiniLM Embeddings + Logistic Regression,MHxPC130587954,0,0,0.042521
minilm_logistic,MiniLM Embeddings + Logistic Regression,MHxPC130168189,0,0,0.02244
minilm_logistic,MiniLM Embeddings + Logistic Regression,MHxPC130595533,0,0,0.776102
minilm_logistic,MiniLM Embeddings + Logistic Regression,MHxPC130144680,0,0,0.51987
minilm_logistic,MiniLM Embeddings + Logistic Regression,MHxPC130408825,0,0,0.694775
minilm_logistic,MiniLM Embeddings + Logistic Regression,MHxPC130297912,0,0,0.254468
minilm_logistic,MiniLM Embeddings + Logistic Regression,MHxPC130351600,0,0,0.031413
minilm_logistic,MiniLM Embeddings + Logistic Regression,MHxPC130180808,0,0,0.463277
minilm_logistic,MiniLM Embeddings + Logistic Regression,MHxPC130130289,0,0,0.312508
minilm_logistic,MiniLM Embeddings + Logistic Regression,MHxPC130424901,0,1,0.901061
minilm_logistic,MiniLM Embeddings + Logistic Regression,MHxPC130140504,0,0,0.28038
minilm_logistic,MiniLM Embeddings + Logistic Regression,MHxPC130328127,0,0,0.631312
minilm_logistic,MiniLM Embeddings + Logistic Regression,MHxPC130517048,0,0,0.029956
minilm_logistic,MiniLM Embeddings + Logistic Regression,MHxPC130471619,0,0,0.27272
minilm_logistic,MiniLM Embeddings + Logistic Regression,MHxPC130091756,0,0,0.059141
minilm_logistic,MiniLM Embeddings + Logistic Regression,MHxPC130352157,0,0,0.175807
minilm_logistic,MiniLM Embeddings + Logistic Regression,MHxPC130148323,0,0,0.185465
minilm_logistic,MiniLM Embeddings + Logistic Regression,MHxPC130300970,0,0,0.173075
minilm_logistic,MiniLM Embeddings + Logistic Regression,MHxPC130571040,0,0,0.166593
minilm_logistic,MiniLM Embeddings + Logistic Regression,MHxPC130315864,0,0,0.664902
minilm_logistic,MiniLM Embeddings + Logistic Regression,MHxPC130460571,0,0,0.022582
minilm_logistic,MiniLM Embeddings + Logistic Regression,MHxPC130467513,0,0,0.211498
minilm_logistic,MiniLM Embeddings + Logistic Regression,MHxPC130159836,0,0,0.022582
minilm_logistic,MiniLM Embeddings + Logistic Regression,MHxPC130319725,0,0,0.038909
minilm_logistic,MiniLM Embeddings + Logistic Regression,MHxPC130149576,0,0,0.031413
minilm_logistic,MiniLM Embeddings + Logistic Regression,MHxPC130499885,0,0,0.022582
minilm_logistic,MiniLM Embeddings + Logistic Regression,MHxPC130212966,0,0,0.341813
minilm_logistic,MiniLM Embeddings + Logistic Regression,MHxPC130525123,0,0,0.022582
minilm_logistic,MiniLM Embeddings + Logistic Regression,MHxPC130339172,0,0,0.149762
minilm_logistic,MiniLM Embeddings + Logistic Regression,MHxPC130325557,0,0,0.115743
minilm_logistic,MiniLM Embeddings + Logistic Regression,MHxPC130088148,0,0,0.071617
minilm_logistic,MiniLM Embeddings + Logistic Regression,MHxPC130453436,0,0,0.465193
minilm_logistic,MiniLM Embeddings + Logistic Regression,MHxPC130174686,0,0,0.023836
minilm_logistic,MiniLM Embeddings + Logistic Regression,MHxPC130591627,0,0,0.131623
minilm_logistic,MiniLM Embeddings + Logistic Regression,MHxPC130545997,0,0,0.032508
minilm_logistic,MiniLM Embeddings + Logistic Regression,MHxPC130337746,0,0,0.023836
minilm_logistic,MiniLM Embeddings + Logistic Regression,MHxPC130111838,0,0,0.02244
minilm_logistic,MiniLM Embeddings + Logistic Regression,MHxPC130085902,0,0,0.054047
minilm_logistic,MiniLM Embeddings + Logistic Regression,MHxPC130526336,0,0,0.512698
minilm_logistic,MiniLM Embeddings + Logistic Regression,MHxPC130486519,0,0,0.397368
minilm_logistic,MiniLM Embeddings + Logistic Regression,MHxPC130285235,0,0,0.260254
minilm_logistic,MiniLM Embeddings + Logistic Regression,MHxPC130411664,0,0,0.027742
minilm_logistic,MiniLM Embeddings + Logistic Regression,MHxPC130436683,0,0,0.064956
minilm_logistic,MiniLM Embeddings + Logistic Regression,MHxPC130380789,0,0,0.022582
minilm_logistic,MiniLM Embeddings + Logistic Regression,MHxPC130169370,0,0,0.032508
minilm_logistic,MiniLM Embeddings + Logistic Regression,MHxPC130285555,0,0,0.170653
minilm_logistic,MiniLM Embeddings + Logistic Regression,MHxPC130001565,0,0,0.242976
minilm_logistic,MiniLM Embeddings + Logistic Regression,MHxPC130001892,0,0,0.054317
minilm_logistic,MiniLM Embeddings + Logistic Regression,MHxPC130169397,0,0,0.772013
minilm_logistic,MiniLM Embeddings + Logistic Regression,MHxPC130155244,0,0,0.022582
minilm_logistic,MiniLM Embeddings + Logistic Regression,MHxPC130533719,0,0,0.755565
minilm_logistic,MiniLM Embeddings + Logistic Regression,MHxPC130122957,0,0,0.41224
minilm_logistic,MiniLM Embeddings + Logistic Regression,MHxPC130296647,0,0,0.436334
minilm_logistic,MiniLM Embeddings + Logistic Regression,MHxPC130582162,0,0,0.767584
minilm_logistic,MiniLM Embeddings + Logistic Regression,MHxPC130152682,0,0,0.022582
minilm_logistic,MiniLM Embeddings + Logistic Regression,MHxPC130139312,0,0,0.509985
minilm_logistic,MiniLM Embeddings + Logistic Regression,MHxPC130102506,0,0,0.035808
minilm_logistic,MiniLM Embeddings + Logistic Regression,MHxPC130460438,0,0,0.051974
minilm_logistic,MiniLM Embeddings + Logistic Regression,MHxPC130195218,0,0,0.032508
minilm_logistic,MiniLM Embeddings + Logistic Regression,MHxPC130576263,0,0,0.245752
minilm_logistic,MiniLM Embeddings + Logistic Regression,MHxPC130528844,0,0,0.213087
minilm_logistic,MiniLM Embeddings + Logistic Regression,MHxPC130589507,0,0,0.022582
minilm_logistic,MiniLM Embeddings + Logistic Regression,MHxPC130296936,0,0,0.022582
minilm_logistic,MiniLM Embeddings + Logistic Regression,MHxPC130318426,1,1,0.958443
minilm_logistic,MiniLM Embeddings + Logistic Regression,MHxPC130039658,0,0,0.158654
minilm_logistic,MiniLM Embeddings + Logistic Regression,MHxPC130524942,1,0,0.225395
minilm_logistic,MiniLM Embeddings + Logistic Regression,MHxPC130440815,0,0,0.158497
minilm_logistic,MiniLM Embeddings + Logistic Regression,MHxPC130497376,0,0,0.031413
minilm_logistic,MiniLM Embeddings + Logistic Regression,MHxPC130419112,0,0,0.121897
minilm_logistic,MiniLM Embeddings + Logistic Regression,MHxPC130477921,0,0,0.097997
minilm_logistic,MiniLM Embeddings + Logistic Regression,MHxPC130399017,0,0,0.115903
minilm_logistic,MiniLM Embeddings + Logistic Regression,MHxPC130448050,0,0,0.037841
minilm_logistic,MiniLM Embeddings + Logistic Regression,MHxPC130184163,0,0,0.209609
minilm_logistic,MiniLM Embeddings + Logistic Regression,MHxPC130009380,0,0,0.02244
minilm_logistic,MiniLM Embeddings + Logistic Regression,MHxPC130167655,0,0,0.478621
minilm_logistic,MiniLM Embeddings + Logistic Regression,MHxPC130000457,0,0,0.252483
minilm_logistic,MiniLM Embeddings + Logistic Regression,MHxPC130162621,0,0,0.032508
minilm_logistic,MiniLM Embeddings + Logistic Regression,MHxPC130077465,0,0,0.038909
minilm_logistic,MiniLM Embeddings + Logistic Regression,MHxPC130433986,0,0,0.023836
minilm_logistic,MiniLM Embeddings + Logistic Regression,MHxPC130511814,0,0,0.032508
minilm_logistic,MiniLM Embeddings + Logistic Regression,MHxPC130474416,0,0,0.173312
minilm_logistic,MiniLM Embeddings + Logistic Regression,MHxPC130556569,0,0,0.02244
minilm_logistic,MiniLM Embeddings + Logistic Regression,MHxPC130504522,0,0,0.372859
minilm_logistic,MiniLM Embeddings + Logistic Regression,MHxPC130089907,0,0,0.09108
minilm_logistic,MiniLM Embeddings + Logistic Regression,MHxPC130415822,0,0,0.022582
minilm_logistic,MiniLM Embeddings + Logistic Regression,MHxPC130382287,1,0,0.63422
minilm_logistic,MiniLM Embeddings + Logistic Regression,MHxPC130277929,0,0,0.023836
minilm_logistic,MiniLM Embeddings + Logistic Regression,MHxPC130059426,0,0,0.022582
minilm_logistic,MiniLM Embeddings + Logistic Regression,MHxPC130078781,0,0,0.032508
minilm_logistic,MiniLM Embeddings + Logistic Regression,MHxPC130108075,0,0,0.022582
minilm_logistic,MiniLM Embeddings + Logistic Regression,MHxPC130467400,0,0,0.035808
minilm_logistic,MiniLM Embeddings + Logistic Regression,MHxPC130236453,0,1,0.80038
minilm_logistic,MiniLM Embeddings + Logistic Regression,MHxPC130131621,0,0,0.650702
minilm_logistic,MiniLM Embeddings + Logistic Regression,MHxPC130415742,0,0,0.051974
minilm_logistic,MiniLM Embeddings + Logistic Regression,MHxPC130283383,0,0,0.169571
minilm_logistic,MiniLM Embeddings + Logistic Regression,MHxPC130199684,0,0,0.059042
minilm_logistic,MiniLM Embeddings + Logistic Regression,MHxPC130551822,0,0,0.027336
minilm_logistic,MiniLM Embeddings + Logistic Regression,MHxPC130231841,0,0,0.070885
minilm_logistic,MiniLM Embeddings + Logistic Regression,MHxPC130048410,0,0,0.454703
minilm_logistic,MiniLM Embeddings + Logistic Regression,MHxPC130113435,0,0,0.169991
minilm_logistic,MiniLM Embeddings + Logistic Regression,MHxPC130067965,0,1,0.949447
minilm_logistic,MiniLM Embeddings + Logistic Regression,MHxPC130284597,0,0,0.465749
minilm_logistic,MiniLM Embeddings + Logistic Regression,MHxPC130016097,0,0,0.21944
minilm_logistic,MiniLM Embeddings + Logistic Regression,MHxPC130454747,0,0,0.022582
minilm_logistic,MiniLM Embeddings + Logistic Regression,MHxPC130067230,0,0,0.190463
minilm_logistic,MiniLM Embeddings + Logistic Regression,MHxPC130452549,0,0,0.019548
minilm_logistic,MiniLM Embeddings + Logistic Regression,MHxPC130167844,0,0,0.02244
minilm_logistic,MiniLM Embeddings + Logistic Regression,MHxPC130263528,0,0,0.320558
minilm_logistic,MiniLM Embeddings + Logistic Regression,MHxPC130048225,0,0,0.545071
minilm_logistic,MiniLM Embeddings + Logistic Regression,MHxPC130405024,0,0,0.248907
minilm_logistic,MiniLM Embeddings + Logistic Regression,MHxPC130589259,1,0,0.738669
minilm_logistic,MiniLM Embeddings + Logistic Regression,MHxPC130097754,0,0,0.4474
minilm_logistic,MiniLM Embeddings + Logistic Regression,MHxPC130473609,0,0,0.031413
minilm_logistic,MiniLM Embeddings + Logistic Regression,MHxPC130387006,0,0,0.022582
minilm_logistic,MiniLM Embeddings + Logistic Regression,MHxPC130292094,0,0,0.773771
minilm_logistic,MiniLM Embeddings + Logistic Regression,MHxPC130111058,0,0,0.344804
minilm_logistic,MiniLM Embeddings + Logistic Regression,MHxPC130335524,0,0,0.032508
minilm_logistic,MiniLM Embeddings + Logistic Regression,MHxPC130370193,0,0,0.176784
minilm_logistic,MiniLM Embeddings + Logistic Regression,MHxPC130321975,0,0,0.070885
minilm_logistic,MiniLM Embeddings + Logistic Regression,MHxPC130228368,0,0,0.055109
minilm_logistic,MiniLM Embeddings + Logistic Regression,MHxPC130224653,0,0,0.04525
minilm_logistic,MiniLM Embeddings + Logistic Regression,MHxPC130548357,0,0,0.392713
minilm_logistic,MiniLM Embeddings + Logistic Regression,MHxPC130180813,0,0,0.074644
minilm_logistic,MiniLM Embeddings + Logistic Regression,MHxPC130064463,0,0,0.02244
minilm_logistic,MiniLM Embeddings + Logistic Regression,MHxPC130198649,0,0,0.022582
minilm_logistic,MiniLM Embeddings + Logistic Regression,MHxPC130104911,0,0,0.154751
minilm_logistic,MiniLM Embeddings + Logistic Regression,MHxPC130071941,1,1,0.851067
minilm_logistic,MiniLM Embeddings + Logistic Regression,MHxPC130071683,0,0,0.335792
minilm_logistic,MiniLM Embeddings + Logistic Regression,MHxPC130554942,0,1,0.857979
minilm_logistic,MiniLM Embeddings + Logistic Regression,MHxPC130264174,0,0,0.038909
minilm_logistic,MiniLM Embeddings + Logistic Regression,MHxPC130120453,0,0,0.027336
minilm_logistic,MiniLM Embeddings + Logistic Regression,MHxPC130141442,0,0,0.403357
minilm_logistic,MiniLM Embeddings + Logistic Regression,MHxPC130253939,0,0,0.032508
minilm_logistic,MiniLM Embeddings + Logistic Regression,MHxPC130073170,0,0,0.477444
minilm_logistic,MiniLM Embeddings + Logistic Regression,MHxPC130091932,0,0,0.054317
minilm_logistic,MiniLM Embeddings + Logistic Regression,MHxPC130231699,0,0,0.176224
minilm_logistic,MiniLM Embeddings + Logistic Regression,MHxPC130503158,0,0,0.321143
minilm_logistic,MiniLM Embeddings + Logistic Regression,MHxPC130436119,0,0,0.463759
minilm_logistic,MiniLM Embeddings + Logistic Regression,MHxPC130112417,0,0,0.022582
minilm_logistic,MiniLM Embeddings + Logistic Regression,MHxPC130227752,1,0,0.746126
minilm_logistic,MiniLM Embeddings + Logistic Regression,MHxPC130026382,0,1,0.907689
minilm_logistic,MiniLM Embeddings + Logistic Regression,MHxPC130428704,0,0,0.034975
minilm_logistic,MiniLM Embeddings + Logistic Regression,MHxPC130476570,0,0,0.430356
minilm_logistic,MiniLM Embeddings + Logistic Regression,MHxPC130428315,0,0,0.061145
minilm_logistic,MiniLM Embeddings + Logistic Regression,MHxPC130491824,0,0,0.032508
minilm_logistic,MiniLM Embeddings + Logistic Regression,MHxPC130307733,0,0,0.035808
minilm_logistic,MiniLM Embeddings + Logistic Regression,MHxPC130285620,0,0,0.022582
minilm_logistic,MiniLM Embeddings + Logistic Regression,MHxPC130149485,0,0,0.127777
minilm_logistic,MiniLM Embeddings + Logistic Regression,MHxPC130025426,0,0,0.290759
minilm_logistic,MiniLM Embeddings + Logistic Regression,MHxPC130229327,0,0,0.110972
minilm_logistic,MiniLM Embeddings + Logistic Regression,MHxPC130338131,0,0,0.599712
minilm_logistic,MiniLM Embeddings + Logistic Regression,MHxPC130298904,1,1,0.792488
minilm_logistic,MiniLM Embeddings + Logistic Regression,MHxPC130355725,0,0,0.235082
minilm_logistic,MiniLM Embeddings + Logistic Regression,MHxPC130244175,0,0,0.366032
minilm_logistic,MiniLM Embeddings + Logistic Regression,MHxPC130347551,0,0,0.055691
minilm_logistic,MiniLM Embeddings + Logistic Regression,MHxPC130528109,0,1,0.809596
minilm_logistic,MiniLM Embeddings + Logistic Regression,MHxPC130058355,0,0,0.022582
minilm_logistic,MiniLM Embeddings + Logistic Regression,MHxPC130067252,0,0,0.318851
minilm_logistic,MiniLM Embeddings + Logistic Regression,MHxPC130309055,0,0,0.023836
minilm_logistic,MiniLM Embeddings + Logistic Regression,MHxPC130241827,0,0,0.153701
minilm_logistic,MiniLM Embeddings + Logistic Regression,MHxPC130264902,0,0,0.260019
minilm_logistic,MiniLM Embeddings + Logistic Regression,MHxPC130261355,0,0,0.525921
minilm_logistic,MiniLM Embeddings + Logistic Regression,MHxPC130347354,0,0,0.031413
minilm_logistic,MiniLM Embeddings + Logistic Regression,MHxPC130017954,1,1,0.8963
minilm_logistic,MiniLM Embeddings + Logistic Regression,MHxPC130549592,0,0,0.023836
minilm_logistic,MiniLM Embeddings + Logistic Regression,MHxPC130537543,0,0,0.439328
minilm_logistic,MiniLM Embeddings + Logistic Regression,MHxPC130309252,0,0,0.051974
minilm_logistic,MiniLM Embeddings + Logistic Regression,MHxPC130456637,0,0,0.022582
minilm_logistic,MiniLM Embeddings + Logistic Regression,MHxPC130108672,0,0,0.209689
minilm_logistic,MiniLM Embeddings + Logistic Regression,MHxPC130423759,0,0,0.031488
minilm_logistic,MiniLM Embeddings + Logistic Regression,MHxPC130138486,0,0,0.190234
minilm_logistic,MiniLM Embeddings + Logistic Regression,MHxPC130091807,1,1,0.877923
minilm_logistic,MiniLM Embeddings + Logistic Regression,MHxPC130377976,0,0,0.032508
minilm_logistic,MiniLM Embeddings + Logistic Regression,MHxPC130449808,0,0,0.213646
minilm_logistic,MiniLM Embeddings + Logistic Regression,MHxPC130504772,0,0,0.035808
minilm_logistic,MiniLM Embeddings + Logistic Regression,MHxPC130313988,0,0,0.022582
minilm_logistic,MiniLM Embeddings + Logistic Regression,MHxPC130444647,0,0,0.271591
minilm_logistic,MiniLM Embeddings + Logistic Regression,MHxPC130538474,0,0,0.107997
minilm_logistic,MiniLM Embeddings + Logistic Regression,MHxPC130097500,0,0,0.023836
minilm_logistic,MiniLM Embeddings + Logistic Regression,MHxPC130168553,0,0,0.022582
minilm_logistic,MiniLM Embeddings + Logistic Regression,MHxPC130252278,0,0,0.022582
minilm_logistic,MiniLM Embeddings + Logistic Regression,MHxPC130127500,0,0,0.02244
minilm_logistic,MiniLM Embeddings + Logistic Regression,MHxPC130375716,0,0,0.038909
minilm_logistic,MiniLM Embeddings + Logistic Regression,MHxPC130597425,0,0,0.02244
minilm_logistic,MiniLM Embeddings + Logistic Regression,MHxPC130012704,0,0,0.022582
minilm_logistic,MiniLM Embeddings + Logistic Regression,MHxPC130582173,0,0,0.34261
minilm_logistic,MiniLM Embeddings + Logistic Regression,MHxPC130430850,0,1,0.882368
minilm_logistic,MiniLM Embeddings + Logistic Regression,MHxPC130191538,0,0,0.032508
minilm_logistic,MiniLM Embeddings + Logistic Regression,MHxPC130329207,0,0,0.389138
minilm_logistic,MiniLM Embeddings + Logistic Regression,MHxPC130434264,0,0,0.02244
minilm_logistic,MiniLM Embeddings + Logistic Regression,MHxPC130081483,0,0,0.032508
minilm_logistic,MiniLM Embeddings + Logistic Regression,MHxPC130398826,0,0,0.031413
minilm_logistic,MiniLM Embeddings + Logistic Regression,MHxPC130012062,0,0,0.022582
minilm_logistic,MiniLM Embeddings + Logistic Regression,MHxPC130338999,0,0,0.149592
minilm_logistic,MiniLM Embeddings + Logistic Regression,MHxPC130329146,0,0,0.051966
minilm_logistic,MiniLM Embeddings + Logistic Regression,MHxPC130271534,0,0,0.02244
minilm_logistic,MiniLM Embeddings + Logistic Regression,MHxPC130352909,0,0,0.02244
minilm_logistic,MiniLM Embeddings + Logistic Regression,MHxPC130558021,0,0,0.112513
minilm_logistic,MiniLM Embeddings + Logistic Regression,MHxPC130292715,0,0,0.392743
minilm_logistic,MiniLM Embeddings + Logistic Regression,MHxPC130143785,1,0,0.760574
minilm_logistic,MiniLM Embeddings + Logistic Regression,MHxPC130376677,0,0,0.024083
minilm_logistic,MiniLM Embeddings + Logistic Regression,MHxPC130101129,0,0,0.022582
minilm_logistic,MiniLM Embeddings + Logistic Regression,MHxPC130453853,0,0,0.693262
minilm_logistic,MiniLM Embeddings + Logistic Regression,MHxPC130028946,0,0,0.180404
minilm_logistic,MiniLM Embeddings + Logistic Regression,MHxPC130554727,0,0,0.13827
minilm_logistic,MiniLM Embeddings + Logistic Regression,MHxPC130176507,0,0,0.382223
minilm_logistic,MiniLM Embeddings + Logistic Regression,MHxPC130176527,0,0,0.309898
minilm_logistic,MiniLM Embeddings + Logistic Regression,MHxPC130553369,1,1,0.900961
minilm_logistic,MiniLM Embeddings + Logistic Regression,MHxPC130253951,0,0,0.546115
minilm_logistic,MiniLM Embeddings + Logistic Regression,MHxPC130135320,0,0,0.331512
minilm_logistic,MiniLM Embeddings + Logistic Regression,MHxPC130026240,0,0,0.57059
minilm_logistic,MiniLM Embeddings + Logistic Regression,MHxPC130374056,0,0,0.449956
minilm_logistic,MiniLM Embeddings + Logistic Regression,MHxPC130331722,0,0,0.022582
minilm_logistic,MiniLM Embeddings + Logistic Regression,MHxPC130367672,0,0,0.051966
minilm_logistic,MiniLM Embeddings + Logistic Regression,MHxPC130392239,0,0,0.387877
minilm_logistic,MiniLM Embeddings + Logistic Regression,MHxPC130483787,0,0,0.022582
minilm_logistic,MiniLM Embeddings + Logistic Regression,MHxPC130189756,0,0,0.14289
minilm_logistic,MiniLM Embeddings + Logistic Regression,MHxPC130489979,0,0,0.022582
minilm_logistic,MiniLM Embeddings + Logistic Regression,MHxPC130574651,0,0,0.02244
minilm_logistic,MiniLM Embeddings + Logistic Regression,MHxPC130055963,0,0,0.139087
minilm_logistic,MiniLM Embeddings + Logistic Regression,MHxPC130515217,0,0,0.022582
minilm_logistic,MiniLM Embeddings + Logistic Regression,MHxPC130420347,0,0,0.022582
minilm_logistic,MiniLM Embeddings + Logistic Regression,MHxPC130010583,0,0,0.144402
minilm_logistic,MiniLM Embeddings + Logistic Regression,MHxPC130146083,0,0,0.517875
minilm_logistic,MiniLM Embeddings + Logistic Regression,MHxPC130355883,0,0,0.177859
minilm_logistic,MiniLM Embeddings + Logistic Regression,MHxPC130593341,0,1,0.834879
minilm_logistic,MiniLM Embeddings + Logistic Regression,MHxPC130317240,0,0,0.199528
minilm_logistic,MiniLM Embeddings + Logistic Regression,MHxPC130434430,0,0,0.342775
minilm_logistic,MiniLM Embeddings + Logistic Regression,MHxPC130472439,0,0,0.032508
minilm_logistic,MiniLM Embeddings + Logistic Regression,MHxPC130238703,0,0,0.023836
minilm_logistic,MiniLM Embeddings + Logistic Regression,MHxPC130091580,0,0,0.28006
minilm_logistic,MiniLM Embeddings + Logistic Regression,MHxPC130447502,0,0,0.022582
minilm_logistic,MiniLM Embeddings + Logistic Regression,MHxPC130590165,0,0,0.023836
minilm_logistic,MiniLM Embeddings + Logistic Regression,MHxPC130217413,0,0,0.158654
minilm_logistic,MiniLM Embeddings + Logistic Regression,MHxPC130337220,0,0,0.546878
minilm_logistic,MiniLM Embeddings + Logistic Regression,MHxPC130262895,0,0,0.106207
minilm_logistic,MiniLM Embeddings + Logistic Regression,MHxPC130358124,0,0,0.023836
minilm_logistic,MiniLM Embeddings + Logistic Regression,MHxPC130387128,0,0,0.022582
minilm_logistic,MiniLM Embeddings + Logistic Regression,MHxPC130368129,0,0,0.022582
minilm_logistic,MiniLM Embeddings + Logistic Regression,MHxPC130281991,0,0,0.022582
minilm_logistic,MiniLM Embeddings + Logistic Regression,MHxPC130177216,0,0,0.029956
minilm_logistic,MiniLM Embeddings + Logistic Regression,MHxPC130508311,0,0,0.055037
minilm_logistic,MiniLM Embeddings + Logistic Regression,MHxPC130210216,1,1,0.960116
minilm_logistic,MiniLM Embeddings + Logistic Regression,MHxPC130570019,0,0,0.060364
minilm_logistic,MiniLM Embeddings + Logistic Regression,MHxPC130381974,0,0,0.097656
minilm_logistic,MiniLM Embeddings + Logistic Regression,MHxPC130569284,0,0,0.022582
minilm_logistic,MiniLM Embeddings + Logistic Regression,MHxPC130505831,0,0,0.022582
minilm_logistic,MiniLM Embeddings + Logistic Regression,MHxPC130523383,0,0,0.379522
minilm_logistic,MiniLM Embeddings + Logistic Regression,MHxPC130481250,1,0,0.671689
minilm_logistic,MiniLM Embeddings + Logistic Regression,MHxPC130309811,0,0,0.247345
minilm_logistic,MiniLM Embeddings + Logistic Regression,MHxPC130462083,0,0,0.054317
minilm_logistic,MiniLM Embeddings + Logistic Regression,MHxPC130287237,0,0,0.027742
minilm_logistic,MiniLM Embeddings + Logistic Regression,MHxPC130204683,0,0,0.020371
minilm_logistic,MiniLM Embeddings + Logistic Regression,MHxPC130467599,0,0,0.069881
minilm_logistic,MiniLM Embeddings + Logistic Regression,MHxPC130158389,0,1,0.792497
minilm_logistic,MiniLM Embeddings + Logistic Regression,MHxPC130446424,0,0,0.034918
minilm_logistic,MiniLM Embeddings + Logistic Regression,MHxPC130120210,0,0,0.466836
minilm_logistic,MiniLM Embeddings + Logistic Regression,MHxPC130047375,0,0,0.022582
minilm_logistic,MiniLM Embeddings + Logistic Regression,MHxPC130548304,0,0,0.109529
minilm_logistic,MiniLM Embeddings + Logistic Regression,MHxPC130192248,0,0,0.032508
minilm_logistic,MiniLM Embeddings + Logistic Regression,MHxPC130030247,0,0,0.132861
minilm_logistic,MiniLM Embeddings + Logistic Regression,MHxPC130151288,0,0,0.02244
minilm_logistic,MiniLM Embeddings + Logistic Regression,MHxPC130099039,0,0,0.022582
minilm_logistic,MiniLM Embeddings + Logistic Regression,MHxPC130363060,0,0,0.038909
minilm_logistic,MiniLM Embeddings + Logistic Regression,MHxPC130481147,0,0,0.022582
minilm_logistic,MiniLM Embeddings + Logistic Regression,MHxPC130340906,0,0,0.022582
minilm_logistic,MiniLM Embeddings + Logistic Regression,MHxPC130035619,0,0,0.562826
minilm_logistic,MiniLM Embeddings + Logistic Regression,MHxPC130128929,0,0,0.04525
minilm_logistic,MiniLM Embeddings + Logistic Regression,MHxPC130587252,0,0,0.720856
minilm_logistic,MiniLM Embeddings + Logistic Regression,MHxPC130463376,0,0,0.076203
minilm_logistic,MiniLM Embeddings + Logistic Regression,MHxPC130349286,0,0,0.038909
minilm_logistic,MiniLM Embeddings + Logistic Regression,MHxPC130587025,0,0,0.51528
minilm_logistic,MiniLM Embeddings + Logistic Regression,MHxPC130564419,0,0,0.041831
minilm_logistic,MiniLM Embeddings + Logistic Regression,MHxPC130405743,0,0,0.259755
minilm_logistic,MiniLM Embeddings + Logistic Regression,MHxPC130590304,0,0,0.115337
minilm_logistic,MiniLM Embeddings + Logistic Regression,MHxPC130499870,0,0,0.150619
minilm_logistic,MiniLM Embeddings + Logistic Regression,MHxPC130354966,0,0,0.02244
minilm_logistic,MiniLM Embeddings + Logistic Regression,MHxPC130589996,0,0,0.027733
minilm_logistic,MiniLM Embeddings + Logistic Regression,MHxPC130314952,0,0,0.051966
minilm_logistic,MiniLM Embeddings + Logistic Regression,MHxPC130513483,0,0,0.092164
minilm_logistic,MiniLM Embeddings + Logistic Regression,MHxPC130576029,0,0,0.772859
minilm_logistic,MiniLM Embeddings + Logistic Regression,MHxPC130597503,0,0,0.043236
minilm_logistic,MiniLM Embeddings + Logistic Regression,MHxPC130225032,0,0,0.022582
minilm_logistic,MiniLM Embeddings + Logistic Regression,MHxPC130143105,0,0,0.373799
minilm_logistic,MiniLM Embeddings + Logistic Regression,MHxPC130593261,0,0,0.200445
minilm_logistic,MiniLM Embeddings + Logistic Regression,MHxPC130254299,0,0,0.245506
minilm_logistic,MiniLM Embeddings + Logistic Regression,MHxPC130531852,0,0,0.281655
minilm_logistic,MiniLM Embeddings + Logistic Regression,MHxPC130438273,0,0,0.032508
minilm_logistic,MiniLM Embeddings + Logistic Regression,MHxPC130232493,0,0,0.022582
minilm_logistic,MiniLM Embeddings + Logistic Regression,MHxPC130547369,0,0,0.02244
minilm_logistic,MiniLM Embeddings + Logistic Regression,MHxPC130317559,0,0,0.022582
minilm_logistic,MiniLM Embeddings + Logistic Regression,MHxPC130023849,0,0,0.032508
minilm_logistic,MiniLM Embeddings + Logistic Regression,MHxPC130174433,0,0,0.02244
minilm_logistic,MiniLM Embeddings + Logistic Regression,MHxPC130128869,0,0,0.02244
minilm_logistic,MiniLM Embeddings + Logistic Regression,MHxPC130416486,0,0,0.205281
minilm_logistic,MiniLM Embeddings + Logistic Regression,MHxPC130292591,0,0,0.188712
minilm_logistic,MiniLM Embeddings + Logistic Regression,MHxPC130094816,0,0,0.374802
minilm_logistic,MiniLM Embeddings + Logistic Regression,MHxPC130114802,1,1,0.919852
minilm_logistic,MiniLM Embeddings + Logistic Regression,MHxPC130295804,0,0,0.183524
minilm_logistic,MiniLM Embeddings + Logistic Regression,MHxPC130406337,0,0,0.032735
minilm_logistic,MiniLM Embeddings + Logistic Regression,MHxPC130371218,0,0,0.629808
minilm_logistic,MiniLM Embeddings + Logistic Regression,MHxPC130570973,0,0,0.04525
minilm_logistic,MiniLM Embeddings + Logistic Regression,MHxPC130138971,0,0,0.02244
minilm_logistic,MiniLM Embeddings + Logistic Regression,MHxPC130222445,0,0,0.029956
minilm_logistic,MiniLM Embeddings + Logistic Regression,MHxPC130311820,0,0,0.475588
minilm_logistic,MiniLM Embeddings + Logistic Regression,MHxPC130507719,0,0,0.022582
minilm_logistic,MiniLM Embeddings + Logistic Regression,MHxPC130391804,0,0,0.253217
minilm_logistic,MiniLM Embeddings + Logistic Regression,MHxPC130311349,0,0,0.222929
minilm_logistic,MiniLM Embeddings + Logistic Regression,MHxPC130317495,0,0,0.022582
minilm_logistic,MiniLM Embeddings + Logistic Regression,MHxPC130575673,0,0,0.489874
minilm_logistic,MiniLM Embeddings + Logistic Regression,MHxPC130003409,0,0,0.022582
minilm_logistic,MiniLM Embeddings + Logistic Regression,MHxPC130565293,0,0,0.091935
minilm_logistic,MiniLM Embeddings + Logistic Regression,MHxPC130551195,0,0,0.109366
minilm_logistic,MiniLM Embeddings + Logistic Regression,MHxPC130260648,0,0,0.245502
minilm_logistic,MiniLM Embeddings + Logistic Regression,MHxPC130443551,0,0,0.022582
minilm_logistic,MiniLM Embeddings + Logistic Regression,MHxPC130140327,0,0,0.032508
minilm_logistic,MiniLM Embeddings + Logistic Regression,MHxPC130583696,0,0,0.054047
minilm_logistic,MiniLM Embeddings + Logistic Regression,MHxPC130340584,0,0,0.02244
minilm_logistic,MiniLM Embeddings + Logistic Regression,MHxPC130232864,0,0,0.051966
minilm_logistic,MiniLM Embeddings + Logistic Regression,MHxPC130157254,0,0,0.068164
minilm_logistic,MiniLM Embeddings + Logistic Regression,MHxPC130031054,0,0,0.022582
minilm_logistic,MiniLM Embeddings + Logistic Regression,MHxPC130486176,0,0,0.027336
minilm_logistic,MiniLM Embeddings + Logistic Regression,MHxPC130281896,0,0,0.272759
minilm_logistic,MiniLM Embeddings + Logistic Regression,MHxPC130028725,0,0,0.175919
minilm_logistic,MiniLM Embeddings + Logistic Regression,MHxPC130017212,0,0,0.089072
minilm_logistic,MiniLM Embeddings + Logistic Regression,MHxPC130254228,0,0,0.02244
minilm_logistic,MiniLM Embeddings + Logistic Regression,MHxPC130244405,0,0,0.02244
minilm_logistic,MiniLM Embeddings + Logistic Regression,MHxPC130252485,0,0,0.57118
minilm_logistic,MiniLM Embeddings + Logistic Regression,MHxPC130512893,0,0,0.022582
minilm_logistic,MiniLM Embeddings + Logistic Regression,MHxPC130031702,0,0,0.184728
minilm_logistic,MiniLM Embeddings + Logistic Regression,MHxPC130357897,0,0,0.33039
minilm_logistic,MiniLM Embeddings + Logistic Regression,MHxPC130493912,0,0,0.055289
minilm_logistic,MiniLM Embeddings + Logistic Regression,MHxPC130340765,0,0,0.244145
minilm_logistic,MiniLM Embeddings + Logistic Regression,MHxPC130133510,0,0,0.33642
minilm_logistic,MiniLM Embeddings + Logistic Regression,MHxPC130367413,1,0,0.762218
minilm_logistic,MiniLM Embeddings + Logistic Regression,MHxPC130284770,0,0,0.051966
minilm_logistic,MiniLM Embeddings + Logistic Regression,MHxPC130103580,0,0,0.042225
minilm_logistic,MiniLM Embeddings + Logistic Regression,MHxPC130374462,0,0,0.111006
minilm_logistic,MiniLM Embeddings + Logistic Regression,MHxPC130126220,1,0,0.694043
minilm_logistic,MiniLM Embeddings + Logistic Regression,MHxPC130008594,0,0,0.726229
minilm_logistic,MiniLM Embeddings + Logistic Regression,MHxPC130096044,0,0,0.032508
minilm_logistic,MiniLM Embeddings + Logistic Regression,MHxPC130560324,0,0,0.02244
minilm_logistic,MiniLM Embeddings + Logistic Regression,MHxPC130356963,0,0,0.032508
minilm_logistic,MiniLM Embeddings + Logistic Regression,MHxPC130410305,0,0,0.022582
minilm_logistic,MiniLM Embeddings + Logistic Regression,MHxPC130541184,0,0,0.668981
minilm_logistic,MiniLM Embeddings + Logistic Regression,MHxPC130405176,0,0,0.284691
minilm_logistic,MiniLM Embeddings + Logistic Regression,MHxPC130194893,0,0,0.037247
minilm_logistic,MiniLM Embeddings + Logistic Regression,MHxPC130295536,0,0,0.326084
minilm_logistic,MiniLM Embeddings + Logistic Regression,MHxPC130216570,0,0,0.47941
minilm_logistic,MiniLM Embeddings + Logistic Regression,MHxPC130250173,0,0,0.382126
minilm_logistic,MiniLM Embeddings + Logistic Regression,MHxPC130597462,0,0,0.739863
minilm_logistic,MiniLM Embeddings + Logistic Regression,MHxPC130021341,0,0,0.04157
minilm_logistic,MiniLM Embeddings + Logistic Regression,MHxPC130175841,0,0,0.023836
minilm_logistic,MiniLM Embeddings + Logistic Regression,MHxPC130308536,0,0,0.333123
minilm_logistic,MiniLM Embeddings + Logistic Regression,MHxPC130202287,1,1,0.872032
minilm_logistic,MiniLM Embeddings + Logistic Regression,MHxPC130078178,0,0,0.411795
minilm_logistic,MiniLM Embeddings + Logistic Regression,MHxPC130441917,0,0,0.351132
minilm_logistic,MiniLM Embeddings + Logistic Regression,MHxPC130402524,0,0,0.022582
minilm_logistic,MiniLM Embeddings + Logistic Regression,MHxPC130512785,0,0,0.022582
minilm_logistic,MiniLM Embeddings + Logistic Regression,MHxPC130548242,0,0,0.327732
minilm_logistic,MiniLM Embeddings + Logistic Regression,MHxPC130381097,0,1,0.823179
minilm_logistic,MiniLM Embeddings + Logistic Regression,MHxPC130527208,0,0,0.05684
minilm_logistic,MiniLM Embeddings + Logistic Regression,MHxPC130249225,0,0,0.469711
minilm_logistic,MiniLM Embeddings + Logistic Regression,MHxPC130227648,0,0,0.336441
minilm_logistic,MiniLM Embeddings + Logistic Regression,MHxPC130429912,0,0,0.022582
minilm_logistic,MiniLM Embeddings + Logistic Regression,MHxPC130049023,0,0,0.032508
minilm_logistic,MiniLM Embeddings + Logistic Regression,MHxPC130041924,0,0,0.410151
minilm_logistic,MiniLM Embeddings + Logistic Regression,MHxPC130198013,0,0,0.256191
minilm_logistic,MiniLM Embeddings + Logistic Regression,MHxPC130351669,0,1,0.801216
minilm_logistic,MiniLM Embeddings + Logistic Regression,MHxPC130082373,0,0,0.080635
minilm_logistic,MiniLM Embeddings + Logistic Regression,MHxPC130169152,0,0,0.022582
minilm_logistic,MiniLM Embeddings + Logistic Regression,MHxPC130172153,0,0,0.027943
minilm_logistic,MiniLM Embeddings + Logistic Regression,MHxPC130534514,0,0,0.032508
minilm_logistic,MiniLM Embeddings + Logistic Regression,MHxPC130200256,0,0,0.035395
minilm_logistic,MiniLM Embeddings + Logistic Regression,MHxPC130401443,0,0,0.022582
minilm_logistic,MiniLM Embeddings + Logistic Regression,MHxPC130417248,0,0,0.032508
minilm_logistic,MiniLM Embeddings + Logistic Regression,MHxPC130200090,0,0,0.153868
minilm_logistic,MiniLM Embeddings + Logistic Regression,MHxPC130310426,1,1,0.891267
minilm_logistic,MiniLM Embeddings + Logistic Regression,MHxPC130480802,0,0,0.051966
minilm_logistic,MiniLM Embeddings + Logistic Regression,MHxPC130019525,0,0,0.389758
minilm_logistic,MiniLM Embeddings + Logistic Regression,MHxPC130572182,0,0,0.022582
minilm_logistic,MiniLM Embeddings + Logistic Regression,MHxPC130269170,0,0,0.729036
minilm_logistic,MiniLM Embeddings + Logistic Regression,MHxPC130460164,0,0,0.209636
minilm_logistic,MiniLM Embeddings + Logistic Regression,MHxPC130100309,0,0,0.18994
minilm_logistic,MiniLM Embeddings + Logistic Regression,MHxPC130033285,0,0,0.023836
minilm_logistic,MiniLM Embeddings + Logistic Regression,MHxPC130216792,1,1,0.787947
minilm_logistic,MiniLM Embeddings + Logistic Regression,MHxPC130486664,0,0,0.022582
minilm_logistic,MiniLM Embeddings + Logistic Regression,MHxPC130099677,0,0,0.429091
minilm_logistic,MiniLM Embeddings + Logistic Regression,MHxPC130037177,0,0,0.02244
minilm_logistic,MiniLM Embeddings + Logistic Regression,MHxPC130354542,0,0,0.20438
minilm_logistic,MiniLM Embeddings + Logistic Regression,MHxPC130584040,0,0,0.143387
minilm_logistic,MiniLM Embeddings + Logistic Regression,MHxPC130022349,0,0,0.165462
minilm_logistic,MiniLM Embeddings + Logistic Regression,MHxPC130162950,0,0,0.223623
minilm_logistic,MiniLM Embeddings + Logistic Regression,MHxPC130268079,0,0,0.450756
minilm_logistic,MiniLM Embeddings + Logistic Regression,MHxPC130138538,0,0,0.514563
minilm_logistic,MiniLM Embeddings + Logistic Regression,MHxPC130230493,0,0,0.10859
minilm_logistic,MiniLM Embeddings + Logistic Regression,MHxPC130010159,0,0,0.051966
minilm_logistic,MiniLM Embeddings + Logistic Regression,MHxPC130444907,0,0,0.056449
minilm_logistic,MiniLM Embeddings + Logistic Regression,MHxPC130394734,0,0,0.035395
minilm_logistic,MiniLM Embeddings + Logistic Regression,MHxPC130554810,0,0,0.029956
minilm_logistic,MiniLM Embeddings + Logistic Regression,MHxPC130327199,0,0,0.022582
minilm_logistic,MiniLM Embeddings + Logistic Regression,MHxPC130430181,0,0,0.197547
minilm_logistic,MiniLM Embeddings + Logistic Regression,MHxPC130543861,0,0,0.719889
minilm_logistic,MiniLM Embeddings + Logistic Regression,MHxPC130187508,0,0,0.022582
minilm_logistic,MiniLM Embeddings + Logistic Regression,MHxPC130174993,0,0,0.292937
minilm_logistic,MiniLM Embeddings + Logistic Regression,MHxPC130375351,0,0,0.063558
minilm_logistic,MiniLM Embeddings + Logistic Regression,MHxPC130298871,0,0,0.435047
minilm_logistic,MiniLM Embeddings + Logistic Regression,MHxPC130261404,0,0,0.04157
minilm_logistic,MiniLM Embeddings + Logistic Regression,MHxPC130043832,0,0,0.053029
minilm_logistic,MiniLM Embeddings + Logistic Regression,MHxPC130062616,0,0,0.218835
minilm_logistic,MiniLM Embeddings + Logistic Regression,MHxPC130146917,0,0,0.190798
minilm_logistic,MiniLM Embeddings + Logistic Regression,MHxPC130137483,0,0,0.738091
minilm_logistic,MiniLM Embeddings + Logistic Regression,MHxPC130539176,0,0,0.161421
minilm_logistic,MiniLM Embeddings + Logistic Regression,MHxPC130034106,0,0,0.116578
minilm_logistic,MiniLM Embeddings + Logistic Regression,MHxPC130387629,0,0,0.712594
minilm_logistic,MiniLM Embeddings + Logistic Regression,MHxPC130357412,0,0,0.166381
minilm_logistic,MiniLM Embeddings + Logistic Regression,MHxPC130286306,0,0,0.059141
minilm_logistic,MiniLM Embeddings + Logistic Regression,MHxPC130352294,0,1,0.837483
minilm_logistic,MiniLM Embeddings + Logistic Regression,MHxPC130413575,0,0,0.02244
minilm_logistic,MiniLM Embeddings + Logistic Regression,MHxPC130173069,0,0,0.554698
minilm_logistic,MiniLM Embeddings + Logistic Regression,MHxPC130010876,0,0,0.02244
minilm_logistic,MiniLM Embeddings + Logistic Regression,MHxPC130213227,0,0,0.019548
minilm_logistic,MiniLM Embeddings + Logistic Regression,MHxPC130225630,0,0,0.045672
minilm_logistic,MiniLM Embeddings + Logistic Regression,MHxPC130304794,0,0,0.444957
minilm_logistic,MiniLM Embeddings + Logistic Regression,MHxPC130313161,0,0,0.593651
minilm_logistic,MiniLM Embeddings + Logistic Regression,MHxPC130195839,0,0,0.272821
minilm_logistic,MiniLM Embeddings + Logistic Regression,MHxPC130020818,0,0,0.022582
minilm_logistic,MiniLM Embeddings + Logistic Regression,MHxPC130280254,0,0,0.031413
minilm_logistic,MiniLM Embeddings + Logistic Regression,MHxPC130434391,0,0,0.454968
minilm_logistic,MiniLM Embeddings + Logistic Regression,MHxPC130297737,0,0,0.138896
minilm_logistic,MiniLM Embeddings + Logistic Regression,MHxPC130328075,0,0,0.04525
minilm_logistic,MiniLM Embeddings + Logistic Regression,MHxPC130429951,0,0,0.15481
minilm_logistic,MiniLM Embeddings + Logistic Regression,MHxPC130363388,0,0,0.55444
minilm_logistic,MiniLM Embeddings + Logistic Regression,MHxPC130066571,0,0,0.276184
minilm_logistic,MiniLM Embeddings + Logistic Regression,MHxPC130423534,0,0,0.039634
minilm_logistic,MiniLM Embeddings + Logistic Regression,MHxPC130503589,0,0,0.022582
minilm_logistic,MiniLM Embeddings + Logistic Regression,MHxPC130496837,0,0,0.496202
minilm_logistic,MiniLM Embeddings + Logistic Regression,MHxPC130070755,0,0,0.169892
minilm_logistic,MiniLM Embeddings + Logistic Regression,MHxPC130241855,0,0,0.023836
minilm_logistic,MiniLM Embeddings + Logistic Regression,MHxPC130418031,0,0,0.022582
minilm_logistic,MiniLM Embeddings + Logistic Regression,MHxPC130176370,0,0,0.027336
minilm_logistic,MiniLM Embeddings + Logistic Regression,MHxPC130523015,0,0,0.755728
minilm_logistic,MiniLM Embeddings + Logistic Regression,MHxPC130108689,0,0,0.365367
minilm_logistic,MiniLM Embeddings + Logistic Regression,MHxPC130490550,0,0,0.159227
minilm_logistic,MiniLM Embeddings + Logistic Regression,MHxPC130097300,0,0,0.02244
minilm_logistic,MiniLM Embeddings + Logistic Regression,MHxPC130256206,0,0,0.143022
minilm_logistic,MiniLM Embeddings + Logistic Regression,MHxPC130484101,0,0,0.035808
minilm_logistic,MiniLM Embeddings + Logistic Regression,MHxPC130543121,0,0,0.340615
minilm_logistic,MiniLM Embeddings + Logistic Regression,MHxPC130474761,0,0,0.117419
minilm_logistic,MiniLM Embeddings + Logistic Regression,MHxPC130317070,0,0,0.022582
minilm_logistic,MiniLM Embeddings + Logistic Regression,MHxPC130489050,0,0,0.032508
minilm_logistic,MiniLM Embeddings + Logistic Regression,MHxPC130366531,0,0,0.022582
minilm_logistic,MiniLM Embeddings + Logistic Regression,MHxPC130269455,0,0,0.36423
minilm_logistic,MiniLM Embeddings + Logistic Regression,MHxPC130407412,0,0,0.731368
minilm_logistic,MiniLM Embeddings + Logistic Regression,MHxPC130193167,0,0,0.1187
minilm_logistic,MiniLM Embeddings + Logistic Regression,MHxPC130149518,0,0,0.097219
minilm_logistic,MiniLM Embeddings + Logistic Regression,MHxPC130103316,0,0,0.027336
minilm_logistic,MiniLM Embeddings + Logistic Regression,MHxPC130512259,0,0,0.412917
minilm_logistic,MiniLM Embeddings + Logistic Regression,MHxPC130236860,0,0,0.197657
minilm_logistic,MiniLM Embeddings + Logistic Regression,MHxPC130091339,0,0,0.038909
minilm_logistic,MiniLM Embeddings + Logistic Regression,MHxPC130286265,0,0,0.521884
minilm_logistic,MiniLM Embeddings + Logistic Regression,MHxPC130578947,0,0,0.067465
minilm_logistic,MiniLM Embeddings + Logistic Regression,MHxPC130288369,0,0,0.033691
minilm_logistic,MiniLM Embeddings + Logistic Regression,MHxPC130552344,0,0,0.035395
minilm_logistic,MiniLM Embeddings + Logistic Regression,MHxPC130537036,0,0,0.23485
minilm_logistic,MiniLM Embeddings + Logistic Regression,MHxPC130312885,0,0,0.051974
minilm_logistic,MiniLM Embeddings + Logistic Regression,MHxPC130287374,0,0,0.335819
minilm_logistic,MiniLM Embeddings + Logistic Regression,MHxPC130565059,0,0,0.19165
minilm_logistic,MiniLM Embeddings + Logistic Regression,MHxPC130464331,0,0,0.107221
minilm_logistic,MiniLM Embeddings + Logistic Regression,MHxPC130258041,0,0,0.179125
minilm_logistic,MiniLM Embeddings + Logistic Regression,MHxPC130456982,0,0,0.07303
minilm_logistic,MiniLM Embeddings + Logistic Regression,MHxPC130025829,0,0,0.250115
minilm_logistic,MiniLM Embeddings + Logistic Regression,MHxPC130021223,1,1,0.838411
minilm_logistic,MiniLM Embeddings + Logistic Regression,MHxPC130593231,0,1,0.789161
minilm_logistic,MiniLM Embeddings + Logistic Regression,MHxPC130492947,0,0,0.083835
minilm_logistic,MiniLM Embeddings + Logistic Regression,MHxPC130577505,0,0,0.342775
minilm_logistic,MiniLM Embeddings + Logistic Regression,MHxPC130118313,0,0,0.023836
minilm_logistic,MiniLM Embeddings + Logistic Regression,MHxPC130001686,0,0,0.383133
minilm_logistic,MiniLM Embeddings + Logistic Regression,MHxPC130536504,0,0,0.16328
minilm_logistic,MiniLM Embeddings + Logistic Regression,MHxPC130012634,0,0,0.02244
minilm_logistic,MiniLM Embeddings + Logistic Regression,MHxPC130147553,0,0,0.063179
minilm_logistic,MiniLM Embeddings + Logistic Regression,MHxPC130554757,0,0,0.722665
minilm_logistic,MiniLM Embeddings + Logistic Regression,MHxPC130452433,0,0,0.230548
minilm_logistic,MiniLM Embeddings + Logistic Regression,MHxPC130293585,0,0,0.022582
minilm_logistic,MiniLM Embeddings + Logistic Regression,MHxPC130305525,0,1,0.870991
minilm_logistic,MiniLM Embeddings + Logistic Regression,MHxPC130060764,0,0,0.684725
minilm_logistic,MiniLM Embeddings + Logistic Regression,MHxPC130117995,0,0,0.131371
minilm_logistic,MiniLM Embeddings + Logistic Regression,MHxPC130491361,0,0,0.038909
minilm_logistic,MiniLM Embeddings + Logistic Regression,MHxPC130303068,0,0,0.032508
minilm_logistic,MiniLM Embeddings + Logistic Regression,MHxPC130554825,0,0,0.17818
minilm_logistic,MiniLM Embeddings + Logistic Regression,MHxPC130512927,0,0,0.02244
minilm_logistic,MiniLM Embeddings + Logistic Regression,MHxPC130289389,0,0,0.180224
minilm_logistic,MiniLM Embeddings + Logistic Regression,MHxPC130235568,0,0,0.032508
minilm_logistic,MiniLM Embeddings + Logistic Regression,MHxPC130353904,0,0,0.358602
minilm_logistic,MiniLM Embeddings + Logistic Regression,MHxPC130497273,0,0,0.607687
minilm_logistic,MiniLM Embeddings + Logistic Regression,MHxPC130226209,0,0,0.032508
minilm_logistic,MiniLM Embeddings + Logistic Regression,MHxPC130511657,0,0,0.022582
minilm_logistic,MiniLM Embeddings + Logistic Regression,MHxPC130512370,0,0,0.031413
minilm_logistic,MiniLM Embeddings + Logistic Regression,MHxPC130554246,0,0,0.032508
minilm_logistic,MiniLM Embeddings + Logistic Regression,MHxPC130338158,0,0,0.44799
minilm_logistic,MiniLM Embeddings + Logistic Regression,MHxPC130088820,0,0,0.11766
minilm_logistic,MiniLM Embeddings + Logistic Regression,MHxPC130479728,0,0,0.022582
minilm_logistic,MiniLM Embeddings + Logistic Regression,MHxPC130074980,0,0,0.45152
minilm_logistic,MiniLM Embeddings + Logistic Regression,MHxPC130147379,0,0,0.022582
minilm_logistic,MiniLM Embeddings + Logistic Regression,MHxPC130539444,0,1,0.810847
minilm_logistic,MiniLM Embeddings + Logistic Regression,MHxPC130115469,0,0,0.131747
minilm_logistic,MiniLM Embeddings + Logistic Regression,MHxPC130189358,0,0,0.032508
minilm_logistic,MiniLM Embeddings + Logistic Regression,MHxPC130493722,0,0,0.019548
minilm_logistic,MiniLM Embeddings + Logistic Regression,MHxPC130110511,0,0,0.02244
minilm_logistic,MiniLM Embeddings + Logistic Regression,MHxPC130060683,0,0,0.149941
minilm_logistic,MiniLM Embeddings + Logistic Regression,MHxPC130593657,0,0,0.230852
minilm_logistic,MiniLM Embeddings + Logistic Regression,MHxPC130113531,0,0,0.191091
minilm_logistic,MiniLM Embeddings + Logistic Regression,MHxPC130449231,0,0,0.103754
minilm_logistic,MiniLM Embeddings + Logistic Regression,MHxPC130473175,0,0,0.163468
minilm_logistic,MiniLM Embeddings + Logistic Regression,MHxPC130162359,0,0,0.109044
minilm_logistic,MiniLM Embeddings + Logistic Regression,MHxPC130548265,0,0,0.022582
minilm_logistic,MiniLM Embeddings + Logistic Regression,MHxPC130226350,0,0,0.02244
minilm_logistic,MiniLM Embeddings + Logistic Regression,MHxPC130133460,0,0,0.029956
minilm_logistic,MiniLM Embeddings + Logistic Regression,MHxPC130584707,0,0,0.239875
minilm_logistic,MiniLM Embeddings + Logistic Regression,MHxPC130512338,0,0,0.041161
minilm_logistic,MiniLM Embeddings + Logistic Regression,MHxPC130357058,0,0,0.022582
minilm_logistic,MiniLM Embeddings + Logistic Regression,MHxPC130089733,0,0,0.135909
minilm_logistic,MiniLM Embeddings + Logistic Regression,MHxPC130567024,0,0,0.032508
minilm_logistic,MiniLM Embeddings + Logistic Regression,MHxPC130212874,0,1,0.78764
minilm_logistic,MiniLM Embeddings + Logistic Regression,MHxPC130184417,0,0,0.218432
minilm_logistic,MiniLM Embeddings + Logistic Regression,MHxPC130329063,0,0,0.738177
minilm_logistic,MiniLM Embeddings + Logistic Regression,MHxPC130490249,0,0,0.24905
minilm_logistic,MiniLM Embeddings + Logistic Regression,MHxPC130354504,0,0,0.02244
minilm_logistic,MiniLM Embeddings + Logistic Regression,MHxPC130545216,0,0,0.022582
minilm_logistic,MiniLM Embeddings + Logistic Regression,MHxPC130581758,0,0,0.111903
minilm_logistic,MiniLM Embeddings + Logistic Regression,MHxPC130020766,0,0,0.02244
minilm_logistic,MiniLM Embeddings + Logistic Regression,MHxPC130061700,0,0,0.047637
minilm_logistic,MiniLM Embeddings + Logistic Regression,MHxPC130524786,0,0,0.022582
minilm_logistic,MiniLM Embeddings + Logistic Regression,MHxPC130007504,1,0,0.657798
minilm_logistic,MiniLM Embeddings + Logistic Regression,MHxPC130221040,0,0,0.126312
minilm_logistic,MiniLM Embeddings + Logistic Regression,MHxPC130584019,0,0,0.022582
minilm_logistic,MiniLM Embeddings + Logistic Regression,MHxPC130411394,0,0,0.027251
minilm_logistic,MiniLM Embeddings + Logistic Regression,MHxPC130588776,1,1,0.909127
minilm_logistic,MiniLM Embeddings + Logistic Regression,MHxPC130118133,0,0,0.150836
minilm_logistic,MiniLM Embeddings + Logistic Regression,MHxPC130334498,0,0,0.334215
minilm_logistic,MiniLM Embeddings + Logistic Regression,MHxPC130246574,0,0,0.027336
minilm_logistic,MiniLM Embeddings + Logistic Regression,MHxPC130352958,1,1,0.867519
minilm_logistic,MiniLM Embeddings + Logistic Regression,MHxPC130464515,0,0,0.107896
minilm_logistic,MiniLM Embeddings + Logistic Regression,MHxPC130577076,0,0,0.04157
minilm_logistic,MiniLM Embeddings + Logistic Regression,MHxPC130293032,0,0,0.032508
minilm_logistic,MiniLM Embeddings + Logistic Regression,MHxPC130117820,0,0,0.119119
minilm_logistic,MiniLM Embeddings + Logistic Regression,MHxPC130225911,0,0,0.113694
minilm_logistic,MiniLM Embeddings + Logistic Regression,MHxPC130498974,0,1,0.831749
minilm_logistic,MiniLM Embeddings + Logistic Regression,MHxPC130165102,0,0,0.022582
minilm_logistic,MiniLM Embeddings + Logistic Regression,MHxPC130595042,0,0,0.721564
minilm_logistic,MiniLM Embeddings + Logistic Regression,MHxPC130090152,0,0,0.032508
minilm_logistic,MiniLM Embeddings + Logistic Regression,MHxPC130158623,0,0,0.759168
minilm_logistic,MiniLM Embeddings + Logistic Regression,MHxPC130065837,1,0,0.438607
minilm_logistic,MiniLM Embeddings + Logistic Regression,MHxPC130441666,0,0,0.130875
minilm_logistic,MiniLM Embeddings + Logistic Regression,MHxPC130054266,0,0,0.219243
minilm_logistic,MiniLM Embeddings + Logistic Regression,MHxPC130589538,0,0,0.023836
minilm_logistic,MiniLM Embeddings + Logistic Regression,MHxPC130271909,0,0,0.029956
minilm_logistic,MiniLM Embeddings + Logistic Regression,MHxPC130107444,0,0,0.58016
minilm_logistic,MiniLM Embeddings + Logistic Regression,MHxPC130107320,0,0,0.022582
minilm_logistic,MiniLM Embeddings + Logistic Regression,MHxPC130405966,0,1,0.884242
minilm_logistic,MiniLM Embeddings + Logistic Regression,MHxPC130388965,0,0,0.435168
minilm_logistic,MiniLM Embeddings + Logistic Regression,MHxPC130511776,0,0,0.032508
minilm_logistic,MiniLM Embeddings + Logistic Regression,MHxPC130395283,0,0,0.487524
minilm_logistic,MiniLM Embeddings + Logistic Regression,MHxPC130578952,0,0,0.023836
minilm_logistic,MiniLM Embeddings + Logistic Regression,MHxPC130174290,0,0,0.023836
minilm_logistic,MiniLM Embeddings + Logistic Regression,MHxPC130417497,0,1,0.962023
minilm_logistic,MiniLM Embeddings + Logistic Regression,MHxPC130323698,0,1,0.792963
minilm_logistic,MiniLM Embeddings + Logistic Regression,MHxPC130030800,0,0,0.514631
minilm_logistic,MiniLM Embeddings + Logistic Regression,MHxPC130333094,0,0,0.195046
minilm_logistic,MiniLM Embeddings + Logistic Regression,MHxPC130034635,0,0,0.538301
minilm_logistic,MiniLM Embeddings + Logistic Regression,MHxPC130010052,0,0,0.07774
minilm_logistic,MiniLM Embeddings + Logistic Regression,MHxPC130008389,0,0,0.185835
minilm_logistic,MiniLM Embeddings + Logistic Regression,MHxPC130091190,0,0,0.754518
minilm_logistic,MiniLM Embeddings + Logistic Regression,MHxPC130237451,0,0,0.051966
minilm_logistic,MiniLM Embeddings + Logistic Regression,MHxPC130463118,0,0,0.071691
minilm_logistic,MiniLM Embeddings + Logistic Regression,MHxPC130440385,0,0,0.455091
minilm_logistic,MiniLM Embeddings + Logistic Regression,MHxPC130184968,0,0,0.127777
minilm_logistic,MiniLM Embeddings + Logistic Regression,MHxPC130548391,0,0,0.022582
minilm_logistic,MiniLM Embeddings + Logistic Regression,MHxPC130324727,0,0,0.022582
minilm_logistic,MiniLM Embeddings + Logistic Regression,MHxPC130152159,0,0,0.36111
minilm_logistic,MiniLM Embeddings + Logistic Regression,MHxPC130038300,0,0,0.027251
minilm_logistic,MiniLM Embeddings + Logistic Regression,MHxPC130029721,0,0,0.111434
minilm_logistic,MiniLM Embeddings + Logistic Regression,MHxPC130474503,0,0,0.241386
minilm_logistic,MiniLM Embeddings + Logistic Regression,MHxPC130569912,0,0,0.36526
minilm_logistic,MiniLM Embeddings + Logistic Regression,MHxPC130254835,0,0,0.239054
minilm_logistic,MiniLM Embeddings + Logistic Regression,MHxPC130280202,0,0,0.250097
minilm_logistic,MiniLM Embeddings + Logistic Regression,MHxPC130273857,0,0,0.521712
minilm_logistic,MiniLM Embeddings + Logistic Regression,MHxPC130119361,0,0,0.022582
minilm_logistic,MiniLM Embeddings + Logistic Regression,MHxPC130442177,0,0,0.22961
minilm_logistic,MiniLM Embeddings + Logistic Regression,MHxPC130262947,0,0,0.038909
minilm_logistic,MiniLM Embeddings + Logistic Regression,MHxPC130553989,0,0,0.213445
minilm_logistic,MiniLM Embeddings + Logistic Regression,MHxPC130356410,0,0,0.198808
minilm_logistic,MiniLM Embeddings + Logistic Regression,MHxPC130477635,0,0,0.02244
minilm_logistic,MiniLM Embeddings + Logistic Regression,MHxPC130283550,0,0,0.12005
minilm_logistic,MiniLM Embeddings + Logistic Regression,MHxPC130241406,0,0,0.02244
minilm_logistic,MiniLM Embeddings + Logistic Regression,MHxPC130216444,1,1,0.854764
minilm_logistic,MiniLM Embeddings + Logistic Regression,MHxPC130511653,0,0,0.265141
minilm_logistic,MiniLM Embeddings + Logistic Regression,MHxPC130586759,0,0,0.022582
minilm_logistic,MiniLM Embeddings + Logistic Regression,MHxPC130479257,0,0,0.077725
minilm_logistic,MiniLM Embeddings + Logistic Regression,MHxPC130589065,0,1,0.796097
minilm_logistic,MiniLM Embeddings + Logistic Regression,MHxPC130419594,0,0,0.230138
minilm_logistic,MiniLM Embeddings + Logistic Regression,MHxPC130362231,0,0,0.032508
