model_id,model_name,userid_DI,actual_certified,predicted_certified,predicted_probability
distilgpt2_logistic,DistilGPT2 Embeddings + Logistic Regression,MHxPC130364859,0,0,0.707633
distilgpt2_logistic,DistilGPT2 Embeddings + Logistic Regression,MHxPC130402267,0,0,0.004406
distilgpt2_logistic,DistilGPT2 Embeddings + Logistic Regression,MHxPC130153646,1,1,0.946752
distilgpt2_logistic,DistilGPT2 Embeddings + Logistic Regression,MHxPC130357648,0,0,0.01852
distilgpt2_logistic,DistilGPT2 Embeddings + Logistic Regression,MHxPC130255925,0,0,0.04828
distilgpt2_logistic,DistilGPT2 Embeddings + Logistic Regression,MHxPC130312722,0,0,0.021555
distilgpt2_logistic,DistilGPT2 Embeddings + Logistic Regression,MHxPC130340572,0,0,0.004512
distilgpt2_logistic,DistilGPT2 Embeddings + Logistic Regression,MHxPC130109670,0,0,0.844892
distilgpt2_logistic,DistilGPT2 Embeddings + Logistic Regression,MHxPC130037925,0,0,0.004406
distilgpt2_logistic,DistilGPT2 Embeddings + Logistic Regression,MHxPC130203384,0,0,0.024417
distilgpt2_logistic,DistilGPT2 Embeddings + Logistic Regression,MHxPC130344182,1,1,0.978291
distilgpt2_logistic,DistilGPT2 Embeddings + Logistic Regression,MHxPC130474721,0,0,0.182131
distilgpt2_logistic,DistilGPT2 Embeddings + Logistic Regression,MHxPC130550852,0,0,0.004205
distilgpt2_logistic,DistilGPT2 Embeddings + Logistic Regression,MHxPC130466960,0,0,0.012471
distilgpt2_logistic,DistilGPT2 Embeddings + Logistic Regression,MHxPC130176380,0,0,0.004406
distilgpt2_logistic,DistilGPT2 Embeddings + Logistic Regression,MHxPC130300804,0,0,0.004406
distilgpt2_logistic,DistilGPT2 Embeddings + Logistic Regression,MHxPC130005060,0,0,0.006306
distilgpt2_logistic,DistilGPT2 Embeddings + Logistic Regression,MHxPC130084873,0,0,0.004512
distilgpt2_logistic,DistilGPT2 Embeddings + Logistic Regression,MHxPC130185763,0,0,0.006893
distilgpt2_logistic,DistilGPT2 Embeddings + Logistic Regression,MHxPC130056898,0,0,0.006906
distilgpt2_logistic,DistilGPT2 Embeddings + Logistic Regression,MHxPC130019742,0,0,0.004406
distilgpt2_logistic,DistilGPT2 Embeddings + Logistic Regression,MHxPC130045257,0,0,0.004512
distilgpt2_logistic,DistilGPT2 Embeddings + Logistic Regression,MHxPC130012192,0,0,0.004406
distilgpt2_logistic,DistilGPT2 Embeddings + Logistic Regression,MHxPC130506928,0,0,0.003388
distilgpt2_logistic,DistilGPT2 Embeddings + Logistic Regression,MHxPC130244691,0,0,0.021104
distilgpt2_logistic,DistilGPT2 Embeddings + Logistic Regression,MHxPC130183493,0,0,0.006306
distilgpt2_logistic,DistilGPT2 Embeddings + Logistic Regression,MHxPC130095354,0,0,0.033016
distilgpt2_logistic,DistilGPT2 Embeddings + Logistic Regression,MHxPC130236588,0,0,0.065957
distilgpt2_logistic,DistilGPT2 Embeddings + Logistic Regression,MHxPC130267661,0,0,0.030779
distilgpt2_logistic,DistilGPT2 Embeddings + Logistic Regression,MHxPC130420227,0,0,0.005678
distilgpt2_logistic,DistilGPT2 Embeddings + Logistic Regression,MHxPC130478273,0,0,0.006306
distilgpt2_logistic,DistilGPT2 Embeddings + Logistic Regression,MHxPC130211699,0,0,0.08984
distilgpt2_logistic,DistilGPT2 Embeddings + Logistic Regression,MHxPC130343975,0,0,0.314825
distilgpt2_logistic,DistilGPT2 Embeddings + Logistic Regression,MHxPC130022810,0,0,0.033351
distilgpt2_logistic,DistilGPT2 Embeddings + Logistic Regression,MHxPC130335700,0,0,0.00736
distilgpt2_logistic,DistilGPT2 Embeddings + Logistic Regression,MHxPC130567575,0,0,0.004512
distilgpt2_logistic,DistilGPT2 Embeddings + Logistic Regression,MHxPC130596903,0,0,0.006021
distilgpt2_logistic,DistilGPT2 Embeddings + Logistic Regression,MHxPC130205446,0,0,0.006947
distilgpt2_logistic,DistilGPT2 Embeddings + Logistic Regression,MHxPC130007324,0,0,0.006906
distilgpt2_logistic,DistilGPT2 Embeddings + Logistic Regression,MHxPC130566350,0,0,0.00736
distilgpt2_logistic,DistilGPT2 Embeddings + Logistic Regression,MHxPC130161848,0,0,0.004512
distilgpt2_logistic,DistilGPT2 Embeddings + Logistic Regression,MHxPC130548617,0,0,0.111327
distilgpt2_logistic,DistilGPT2 Embeddings + Logistic Regression,MHxPC130547058,0,0,0.004406
distilgpt2_logistic,DistilGPT2 Embeddings + Logistic Regression,MHxPC130241956,0,0,0.207049
distilgpt2_logistic,DistilGPT2 Embeddings + Logistic Regression,MHxPC130393068,0,0,0.066631
distilgpt2_logistic,DistilGPT2 Embeddings + Logistic Regression,MHxPC130059851,0,0,0.154685
distilgpt2_logistic,DistilGPT2 Embeddings + Logistic Regression,MHxPC130041466,0,0,0.004406
distilgpt2_logistic,DistilGPT2 Embeddings + Logistic Regression,MHxPC130522869,0,0,0.084581
distilgpt2_logistic,DistilGPT2 Embeddings + Logistic Regression,MHxPC130357041,0,0,0.013716
distilgpt2_logistic,DistilGPT2 Embeddings + Logistic Regression,MHxPC130153511,0,0,0.009362
distilgpt2_logistic,DistilGPT2 Embeddings + Logistic Regression,MHxPC130500820,0,0,0.011889
distilgpt2_logistic,DistilGPT2 Embeddings + Logistic Regression,MHxPC130490217,0,0,0.014295
distilgpt2_logistic,DistilGPT2 Embeddings + Logistic Regression,MHxPC130576830,0,0,0.005196
distilgpt2_logistic,DistilGPT2 Embeddings + Logistic Regression,MHxPC130109338,0,0,0.014001
distilgpt2_logistic,DistilGPT2 Embeddings + Logistic Regression,MHxPC130555869,0,0,0.016252
distilgpt2_logistic,DistilGPT2 Embeddings + Logistic Regression,MHxPC130088930,0,0,0.010556
distilgpt2_logistic,DistilGPT2 Embeddings + Logistic Regression,MHxPC130558867,0,0,0.076071
distilgpt2_logistic,DistilGPT2 Embeddings + Logistic Regression,MHxPC130081815,0,0,0.172493
distilgpt2_logistic,DistilGPT2 Embeddings + Logistic Regression,MHxPC130020572,0,0,0.014519
distilgpt2_logistic,DistilGPT2 Embeddings + Logistic Regression,MHxPC130041737,0,0,0.347259
distilgpt2_logistic,DistilGPT2 Embeddings + Logistic Regression,MHxPC130523364,0,0,0.08928
distilgpt2_logistic,DistilGPT2 Embeddings + Logistic Regression,MHxPC130177930,0,0,0.004406
distilgpt2_logistic,DistilGPT2 Embeddings + Logistic Regression,MHxPC130086741,0,0,0.012427
distilgpt2_logistic,DistilGPT2 Embeddings + Logistic Regression,MHxPC130224679,0,0,0.172569
distilgpt2_logistic,DistilGPT2 Embeddings + Logistic Regression,MHxPC130070199,0,0,0.006028
distilgpt2_logistic,DistilGPT2 Embeddings + Logistic Regression,MHxPC130337474,0,0,0.00736
distilgpt2_logistic,DistilGPT2 Embeddings + Logistic Regression,MHxPC130533102,0,0,0.019252
distilgpt2_logistic,DistilGPT2 Embeddings + Logistic Regression,MHxPC130413856,0,0,0.006797
distilgpt2_logistic,DistilGPT2 Embeddings + Logistic Regression,MHxPC130507193,0,0,0.012755
distilgpt2_logistic,DistilGPT2 Embeddings + Logistic Regression,MHxPC130133281,0,0,0.004406
distilgpt2_logistic,DistilGPT2 Embeddings + Logistic Regression,MHxPC130188557,0,0,0.45493
distilgpt2_logistic,DistilGPT2 Embeddings + Logistic Regression,MHxPC130418846,0,0,0.121088
distilgpt2_logistic,DistilGPT2 Embeddings + Logistic Regression,MHxPC130140721,0,0,0.011972
distilgpt2_logistic,DistilGPT2 Embeddings + Logistic Regression,MHxPC130182875,0,0,0.004512
distilgpt2_logistic,DistilGPT2 Embeddings + Logistic Regression,MHxPC130356908,0,0,0.062046
distilgpt2_logistic,DistilGPT2 Embeddings + Logistic Regression,MHxPC130308595,0,0,0.00736
distilgpt2_logistic,DistilGPT2 Embeddings + Logistic Regression,MHxPC130292804,0,0,0.013713
distilgpt2_logistic,DistilGPT2 Embeddings + Logistic Regression,MHxPC130204946,0,0,0.020304
distilgpt2_logistic,DistilGPT2 Embeddings + Logistic Regression,MHxPC130501906,0,0,0.005196
distilgpt2_logistic,DistilGPT2 Embeddings + Logistic Regression,MHxPC130115227,0,0,0.017907
distilgpt2_logistic,DistilGPT2 Embeddings + Logistic Regression,MHxPC130596509,0,0,0.062055
distilgpt2_logistic,DistilGPT2 Embeddings + Logistic Regression,MHxPC130117832,0,0,0.004406
distilgpt2_logistic,DistilGPT2 Embeddings + Logistic Regression,MHxPC130165316,0,0,0.027452
distilgpt2_logistic,DistilGPT2 Embeddings + Logistic Regression,MHxPC130022798,0,0,0.021066
distilgpt2_logistic,DistilGPT2 Embeddings + Logistic Regression,MHxPC130199943,0,0,0.004726
distilgpt2_logistic,DistilGPT2 Embeddings + Logistic Regression,MHxPC130538973,0,0,0.006975
distilgpt2_logistic,DistilGPT2 Embeddings + Logistic Regression,MHxPC130206602,0,0,0.023446
distilgpt2_logistic,DistilGPT2 Embeddings + Logistic Regression,MHxPC130019735,0,0,0.132247
distilgpt2_logistic,DistilGPT2 Embeddings + Logistic Regression,MHxPC130049019,0,0,0.004856
distilgpt2_logistic,DistilGPT2 Embeddings + Logistic Regression,MHxPC130458988,0,0,0.00694
distilgpt2_logistic,DistilGPT2 Embeddings + Logistic Regression,MHxPC130130683,0,0,0.0492
distilgpt2_logistic,DistilGPT2 Embeddings + Logistic Regression,MHxPC130360258,0,0,0.004406
distilgpt2_logistic,DistilGPT2 Embeddings + Logistic Regression,MHxPC130275432,0,0,0.00736
distilgpt2_logistic,DistilGPT2 Embeddings + Logistic Regression,MHxPC130208326,0,0,0.544469
distilgpt2_logistic,DistilGPT2 Embeddings + Logistic Regression,MHxPC130224819,0,0,0.006318
distilgpt2_logistic,DistilGPT2 Embeddings + Logistic Regression,MHxPC130029226,0,0,0.070966
distilgpt2_logistic,DistilGPT2 Embeddings + Logistic Regression,MHxPC130110641,0,0,0.044507
distilgpt2_logistic,DistilGPT2 Embeddings + Logistic Regression,MHxPC130526768,0,0,0.004504
distilgpt2_logistic,DistilGPT2 Embeddings + Logistic Regression,MHxPC130262159,0,0,0.032025
distilgpt2_logistic,DistilGPT2 Embeddings + Logistic Regression,MHxPC130588792,0,0,0.006906
distilgpt2_logistic,DistilGPT2 Embeddings + Logistic Regression,MHxPC130345954,1,1,0.938851
distilgpt2_logistic,DistilGPT2 Embeddings + Logistic Regression,MHxPC130594021,0,0,0.00736
distilgpt2_logistic,DistilGPT2 Embeddings + Logistic Regression,MHxPC130125776,0,0,0.006797
distilgpt2_logistic,DistilGPT2 Embeddings + Logistic Regression,MHxPC130553479,0,0,0.030252
distilgpt2_logistic,DistilGPT2 Embeddings + Logistic Regression,MHxPC130525502,0,0,0.028767
distilgpt2_logistic,DistilGPT2 Embeddings + Logistic Regression,MHxPC130366074,0,0,0.004406
distilgpt2_logistic,DistilGPT2 Embeddings + Logistic Regression,MHxPC130042543,0,0,0.022347
distilgpt2_logistic,DistilGPT2 Embeddings + Logistic Regression,MHxPC130206552,0,0,0.006906
distilgpt2_logistic,DistilGPT2 Embeddings + Logistic Regression,MHxPC130141294,0,0,0.023261
distilgpt2_logistic,DistilGPT2 Embeddings + Logistic Regression,MHxPC130309810,0,0,0.004406
distilgpt2_logistic,DistilGPT2 Embeddings + Logistic Regression,MHxPC130375935,1,1,0.943975
distilgpt2_logistic,DistilGPT2 Embeddings + Logistic Regression,MHxPC130291020,0,0,0.013536
distilgpt2_logistic,DistilGPT2 Embeddings + Logistic Regression,MHxPC130569393,0,0,0.006335
distilgpt2_logistic,DistilGPT2 Embeddings + Logistic Regression,MHxPC130473599,0,0,0.043359
distilgpt2_logistic,DistilGPT2 Embeddings + Logistic Regression,MHxPC130132044,0,0,0.02204
distilgpt2_logistic,DistilGPT2 Embeddings + Logistic Regression,MHxPC130176069,0,0,0.004406
distilgpt2_logistic,DistilGPT2 Embeddings + Logistic Regression,MHxPC130461128,0,0,0.218688
distilgpt2_logistic,DistilGPT2 Embeddings + Logistic Regression,MHxPC130027636,0,0,0.007951
distilgpt2_logistic,DistilGPT2 Embeddings + Logistic Regression,MHxPC130144456,0,0,0.6533
distilgpt2_logistic,DistilGPT2 Embeddings + Logistic Regression,MHxPC130249963,0,0,0.006318
distilgpt2_logistic,DistilGPT2 Embeddings + Logistic Regression,MHxPC130385630,0,0,0.046865
distilgpt2_logistic,DistilGPT2 Embeddings + Logistic Regression,MHxPC130334237,0,0,0.00736
distilgpt2_logistic,DistilGPT2 Embeddings + Logistic Regression,MHxPC130321246,0,0,0.022818
distilgpt2_logistic,DistilGPT2 Embeddings + Logistic Regression,MHxPC130558049,0,0,0.038591
distilgpt2_logistic,DistilGPT2 Embeddings + Logistic Regression,MHxPC130401940,0,0,0.007816
distilgpt2_logistic,DistilGPT2 Embeddings + Logistic Regression,MHxPC130153100,0,0,0.025259
distilgpt2_logistic,DistilGPT2 Embeddings + Logistic Regression,MHxPC130166768,0,0,0.003764
distilgpt2_logistic,DistilGPT2 Embeddings + Logistic Regression,MHxPC130168035,0,0,0.013274
distilgpt2_logistic,DistilGPT2 Embeddings + Logistic Regression,MHxPC130521782,0,0,0.055478
distilgpt2_logistic,DistilGPT2 Embeddings + Logistic Regression,MHxPC130291498,0,0,0.004406
distilgpt2_logistic,DistilGPT2 Embeddings + Logistic Regression,MHxPC130327974,0,0,0.061399
distilgpt2_logistic,DistilGPT2 Embeddings + Logistic Regression,MHxPC130053134,0,0,0.054855
distilgpt2_logistic,DistilGPT2 Embeddings + Logistic Regression,MHxPC130198608,0,0,0.00736
distilgpt2_logistic,DistilGPT2 Embeddings + Logistic Regression,MHxPC130001392,0,0,0.00736
distilgpt2_logistic,DistilGPT2 Embeddings + Logistic Regression,MHxPC130029259,0,0,0.090102
distilgpt2_logistic,DistilGPT2 Embeddings + Logistic Regression,MHxPC130164626,0,0,0.004406
distilgpt2_logistic,DistilGPT2 Embeddings + Logistic Regression,MHxPC130139939,0,0,0.012266
distilgpt2_logistic,DistilGPT2 Embeddings + Logistic Regression,MHxPC130516120,0,0,0.006318
distilgpt2_logistic,DistilGPT2 Embeddings + Logistic Regression,MHxPC130116884,0,0,0.004406
distilgpt2_logistic,DistilGPT2 Embeddings + Logistic Regression,MHxPC130460289,0,0,0.012605
distilgpt2_logistic,DistilGPT2 Embeddings + Logistic Regression,MHxPC130491532,0,0,0.622507
distilgpt2_logistic,DistilGPT2 Embeddings + Logistic Regression,MHxPC130024756,0,0,0.255474
distilgpt2_logistic,DistilGPT2 Embeddings + Logistic Regression,MHxPC130196601,0,0,0.00736
distilgpt2_logistic,DistilGPT2 Embeddings + Logistic Regression,MHxPC130305675,0,1,0.918705
distilgpt2_logistic,DistilGPT2 Embeddings + Logistic Regression,MHxPC130210736,0,0,0.004406
distilgpt2_logistic,DistilGPT2 Embeddings + Logistic Regression,MHxPC130324067,0,0,0.004406
distilgpt2_logistic,DistilGPT2 Embeddings + Logistic Regression,MHxPC130513854,0,0,0.004406
distilgpt2_logistic,DistilGPT2 Embeddings + Logistic Regression,MHxPC130548834,0,0,0.0442
distilgpt2_logistic,DistilGPT2 Embeddings + Logistic Regression,MHxPC130559273,0,0,0.043723
distilgpt2_logistic,DistilGPT2 Embeddings + Logistic Regression,MHxPC130099053,0,0,0.02854
distilgpt2_logistic,DistilGPT2 Embeddings + Logistic Regression,MHxPC130583472,0,1,0.947274
distilgpt2_logistic,DistilGPT2 Embeddings + Logistic Regression,MHxPC130226915,0,0,0.006797
distilgpt2_logistic,DistilGPT2 Embeddings + Logistic Regression,MHxPC130063818,0,0,0.006906
distilgpt2_logistic,DistilGPT2 Embeddings + Logistic Regression,MHxPC130385158,0,0,0.006797
distilgpt2_logistic,DistilGPT2 Embeddings + Logistic Regression,MHxPC130005160,0,0,0.008754
distilgpt2_logistic,DistilGPT2 Embeddings + Logistic Regression,MHxPC130540155,0,0,0.076591
distilgpt2_logistic,DistilGPT2 Embeddings + Logistic Regression,MHxPC130034087,0,0,0.006797
distilgpt2_logistic,DistilGPT2 Embeddings + Logistic Regression,MHxPC130093174,0,0,0.005196
distilgpt2_logistic,DistilGPT2 Embeddings + Logistic Regression,MHxPC130583642,0,0,0.003329
distilgpt2_logistic,DistilGPT2 Embeddings + Logistic Regression,MHxPC130177800,0,0,0.005196
distilgpt2_logistic,DistilGPT2 Embeddings + Logistic Regression,MHxPC130064613,0,0,0.012631
distilgpt2_logistic,DistilGPT2 Embeddings + Logistic Regression,MHxPC130513916,0,0,0.006893
distilgpt2_logistic,DistilGPT2 Embeddings + Logistic Regression,MHxPC130373989,0,0,0.005678
distilgpt2_logistic,DistilGPT2 Embeddings + Logistic Regression,MHxPC130191916,0,0,0.004512
distilgpt2_logistic,DistilGPT2 Embeddings + Logistic Regression,MHxPC130321750,0,0,0.004406
distilgpt2_logistic,DistilGPT2 Embeddings + Logistic Regression,MHxPC130562840,0,0,0.004269
distilgpt2_logistic,DistilGPT2 Embeddings + Logistic Regression,MHxPC130329631,0,0,0.004512
distilgpt2_logistic,DistilGPT2 Embeddings + Logistic Regression,MHxPC130501310,0,0,0.001432
distilgpt2_logistic,DistilGPT2 Embeddings + Logistic Regression,MHxPC130335813,0,0,0.093399
distilgpt2_logistic,DistilGPT2 Embeddings + Logistic Regression,MHxPC130191182,0,0,0.010651
distilgpt2_logistic,DistilGPT2 Embeddings + Logistic Regression,MHxPC130072300,0,0,0.004406
distilgpt2_logistic,DistilGPT2 Embeddings + Logistic Regression,MHxPC130288609,0,0,0.065543
distilgpt2_logistic,DistilGPT2 Embeddings + Logistic Regression,MHxPC130186040,0,0,0.057621
distilgpt2_logistic,DistilGPT2 Embeddings + Logistic Regression,MHxPC130096626,0,0,0.251211
distilgpt2_logistic,DistilGPT2 Embeddings + Logistic Regression,MHxPC130503928,0,0,0.004596
distilgpt2_logistic,DistilGPT2 Embeddings + Logistic Regression,MHxPC130216980,0,0,0.040836
distilgpt2_logistic,DistilGPT2 Embeddings + Logistic Regression,MHxPC130271942,0,0,0.01444
distilgpt2_logistic,DistilGPT2 Embeddings + Logistic Regression,MHxPC130236155,0,0,0.798974
distilgpt2_logistic,DistilGPT2 Embeddings + Logistic Regression,MHxPC130413897,0,0,0.311992
distilgpt2_logistic,DistilGPT2 Embeddings + Logistic Regression,MHxPC130534007,0,0,0.011641
distilgpt2_logistic,DistilGPT2 Embeddings + Logistic Regression,MHxPC130378343,0,0,0.004406
distilgpt2_logistic,DistilGPT2 Embeddings + Logistic Regression,MHxPC130293350,0,0,0.055439
distilgpt2_logistic,DistilGPT2 Embeddings + Logistic Regression,MHxPC130373313,0,0,0.244431
distilgpt2_logistic,DistilGPT2 Embeddings + Logistic Regression,MHxPC130240053,0,0,0.079742
distilgpt2_logistic,DistilGPT2 Embeddings + Logistic Regression,MHxPC130301083,0,0,0.004512
distilgpt2_logistic,DistilGPT2 Embeddings + Logistic Regression,MHxPC130339202,0,0,0.00694
distilgpt2_logistic,DistilGPT2 Embeddings + Logistic Regression,MHxPC130322384,0,0,0.005678
distilgpt2_logistic,DistilGPT2 Embeddings + Logistic Regression,MHxPC130384626,0,0,0.536397
distilgpt2_logistic,DistilGPT2 Embeddings + Logistic Regression,MHxPC130139418,0,0,0.477839
distilgpt2_logistic,DistilGPT2 Embeddings + Logistic Regression,MHxPC130202747,0,0,0.003027
distilgpt2_logistic,DistilGPT2 Embeddings + Logistic Regression,MHxPC130578872,0,0,0.006797
distilgpt2_logistic,DistilGPT2 Embeddings + Logistic Regression,MHxPC130051440,0,0,0.791781
distilgpt2_logistic,DistilGPT2 Embeddings + Logistic Regression,MHxPC130104033,0,0,0.044672
distilgpt2_logistic,DistilGPT2 Embeddings + Logistic Regression,MHxPC130559077,0,0,0.04195
distilgpt2_logistic,DistilGPT2 Embeddings + Logistic Regression,MHxPC130418427,0,0,0.016863
distilgpt2_logistic,DistilGPT2 Embeddings + Logistic Regression,MHxPC130110341,0,0,0.025206
distilgpt2_logistic,DistilGPT2 Embeddings + Logistic Regression,MHxPC130163031,0,0,0.133155
distilgpt2_logistic,DistilGPT2 Embeddings + Logistic Regression,MHxPC130418539,0,0,0.022186
distilgpt2_logistic,DistilGPT2 Embeddings + Logistic Regression,MHxPC130474912,0,0,0.004406
distilgpt2_logistic,DistilGPT2 Embeddings + Logistic Regression,MHxPC130527644,0,0,0.006318
distilgpt2_logistic,DistilGPT2 Embeddings + Logistic Regression,MHxPC130057985,0,0,0.004512
distilgpt2_logistic,DistilGPT2 Embeddings + Logistic Regression,MHxPC130356499,0,0,0.006445
distilgpt2_logistic,DistilGPT2 Embeddings + Logistic Regression,MHxPC130269449,0,0,0.004536
distilgpt2_logistic,DistilGPT2 Embeddings + Logistic Regression,MHxPC130165933,0,1,0.980589
distilgpt2_logistic,DistilGPT2 Embeddings + Logistic Regression,MHxPC130351503,0,0,0.060475
distilgpt2_logistic,DistilGPT2 Embeddings + Logistic Regression,MHxPC130557911,0,0,0.004406
distilgpt2_logistic,DistilGPT2 Embeddings + Logistic Regression,MHxPC130067522,0,0,0.005948
distilgpt2_logistic,DistilGPT2 Embeddings + Logistic Regression,MHxPC130089627,0,0,0.006797
distilgpt2_logistic,DistilGPT2 Embeddings + Logistic Regression,MHxPC130208992,0,0,0.043571
distilgpt2_logistic,DistilGPT2 Embeddings + Logistic Regression,MHxPC130206420,1,1,0.994294
distilgpt2_logistic,DistilGPT2 Embeddings + Logistic Regression,MHxPC130292611,0,0,0.01597
distilgpt2_logistic,DistilGPT2 Embeddings + Logistic Regression,MHxPC130392939,0,0,0.018784
distilgpt2_logistic,DistilGPT2 Embeddings + Logistic Regression,MHxPC130035020,0,0,0.006947
distilgpt2_logistic,DistilGPT2 Embeddings + Logistic Regression,MHxPC130449961,0,0,0.00736
distilgpt2_logistic,DistilGPT2 Embeddings + Logistic Regression,MHxPC130285175,0,0,0.004406
distilgpt2_logistic,DistilGPT2 Embeddings + Logistic Regression,MHxPC130214411,0,0,0.021911
distilgpt2_logistic,DistilGPT2 Embeddings + Logistic Regression,MHxPC130448615,0,0,0.004406
distilgpt2_logistic,DistilGPT2 Embeddings + Logistic Regression,MHxPC130287306,0,0,0.845322
distilgpt2_logistic,DistilGPT2 Embeddings + Logistic Regression,MHxPC130080570,0,1,0.979177
distilgpt2_logistic,DistilGPT2 Embeddings + Logistic Regression,MHxPC130208498,0,0,0.007131
distilgpt2_logistic,DistilGPT2 Embeddings + Logistic Regression,MHxPC130000399,0,0,0.010962
distilgpt2_logistic,DistilGPT2 Embeddings + Logistic Regression,MHxPC130478164,0,0,0.119339
distilgpt2_logistic,DistilGPT2 Embeddings + Logistic Regression,MHxPC130551619,0,0,0.228725
distilgpt2_logistic,DistilGPT2 Embeddings + Logistic Regression,MHxPC130011133,0,0,0.014194
distilgpt2_logistic,DistilGPT2 Embeddings + Logistic Regression,MHxPC130555480,0,0,0.006906
distilgpt2_logistic,DistilGPT2 Embeddings + Logistic Regression,MHxPC130060825,0,0,0.029873
distilgpt2_logistic,DistilGPT2 Embeddings + Logistic Regression,MHxPC130098609,0,0,0.008509
distilgpt2_logistic,DistilGPT2 Embeddings + Logistic Regression,MHxPC130524481,0,0,0.004512
distilgpt2_logistic,DistilGPT2 Embeddings + Logistic Regression,MHxPC130561945,0,0,0.1018
distilgpt2_logistic,DistilGPT2 Embeddings + Logistic Regression,MHxPC130106047,0,0,0.11827
distilgpt2_logistic,DistilGPT2 Embeddings + Logistic Regression,MHxPC130043712,0,0,0.006906
distilgpt2_logistic,DistilGPT2 Embeddings + Logistic Regression,MHxPC130150732,0,0,0.00736
distilgpt2_logistic,DistilGPT2 Embeddings + Logistic Regression,MHxPC130575734,0,0,0.065447
distilgpt2_logistic,DistilGPT2 Embeddings + Logistic Regression,MHxPC130475165,0,0,0.021361
distilgpt2_logistic,DistilGPT2 Embeddings + Logistic Regression,MHxPC130319798,0,0,0.01405
distilgpt2_logistic,DistilGPT2 Embeddings + Logistic Regression,MHxPC130310126,0,0,0.640819
distilgpt2_logistic,DistilGPT2 Embeddings + Logistic Regression,MHxPC130441385,0,0,0.056392
distilgpt2_logistic,DistilGPT2 Embeddings + Logistic Regression,MHxPC130461767,0,0,0.005676
distilgpt2_logistic,DistilGPT2 Embeddings + Logistic Regression,MHxPC130163391,0,0,0.004406
distilgpt2_logistic,DistilGPT2 Embeddings + Logistic Regression,MHxPC130059669,0,0,0.006335
distilgpt2_logistic,DistilGPT2 Embeddings + Logistic Regression,MHxPC130413238,1,1,0.922449
distilgpt2_logistic,DistilGPT2 Embeddings + Logistic Regression,MHxPC130250707,0,0,0.005678
distilgpt2_logistic,DistilGPT2 Embeddings + Logistic Regression,MHxPC130048418,0,0,0.003764
distilgpt2_logistic,DistilGPT2 Embeddings + Logistic Regression,MHxPC130149431,0,0,0.004406
distilgpt2_logistic,DistilGPT2 Embeddings + Logistic Regression,MHxPC130100245,0,0,0.004512
distilgpt2_logistic,DistilGPT2 Embeddings + Logistic Regression,MHxPC130587730,0,0,0.056497
distilgpt2_logistic,DistilGPT2 Embeddings + Logistic Regression,MHxPC130353504,0,0,0.00736
distilgpt2_logistic,DistilGPT2 Embeddings + Logistic Regression,MHxPC130020221,0,0,0.048459
distilgpt2_logistic,DistilGPT2 Embeddings + Logistic Regression,MHxPC130353966,0,0,0.011447
distilgpt2_logistic,DistilGPT2 Embeddings + Logistic Regression,MHxPC130281050,0,0,0.021123
distilgpt2_logistic,DistilGPT2 Embeddings + Logistic Regression,MHxPC130335620,0,0,0.004512
distilgpt2_logistic,DistilGPT2 Embeddings + Logistic Regression,MHxPC130047406,0,0,0.009356
distilgpt2_logistic,DistilGPT2 Embeddings + Logistic Regression,MHxPC130134585,0,0,0.012655
distilgpt2_logistic,DistilGPT2 Embeddings + Logistic Regression,MHxPC130044054,0,0,0.457548
distilgpt2_logistic,DistilGPT2 Embeddings + Logistic Regression,MHxPC130035202,0,0,0.01258
distilgpt2_logistic,DistilGPT2 Embeddings + Logistic Regression,MHxPC130497028,0,0,0.348442
distilgpt2_logistic,DistilGPT2 Embeddings + Logistic Regression,MHxPC130211642,0,0,0.004536
distilgpt2_logistic,DistilGPT2 Embeddings + Logistic Regression,MHxPC130347101,0,1,0.968431
distilgpt2_logistic,DistilGPT2 Embeddings + Logistic Regression,MHxPC130547452,0,0,0.03282
distilgpt2_logistic,DistilGPT2 Embeddings + Logistic Regression,MHxPC130488689,0,0,0.129144
distilgpt2_logistic,DistilGPT2 Embeddings + Logistic Regression,MHxPC130497894,0,0,0.200425
distilgpt2_logistic,DistilGPT2 Embeddings + Logistic Regression,MHxPC130577459,0,1,0.983007
distilgpt2_logistic,DistilGPT2 Embeddings + Logistic Regression,MHxPC130010506,0,0,0.005196
distilgpt2_logistic,DistilGPT2 Embeddings + Logistic Regression,MHxPC130381835,0,0,0.005678
distilgpt2_logistic,DistilGPT2 Embeddings + Logistic Regression,MHxPC130457731,0,0,0.400349
distilgpt2_logistic,DistilGPT2 Embeddings + Logistic Regression,MHxPC130278997,0,0,0.005678
distilgpt2_logistic,DistilGPT2 Embeddings + Logistic Regression,MHxPC130502357,0,0,0.336511
distilgpt2_logistic,DistilGPT2 Embeddings + Logistic Regression,MHxPC130408457,0,0,0.250426
distilgpt2_logistic,DistilGPT2 Embeddings + Logistic Regression,MHxPC130465349,0,0,0.00736
distilgpt2_logistic,DistilGPT2 Embeddings + Logistic Regression,MHxPC130536428,0,0,0.021377
distilgpt2_logistic,DistilGPT2 Embeddings + Logistic Regression,MHxPC130105423,0,0,0.014608
distilgpt2_logistic,DistilGPT2 Embeddings + Logistic Regression,MHxPC130159478,0,0,0.023537
distilgpt2_logistic,DistilGPT2 Embeddings + Logistic Regression,MHxPC130123605,1,1,0.948706
distilgpt2_logistic,DistilGPT2 Embeddings + Logistic Regression,MHxPC130313977,0,0,0.016294
distilgpt2_logistic,DistilGPT2 Embeddings + Logistic Regression,MHxPC130143554,0,0,0.288704
distilgpt2_logistic,DistilGPT2 Embeddings + Logistic Regression,MHxPC130178271,0,0,0.028624
distilgpt2_logistic,DistilGPT2 Embeddings + Logistic Regression,MHxPC130432985,0,0,0.006322
distilgpt2_logistic,DistilGPT2 Embeddings + Logistic Regression,MHxPC130348299,0,0,0.171592
distilgpt2_logistic,DistilGPT2 Embeddings + Logistic Regression,MHxPC130582661,0,0,0.031332
distilgpt2_logistic,DistilGPT2 Embeddings + Logistic Regression,MHxPC130330683,0,0,0.00736
distilgpt2_logistic,DistilGPT2 Embeddings + Logistic Regression,MHxPC130549277,0,0,0.065953
distilgpt2_logistic,DistilGPT2 Embeddings + Logistic Regression,MHxPC130414612,0,0,0.066163
distilgpt2_logistic,DistilGPT2 Embeddings + Logistic Regression,MHxPC130169212,0,0,0.127911
distilgpt2_logistic,DistilGPT2 Embeddings + Logistic Regression,MHxPC130083909,0,0,0.327848
distilgpt2_logistic,DistilGPT2 Embeddings + Logistic Regression,MHxPC130238252,0,0,0.03579
distilgpt2_logistic,DistilGPT2 Embeddings + Logistic Regression,MHxPC130346423,0,0,0.004406
distilgpt2_logistic,DistilGPT2 Embeddings + Logistic Regression,MHxPC130271585,0,0,0.008899
distilgpt2_logistic,DistilGPT2 Embeddings + Logistic Regression,MHxPC130026122,0,0,0.004406
distilgpt2_logistic,DistilGPT2 Embeddings + Logistic Regression,MHxPC130187522,0,0,0.004512
distilgpt2_logistic,DistilGPT2 Embeddings + Logistic Regression,MHxPC130452759,0,0,0.00736
distilgpt2_logistic,DistilGPT2 Embeddings + Logistic Regression,MHxPC130015131,0,0,0.127046
distilgpt2_logistic,DistilGPT2 Embeddings + Logistic Regression,MHxPC130511992,0,0,0.006906
distilgpt2_logistic,DistilGPT2 Embeddings + Logistic Regression,MHxPC130050984,0,0,0.00736
distilgpt2_logistic,DistilGPT2 Embeddings + Logistic Regression,MHxPC130371689,0,0,0.146363
distilgpt2_logistic,DistilGPT2 Embeddings + Logistic Regression,MHxPC130214573,0,0,0.005481
distilgpt2_logistic,DistilGPT2 Embeddings + Logistic Regression,MHxPC130354606,0,0,0.023229
distilgpt2_logistic,DistilGPT2 Embeddings + Logistic Regression,MHxPC130114769,0,0,0.004406
distilgpt2_logistic,DistilGPT2 Embeddings + Logistic Regression,MHxPC130183339,0,0,0.00736
distilgpt2_logistic,DistilGPT2 Embeddings + Logistic Regression,MHxPC130539056,0,0,0.004512
distilgpt2_logistic,DistilGPT2 Embeddings + Logistic Regression,MHxPC130076880,0,0,0.009075
distilgpt2_logistic,DistilGPT2 Embeddings + Logistic Regression,MHxPC130506756,0,0,0.004512
distilgpt2_logistic,DistilGPT2 Embeddings + Logistic Regression,MHxPC130586363,0,0,0.077963
distilgpt2_logistic,DistilGPT2 Embeddings + Logistic Regression,MHxPC130237522,0,1,0.96897
distilgpt2_logistic,DistilGPT2 Embeddings + Logistic Regression,MHxPC130335862,1,1,0.97594
distilgpt2_logistic,DistilGPT2 Embeddings + Logistic Regression,MHxPC130414008,0,0,0.017324
distilgpt2_logistic,DistilGPT2 Embeddings + Logistic Regression,MHxPC130024730,0,0,0.019252
distilgpt2_logistic,DistilGPT2 Embeddings + Logistic Regression,MHxPC130452486,0,0,0.213512
distilgpt2_logistic,DistilGPT2 Embeddings + Logistic Regression,MHxPC130356355,0,0,0.006906
distilgpt2_logistic,DistilGPT2 Embeddings + Logistic Regression,MHxPC130582214,0,0,0.00736
distilgpt2_logistic,DistilGPT2 Embeddings + Logistic Regression,MHxPC130263064,0,0,0.00736
distilgpt2_logistic,DistilGPT2 Embeddings + Logistic Regression,MHxPC130354472,0,0,0.004406
distilgpt2_logistic,DistilGPT2 Embeddings + Logistic Regression,MHxPC130012365,0,0,0.259337
distilgpt2_logistic,DistilGPT2 Embeddings + Logistic Regression,MHxPC130044589,0,0,0.038129
distilgpt2_logistic,DistilGPT2 Embeddings + Logistic Regression,MHxPC130233044,0,0,0.00736
distilgpt2_logistic,DistilGPT2 Embeddings + Logistic Regression,MHxPC130497802,0,0,0.010651
distilgpt2_logistic,DistilGPT2 Embeddings + Logistic Regression,MHxPC130301035,0,0,0.046741
distilgpt2_logistic,DistilGPT2 Embeddings + Logistic Regression,MHxPC130010956,0,0,0.004512
distilgpt2_logistic,DistilGPT2 Embeddings + Logistic Regression,MHxPC130573883,0,0,0.004406
distilgpt2_logistic,DistilGPT2 Embeddings + Logistic Regression,MHxPC130156976,0,0,0.004512
distilgpt2_logistic,DistilGPT2 Embeddings + Logistic Regression,MHxPC130407360,0,0,0.004512
distilgpt2_logistic,DistilGPT2 Embeddings + Logistic Regression,MHxPC130183307,0,0,0.005678
distilgpt2_logistic,DistilGPT2 Embeddings + Logistic Regression,MHxPC130345985,1,1,0.978286
distilgpt2_logistic,DistilGPT2 Embeddings + Logistic Regression,MHxPC130564075,0,0,0.067904
distilgpt2_logistic,DistilGPT2 Embeddings + Logistic Regression,MHxPC130574341,0,0,0.036305
distilgpt2_logistic,DistilGPT2 Embeddings + Logistic Regression,MHxPC130379239,0,0,0.035522
distilgpt2_logistic,DistilGPT2 Embeddings + Logistic Regression,MHxPC130279479,0,0,0.067905
distilgpt2_logistic,DistilGPT2 Embeddings + Logistic Regression,MHxPC130541099,0,0,0.006598
distilgpt2_logistic,DistilGPT2 Embeddings + Logistic Regression,MHxPC130193281,0,0,0.004512
distilgpt2_logistic,DistilGPT2 Embeddings + Logistic Regression,MHxPC130434554,0,0,0.006598
distilgpt2_logistic,DistilGPT2 Embeddings + Logistic Regression,MHxPC130067632,0,0,0.019943
distilgpt2_logistic,DistilGPT2 Embeddings + Logistic Regression,MHxPC130082544,0,0,0.00736
distilgpt2_logistic,DistilGPT2 Embeddings + Logistic Regression,MHxPC130354505,0,0,0.012619
distilgpt2_logistic,DistilGPT2 Embeddings + Logistic Regression,MHxPC130154988,0,0,0.019104
distilgpt2_logistic,DistilGPT2 Embeddings + Logistic Regression,MHxPC130507797,0,0,0.017282
distilgpt2_logistic,DistilGPT2 Embeddings + Logistic Regression,MHxPC130066889,0,1,0.946315
distilgpt2_logistic,DistilGPT2 Embeddings + Logistic Regression,MHxPC130110910,0,0,0.021028
distilgpt2_logistic,DistilGPT2 Embeddings + Logistic Regression,MHxPC130063722,0,0,0.044444
distilgpt2_logistic,DistilGPT2 Embeddings + Logistic Regression,MHxPC130477597,0,0,0.06036
distilgpt2_logistic,DistilGPT2 Embeddings + Logistic Regression,MHxPC130531728,0,0,0.007039
distilgpt2_logistic,DistilGPT2 Embeddings + Logistic Regression,MHxPC130016500,0,0,0.004512
distilgpt2_logistic,DistilGPT2 Embeddings + Logistic Regression,MHxPC130557951,0,0,0.006906
distilgpt2_logistic,DistilGPT2 Embeddings + Logistic Regression,MHxPC130523490,0,1,0.96031
distilgpt2_logistic,DistilGPT2 Embeddings + Logistic Regression,MHxPC130177084,0,0,0.231115
distilgpt2_logistic,DistilGPT2 Embeddings + Logistic Regression,MHxPC130398316,0,0,0.004406
distilgpt2_logistic,DistilGPT2 Embeddings + Logistic Regression,MHxPC130352420,0,0,0.033333
distilgpt2_logistic,DistilGPT2 Embeddings + Logistic Regression,MHxPC130249564,0,0,0.004512
distilgpt2_logistic,DistilGPT2 Embeddings + Logistic Regression,MHxPC130026468,0,0,0.033481
distilgpt2_logistic,DistilGPT2 Embeddings + Logistic Regression,MHxPC130252707,0,0,0.017282
distilgpt2_logistic,DistilGPT2 Embeddings + Logistic Regression,MHxPC130077349,0,0,0.006906
distilgpt2_logistic,DistilGPT2 Embeddings + Logistic Regression,MHxPC130179973,0,0,0.034712
distilgpt2_logistic,DistilGPT2 Embeddings + Logistic Regression,MHxPC130539268,0,0,0.018805
distilgpt2_logistic,DistilGPT2 Embeddings + Logistic Regression,MHxPC130463753,0,0,0.03177
distilgpt2_logistic,DistilGPT2 Embeddings + Logistic Regression,MHxPC130518004,0,0,0.004406
distilgpt2_logistic,DistilGPT2 Embeddings + Logistic Regression,MHxPC130260199,0,0,0.151503
distilgpt2_logistic,DistilGPT2 Embeddings + Logistic Regression,MHxPC130349769,0,0,0.006906
distilgpt2_logistic,DistilGPT2 Embeddings + Logistic Regression,MHxPC130272931,0,0,0.034375
distilgpt2_logistic,DistilGPT2 Embeddings + Logistic Regression,MHxPC130447059,0,0,0.007199
distilgpt2_logistic,DistilGPT2 Embeddings + Logistic Regression,MHxPC130572441,0,0,0.141837
distilgpt2_logistic,DistilGPT2 Embeddings + Logistic Regression,MHxPC130513473,0,0,0.060998
distilgpt2_logistic,DistilGPT2 Embeddings + Logistic Regression,MHxPC130187936,0,0,0.008925
distilgpt2_logistic,DistilGPT2 Embeddings + Logistic Regression,MHxPC130245215,0,0,0.051796
distilgpt2_logistic,DistilGPT2 Embeddings + Logistic Regression,MHxPC130332447,0,0,0.164331
distilgpt2_logistic,DistilGPT2 Embeddings + Logistic Regression,MHxPC130207964,0,0,0.004406
distilgpt2_logistic,DistilGPT2 Embeddings + Logistic Regression,MHxPC130422128,0,0,0.358671
distilgpt2_logistic,DistilGPT2 Embeddings + Logistic Regression,MHxPC130484122,0,0,0.032696
distilgpt2_logistic,DistilGPT2 Embeddings + Logistic Regression,MHxPC130406989,0,0,0.00736
distilgpt2_logistic,DistilGPT2 Embeddings + Logistic Regression,MHxPC130149291,0,0,0.00736
distilgpt2_logistic,DistilGPT2 Embeddings + Logistic Regression,MHxPC130202348,0,0,0.051608
distilgpt2_logistic,DistilGPT2 Embeddings + Logistic Regression,MHxPC130307352,0,0,0.050199
distilgpt2_logistic,DistilGPT2 Embeddings + Logistic Regression,MHxPC130177925,0,0,0.071653
distilgpt2_logistic,DistilGPT2 Embeddings + Logistic Regression,MHxPC130105920,0,0,0.004406
distilgpt2_logistic,DistilGPT2 Embeddings + Logistic Regression,MHxPC130183066,0,0,0.019554
distilgpt2_logistic,DistilGPT2 Embeddings + Logistic Regression,MHxPC130511517,0,0,0.005565
distilgpt2_logistic,DistilGPT2 Embeddings + Logistic Regression,MHxPC130227437,0,0,0.00736
distilgpt2_logistic,DistilGPT2 Embeddings + Logistic Regression,MHxPC130292307,0,1,0.947915
distilgpt2_logistic,DistilGPT2 Embeddings + Logistic Regression,MHxPC130397978,0,0,0.004406
distilgpt2_logistic,DistilGPT2 Embeddings + Logistic Regression,MHxPC130427507,0,0,0.005678
distilgpt2_logistic,DistilGPT2 Embeddings + Logistic Regression,MHxPC130107863,0,0,0.020569
distilgpt2_logistic,DistilGPT2 Embeddings + Logistic Regression,MHxPC130540693,0,1,0.923376
distilgpt2_logistic,DistilGPT2 Embeddings + Logistic Regression,MHxPC130226071,0,0,0.025386
distilgpt2_logistic,DistilGPT2 Embeddings + Logistic Regression,MHxPC130291357,0,0,0.006797
distilgpt2_logistic,DistilGPT2 Embeddings + Logistic Regression,MHxPC130254818,0,0,0.015387
distilgpt2_logistic,DistilGPT2 Embeddings + Logistic Regression,MHxPC130592191,0,0,0.004406
distilgpt2_logistic,DistilGPT2 Embeddings + Logistic Regression,MHxPC130207038,0,0,0.224758
distilgpt2_logistic,DistilGPT2 Embeddings + Logistic Regression,MHxPC130164298,0,0,0.019684
distilgpt2_logistic,DistilGPT2 Embeddings + Logistic Regression,MHxPC130004721,0,0,0.041119
distilgpt2_logistic,DistilGPT2 Embeddings + Logistic Regression,MHxPC130157500,0,0,0.021909
distilgpt2_logistic,DistilGPT2 Embeddings + Logistic Regression,MHxPC130377258,0,0,0.028114
distilgpt2_logistic,DistilGPT2 Embeddings + Logistic Regression,MHxPC130128571,0,0,0.004512
distilgpt2_logistic,DistilGPT2 Embeddings + Logistic Regression,MHxPC130173184,0,0,0.033774
distilgpt2_logistic,DistilGPT2 Embeddings + Logistic Regression,MHxPC130002605,0,0,0.050841
distilgpt2_logistic,DistilGPT2 Embeddings + Logistic Regression,MHxPC130141914,0,0,0.040178
distilgpt2_logistic,DistilGPT2 Embeddings + Logistic Regression,MHxPC130348192,0,0,0.004512
distilgpt2_logistic,DistilGPT2 Embeddings + Logistic Regression,MHxPC130233947,0,0,0.08331
distilgpt2_logistic,DistilGPT2 Embeddings + Logistic Regression,MHxPC130454514,0,0,0.036024
distilgpt2_logistic,DistilGPT2 Embeddings + Logistic Regression,MHxPC130551343,0,0,0.004406
distilgpt2_logistic,DistilGPT2 Embeddings + Logistic Regression,MHxPC130376895,0,0,0.004406
distilgpt2_logistic,DistilGPT2 Embeddings + Logistic Regression,MHxPC130510023,0,0,0.020521
distilgpt2_logistic,DistilGPT2 Embeddings + Logistic Regression,MHxPC130013373,0,0,0.11381
distilgpt2_logistic,DistilGPT2 Embeddings + Logistic Regression,MHxPC130475551,0,0,0.067905
distilgpt2_logistic,DistilGPT2 Embeddings + Logistic Regression,MHxPC130384679,0,0,0.00736
distilgpt2_logistic,DistilGPT2 Embeddings + Logistic Regression,MHxPC130532678,0,0,0.451011
distilgpt2_logistic,DistilGPT2 Embeddings + Logistic Regression,MHxPC130237365,0,0,0.044052
distilgpt2_logistic,DistilGPT2 Embeddings + Logistic Regression,MHxPC130096335,0,0,0.005678
distilgpt2_logistic,DistilGPT2 Embeddings + Logistic Regression,MHxPC130556951,0,0,0.006599
distilgpt2_logistic,DistilGPT2 Embeddings + Logistic Regression,MHxPC130423208,0,0,0.004406
distilgpt2_logistic,DistilGPT2 Embeddings + Logistic Regression,MHxPC130055400,0,0,0.326086
distilgpt2_logistic,DistilGPT2 Embeddings + Logistic Regression,MHxPC130119109,0,0,0.033337
distilgpt2_logistic,DistilGPT2 Embeddings + Logistic Regression,MHxPC130429472,0,0,0.00736
distilgpt2_logistic,DistilGPT2 Embeddings + Logistic Regression,MHxPC130365354,0,0,0.004406
distilgpt2_logistic,DistilGPT2 Embeddings + Logistic Regression,MHxPC130075942,0,0,0.00379
distilgpt2_logistic,DistilGPT2 Embeddings + Logistic Regression,MHxPC130377232,0,0,0.010651
distilgpt2_logistic,DistilGPT2 Embeddings + Logistic Regression,MHxPC130506984,0,0,0.018793
distilgpt2_logistic,DistilGPT2 Embeddings + Logistic Regression,MHxPC130470574,0,0,0.008751
distilgpt2_logistic,DistilGPT2 Embeddings + Logistic Regression,MHxPC130317773,0,0,0.00736
distilgpt2_logistic,DistilGPT2 Embeddings + Logistic Regression,MHxPC130395356,0,0,0.007961
distilgpt2_logistic,DistilGPT2 Embeddings + Logistic Regression,MHxPC130057695,0,0,0.045234
distilgpt2_logistic,DistilGPT2 Embeddings + Logistic Regression,MHxPC130173351,0,0,0.052982
distilgpt2_logistic,DistilGPT2 Embeddings + Logistic Regression,MHxPC130158668,0,0,0.030128
distilgpt2_logistic,DistilGPT2 Embeddings + Logistic Regression,MHxPC130007951,0,0,0.004406
distilgpt2_logistic,DistilGPT2 Embeddings + Logistic Regression,MHxPC130075036,0,0,0.053856
distilgpt2_logistic,DistilGPT2 Embeddings + Logistic Regression,MHxPC130221751,0,0,0.50047
distilgpt2_logistic,DistilGPT2 Embeddings + Logistic Regression,MHxPC130032999,0,0,0.006906
distilgpt2_logistic,DistilGPT2 Embeddings + Logistic Regression,MHxPC130594312,0,0,0.110108
distilgpt2_logistic,DistilGPT2 Embeddings + Logistic Regression,MHxPC130248075,0,0,0.004406
distilgpt2_logistic,DistilGPT2 Embeddings + Logistic Regression,MHxPC130368443,0,0,0.004406
distilgpt2_logistic,DistilGPT2 Embeddings + Logistic Regression,MHxPC130098868,0,0,0.00736
distilgpt2_logistic,DistilGPT2 Embeddings + Logistic Regression,MHxPC130249217,0,1,0.986877
distilgpt2_logistic,DistilGPT2 Embeddings + Logistic Regression,MHxPC130223029,0,0,0.011978
distilgpt2_logistic,DistilGPT2 Embeddings + Logistic Regression,MHxPC130588966,0,0,0.004406
distilgpt2_logistic,DistilGPT2 Embeddings + Logistic Regression,MHxPC130360409,0,0,0.004875
distilgpt2_logistic,DistilGPT2 Embeddings + Logistic Regression,MHxPC130012269,0,0,0.008512
distilgpt2_logistic,DistilGPT2 Embeddings + Logistic Regression,MHxPC130344206,1,1,0.944426
distilgpt2_logistic,DistilGPT2 Embeddings + Logistic Regression,MHxPC130573631,0,0,0.153771
distilgpt2_logistic,DistilGPT2 Embeddings + Logistic Regression,MHxPC130136259,0,0,0.005012
distilgpt2_logistic,DistilGPT2 Embeddings + Logistic Regression,MHxPC130196922,0,0,0.00736
distilgpt2_logistic,DistilGPT2 Embeddings + Logistic Regression,MHxPC130097877,0,0,0.0069
distilgpt2_logistic,DistilGPT2 Embeddings + Logistic Regression,MHxPC130393128,0,0,0.297762
distilgpt2_logistic,DistilGPT2 Embeddings + Logistic Regression,MHxPC130497416,0,0,0.009719
distilgpt2_logistic,DistilGPT2 Embeddings + Logistic Regression,MHxPC130081786,0,0,0.004406
distilgpt2_logistic,DistilGPT2 Embeddings + Logistic Regression,MHxPC130533212,0,0,0.005196
distilgpt2_logistic,DistilGPT2 Embeddings + Logistic Regression,MHxPC130368165,0,0,0.00736
distilgpt2_logistic,DistilGPT2 Embeddings + Logistic Regression,MHxPC130345986,0,0,0.042412
distilgpt2_logistic,DistilGPT2 Embeddings + Logistic Regression,MHxPC130514381,0,0,0.003764
distilgpt2_logistic,DistilGPT2 Embeddings + Logistic Regression,MHxPC130165483,0,0,0.041374
distilgpt2_logistic,DistilGPT2 Embeddings + Logistic Regression,MHxPC130086440,0,0,0.004406
distilgpt2_logistic,DistilGPT2 Embeddings + Logistic Regression,MHxPC130054811,0,0,0.004406
distilgpt2_logistic,DistilGPT2 Embeddings + Logistic Regression,MHxPC130418179,0,0,0.011641
distilgpt2_logistic,DistilGPT2 Embeddings + Logistic Regression,MHxPC130385005,0,0,0.002518
distilgpt2_logistic,DistilGPT2 Embeddings + Logistic Regression,MHxPC130204536,0,0,0.15842
distilgpt2_logistic,DistilGPT2 Embeddings + Logistic Regression,MHxPC130151940,0,0,0.006318
distilgpt2_logistic,DistilGPT2 Embeddings + Logistic Regression,MHxPC130468946,0,0,0.005042
distilgpt2_logistic,DistilGPT2 Embeddings + Logistic Regression,MHxPC130345551,0,0,0.004217
distilgpt2_logistic,DistilGPT2 Embeddings + Logistic Regression,MHxPC130095940,0,0,0.012161
distilgpt2_logistic,DistilGPT2 Embeddings + Logistic Regression,MHxPC130515923,0,0,0.004406
distilgpt2_logistic,DistilGPT2 Embeddings + Logistic Regression,MHxPC130458245,0,0,0.00736
distilgpt2_logistic,DistilGPT2 Embeddings + Logistic Regression,MHxPC130429139,0,0,0.014499
distilgpt2_logistic,DistilGPT2 Embeddings + Logistic Regression,MHxPC130391671,0,0,0.00769
distilgpt2_logistic,DistilGPT2 Embeddings + Logistic Regression,MHxPC130369621,0,0,0.582756
distilgpt2_logistic,DistilGPT2 Embeddings + Logistic Regression,MHxPC130106806,0,0,0.332811
distilgpt2_logistic,DistilGPT2 Embeddings + Logistic Regression,MHxPC130186500,0,0,0.004406
distilgpt2_logistic,DistilGPT2 Embeddings + Logistic Regression,MHxPC130233766,0,0,0.004406
distilgpt2_logistic,DistilGPT2 Embeddings + Logistic Regression,MHxPC130594548,0,0,0.070784
distilgpt2_logistic,DistilGPT2 Embeddings + Logistic Regression,MHxPC130548744,0,0,0.004512
distilgpt2_logistic,DistilGPT2 Embeddings + Logistic Regression,MHxPC130492056,0,0,0.056933
distilgpt2_logistic,DistilGPT2 Embeddings + Logistic Regression,MHxPC130467902,0,0,0.004647
distilgpt2_logistic,DistilGPT2 Embeddings + Logistic Regression,MHxPC130384719,0,0,0.004406
distilgpt2_logistic,DistilGPT2 Embeddings + Logistic Regression,MHxPC130298283,0,0,0.006599
distilgpt2_logistic,DistilGPT2 Embeddings + Logistic Regression,MHxPC130557065,0,0,0.256696
distilgpt2_logistic,DistilGPT2 Embeddings + Logistic Regression,MHxPC130242042,0,0,0.00736
distilgpt2_logistic,DistilGPT2 Embeddings + Logistic Regression,MHxPC130538895,0,0,0.019252
distilgpt2_logistic,DistilGPT2 Embeddings + Logistic Regression,MHxPC130589652,0,0,0.00736
distilgpt2_logistic,DistilGPT2 Embeddings + Logistic Regression,MHxPC130400792,0,0,0.105994
distilgpt2_logistic,DistilGPT2 Embeddings + Logistic Regression,MHxPC130467282,0,0,0.339004
distilgpt2_logistic,DistilGPT2 Embeddings + Logistic Regression,MHxPC130251346,0,0,0.018793
distilgpt2_logistic,DistilGPT2 Embeddings + Logistic Regression,MHxPC130325266,0,0,0.012655
distilgpt2_logistic,DistilGPT2 Embeddings + Logistic Regression,MHxPC130244076,0,0,0.004406
distilgpt2_logistic,DistilGPT2 Embeddings + Logistic Regression,MHxPC130193163,0,0,0.00736
distilgpt2_logistic,DistilGPT2 Embeddings + Logistic Regression,MHxPC130550143,0,0,0.011286
distilgpt2_logistic,DistilGPT2 Embeddings + Logistic Regression,MHxPC130110142,0,0,0.014273
distilgpt2_logistic,DistilGPT2 Embeddings + Logistic Regression,MHxPC130098219,0,0,0.047128
distilgpt2_logistic,DistilGPT2 Embeddings + Logistic Regression,MHxPC130562073,0,0,0.017282
distilgpt2_logistic,DistilGPT2 Embeddings + Logistic Regression,MHxPC130437223,0,0,0.019768
distilgpt2_logistic,DistilGPT2 Embeddings + Logistic Regression,MHxPC130240707,0,0,0.87612
distilgpt2_logistic,DistilGPT2 Embeddings + Logistic Regression,MHxPC130335809,0,0,0.013454
distilgpt2_logistic,DistilGPT2 Embeddings + Logistic Regression,MHxPC130491047,0,0,0.006893
distilgpt2_logistic,DistilGPT2 Embeddings + Logistic Regression,MHxPC130296900,0,0,0.858383
distilgpt2_logistic,DistilGPT2 Embeddings + Logistic Regression,MHxPC130353739,0,0,0.030149
distilgpt2_logistic,DistilGPT2 Embeddings + Logistic Regression,MHxPC130294681,0,0,0.022351
distilgpt2_logistic,DistilGPT2 Embeddings + Logistic Regression,MHxPC130216908,0,0,0.626391
distilgpt2_logistic,DistilGPT2 Embeddings + Logistic Regression,MHxPC130215484,0,0,0.029459
distilgpt2_logistic,DistilGPT2 Embeddings + Logistic Regression,MHxPC130447471,0,0,0.02152
distilgpt2_logistic,DistilGPT2 Embeddings + Logistic Regression,MHxPC130371980,0,0,0.020751
distilgpt2_logistic,DistilGPT2 Embeddings + Logistic Regression,MHxPC130332153,0,0,0.038743
distilgpt2_logistic,DistilGPT2 Embeddings + Logistic Regression,MHxPC130056349,0,0,0.005948
distilgpt2_logistic,DistilGPT2 Embeddings + Logistic Regression,MHxPC130576079,0,0,0.052289
distilgpt2_logistic,DistilGPT2 Embeddings + Logistic Regression,MHxPC130161299,0,0,0.026453
distilgpt2_logistic,DistilGPT2 Embeddings + Logistic Regression,MHxPC130206283,0,0,0.010635
distilgpt2_logistic,DistilGPT2 Embeddings + Logistic Regression,MHxPC130559350,0,0,0.004512
distilgpt2_logistic,DistilGPT2 Embeddings + Logistic Regression,MHxPC130282701,0,0,0.322937
distilgpt2_logistic,DistilGPT2 Embeddings + Logistic Regression,MHxPC130544483,0,0,0.025572
distilgpt2_logistic,DistilGPT2 Embeddings + Logistic Regression,MHxPC130361016,0,0,0.04084
distilgpt2_logistic,DistilGPT2 Embeddings + Logistic Regression,MHxPC130379143,0,0,0.009362
distilgpt2_logistic,DistilGPT2 Embeddings + Logistic Regression,MHxPC130326223,0,0,0.370604
distilgpt2_logistic,DistilGPT2 Embeddings + Logistic Regression,MHxPC130273675,0,0,0.00736
distilgpt2_logistic,DistilGPT2 Embeddings + Logistic Regression,MHxPC130440698,0,0,0.833803
distilgpt2_logistic,DistilGPT2 Embeddings + Logistic Regression,MHxPC130175062,0,1,0.986481
distilgpt2_logistic,DistilGPT2 Embeddings + Logistic Regression,MHxPC130164470,0,0,0.395863
distilgpt2_logistic,DistilGPT2 Embeddings + Logistic Regression,MHxPC130176471,0,0,0.060099
distilgpt2_logistic,DistilGPT2 Embeddings + Logistic Regression,MHxPC130197020,0,0,0.112337
distilgpt2_logistic,DistilGPT2 Embeddings + Logistic Regression,MHxPC130230177,0,0,0.045539
distilgpt2_logistic,DistilGPT2 Embeddings + Logistic Regression,MHxPC130504461,0,0,0.014657
distilgpt2_logistic,DistilGPT2 Embeddings + Logistic Regression,MHxPC130204399,0,0,0.006598
distilgpt2_logistic,DistilGPT2 Embeddings + Logistic Regression,MHxPC130404152,0,0,0.006906
distilgpt2_logistic,DistilGPT2 Embeddings + Logistic Regression,MHxPC130297579,0,0,0.004512
distilgpt2_logistic,DistilGPT2 Embeddings + Logistic Regression,MHxPC130353004,0,0,0.012716
distilgpt2_logistic,DistilGPT2 Embeddings + Logistic Regression,MHxPC130397485,1,1,0.906663
distilgpt2_logistic,DistilGPT2 Embeddings + Logistic Regression,MHxPC130411885,0,0,0.004406
distilgpt2_logistic,DistilGPT2 Embeddings + Logistic Regression,MHxPC130145216,0,0,0.474149
distilgpt2_logistic,DistilGPT2 Embeddings + Logistic Regression,MHxPC130257038,0,0,0.173843
distilgpt2_logistic,DistilGPT2 Embeddings + Logistic Regression,MHxPC130266134,0,0,0.004512
distilgpt2_logistic,DistilGPT2 Embeddings + Logistic Regression,MHxPC130118969,1,1,0.983709
distilgpt2_logistic,DistilGPT2 Embeddings + Logistic Regression,MHxPC130055336,0,0,0.019436
distilgpt2_logistic,DistilGPT2 Embeddings + Logistic Regression,MHxPC130386720,0,0,0.063207
distilgpt2_logistic,DistilGPT2 Embeddings + Logistic Regression,MHxPC130396377,0,0,0.00736
distilgpt2_logistic,DistilGPT2 Embeddings + Logistic Regression,MHxPC130095011,0,0,0.004406
distilgpt2_logistic,DistilGPT2 Embeddings + Logistic Regression,MHxPC130201714,0,0,0.030061
distilgpt2_logistic,DistilGPT2 Embeddings + Logistic Regression,MHxPC130421562,0,0,0.016672
distilgpt2_logistic,DistilGPT2 Embeddings + Logistic Regression,MHxPC130001534,1,1,0.989548
distilgpt2_logistic,DistilGPT2 Embeddings + Logistic Regression,MHxPC130392605,0,0,0.006906
distilgpt2_logistic,DistilGPT2 Embeddings + Logistic Regression,MHxPC130491483,0,0,0.00736
distilgpt2_logistic,DistilGPT2 Embeddings + Logistic Regression,MHxPC130213111,0,0,0.168223
distilgpt2_logistic,DistilGPT2 Embeddings + Logistic Regression,MHxPC130514623,0,0,0.007199
distilgpt2_logistic,DistilGPT2 Embeddings + Logistic Regression,MHxPC130582937,0,0,0.009362
distilgpt2_logistic,DistilGPT2 Embeddings + Logistic Regression,MHxPC130139360,0,0,0.004406
distilgpt2_logistic,DistilGPT2 Embeddings + Logistic Regression,MHxPC130314623,0,0,0.005784
distilgpt2_logistic,DistilGPT2 Embeddings + Logistic Regression,MHxPC130285595,0,0,0.006335
distilgpt2_logistic,DistilGPT2 Embeddings + Logistic Regression,MHxPC130225748,0,0,0.117542
distilgpt2_logistic,DistilGPT2 Embeddings + Logistic Regression,MHxPC130224263,0,0,0.004512
distilgpt2_logistic,DistilGPT2 Embeddings + Logistic Regression,MHxPC130597402,0,0,0.012732
distilgpt2_logistic,DistilGPT2 Embeddings + Logistic Regression,MHxPC130265300,0,0,0.007818
distilgpt2_logistic,DistilGPT2 Embeddings + Logistic Regression,MHxPC130307447,0,0,0.004406
distilgpt2_logistic,DistilGPT2 Embeddings + Logistic Regression,MHxPC130357352,0,0,0.017553
distilgpt2_logistic,DistilGPT2 Embeddings + Logistic Regression,MHxPC130313738,0,0,0.026865
distilgpt2_logistic,DistilGPT2 Embeddings + Logistic Regression,MHxPC130259711,0,0,0.004512
distilgpt2_logistic,DistilGPT2 Embeddings + Logistic Regression,MHxPC130003152,0,0,0.00736
distilgpt2_logistic,DistilGPT2 Embeddings + Logistic Regression,MHxPC130374067,0,0,0.039695
distilgpt2_logistic,DistilGPT2 Embeddings + Logistic Regression,MHxPC130500620,0,0,0.009719
distilgpt2_logistic,DistilGPT2 Embeddings + Logistic Regression,MHxPC130319970,0,0,0.00736
distilgpt2_logistic,DistilGPT2 Embeddings + Logistic Regression,MHxPC130347972,0,0,0.077701
distilgpt2_logistic,DistilGPT2 Embeddings + Logistic Regression,MHxPC130480136,0,0,0.004406
distilgpt2_logistic,DistilGPT2 Embeddings + Logistic Regression,MHxPC130292127,0,0,0.045873
distilgpt2_logistic,DistilGPT2 Embeddings + Logistic Regression,MHxPC130422731,0,0,0.004512
distilgpt2_logistic,DistilGPT2 Embeddings + Logistic Regression,MHxPC130125644,0,0,0.068579
distilgpt2_logistic,DistilGPT2 Embeddings + Logistic Regression,MHxPC130351019,0,0,0.01592
distilgpt2_logistic,DistilGPT2 Embeddings + Logistic Regression,MHxPC130154419,0,0,0.030442
distilgpt2_logistic,DistilGPT2 Embeddings + Logistic Regression,MHxPC130272577,0,0,0.046186
distilgpt2_logistic,DistilGPT2 Embeddings + Logistic Regression,MHxPC130265114,0,1,0.948649
distilgpt2_logistic,DistilGPT2 Embeddings + Logistic Regression,MHxPC130590348,0,0,0.00736
distilgpt2_logistic,DistilGPT2 Embeddings + Logistic Regression,MHxPC130462445,0,0,0.013006
distilgpt2_logistic,DistilGPT2 Embeddings + Logistic Regression,MHxPC130281635,0,0,0.006906
distilgpt2_logistic,DistilGPT2 Embeddings + Logistic Regression,MHxPC130361552,0,0,0.471624
distilgpt2_logistic,DistilGPT2 Embeddings + Logistic Regression,MHxPC130100884,0,0,0.029108
distilgpt2_logistic,DistilGPT2 Embeddings + Logistic Regression,MHxPC130561201,0,0,0.009362
distilgpt2_logistic,DistilGPT2 Embeddings + Logistic Regression,MHxPC130444862,0,0,0.059359
distilgpt2_logistic,DistilGPT2 Embeddings + Logistic Regression,MHxPC130272298,0,0,0.022516
distilgpt2_logistic,DistilGPT2 Embeddings + Logistic Regression,MHxPC130392583,0,0,0.023076
distilgpt2_logistic,DistilGPT2 Embeddings + Logistic Regression,MHxPC130164961,0,0,0.018805
distilgpt2_logistic,DistilGPT2 Embeddings + Logistic Regression,MHxPC130093238,0,0,0.018452
distilgpt2_logistic,DistilGPT2 Embeddings + Logistic Regression,MHxPC130565538,0,0,0.095715
distilgpt2_logistic,DistilGPT2 Embeddings + Logistic Regression,MHxPC130074406,0,0,0.716218
distilgpt2_logistic,DistilGPT2 Embeddings + Logistic Regression,MHxPC130166670,0,0,0.016885
distilgpt2_logistic,DistilGPT2 Embeddings + Logistic Regression,MHxPC130287785,0,0,0.009062
distilgpt2_logistic,DistilGPT2 Embeddings + Logistic Regression,MHxPC130347821,0,0,0.361328
distilgpt2_logistic,DistilGPT2 Embeddings + Logistic Regression,MHxPC130548759,0,0,0.004606
distilgpt2_logistic,DistilGPT2 Embeddings + Logistic Regression,MHxPC130437235,0,0,0.025448
distilgpt2_logistic,DistilGPT2 Embeddings + Logistic Regression,MHxPC130470000,0,0,0.003171
distilgpt2_logistic,DistilGPT2 Embeddings + Logistic Regression,MHxPC130123324,0,0,0.020779
distilgpt2_logistic,DistilGPT2 Embeddings + Logistic Regression,MHxPC130096269,0,0,0.004677
distilgpt2_logistic,DistilGPT2 Embeddings + Logistic Regression,MHxPC130373110,0,0,0.007885
distilgpt2_logistic,DistilGPT2 Embeddings + Logistic Regression,MHxPC130064916,0,0,0.004406
distilgpt2_logistic,DistilGPT2 Embeddings + Logistic Regression,MHxPC130349839,0,0,0.287638
distilgpt2_logistic,DistilGPT2 Embeddings + Logistic Regression,MHxPC130089747,0,0,0.00736
distilgpt2_logistic,DistilGPT2 Embeddings + Logistic Regression,MHxPC130104015,0,0,0.007386
distilgpt2_logistic,DistilGPT2 Embeddings + Logistic Regression,MHxPC130145492,0,0,0.666727
distilgpt2_logistic,DistilGPT2 Embeddings + Logistic Regression,MHxPC130513283,0,0,0.003764
distilgpt2_logistic,DistilGPT2 Embeddings + Logistic Regression,MHxPC130257111,0,0,0.2522
distilgpt2_logistic,DistilGPT2 Embeddings + Logistic Regression,MHxPC130453466,0,0,0.00736
distilgpt2_logistic,DistilGPT2 Embeddings + Logistic Regression,MHxPC130468539,0,0,0.03802
distilgpt2_logistic,DistilGPT2 Embeddings + Logistic Regression,MHxPC130053503,0,0,0.010316
distilgpt2_logistic,DistilGPT2 Embeddings + Logistic Regression,MHxPC130350429,0,0,0.004406
distilgpt2_logistic,DistilGPT2 Embeddings + Logistic Regression,MHxPC130585551,0,0,0.00736
distilgpt2_logistic,DistilGPT2 Embeddings + Logistic Regression,MHxPC130433008,0,0,0.008763
distilgpt2_logistic,DistilGPT2 Embeddings + Logistic Regression,MHxPC130346228,0,0,0.047816
distilgpt2_logistic,DistilGPT2 Embeddings + Logistic Regression,MHxPC130591403,0,0,0.004512
distilgpt2_logistic,DistilGPT2 Embeddings + Logistic Regression,MHxPC130130195,0,0,0.022868
distilgpt2_logistic,DistilGPT2 Embeddings + Logistic Regression,MHxPC130141176,0,0,0.0597
distilgpt2_logistic,DistilGPT2 Embeddings + Logistic Regression,MHxPC130012450,0,0,0.00505
distilgpt2_logistic,DistilGPT2 Embeddings + Logistic Regression,MHxPC130117496,0,0,0.004323
distilgpt2_logistic,DistilGPT2 Embeddings + Logistic Regression,MHxPC130130142,0,0,0.004406
distilgpt2_logistic,DistilGPT2 Embeddings + Logistic Regression,MHxPC130412631,0,0,0.242972
distilgpt2_logistic,DistilGPT2 Embeddings + Logistic Regression,MHxPC130102662,0,0,0.021264
distilgpt2_logistic,DistilGPT2 Embeddings + Logistic Regression,MHxPC130195861,0,0,0.004231
distilgpt2_logistic,DistilGPT2 Embeddings + Logistic Regression,MHxPC130008862,0,0,0.007131
distilgpt2_logistic,DistilGPT2 Embeddings + Logistic Regression,MHxPC130420166,0,0,0.641868
distilgpt2_logistic,DistilGPT2 Embeddings + Logistic Regression,MHxPC130272637,0,0,0.006906
distilgpt2_logistic,DistilGPT2 Embeddings + Logistic Regression,MHxPC130556843,1,1,0.949488
distilgpt2_logistic,DistilGPT2 Embeddings + Logistic Regression,MHxPC130287750,0,0,0.006906
distilgpt2_logistic,DistilGPT2 Embeddings + Logistic Regression,MHxPC130272387,0,0,0.029718
distilgpt2_logistic,DistilGPT2 Embeddings + Logistic Regression,MHxPC130066109,0,0,0.020235
distilgpt2_logistic,DistilGPT2 Embeddings + Logistic Regression,MHxPC130302275,0,0,0.004406
distilgpt2_logistic,DistilGPT2 Embeddings + Logistic Regression,MHxPC130331284,0,0,0.003171
distilgpt2_logistic,DistilGPT2 Embeddings + Logistic Regression,MHxPC130352098,1,0,0.712806
distilgpt2_logistic,DistilGPT2 Embeddings + Logistic Regression,MHxPC130352883,0,0,0.007951
distilgpt2_logistic,DistilGPT2 Embeddings + Logistic Regression,MHxPC130412407,0,0,0.005948
distilgpt2_logistic,DistilGPT2 Embeddings + Logistic Regression,MHxPC130260815,0,0,0.006599
distilgpt2_logistic,DistilGPT2 Embeddings + Logistic Regression,MHxPC130375536,0,0,0.004832
distilgpt2_logistic,DistilGPT2 Embeddings + Logistic Regression,MHxPC130022871,0,0,0.004406
distilgpt2_logistic,DistilGPT2 Embeddings + Logistic Regression,MHxPC130321761,0,0,0.19489
distilgpt2_logistic,DistilGPT2 Embeddings + Logistic Regression,MHxPC130094683,0,0,0.006797
distilgpt2_logistic,DistilGPT2 Embeddings + Logistic Regression,MHxPC130052666,0,0,0.006021
distilgpt2_logistic,DistilGPT2 Embeddings + Logistic Regression,MHxPC130057116,0,0,0.007172
distilgpt2_logistic,DistilGPT2 Embeddings + Logistic Regression,MHxPC130376186,0,0,0.085773
distilgpt2_logistic,DistilGPT2 Embeddings + Logistic Regression,MHxPC130067755,0,0,0.00736
distilgpt2_logistic,DistilGPT2 Embeddings + Logistic Regression,MHxPC130191456,0,0,0.01561
distilgpt2_logistic,DistilGPT2 Embeddings + Logistic Regression,MHxPC130059236,0,0,0.00736
distilgpt2_logistic,DistilGPT2 Embeddings + Logistic Regression,MHxPC130377510,0,0,0.007885
distilgpt2_logistic,DistilGPT2 Embeddings + Logistic Regression,MHxPC130290177,0,0,0.004406
distilgpt2_logistic,DistilGPT2 Embeddings + Logistic Regression,MHxPC130358978,0,1,0.960448
distilgpt2_logistic,DistilGPT2 Embeddings + Logistic Regression,MHxPC130235643,0,0,0.012655
distilgpt2_logistic,DistilGPT2 Embeddings + Logistic Regression,MHxPC130525996,0,0,0.004406
distilgpt2_logistic,DistilGPT2 Embeddings + Logistic Regression,MHxPC130485477,0,0,0.026843
distilgpt2_logistic,DistilGPT2 Embeddings + Logistic Regression,MHxPC130565686,0,0,0.029816
distilgpt2_logistic,DistilGPT2 Embeddings + Logistic Regression,MHxPC130003940,0,0,0.004512
distilgpt2_logistic,DistilGPT2 Embeddings + Logistic Regression,MHxPC130260842,0,0,0.004406
distilgpt2_logistic,DistilGPT2 Embeddings + Logistic Regression,MHxPC130306308,0,0,0.205938
distilgpt2_logistic,DistilGPT2 Embeddings + Logistic Regression,MHxPC130092700,0,0,0.002574
distilgpt2_logistic,DistilGPT2 Embeddings + Logistic Regression,MHxPC130186896,0,0,0.004862
distilgpt2_logistic,DistilGPT2 Embeddings + Logistic Regression,MHxPC130486836,0,0,0.004512
distilgpt2_logistic,DistilGPT2 Embeddings + Logistic Regression,MHxPC130493849,0,0,0.009075
distilgpt2_logistic,DistilGPT2 Embeddings + Logistic Regression,MHxPC130336234,0,0,0.004406
distilgpt2_logistic,DistilGPT2 Embeddings + Logistic Regression,MHxPC130262306,0,0,0.004406
distilgpt2_logistic,DistilGPT2 Embeddings + Logistic Regression,MHxPC130468803,0,0,0.006906
distilgpt2_logistic,DistilGPT2 Embeddings + Logistic Regression,MHxPC130276560,0,0,0.006797
distilgpt2_logistic,DistilGPT2 Embeddings + Logistic Regression,MHxPC130114586,0,0,0.580681
distilgpt2_logistic,DistilGPT2 Embeddings + Logistic Regression,MHxPC130163655,0,0,0.00736
distilgpt2_logistic,DistilGPT2 Embeddings + Logistic Regression,MHxPC130195975,0,0,0.004406
distilgpt2_logistic,DistilGPT2 Embeddings + Logistic Regression,MHxPC130011230,0,0,0.071447
distilgpt2_logistic,DistilGPT2 Embeddings + Logistic Regression,MHxPC130495850,0,0,0.008217
distilgpt2_logistic,DistilGPT2 Embeddings + Logistic Regression,MHxPC130262761,0,0,0.013872
distilgpt2_logistic,DistilGPT2 Embeddings + Logistic Regression,MHxPC130413451,0,0,0.044074
distilgpt2_logistic,DistilGPT2 Embeddings + Logistic Regression,MHxPC130264450,0,0,0.00417
distilgpt2_logistic,DistilGPT2 Embeddings + Logistic Regression,MHxPC130311654,0,0,0.011287
distilgpt2_logistic,DistilGPT2 Embeddings + Logistic Regression,MHxPC130441179,0,0,0.092824
distilgpt2_logistic,DistilGPT2 Embeddings + Logistic Regression,MHxPC130361806,0,0,0.019901
distilgpt2_logistic,DistilGPT2 Embeddings + Logistic Regression,MHxPC130324221,0,0,0.004406
distilgpt2_logistic,DistilGPT2 Embeddings + Logistic Regression,MHxPC130438178,0,0,0.103342
distilgpt2_logistic,DistilGPT2 Embeddings + Logistic Regression,MHxPC130268609,0,0,0.006906
distilgpt2_logistic,DistilGPT2 Embeddings + Logistic Regression,MHxPC130215049,0,0,0.00736
distilgpt2_logistic,DistilGPT2 Embeddings + Logistic Regression,MHxPC130434489,0,0,0.039149
distilgpt2_logistic,DistilGPT2 Embeddings + Logistic Regression,MHxPC130052558,0,0,0.006021
distilgpt2_logistic,DistilGPT2 Embeddings + Logistic Regression,MHxPC130029443,0,0,0.412342
distilgpt2_logistic,DistilGPT2 Embeddings + Logistic Regression,MHxPC130401865,0,0,0.631059
distilgpt2_logistic,DistilGPT2 Embeddings + Logistic Regression,MHxPC130438051,0,0,0.011832
distilgpt2_logistic,DistilGPT2 Embeddings + Logistic Regression,MHxPC130317727,0,0,0.049815
distilgpt2_logistic,DistilGPT2 Embeddings + Logistic Regression,MHxPC130209993,0,0,0.005196
distilgpt2_logistic,DistilGPT2 Embeddings + Logistic Regression,MHxPC130574982,0,1,0.904584
distilgpt2_logistic,DistilGPT2 Embeddings + Logistic Regression,MHxPC130166137,0,0,0.082597
distilgpt2_logistic,DistilGPT2 Embeddings + Logistic Regression,MHxPC130540802,0,0,0.005196
distilgpt2_logistic,DistilGPT2 Embeddings + Logistic Regression,MHxPC130368840,0,0,0.028127
distilgpt2_logistic,DistilGPT2 Embeddings + Logistic Regression,MHxPC130314443,1,1,0.989983
distilgpt2_logistic,DistilGPT2 Embeddings + Logistic Regression,MHxPC130278785,0,0,0.025472
distilgpt2_logistic,DistilGPT2 Embeddings + Logistic Regression,MHxPC130070487,1,1,0.904192
distilgpt2_logistic,DistilGPT2 Embeddings + Logistic Regression,MHxPC130532304,1,1,0.994853
distilgpt2_logistic,DistilGPT2 Embeddings + Logistic Regression,MHxPC130090727,0,0,0.00736
distilgpt2_logistic,DistilGPT2 Embeddings + Logistic Regression,MHxPC130030273,0,0,0.015305
distilgpt2_logistic,DistilGPT2 Embeddings + Logistic Regression,MHxPC130367523,0,0,0.01521
distilgpt2_logistic,DistilGPT2 Embeddings + Logistic Regression,MHxPC130581729,0,0,0.108079
distilgpt2_logistic,DistilGPT2 Embeddings + Logistic Regression,MHxPC130563411,0,0,0.024332
distilgpt2_logistic,DistilGPT2 Embeddings + Logistic Regression,MHxPC130283838,0,0,0.1337
distilgpt2_logistic,DistilGPT2 Embeddings + Logistic Regression,MHxPC130452444,0,0,0.004406
distilgpt2_logistic,DistilGPT2 Embeddings + Logistic Regression,MHxPC130552575,0,0,0.369863
distilgpt2_logistic,DistilGPT2 Embeddings + Logistic Regression,MHxPC130038715,0,0,0.008001
distilgpt2_logistic,DistilGPT2 Embeddings + Logistic Regression,MHxPC130469684,0,0,0.006797
distilgpt2_logistic,DistilGPT2 Embeddings + Logistic Regression,MHxPC130575856,0,0,0.404525
distilgpt2_logistic,DistilGPT2 Embeddings + Logistic Regression,MHxPC130589448,0,0,0.004406
distilgpt2_logistic,DistilGPT2 Embeddings + Logistic Regression,MHxPC130460185,0,0,0.055491
distilgpt2_logistic,DistilGPT2 Embeddings + Logistic Regression,MHxPC130560150,0,0,0.006906
distilgpt2_logistic,DistilGPT2 Embeddings + Logistic Regression,MHxPC130540400,0,0,0.006906
distilgpt2_logistic,DistilGPT2 Embeddings + Logistic Regression,MHxPC130446384,0,0,0.00736
distilgpt2_logistic,DistilGPT2 Embeddings + Logistic Regression,MHxPC130086849,0,0,0.004406
distilgpt2_logistic,DistilGPT2 Embeddings + Logistic Regression,MHxPC130147548,0,0,0.006598
distilgpt2_logistic,DistilGPT2 Embeddings + Logistic Regression,MHxPC130226478,0,0,0.004512
distilgpt2_logistic,DistilGPT2 Embeddings + Logistic Regression,MHxPC130592915,0,0,0.379554
distilgpt2_logistic,DistilGPT2 Embeddings + Logistic Regression,MHxPC130243659,0,0,0.03356
distilgpt2_logistic,DistilGPT2 Embeddings + Logistic Regression,MHxPC130550819,0,0,0.004406
distilgpt2_logistic,DistilGPT2 Embeddings + Logistic Regression,MHxPC130334061,0,0,0.004596
distilgpt2_logistic,DistilGPT2 Embeddings + Logistic Regression,MHxPC130353279,0,0,0.019104
distilgpt2_logistic,DistilGPT2 Embeddings + Logistic Regression,MHxPC130439634,0,0,0.015342
distilgpt2_logistic,DistilGPT2 Embeddings + Logistic Regression,MHxPC130141190,0,0,0.016661
distilgpt2_logistic,DistilGPT2 Embeddings + Logistic Regression,MHxPC130404736,0,0,0.018442
distilgpt2_logistic,DistilGPT2 Embeddings + Logistic Regression,MHxPC130564793,1,1,0.995113
distilgpt2_logistic,DistilGPT2 Embeddings + Logistic Regression,MHxPC130532047,0,0,0.006906
distilgpt2_logistic,DistilGPT2 Embeddings + Logistic Regression,MHxPC130046154,0,0,0.046572
distilgpt2_logistic,DistilGPT2 Embeddings + Logistic Regression,MHxPC130193549,0,0,0.006797
distilgpt2_logistic,DistilGPT2 Embeddings + Logistic Regression,MHxPC130020641,0,0,0.004406
distilgpt2_logistic,DistilGPT2 Embeddings + Logistic Regression,MHxPC130373445,0,0,0.006797
distilgpt2_logistic,DistilGPT2 Embeddings + Logistic Regression,MHxPC130561815,0,0,0.010314
distilgpt2_logistic,DistilGPT2 Embeddings + Logistic Regression,MHxPC130282865,0,0,0.030949
distilgpt2_logistic,DistilGPT2 Embeddings + Logistic Regression,MHxPC130198070,0,1,0.918844
distilgpt2_logistic,DistilGPT2 Embeddings + Logistic Regression,MHxPC130076251,0,0,0.009404
distilgpt2_logistic,DistilGPT2 Embeddings + Logistic Regression,MHxPC130330262,0,0,0.104806
distilgpt2_logistic,DistilGPT2 Embeddings + Logistic Regression,MHxPC130587554,0,0,0.80462
distilgpt2_logistic,DistilGPT2 Embeddings + Logistic Regression,MHxPC130374132,0,0,0.050355
distilgpt2_logistic,DistilGPT2 Embeddings + Logistic Regression,MHxPC130363806,0,0,0.220335
distilgpt2_logistic,DistilGPT2 Embeddings + Logistic Regression,MHxPC130134548,0,0,0.013144
distilgpt2_logistic,DistilGPT2 Embeddings + Logistic Regression,MHxPC130423682,0,0,0.004406
distilgpt2_logistic,DistilGPT2 Embeddings + Logistic Regression,MHxPC130416415,0,0,0.006906
distilgpt2_logistic,DistilGPT2 Embeddings + Logistic Regression,MHxPC130367914,0,0,0.007783
distilgpt2_logistic,DistilGPT2 Embeddings + Logistic Regression,MHxPC130435525,0,0,0.004406
distilgpt2_logistic,DistilGPT2 Embeddings + Logistic Regression,MHxPC130385887,0,0,0.005678
distilgpt2_logistic,DistilGPT2 Embeddings + Logistic Regression,MHxPC130543988,0,0,0.004406
distilgpt2_logistic,DistilGPT2 Embeddings + Logistic Regression,MHxPC130317530,0,0,0.187981
distilgpt2_logistic,DistilGPT2 Embeddings + Logistic Regression,MHxPC130449720,0,0,0.003816
distilgpt2_logistic,DistilGPT2 Embeddings + Logistic Regression,MHxPC130014411,0,0,0.458336
distilgpt2_logistic,DistilGPT2 Embeddings + Logistic Regression,MHxPC130071824,0,0,0.269288
distilgpt2_logistic,DistilGPT2 Embeddings + Logistic Regression,MHxPC130090681,0,0,0.005196
distilgpt2_logistic,DistilGPT2 Embeddings + Logistic Regression,MHxPC130507437,0,0,0.007951
distilgpt2_logistic,DistilGPT2 Embeddings + Logistic Regression,MHxPC130026440,0,0,0.009362
distilgpt2_logistic,DistilGPT2 Embeddings + Logistic Regression,MHxPC130083472,0,0,0.004512
distilgpt2_logistic,DistilGPT2 Embeddings + Logistic Regression,MHxPC130519923,0,0,0.045648
distilgpt2_logistic,DistilGPT2 Embeddings + Logistic Regression,MHxPC130127439,0,0,0.004403
distilgpt2_logistic,DistilGPT2 Embeddings + Logistic Regression,MHxPC130358938,0,0,0.319321
distilgpt2_logistic,DistilGPT2 Embeddings + Logistic Regression,MHxPC130393029,0,0,0.004406
distilgpt2_logistic,DistilGPT2 Embeddings + Logistic Regression,MHxPC130227666,0,0,0.003974
distilgpt2_logistic,DistilGPT2 Embeddings + Logistic Regression,MHxPC130060588,0,0,0.053424
distilgpt2_logistic,DistilGPT2 Embeddings + Logistic Regression,MHxPC130134019,0,0,0.006906
distilgpt2_logistic,DistilGPT2 Embeddings + Logistic Regression,MHxPC130461364,0,0,0.004406
distilgpt2_logistic,DistilGPT2 Embeddings + Logistic Regression,MHxPC130251248,0,0,0.02079
distilgpt2_logistic,DistilGPT2 Embeddings + Logistic Regression,MHxPC130028347,0,0,0.019309
distilgpt2_logistic,DistilGPT2 Embeddings + Logistic Regression,MHxPC130230866,0,0,0.006797
distilgpt2_logistic,DistilGPT2 Embeddings + Logistic Regression,MHxPC130501731,1,0,0.798452
distilgpt2_logistic,DistilGPT2 Embeddings + Logistic Regression,MHxPC130555802,0,0,0.006797
distilgpt2_logistic,DistilGPT2 Embeddings + Logistic Regression,MHxPC130469316,0,0,0.093999
distilgpt2_logistic,DistilGPT2 Embeddings + Logistic Regression,MHxPC130035106,0,0,0.006504
distilgpt2_logistic,DistilGPT2 Embeddings + Logistic Regression,MHxPC130548612,0,0,0.00736
distilgpt2_logistic,DistilGPT2 Embeddings + Logistic Regression,MHxPC130035465,0,0,0.004406
distilgpt2_logistic,DistilGPT2 Embeddings + Logistic Regression,MHxPC130535837,0,0,0.011986
distilgpt2_logistic,DistilGPT2 Embeddings + Logistic Regression,MHxPC130151318,0,0,0.05726
distilgpt2_logistic,DistilGPT2 Embeddings + Logistic Regression,MHxPC130363619,0,0,0.006947
distilgpt2_logistic,DistilGPT2 Embeddings + Logistic Regression,MHxPC130106736,0,0,0.014314
distilgpt2_logistic,DistilGPT2 Embeddings + Logistic Regression,MHxPC130425837,0,0,0.029171
distilgpt2_logistic,DistilGPT2 Embeddings + Logistic Regression,MHxPC130260387,0,0,0.006599
distilgpt2_logistic,DistilGPT2 Embeddings + Logistic Regression,MHxPC130073513,0,0,0.134959
distilgpt2_logistic,DistilGPT2 Embeddings + Logistic Regression,MHxPC130262036,0,0,0.004406
distilgpt2_logistic,DistilGPT2 Embeddings + Logistic Regression,MHxPC130091631,0,0,0.00504
distilgpt2_logistic,DistilGPT2 Embeddings + Logistic Regression,MHxPC130198330,0,0,0.004406
distilgpt2_logistic,DistilGPT2 Embeddings + Logistic Regression,MHxPC130113615,0,0,0.362317
distilgpt2_logistic,DistilGPT2 Embeddings + Logistic Regression,MHxPC130294990,0,0,0.00736
distilgpt2_logistic,DistilGPT2 Embeddings + Logistic Regression,MHxPC130207658,0,0,0.108938
distilgpt2_logistic,DistilGPT2 Embeddings + Logistic Regression,MHxPC130445599,1,0,0.737673
distilgpt2_logistic,DistilGPT2 Embeddings + Logistic Regression,MHxPC130072436,0,0,0.00736
distilgpt2_logistic,DistilGPT2 Embeddings + Logistic Regression,MHxPC130106564,0,0,0.139846
distilgpt2_logistic,DistilGPT2 Embeddings + Logistic Regression,MHxPC130414405,0,0,0.006797
distilgpt2_logistic,DistilGPT2 Embeddings + Logistic Regression,MHxPC130022976,0,0,0.006906
distilgpt2_logistic,DistilGPT2 Embeddings + Logistic Regression,MHxPC130300584,0,0,0.004512
distilgpt2_logistic,DistilGPT2 Embeddings + Logistic Regression,MHxPC130160655,0,0,0.328705
distilgpt2_logistic,DistilGPT2 Embeddings + Logistic Regression,MHxPC130426890,0,0,0.004512
distilgpt2_logistic,DistilGPT2 Embeddings + Logistic Regression,MHxPC130233901,0,0,0.101038
distilgpt2_logistic,DistilGPT2 Embeddings + Logistic Regression,MHxPC130141052,1,1,0.967329
distilgpt2_logistic,DistilGPT2 Embeddings + Logistic Regression,MHxPC130596056,0,0,0.056963
distilgpt2_logistic,DistilGPT2 Embeddings + Logistic Regression,MHxPC130345265,0,0,0.038554
distilgpt2_logistic,DistilGPT2 Embeddings + Logistic Regression,MHxPC130127842,0,0,0.00736
distilgpt2_logistic,DistilGPT2 Embeddings + Logistic Regression,MHxPC130506324,0,0,0.356585
distilgpt2_logistic,DistilGPT2 Embeddings + Logistic Regression,MHxPC130149224,0,0,0.03158
distilgpt2_logistic,DistilGPT2 Embeddings + Logistic Regression,MHxPC130085542,0,0,0.137521
distilgpt2_logistic,DistilGPT2 Embeddings + Logistic Regression,MHxPC130202995,0,0,0.509526
distilgpt2_logistic,DistilGPT2 Embeddings + Logistic Regression,MHxPC130379771,0,0,0.067903
distilgpt2_logistic,DistilGPT2 Embeddings + Logistic Regression,MHxPC130186026,0,0,0.448205
distilgpt2_logistic,DistilGPT2 Embeddings + Logistic Regression,MHxPC130205104,0,0,0.360173
distilgpt2_logistic,DistilGPT2 Embeddings + Logistic Regression,MHxPC130108070,0,0,0.044368
distilgpt2_logistic,DistilGPT2 Embeddings + Logistic Regression,MHxPC130318290,0,0,0.024793
distilgpt2_logistic,DistilGPT2 Embeddings + Logistic Regression,MHxPC130318371,0,0,0.018784
distilgpt2_logistic,DistilGPT2 Embeddings + Logistic Regression,MHxPC130222732,0,0,0.006831
distilgpt2_logistic,DistilGPT2 Embeddings + Logistic Regression,MHxPC130491591,0,0,0.003621
distilgpt2_logistic,DistilGPT2 Embeddings + Logistic Regression,MHxPC130287938,0,0,0.752672
distilgpt2_logistic,DistilGPT2 Embeddings + Logistic Regression,MHxPC130570931,0,0,0.005196
distilgpt2_logistic,DistilGPT2 Embeddings + Logistic Regression,MHxPC130515438,0,0,0.318412
distilgpt2_logistic,DistilGPT2 Embeddings + Logistic Regression,MHxPC130259024,0,0,0.004406
distilgpt2_logistic,DistilGPT2 Embeddings + Logistic Regression,MHxPC130344213,0,0,0.045101
distilgpt2_logistic,DistilGPT2 Embeddings + Logistic Regression,MHxPC130506180,0,0,0.033199
distilgpt2_logistic,DistilGPT2 Embeddings + Logistic Regression,MHxPC130449829,0,0,0.006021
distilgpt2_logistic,DistilGPT2 Embeddings + Logistic Regression,MHxPC130139501,0,0,0.008122
distilgpt2_logistic,DistilGPT2 Embeddings + Logistic Regression,MHxPC130070771,0,0,0.00736
distilgpt2_logistic,DistilGPT2 Embeddings + Logistic Regression,MHxPC130012782,0,0,0.011447
distilgpt2_logistic,DistilGPT2 Embeddings + Logistic Regression,MHxPC130505105,0,0,0.008754
distilgpt2_logistic,DistilGPT2 Embeddings + Logistic Regression,MHxPC130471315,0,0,0.006599
distilgpt2_logistic,DistilGPT2 Embeddings + Logistic Regression,MHxPC130224959,0,0,0.568888
distilgpt2_logistic,DistilGPT2 Embeddings + Logistic Regression,MHxPC130532517,0,0,0.004406
distilgpt2_logistic,DistilGPT2 Embeddings + Logistic Regression,MHxPC130149050,0,0,0.00736
distilgpt2_logistic,DistilGPT2 Embeddings + Logistic Regression,MHxPC130477776,0,0,0.139744
distilgpt2_logistic,DistilGPT2 Embeddings + Logistic Regression,MHxPC130292523,0,0,0.232315
distilgpt2_logistic,DistilGPT2 Embeddings + Logistic Regression,MHxPC130029220,0,0,0.004406
distilgpt2_logistic,DistilGPT2 Embeddings + Logistic Regression,MHxPC130125440,0,0,0.095922
distilgpt2_logistic,DistilGPT2 Embeddings + Logistic Regression,MHxPC130143328,0,0,0.007951
distilgpt2_logistic,DistilGPT2 Embeddings + Logistic Regression,MHxPC130078133,0,0,0.090397
distilgpt2_logistic,DistilGPT2 Embeddings + Logistic Regression,MHxPC130395291,0,0,0.004406
distilgpt2_logistic,DistilGPT2 Embeddings + Logistic Regression,MHxPC130126206,0,0,0.032292
distilgpt2_logistic,DistilGPT2 Embeddings + Logistic Regression,MHxPC130158792,0,0,0.006906
distilgpt2_logistic,DistilGPT2 Embeddings + Logistic Regression,MHxPC130301614,0,0,0.014198
distilgpt2_logistic,DistilGPT2 Embeddings + Logistic Regression,MHxPC130251411,0,0,0.005196
distilgpt2_logistic,DistilGPT2 Embeddings + Logistic Regression,MHxPC130268038,0,0,0.01342
distilgpt2_logistic,DistilGPT2 Embeddings + Logistic Regression,MHxPC130334705,0,0,0.004406
distilgpt2_logistic,DistilGPT2 Embeddings + Logistic Regression,MHxPC130238275,1,1,0.972231
distilgpt2_logistic,DistilGPT2 Embeddings + Logistic Regression,MHxPC130582468,0,0,0.004406
distilgpt2_logistic,DistilGPT2 Embeddings + Logistic Regression,MHxPC130406202,0,0,0.049201
distilgpt2_logistic,DistilGPT2 Embeddings + Logistic Regression,MHxPC130578761,0,0,0.112077
distilgpt2_logistic,DistilGPT2 Embeddings + Logistic Regression,MHxPC130522550,0,0,0.004512
distilgpt2_logistic,DistilGPT2 Embeddings + Logistic Regression,MHxPC130468575,0,0,0.011641
distilgpt2_logistic,DistilGPT2 Embeddings + Logistic Regression,MHxPC130476288,0,0,0.020838
distilgpt2_logistic,DistilGPT2 Embeddings + Logistic Regression,MHxPC130263865,0,0,0.063169
distilgpt2_logistic,DistilGPT2 Embeddings + Logistic Regression,MHxPC130264004,0,0,0.007199
distilgpt2_logistic,DistilGPT2 Embeddings + Logistic Regression,MHxPC130371079,0,0,0.28785
distilgpt2_logistic,DistilGPT2 Embeddings + Logistic Regression,MHxPC130461481,0,0,0.012958
distilgpt2_logistic,DistilGPT2 Embeddings + Logistic Regression,MHxPC130083741,0,0,0.051704
distilgpt2_logistic,DistilGPT2 Embeddings + Logistic Regression,MHxPC130301219,0,0,0.058755
distilgpt2_logistic,DistilGPT2 Embeddings + Logistic Regression,MHxPC130236713,0,0,0.004161
distilgpt2_logistic,DistilGPT2 Embeddings + Logistic Regression,MHxPC130037839,0,0,0.004512
distilgpt2_logistic,DistilGPT2 Embeddings + Logistic Regression,MHxPC130548423,0,0,0.006797
distilgpt2_logistic,DistilGPT2 Embeddings + Logistic Regression,MHxPC130152490,0,0,0.004512
distilgpt2_logistic,DistilGPT2 Embeddings + Logistic Regression,MHxPC130490849,0,0,0.324903
distilgpt2_logistic,DistilGPT2 Embeddings + Logistic Regression,MHxPC130296407,0,0,0.057621
distilgpt2_logistic,DistilGPT2 Embeddings + Logistic Regression,MHxPC130050866,0,0,0.02655
distilgpt2_logistic,DistilGPT2 Embeddings + Logistic Regression,MHxPC130148551,0,0,0.004406
distilgpt2_logistic,DistilGPT2 Embeddings + Logistic Regression,MHxPC130337424,0,0,0.005948
distilgpt2_logistic,DistilGPT2 Embeddings + Logistic Regression,MHxPC130261868,0,0,0.193899
distilgpt2_logistic,DistilGPT2 Embeddings + Logistic Regression,MHxPC130021222,0,0,0.130032
distilgpt2_logistic,DistilGPT2 Embeddings + Logistic Regression,MHxPC130588185,0,0,0.004512
distilgpt2_logistic,DistilGPT2 Embeddings + Logistic Regression,MHxPC130045935,0,0,0.006947
distilgpt2_logistic,DistilGPT2 Embeddings + Logistic Regression,MHxPC130365937,0,0,0.00736
distilgpt2_logistic,DistilGPT2 Embeddings + Logistic Regression,MHxPC130191643,0,0,0.023513
distilgpt2_logistic,DistilGPT2 Embeddings + Logistic Regression,MHxPC130395192,0,0,0.610672
distilgpt2_logistic,DistilGPT2 Embeddings + Logistic Regression,MHxPC130337262,0,0,0.004406
distilgpt2_logistic,DistilGPT2 Embeddings + Logistic Regression,MHxPC130038063,0,0,0.004406
distilgpt2_logistic,DistilGPT2 Embeddings + Logistic Regression,MHxPC130447659,0,0,0.004406
distilgpt2_logistic,DistilGPT2 Embeddings + Logistic Regression,MHxPC130573372,0,1,0.993287
distilgpt2_logistic,DistilGPT2 Embeddings + Logistic Regression,MHxPC130427662,0,0,0.021195
distilgpt2_logistic,DistilGPT2 Embeddings + Logistic Regression,MHxPC130208799,0,0,0.00736
distilgpt2_logistic,DistilGPT2 Embeddings + Logistic Regression,MHxPC130193540,0,0,0.003621
distilgpt2_logistic,DistilGPT2 Embeddings + Logistic Regression,MHxPC130185376,0,0,0.004406
distilgpt2_logistic,DistilGPT2 Embeddings + Logistic Regression,MHxPC130199071,0,0,0.061137
distilgpt2_logistic,DistilGPT2 Embeddings + Logistic Regression,MHxPC130093923,0,0,0.006906
distilgpt2_logistic,DistilGPT2 Embeddings + Logistic Regression,MHxPC130367894,1,1,0.967863
distilgpt2_logistic,DistilGPT2 Embeddings + Logistic Regression,MHxPC130421624,0,0,0.006335
distilgpt2_logistic,DistilGPT2 Embeddings + Logistic Regression,MHxPC130372531,0,0,0.004406
distilgpt2_logistic,DistilGPT2 Embeddings + Logistic Regression,MHxPC130229506,0,0,0.024727
distilgpt2_logistic,DistilGPT2 Embeddings + Logistic Regression,MHxPC130055927,0,0,0.004406
distilgpt2_logistic,DistilGPT2 Embeddings + Logistic Regression,MHxPC130409686,0,0,0.004512
distilgpt2_logistic,DistilGPT2 Embeddings + Logistic Regression,MHxPC130464791,0,0,0.129375
distilgpt2_logistic,DistilGPT2 Embeddings + Logistic Regression,MHxPC130515201,0,0,0.025105
distilgpt2_logistic,DistilGPT2 Embeddings + Logistic Regression,MHxPC130418042,0,0,0.006598
distilgpt2_logistic,DistilGPT2 Embeddings + Logistic Regression,MHxPC130563779,0,0,0.004512
distilgpt2_logistic,DistilGPT2 Embeddings + Logistic Regression,MHxPC130175390,0,0,0.006906
distilgpt2_logistic,DistilGPT2 Embeddings + Logistic Regression,MHxPC130345314,0,0,0.004406
distilgpt2_logistic,DistilGPT2 Embeddings + Logistic Regression,MHxPC130354678,0,0,0.003508
distilgpt2_logistic,DistilGPT2 Embeddings + Logistic Regression,MHxPC130223044,0,0,0.007039
distilgpt2_logistic,DistilGPT2 Embeddings + Logistic Regression,MHxPC130420007,0,0,0.059749
distilgpt2_logistic,DistilGPT2 Embeddings + Logistic Regression,MHxPC130286232,0,0,0.006335
distilgpt2_logistic,DistilGPT2 Embeddings + Logistic Regression,MHxPC130234439,0,0,0.248045
distilgpt2_logistic,DistilGPT2 Embeddings + Logistic Regression,MHxPC130314117,0,0,0.00463
distilgpt2_logistic,DistilGPT2 Embeddings + Logistic Regression,MHxPC130010409,0,0,0.02408
distilgpt2_logistic,DistilGPT2 Embeddings + Logistic Regression,MHxPC130021353,0,0,0.033479
distilgpt2_logistic,DistilGPT2 Embeddings + Logistic Regression,MHxPC130144417,0,0,0.669021
distilgpt2_logistic,DistilGPT2 Embeddings + Logistic Regression,MHxPC130185766,0,0,0.003265
distilgpt2_logistic,DistilGPT2 Embeddings + Logistic Regression,MHxPC130064562,0,0,0.006318
distilgpt2_logistic,DistilGPT2 Embeddings + Logistic Regression,MHxPC130151046,0,0,0.004406
distilgpt2_logistic,DistilGPT2 Embeddings + Logistic Regression,MHxPC130152126,0,0,0.004406
distilgpt2_logistic,DistilGPT2 Embeddings + Logistic Regression,MHxPC130048308,0,0,0.004512
distilgpt2_logistic,DistilGPT2 Embeddings + Logistic Regression,MHxPC130270076,0,0,0.171325
distilgpt2_logistic,DistilGPT2 Embeddings + Logistic Regression,MHxPC130291973,0,0,0.00736
distilgpt2_logistic,DistilGPT2 Embeddings + Logistic Regression,MHxPC130288187,1,1,0.987031
distilgpt2_logistic,DistilGPT2 Embeddings + Logistic Regression,MHxPC130303398,0,0,0.004406
distilgpt2_logistic,DistilGPT2 Embeddings + Logistic Regression,MHxPC130300124,0,0,0.059385
distilgpt2_logistic,DistilGPT2 Embeddings + Logistic Regression,MHxPC130576260,0,0,0.818067
distilgpt2_logistic,DistilGPT2 Embeddings + Logistic Regression,MHxPC130511908,0,0,0.042223
distilgpt2_logistic,DistilGPT2 Embeddings + Logistic Regression,MHxPC130565675,0,0,0.038515
distilgpt2_logistic,DistilGPT2 Embeddings + Logistic Regression,MHxPC130054155,0,0,0.004512
distilgpt2_logistic,DistilGPT2 Embeddings + Logistic Regression,MHxPC130543612,0,0,0.157992
distilgpt2_logistic,DistilGPT2 Embeddings + Logistic Regression,MHxPC130454657,0,0,0.012027
distilgpt2_logistic,DistilGPT2 Embeddings + Logistic Regression,MHxPC130299649,0,0,0.002934
distilgpt2_logistic,DistilGPT2 Embeddings + Logistic Regression,MHxPC130154103,0,0,0.004406
distilgpt2_logistic,DistilGPT2 Embeddings + Logistic Regression,MHxPC130381986,0,1,0.982004
distilgpt2_logistic,DistilGPT2 Embeddings + Logistic Regression,MHxPC130233512,0,0,0.0796
distilgpt2_logistic,DistilGPT2 Embeddings + Logistic Regression,MHxPC130554880,0,0,0.016661
distilgpt2_logistic,DistilGPT2 Embeddings + Logistic Regression,MHxPC130588167,0,0,0.118886
distilgpt2_logistic,DistilGPT2 Embeddings + Logistic Regression,MHxPC130584193,0,0,0.867117
distilgpt2_logistic,DistilGPT2 Embeddings + Logistic Regression,MHxPC130031280,0,0,0.023402
distilgpt2_logistic,DistilGPT2 Embeddings + Logistic Regression,MHxPC130592269,0,0,0.006318
distilgpt2_logistic,DistilGPT2 Embeddings + Logistic Regression,MHxPC130522771,0,0,0.021738
distilgpt2_logistic,DistilGPT2 Embeddings + Logistic Regression,MHxPC130319157,0,0,0.345425
distilgpt2_logistic,DistilGPT2 Embeddings + Logistic Regression,MHxPC130083240,0,0,0.004512
distilgpt2_logistic,DistilGPT2 Embeddings + Logistic Regression,MHxPC130596570,0,0,0.11066
distilgpt2_logistic,DistilGPT2 Embeddings + Logistic Regression,MHxPC130247680,0,1,0.954669
distilgpt2_logistic,DistilGPT2 Embeddings + Logistic Regression,MHxPC130356876,0,0,0.004406
distilgpt2_logistic,DistilGPT2 Embeddings + Logistic Regression,MHxPC130463392,0,0,0.007131
distilgpt2_logistic,DistilGPT2 Embeddings + Logistic Regression,MHxPC130379133,0,0,0.018784
distilgpt2_logistic,DistilGPT2 Embeddings + Logistic Regression,MHxPC130447998,0,0,0.0651
distilgpt2_logistic,DistilGPT2 Embeddings + Logistic Regression,MHxPC130176987,0,0,0.007567
distilgpt2_logistic,DistilGPT2 Embeddings + Logistic Regression,MHxPC130240067,0,0,0.012161
distilgpt2_logistic,DistilGPT2 Embeddings + Logistic Regression,MHxPC130311074,0,0,0.019252
distilgpt2_logistic,DistilGPT2 Embeddings + Logistic Regression,MHxPC130541755,0,0,0.766773
distilgpt2_logistic,DistilGPT2 Embeddings + Logistic Regression,MHxPC130528376,0,0,0.191103
distilgpt2_logistic,DistilGPT2 Embeddings + Logistic Regression,MHxPC130576956,0,0,0.007414
distilgpt2_logistic,DistilGPT2 Embeddings + Logistic Regression,MHxPC130291309,0,0,0.01968
distilgpt2_logistic,DistilGPT2 Embeddings + Logistic Regression,MHxPC130197242,0,0,0.005196
distilgpt2_logistic,DistilGPT2 Embeddings + Logistic Regression,MHxPC130186822,0,0,0.00736
distilgpt2_logistic,DistilGPT2 Embeddings + Logistic Regression,MHxPC130186415,0,0,0.011868
distilgpt2_logistic,DistilGPT2 Embeddings + Logistic Regression,MHxPC130446468,0,0,0.006797
distilgpt2_logistic,DistilGPT2 Embeddings + Logistic Regression,MHxPC130540174,0,0,0.096374
distilgpt2_logistic,DistilGPT2 Embeddings + Logistic Regression,MHxPC130226535,1,1,0.987305
distilgpt2_logistic,DistilGPT2 Embeddings + Logistic Regression,MHxPC130046957,0,0,0.003067
distilgpt2_logistic,DistilGPT2 Embeddings + Logistic Regression,MHxPC130480091,0,0,0.007772
distilgpt2_logistic,DistilGPT2 Embeddings + Logistic Regression,MHxPC130251958,0,0,0.004406
distilgpt2_logistic,DistilGPT2 Embeddings + Logistic Regression,MHxPC130224835,0,0,0.006335
distilgpt2_logistic,DistilGPT2 Embeddings + Logistic Regression,MHxPC130097572,0,0,0.007567
distilgpt2_logistic,DistilGPT2 Embeddings + Logistic Regression,MHxPC130006666,0,0,0.023152
distilgpt2_logistic,DistilGPT2 Embeddings + Logistic Regression,MHxPC130463290,0,0,0.005196
distilgpt2_logistic,DistilGPT2 Embeddings + Logistic Regression,MHxPC130595172,0,0,0.004504
distilgpt2_logistic,DistilGPT2 Embeddings + Logistic Regression,MHxPC130203772,0,0,0.214608
distilgpt2_logistic,DistilGPT2 Embeddings + Logistic Regression,MHxPC130386880,0,0,0.006797
distilgpt2_logistic,DistilGPT2 Embeddings + Logistic Regression,MHxPC130178281,0,0,0.00736
distilgpt2_logistic,DistilGPT2 Embeddings + Logistic Regression,MHxPC130205116,0,0,0.006906
distilgpt2_logistic,DistilGPT2 Embeddings + Logistic Regression,MHxPC130569640,1,0,0.807016
distilgpt2_logistic,DistilGPT2 Embeddings + Logistic Regression,MHxPC130290906,0,0,0.011974
distilgpt2_logistic,DistilGPT2 Embeddings + Logistic Regression,MHxPC130243406,0,0,0.574058
distilgpt2_logistic,DistilGPT2 Embeddings + Logistic Regression,MHxPC130122015,0,0,0.004512
distilgpt2_logistic,DistilGPT2 Embeddings + Logistic Regression,MHxPC130410488,0,0,0.011273
distilgpt2_logistic,DistilGPT2 Embeddings + Logistic Regression,MHxPC130456297,0,0,0.052644
distilgpt2_logistic,DistilGPT2 Embeddings + Logistic Regression,MHxPC130456664,0,0,0.041636
distilgpt2_logistic,DistilGPT2 Embeddings + Logistic Regression,MHxPC130175307,0,0,0.734527
distilgpt2_logistic,DistilGPT2 Embeddings + Logistic Regression,MHxPC130142274,0,0,0.223414
distilgpt2_logistic,DistilGPT2 Embeddings + Logistic Regression,MHxPC130252055,0,0,0.005678
distilgpt2_logistic,DistilGPT2 Embeddings + Logistic Regression,MHxPC130556112,0,0,0.007172
distilgpt2_logistic,DistilGPT2 Embeddings + Logistic Regression,MHxPC130541308,0,0,0.004406
distilgpt2_logistic,DistilGPT2 Embeddings + Logistic Regression,MHxPC130454279,0,0,0.063714
distilgpt2_logistic,DistilGPT2 Embeddings + Logistic Regression,MHxPC130013911,0,0,0.006797
distilgpt2_logistic,DistilGPT2 Embeddings + Logistic Regression,MHxPC130400646,0,0,0.009044
distilgpt2_logistic,DistilGPT2 Embeddings + Logistic Regression,MHxPC130430380,0,0,0.006306
distilgpt2_logistic,DistilGPT2 Embeddings + Logistic Regression,MHxPC130197763,0,0,0.017008
distilgpt2_logistic,DistilGPT2 Embeddings + Logistic Regression,MHxPC130062610,0,0,0.005669
distilgpt2_logistic,DistilGPT2 Embeddings + Logistic Regression,MHxPC130279875,0,0,0.00736
distilgpt2_logistic,DistilGPT2 Embeddings + Logistic Regression,MHxPC130218391,0,0,0.004406
distilgpt2_logistic,DistilGPT2 Embeddings + Logistic Regression,MHxPC130517976,0,0,0.537887
distilgpt2_logistic,DistilGPT2 Embeddings + Logistic Regression,MHxPC130438439,0,0,0.004325
distilgpt2_logistic,DistilGPT2 Embeddings + Logistic Regression,MHxPC130228715,0,0,0.084757
distilgpt2_logistic,DistilGPT2 Embeddings + Logistic Regression,MHxPC130586262,0,0,0.019252
distilgpt2_logistic,DistilGPT2 Embeddings + Logistic Regression,MHxPC130355009,0,0,0.019422
distilgpt2_logistic,DistilGPT2 Embeddings + Logistic Regression,MHxPC130313702,0,0,0.004406
distilgpt2_logistic,DistilGPT2 Embeddings + Logistic Regression,MHxPC130168163,0,0,0.005678
distilgpt2_logistic,DistilGPT2 Embeddings + Logistic Regression,MHxPC130594438,0,0,0.022795
distilgpt2_logistic,DistilGPT2 Embeddings + Logistic Regression,MHxPC130065676,0,0,0.012056
distilgpt2_logistic,DistilGPT2 Embeddings + Logistic Regression,MHxPC130431854,0,0,0.012047
distilgpt2_logistic,DistilGPT2 Embeddings + Logistic Regression,MHxPC130175528,0,0,0.006797
distilgpt2_logistic,DistilGPT2 Embeddings + Logistic Regression,MHxPC130439984,0,0,0.004406
distilgpt2_logistic,DistilGPT2 Embeddings + Logistic Regression,MHxPC130217578,0,0,0.006318
distilgpt2_logistic,DistilGPT2 Embeddings + Logistic Regression,MHxPC130292228,0,0,0.006797
distilgpt2_logistic,DistilGPT2 Embeddings + Logistic Regression,MHxPC130404404,0,0,0.004406
distilgpt2_logistic,DistilGPT2 Embeddings + Logistic Regression,MHxPC130123726,0,0,0.004512
distilgpt2_logistic,DistilGPT2 Embeddings + Logistic Regression,MHxPC130255791,0,0,0.038022
distilgpt2_logistic,DistilGPT2 Embeddings + Logistic Regression,MHxPC130068864,0,0,0.010651
distilgpt2_logistic,DistilGPT2 Embeddings + Logistic Regression,MHxPC130119395,0,0,0.004406
distilgpt2_logistic,DistilGPT2 Embeddings + Logistic Regression,MHxPC130419278,0,0,0.025402
distilgpt2_logistic,DistilGPT2 Embeddings + Logistic Regression,MHxPC130233948,0,0,0.006599
distilgpt2_logistic,DistilGPT2 Embeddings + Logistic Regression,MHxPC130393579,0,0,0.012605
distilgpt2_logistic,DistilGPT2 Embeddings + Logistic Regression,MHxPC130464227,0,0,0.007951
distilgpt2_logistic,DistilGPT2 Embeddings + Logistic Regression,MHxPC130258969,0,0,0.004406
distilgpt2_logistic,DistilGPT2 Embeddings + Logistic Regression,MHxPC130227221,0,0,0.004406
distilgpt2_logistic,DistilGPT2 Embeddings + Logistic Regression,MHxPC130506377,0,0,0.07881
distilgpt2_logistic,DistilGPT2 Embeddings + Logistic Regression,MHxPC130448722,0,0,0.00736
distilgpt2_logistic,DistilGPT2 Embeddings + Logistic Regression,MHxPC130302807,0,0,0.00736
distilgpt2_logistic,DistilGPT2 Embeddings + Logistic Regression,MHxPC130359398,0,0,0.012726
distilgpt2_logistic,DistilGPT2 Embeddings + Logistic Regression,MHxPC130551116,0,0,0.004406
distilgpt2_logistic,DistilGPT2 Embeddings + Logistic Regression,MHxPC130107670,0,0,0.005678
distilgpt2_logistic,DistilGPT2 Embeddings + Logistic Regression,MHxPC130089241,0,0,0.004406
distilgpt2_logistic,DistilGPT2 Embeddings + Logistic Regression,MHxPC130196999,0,0,0.064391
distilgpt2_logistic,DistilGPT2 Embeddings + Logistic Regression,MHxPC130256168,0,0,0.006906
distilgpt2_logistic,DistilGPT2 Embeddings + Logistic Regression,MHxPC130567635,0,0,0.004512
distilgpt2_logistic,DistilGPT2 Embeddings + Logistic Regression,MHxPC130210312,0,0,0.004406
distilgpt2_logistic,DistilGPT2 Embeddings + Logistic Regression,MHxPC130498994,0,0,0.004406
distilgpt2_logistic,DistilGPT2 Embeddings + Logistic Regression,MHxPC130084299,0,0,0.006099
distilgpt2_logistic,DistilGPT2 Embeddings + Logistic Regression,MHxPC130071628,0,0,0.062356
distilgpt2_logistic,DistilGPT2 Embeddings + Logistic Regression,MHxPC130501748,0,0,0.19613
distilgpt2_logistic,DistilGPT2 Embeddings + Logistic Regression,MHxPC130130777,0,0,0.004512
distilgpt2_logistic,DistilGPT2 Embeddings + Logistic Regression,MHxPC130045512,0,0,0.013105
distilgpt2_logistic,DistilGPT2 Embeddings + Logistic Regression,MHxPC130456938,0,0,0.008754
distilgpt2_logistic,DistilGPT2 Embeddings + Logistic Regression,MHxPC130374741,0,0,0.008546
distilgpt2_logistic,DistilGPT2 Embeddings + Logistic Regression,MHxPC130562576,0,0,0.028843
distilgpt2_logistic,DistilGPT2 Embeddings + Logistic Regression,MHxPC130021492,0,0,0.00736
distilgpt2_logistic,DistilGPT2 Embeddings + Logistic Regression,MHxPC130020004,0,0,0.007172
distilgpt2_logistic,DistilGPT2 Embeddings + Logistic Regression,MHxPC130237913,0,0,0.004406
distilgpt2_logistic,DistilGPT2 Embeddings + Logistic Regression,MHxPC130349561,0,0,0.050638
distilgpt2_logistic,DistilGPT2 Embeddings + Logistic Regression,MHxPC130426848,0,0,0.723359
distilgpt2_logistic,DistilGPT2 Embeddings + Logistic Regression,MHxPC130392820,0,0,0.009248
distilgpt2_logistic,DistilGPT2 Embeddings + Logistic Regression,MHxPC130560262,0,1,0.989874
distilgpt2_logistic,DistilGPT2 Embeddings + Logistic Regression,MHxPC130138480,0,0,0.183331
distilgpt2_logistic,DistilGPT2 Embeddings + Logistic Regression,MHxPC130375875,0,0,0.004512
distilgpt2_logistic,DistilGPT2 Embeddings + Logistic Regression,MHxPC130279823,0,0,0.007039
distilgpt2_logistic,DistilGPT2 Embeddings + Logistic Regression,MHxPC130246293,0,0,0.005992
distilgpt2_logistic,DistilGPT2 Embeddings + Logistic Regression,MHxPC130359272,0,0,0.018793
distilgpt2_logistic,DistilGPT2 Embeddings + Logistic Regression,MHxPC130300988,0,0,0.006519
distilgpt2_logistic,DistilGPT2 Embeddings + Logistic Regression,MHxPC130230792,0,0,0.018065
distilgpt2_logistic,DistilGPT2 Embeddings + Logistic Regression,MHxPC130264574,0,0,0.004512
distilgpt2_logistic,DistilGPT2 Embeddings + Logistic Regression,MHxPC130290282,0,0,0.006906
distilgpt2_logistic,DistilGPT2 Embeddings + Logistic Regression,MHxPC130497676,0,0,0.006205
distilgpt2_logistic,DistilGPT2 Embeddings + Logistic Regression,MHxPC130040523,0,0,0.0069
distilgpt2_logistic,DistilGPT2 Embeddings + Logistic Regression,MHxPC130112696,0,1,0.967125
distilgpt2_logistic,DistilGPT2 Embeddings + Logistic Regression,MHxPC130536833,0,0,0.03346
distilgpt2_logistic,DistilGPT2 Embeddings + Logistic Regression,MHxPC130525427,0,0,0.027586
distilgpt2_logistic,DistilGPT2 Embeddings + Logistic Regression,MHxPC130382695,0,0,0.004406
distilgpt2_logistic,DistilGPT2 Embeddings + Logistic Regression,MHxPC130479519,0,0,0.001597
distilgpt2_logistic,DistilGPT2 Embeddings + Logistic Regression,MHxPC130564143,0,0,0.004512
distilgpt2_logistic,DistilGPT2 Embeddings + Logistic Regression,MHxPC130332759,0,0,0.022026
distilgpt2_logistic,DistilGPT2 Embeddings + Logistic Regression,MHxPC130423649,0,0,0.016347
distilgpt2_logistic,DistilGPT2 Embeddings + Logistic Regression,MHxPC130489563,0,0,0.004512
distilgpt2_logistic,DistilGPT2 Embeddings + Logistic Regression,MHxPC130152260,0,0,0.004512
distilgpt2_logistic,DistilGPT2 Embeddings + Logistic Regression,MHxPC130456997,0,0,0.008984
distilgpt2_logistic,DistilGPT2 Embeddings + Logistic Regression,MHxPC130235531,0,0,0.031131
distilgpt2_logistic,DistilGPT2 Embeddings + Logistic Regression,MHxPC130396543,0,0,0.147507
distilgpt2_logistic,DistilGPT2 Embeddings + Logistic Regression,MHxPC130485096,0,0,0.051214
distilgpt2_logistic,DistilGPT2 Embeddings + Logistic Regression,MHxPC130249472,1,1,0.888516
distilgpt2_logistic,DistilGPT2 Embeddings + Logistic Regression,MHxPC130329417,0,0,0.06877
distilgpt2_logistic,DistilGPT2 Embeddings + Logistic Regression,MHxPC130574493,0,0,0.004406
distilgpt2_logistic,DistilGPT2 Embeddings + Logistic Regression,MHxPC130167815,1,1,0.993079
distilgpt2_logistic,DistilGPT2 Embeddings + Logistic Regression,MHxPC130015501,0,0,0.00736
distilgpt2_logistic,DistilGPT2 Embeddings + Logistic Regression,MHxPC130266008,0,0,0.123217
distilgpt2_logistic,DistilGPT2 Embeddings + Logistic Regression,MHxPC130332177,0,0,0.004512
distilgpt2_logistic,DistilGPT2 Embeddings + Logistic Regression,MHxPC130085560,0,0,0.004406
distilgpt2_logistic,DistilGPT2 Embeddings + Logistic Regression,MHxPC130013946,0,0,0.666333
distilgpt2_logistic,DistilGPT2 Embeddings + Logistic Regression,MHxPC130037094,0,0,0.004512
distilgpt2_logistic,DistilGPT2 Embeddings + Logistic Regression,MHxPC130303617,0,0,0.004608
distilgpt2_logistic,DistilGPT2 Embeddings + Logistic Regression,MHxPC130392121,0,0,0.004406
distilgpt2_logistic,DistilGPT2 Embeddings + Logistic Regression,MHxPC130004625,0,0,0.004512
distilgpt2_logistic,DistilGPT2 Embeddings + Logistic Regression,MHxPC130335023,0,0,0.00736
distilgpt2_logistic,DistilGPT2 Embeddings + Logistic Regression,MHxPC130159246,0,0,0.008754
distilgpt2_logistic,DistilGPT2 Embeddings + Logistic Regression,MHxPC130074170,1,0,0.873171
distilgpt2_logistic,DistilGPT2 Embeddings + Logistic Regression,MHxPC130534684,0,0,0.004839
distilgpt2_logistic,DistilGPT2 Embeddings + Logistic Regression,MHxPC130571659,0,0,0.004406
distilgpt2_logistic,DistilGPT2 Embeddings + Logistic Regression,MHxPC130177286,0,0,0.087702
distilgpt2_logistic,DistilGPT2 Embeddings + Logistic Regression,MHxPC130000968,0,0,0.056488
distilgpt2_logistic,DistilGPT2 Embeddings + Logistic Regression,MHxPC130181617,0,0,0.005464
distilgpt2_logistic,DistilGPT2 Embeddings + Logistic Regression,MHxPC130501064,0,0,0.012655
distilgpt2_logistic,DistilGPT2 Embeddings + Logistic Regression,MHxPC130548960,0,0,0.00736
distilgpt2_logistic,DistilGPT2 Embeddings + Logistic Regression,MHxPC130204436,0,0,0.005678
distilgpt2_logistic,DistilGPT2 Embeddings + Logistic Regression,MHxPC130225077,0,0,0.004512
distilgpt2_logistic,DistilGPT2 Embeddings + Logistic Regression,MHxPC130316696,0,0,0.007039
distilgpt2_logistic,DistilGPT2 Embeddings + Logistic Regression,MHxPC130168965,0,0,0.00736
distilgpt2_logistic,DistilGPT2 Embeddings + Logistic Regression,MHxPC130590391,0,0,0.07265
distilgpt2_logistic,DistilGPT2 Embeddings + Logistic Regression,MHxPC130259791,0,0,0.004512
distilgpt2_logistic,DistilGPT2 Embeddings + Logistic Regression,MHxPC130253483,0,1,0.909222
distilgpt2_logistic,DistilGPT2 Embeddings + Logistic Regression,MHxPC130081276,0,0,0.272014
distilgpt2_logistic,DistilGPT2 Embeddings + Logistic Regression,MHxPC130101320,0,0,0.016503
distilgpt2_logistic,DistilGPT2 Embeddings + Logistic Regression,MHxPC130474663,0,0,0.009719
distilgpt2_logistic,DistilGPT2 Embeddings + Logistic Regression,MHxPC130570969,0,0,0.00736
distilgpt2_logistic,DistilGPT2 Embeddings + Logistic Regression,MHxPC130349871,0,0,0.007951
distilgpt2_logistic,DistilGPT2 Embeddings + Logistic Regression,MHxPC130548581,0,0,0.004406
distilgpt2_logistic,DistilGPT2 Embeddings + Logistic Regression,MHxPC130463621,0,0,0.004512
distilgpt2_logistic,DistilGPT2 Embeddings + Logistic Regression,MHxPC130315893,0,0,0.005196
distilgpt2_logistic,DistilGPT2 Embeddings + Logistic Regression,MHxPC130333253,1,0,0.878987
distilgpt2_logistic,DistilGPT2 Embeddings + Logistic Regression,MHxPC130502988,0,0,0.06969
distilgpt2_logistic,DistilGPT2 Embeddings + Logistic Regression,MHxPC130466127,0,0,0.00736
distilgpt2_logistic,DistilGPT2 Embeddings + Logistic Regression,MHxPC130209821,0,0,0.004512
distilgpt2_logistic,DistilGPT2 Embeddings + Logistic Regression,MHxPC130105330,0,0,0.006797
distilgpt2_logistic,DistilGPT2 Embeddings + Logistic Regression,MHxPC130557414,0,0,0.025525
distilgpt2_logistic,DistilGPT2 Embeddings + Logistic Regression,MHxPC130269632,0,0,0.471361
distilgpt2_logistic,DistilGPT2 Embeddings + Logistic Regression,MHxPC130233710,0,0,0.019519
distilgpt2_logistic,DistilGPT2 Embeddings + Logistic Regression,MHxPC130253445,0,0,0.068627
distilgpt2_logistic,DistilGPT2 Embeddings + Logistic Regression,MHxPC130184392,0,0,0.00736
distilgpt2_logistic,DistilGPT2 Embeddings + Logistic Regression,MHxPC130200172,0,0,0.007966
distilgpt2_logistic,DistilGPT2 Embeddings + Logistic Regression,MHxPC130377502,0,0,0.004406
distilgpt2_logistic,DistilGPT2 Embeddings + Logistic Regression,MHxPC130002794,0,0,0.029004
distilgpt2_logistic,DistilGPT2 Embeddings + Logistic Regression,MHxPC130554140,0,0,0.004512
distilgpt2_logistic,DistilGPT2 Embeddings + Logistic Regression,MHxPC130235282,0,0,0.041385
distilgpt2_logistic,DistilGPT2 Embeddings + Logistic Regression,MHxPC130160451,0,0,0.014394
distilgpt2_logistic,DistilGPT2 Embeddings + Logistic Regression,MHxPC130233985,0,0,0.005196
distilgpt2_logistic,DistilGPT2 Embeddings + Logistic Regression,MHxPC130053716,0,0,0.198306
distilgpt2_logistic,DistilGPT2 Embeddings + Logistic Regression,MHxPC130222673,0,0,0.028663
distilgpt2_logistic,DistilGPT2 Embeddings + Logistic Regression,MHxPC130172315,0,0,0.016347
distilgpt2_logistic,DistilGPT2 Embeddings + Logistic Regression,MHxPC130256767,0,0,0.004406
distilgpt2_logistic,DistilGPT2 Embeddings + Logistic Regression,MHxPC130214939,0,0,0.168624
distilgpt2_logistic,DistilGPT2 Embeddings + Logistic Regression,MHxPC130506228,0,0,0.006599
distilgpt2_logistic,DistilGPT2 Embeddings + Logistic Regression,MHxPC130513733,0,0,0.026929
distilgpt2_logistic,DistilGPT2 Embeddings + Logistic Regression,MHxPC130060367,0,0,0.016885
distilgpt2_logistic,DistilGPT2 Embeddings + Logistic Regression,MHxPC130213819,0,0,0.018751
distilgpt2_logistic,DistilGPT2 Embeddings + Logistic Regression,MHxPC130267570,0,0,0.004862
distilgpt2_logistic,DistilGPT2 Embeddings + Logistic Regression,MHxPC130555519,0,0,0.015569
distilgpt2_logistic,DistilGPT2 Embeddings + Logistic Regression,MHxPC130372217,0,0,0.021028
distilgpt2_logistic,DistilGPT2 Embeddings + Logistic Regression,MHxPC130026099,0,0,0.005003
distilgpt2_logistic,DistilGPT2 Embeddings + Logistic Regression,MHxPC130571119,0,0,0.004512
distilgpt2_logistic,DistilGPT2 Embeddings + Logistic Regression,MHxPC130193997,0,0,0.109429
distilgpt2_logistic,DistilGPT2 Embeddings + Logistic Regression,MHxPC130098444,0,0,0.373477
distilgpt2_logistic,DistilGPT2 Embeddings + Logistic Regression,MHxPC130434985,0,0,0.004512
distilgpt2_logistic,DistilGPT2 Embeddings + Logistic Regression,MHxPC130487939,0,0,0.015566
distilgpt2_logistic,DistilGPT2 Embeddings + Logistic Regression,MHxPC130154580,0,0,0.078923
distilgpt2_logistic,DistilGPT2 Embeddings + Logistic Regression,MHxPC130263899,0,0,0.039226
distilgpt2_logistic,DistilGPT2 Embeddings + Logistic Regression,MHxPC130060518,0,0,0.004406
distilgpt2_logistic,DistilGPT2 Embeddings + Logistic Regression,MHxPC130135208,0,0,0.106676
distilgpt2_logistic,DistilGPT2 Embeddings + Logistic Regression,MHxPC130102271,0,0,0.014501
distilgpt2_logistic,DistilGPT2 Embeddings + Logistic Regression,MHxPC130088590,0,0,0.004512
distilgpt2_logistic,DistilGPT2 Embeddings + Logistic Regression,MHxPC130426210,0,0,0.007244
distilgpt2_logistic,DistilGPT2 Embeddings + Logistic Regression,MHxPC130349429,0,0,0.008028
distilgpt2_logistic,DistilGPT2 Embeddings + Logistic Regression,MHxPC130335025,0,0,0.043254
distilgpt2_logistic,DistilGPT2 Embeddings + Logistic Regression,MHxPC130301688,0,0,0.00736
distilgpt2_logistic,DistilGPT2 Embeddings + Logistic Regression,MHxPC130120773,0,0,0.03215
distilgpt2_logistic,DistilGPT2 Embeddings + Logistic Regression,MHxPC130156412,0,0,0.013536
distilgpt2_logistic,DistilGPT2 Embeddings + Logistic Regression,MHxPC130261329,0,0,0.00736
distilgpt2_logistic,DistilGPT2 Embeddings + Logistic Regression,MHxPC130361954,0,0,0.006039
distilgpt2_logistic,DistilGPT2 Embeddings + Logistic Regression,MHxPC130450998,0,0,0.018805
distilgpt2_logistic,DistilGPT2 Embeddings + Logistic Regression,MHxPC130183842,0,0,0.004512
distilgpt2_logistic,DistilGPT2 Embeddings + Logistic Regression,MHxPC130565742,0,0,0.428742
distilgpt2_logistic,DistilGPT2 Embeddings + Logistic Regression,MHxPC130483428,0,0,0.00736
distilgpt2_logistic,DistilGPT2 Embeddings + Logistic Regression,MHxPC130117435,0,0,0.480988
distilgpt2_logistic,DistilGPT2 Embeddings + Logistic Regression,MHxPC130038394,0,0,0.053867
distilgpt2_logistic,DistilGPT2 Embeddings + Logistic Regression,MHxPC130431016,0,1,0.929419
distilgpt2_logistic,DistilGPT2 Embeddings + Logistic Regression,MHxPC130184011,0,0,0.06876
distilgpt2_logistic,DistilGPT2 Embeddings + Logistic Regression,MHxPC130039051,0,0,0.002403
distilgpt2_logistic,DistilGPT2 Embeddings + Logistic Regression,MHxPC130493252,0,0,0.004406
distilgpt2_logistic,DistilGPT2 Embeddings + Logistic Regression,MHxPC130116726,0,0,0.03898
distilgpt2_logistic,DistilGPT2 Embeddings + Logistic Regression,MHxPC130348638,0,0,0.006906
distilgpt2_logistic,DistilGPT2 Embeddings + Logistic Regression,MHxPC130131555,0,0,0.022611
distilgpt2_logistic,DistilGPT2 Embeddings + Logistic Regression,MHxPC130509019,0,0,0.004406
distilgpt2_logistic,DistilGPT2 Embeddings + Logistic Regression,MHxPC130524248,0,0,0.016661
distilgpt2_logistic,DistilGPT2 Embeddings + Logistic Regression,MHxPC130125404,0,0,0.017994
distilgpt2_logistic,DistilGPT2 Embeddings + Logistic Regression,MHxPC130087874,0,0,0.004512
distilgpt2_logistic,DistilGPT2 Embeddings + Logistic Regression,MHxPC130427196,0,0,0.068829
distilgpt2_logistic,DistilGPT2 Embeddings + Logistic Regression,MHxPC130266559,0,0,0.022545
distilgpt2_logistic,DistilGPT2 Embeddings + Logistic Regression,MHxPC130199722,0,0,0.00736
distilgpt2_logistic,DistilGPT2 Embeddings + Logistic Regression,MHxPC130434745,0,0,0.011447
distilgpt2_logistic,DistilGPT2 Embeddings + Logistic Regression,MHxPC130394934,0,0,0.037454
distilgpt2_logistic,DistilGPT2 Embeddings + Logistic Regression,MHxPC130044133,0,0,0.486522
distilgpt2_logistic,DistilGPT2 Embeddings + Logistic Regression,MHxPC130359714,0,0,0.005948
distilgpt2_logistic,DistilGPT2 Embeddings + Logistic Regression,MHxPC130560569,0,0,0.100854
distilgpt2_logistic,DistilGPT2 Embeddings + Logistic Regression,MHxPC130499847,0,0,0.004406
distilgpt2_logistic,DistilGPT2 Embeddings + Logistic Regression,MHxPC130371864,0,0,0.006797
distilgpt2_logistic,DistilGPT2 Embeddings + Logistic Regression,MHxPC130020920,0,0,0.009762
distilgpt2_logistic,DistilGPT2 Embeddings + Logistic Regression,MHxPC130152633,0,0,0.011488
distilgpt2_logistic,DistilGPT2 Embeddings + Logistic Regression,MHxPC130057445,0,0,0.076172
distilgpt2_logistic,DistilGPT2 Embeddings + Logistic Regression,MHxPC130272019,0,0,0.018212
distilgpt2_logistic,DistilGPT2 Embeddings + Logistic Regression,MHxPC130299163,0,0,0.00736
distilgpt2_logistic,DistilGPT2 Embeddings + Logistic Regression,MHxPC130541622,0,0,0.604215
distilgpt2_logistic,DistilGPT2 Embeddings + Logistic Regression,MHxPC130310092,0,0,0.00736
distilgpt2_logistic,DistilGPT2 Embeddings + Logistic Regression,MHxPC130229272,0,0,0.005678
distilgpt2_logistic,DistilGPT2 Embeddings + Logistic Regression,MHxPC130078020,1,0,0.247723
distilgpt2_logistic,DistilGPT2 Embeddings + Logistic Regression,MHxPC130403848,0,0,0.006906
distilgpt2_logistic,DistilGPT2 Embeddings + Logistic Regression,MHxPC130459467,0,0,0.129756
distilgpt2_logistic,DistilGPT2 Embeddings + Logistic Regression,MHxPC130392461,0,0,0.006797
distilgpt2_logistic,DistilGPT2 Embeddings + Logistic Regression,MHxPC130132423,0,0,0.024598
distilgpt2_logistic,DistilGPT2 Embeddings + Logistic Regression,MHxPC130567945,0,0,0.004991
distilgpt2_logistic,DistilGPT2 Embeddings + Logistic Regression,MHxPC130086720,0,0,0.005678
distilgpt2_logistic,DistilGPT2 Embeddings + Logistic Regression,MHxPC130084325,0,0,0.03651
distilgpt2_logistic,DistilGPT2 Embeddings + Logistic Regression,MHxPC130440171,0,0,0.14494
distilgpt2_logistic,DistilGPT2 Embeddings + Logistic Regression,MHxPC130136501,0,0,0.00736
distilgpt2_logistic,DistilGPT2 Embeddings + Logistic Regression,MHxPC130469216,0,0,0.039952
distilgpt2_logistic,DistilGPT2 Embeddings + Logistic Regression,MHxPC130182893,0,1,0.880551
distilgpt2_logistic,DistilGPT2 Embeddings + Logistic Regression,MHxPC130326238,0,0,0.005196
distilgpt2_logistic,DistilGPT2 Embeddings + Logistic Regression,MHxPC130035030,0,0,0.015305
distilgpt2_logistic,DistilGPT2 Embeddings + Logistic Regression,MHxPC130156516,0,0,0.014674
distilgpt2_logistic,DistilGPT2 Embeddings + Logistic Regression,MHxPC130231007,0,0,0.055725
distilgpt2_logistic,DistilGPT2 Embeddings + Logistic Regression,MHxPC130119029,0,0,0.016347
distilgpt2_logistic,DistilGPT2 Embeddings + Logistic Regression,MHxPC130045168,0,0,0.008537
distilgpt2_logistic,DistilGPT2 Embeddings + Logistic Regression,MHxPC130442583,0,0,0.050938
distilgpt2_logistic,DistilGPT2 Embeddings + Logistic Regression,MHxPC130388995,0,0,0.007567
distilgpt2_logistic,DistilGPT2 Embeddings + Logistic Regression,MHxPC130209242,0,0,0.004406
distilgpt2_logistic,DistilGPT2 Embeddings + Logistic Regression,MHxPC130222823,0,1,0.963169
distilgpt2_logistic,DistilGPT2 Embeddings + Logistic Regression,MHxPC130233488,0,0,0.007567
distilgpt2_logistic,DistilGPT2 Embeddings + Logistic Regression,MHxPC130082003,0,0,0.004406
distilgpt2_logistic,DistilGPT2 Embeddings + Logistic Regression,MHxPC130298737,1,1,0.994258
distilgpt2_logistic,DistilGPT2 Embeddings + Logistic Regression,MHxPC130395989,0,0,0.004406
distilgpt2_logistic,DistilGPT2 Embeddings + Logistic Regression,MHxPC130567710,0,0,0.006947
distilgpt2_logistic,DistilGPT2 Embeddings + Logistic Regression,MHxPC130091783,0,0,0.00736
distilgpt2_logistic,DistilGPT2 Embeddings + Logistic Regression,MHxPC130314877,0,0,0.004802
distilgpt2_logistic,DistilGPT2 Embeddings + Logistic Regression,MHxPC130147508,0,0,0.058354
distilgpt2_logistic,DistilGPT2 Embeddings + Logistic Regression,MHxPC130374731,0,0,0.005669
distilgpt2_logistic,DistilGPT2 Embeddings + Logistic Regression,MHxPC130579602,0,0,0.006906
distilgpt2_logistic,DistilGPT2 Embeddings + Logistic Regression,MHxPC130361338,0,0,0.006318
distilgpt2_logistic,DistilGPT2 Embeddings + Logistic Regression,MHxPC130440096,0,0,0.00736
distilgpt2_logistic,DistilGPT2 Embeddings + Logistic Regression,MHxPC130475341,0,0,0.007039
distilgpt2_logistic,DistilGPT2 Embeddings + Logistic Regression,MHxPC130410989,0,0,0.007998
distilgpt2_logistic,DistilGPT2 Embeddings + Logistic Regression,MHxPC130156541,0,0,0.00134
distilgpt2_logistic,DistilGPT2 Embeddings + Logistic Regression,MHxPC130110306,0,0,0.035333
distilgpt2_logistic,DistilGPT2 Embeddings + Logistic Regression,MHxPC130454961,0,0,0.004406
distilgpt2_logistic,DistilGPT2 Embeddings + Logistic Regression,MHxPC130000160,0,0,0.006797
distilgpt2_logistic,DistilGPT2 Embeddings + Logistic Regression,MHxPC130090389,0,0,0.009762
distilgpt2_logistic,DistilGPT2 Embeddings + Logistic Regression,MHxPC130123365,0,0,0.011514
distilgpt2_logistic,DistilGPT2 Embeddings + Logistic Regression,MHxPC130171705,0,0,0.007951
distilgpt2_logistic,DistilGPT2 Embeddings + Logistic Regression,MHxPC130360405,0,0,0.004618
distilgpt2_logistic,DistilGPT2 Embeddings + Logistic Regression,MHxPC130504554,0,0,0.042619
distilgpt2_logistic,DistilGPT2 Embeddings + Logistic Regression,MHxPC130402630,0,0,0.004406
distilgpt2_logistic,DistilGPT2 Embeddings + Logistic Regression,MHxPC130084775,0,0,0.027791
distilgpt2_logistic,DistilGPT2 Embeddings + Logistic Regression,MHxPC130587954,0,0,0.011986
distilgpt2_logistic,DistilGPT2 Embeddings + Logistic Regression,MHxPC130168189,0,0,0.004512
distilgpt2_logistic,DistilGPT2 Embeddings + Logistic Regression,MHxPC130595533,0,0,0.064944
distilgpt2_logistic,DistilGPT2 Embeddings + Logistic Regression,MHxPC130144680,0,0,0.355307
distilgpt2_logistic,DistilGPT2 Embeddings + Logistic Regression,MHxPC130408825,0,0,0.070747
distilgpt2_logistic,DistilGPT2 Embeddings + Logistic Regression,MHxPC130297912,0,0,0.07284
distilgpt2_logistic,DistilGPT2 Embeddings + Logistic Regression,MHxPC130351600,0,0,0.006906
distilgpt2_logistic,DistilGPT2 Embeddings + Logistic Regression,MHxPC130180808,0,0,0.113371
distilgpt2_logistic,DistilGPT2 Embeddings + Logistic Regression,MHxPC130130289,0,0,0.087593
distilgpt2_logistic,DistilGPT2 Embeddings + Logistic Regression,MHxPC130424901,0,1,0.939066
distilgpt2_logistic,DistilGPT2 Embeddings + Logistic Regression,MHxPC130140504,0,0,0.054606
distilgpt2_logistic,DistilGPT2 Embeddings + Logistic Regression,MHxPC130328127,0,0,0.139892
distilgpt2_logistic,DistilGPT2 Embeddings + Logistic Regression,MHxPC130517048,0,0,0.006598
distilgpt2_logistic,DistilGPT2 Embeddings + Logistic Regression,MHxPC130471619,0,0,0.016282
distilgpt2_logistic,DistilGPT2 Embeddings + Logistic Regression,MHxPC130091756,0,0,0.005948
distilgpt2_logistic,DistilGPT2 Embeddings + Logistic Regression,MHxPC130352157,0,0,0.048287
distilgpt2_logistic,DistilGPT2 Embeddings + Logistic Regression,MHxPC130148323,0,0,0.051523
distilgpt2_logistic,DistilGPT2 Embeddings + Logistic Regression,MHxPC130300970,0,0,0.018979
distilgpt2_logistic,DistilGPT2 Embeddings + Logistic Regression,MHxPC130571040,0,0,0.019112
distilgpt2_logistic,DistilGPT2 Embeddings + Logistic Regression,MHxPC130315864,0,0,0.030906
distilgpt2_logistic,DistilGPT2 Embeddings + Logistic Regression,MHxPC130460571,0,0,0.004406
distilgpt2_logistic,DistilGPT2 Embeddings + Logistic Regression,MHxPC130467513,0,0,0.041815
distilgpt2_logistic,DistilGPT2 Embeddings + Logistic Regression,MHxPC130159836,0,0,0.004406
distilgpt2_logistic,DistilGPT2 Embeddings + Logistic Regression,MHxPC130319725,0,0,0.005678
distilgpt2_logistic,DistilGPT2 Embeddings + Logistic Regression,MHxPC130149576,0,0,0.006906
distilgpt2_logistic,DistilGPT2 Embeddings + Logistic Regression,MHxPC130499885,0,0,0.004406
distilgpt2_logistic,DistilGPT2 Embeddings + Logistic Regression,MHxPC130212966,0,0,0.015394
distilgpt2_logistic,DistilGPT2 Embeddings + Logistic Regression,MHxPC130525123,0,0,0.004406
distilgpt2_logistic,DistilGPT2 Embeddings + Logistic Regression,MHxPC130339172,0,0,0.008712
distilgpt2_logistic,DistilGPT2 Embeddings + Logistic Regression,MHxPC130325557,0,0,0.009752
distilgpt2_logistic,DistilGPT2 Embeddings + Logistic Regression,MHxPC130088148,0,0,0.011407
distilgpt2_logistic,DistilGPT2 Embeddings + Logistic Regression,MHxPC130453436,0,0,0.055593
distilgpt2_logistic,DistilGPT2 Embeddings + Logistic Regression,MHxPC130174686,0,0,0.006797
distilgpt2_logistic,DistilGPT2 Embeddings + Logistic Regression,MHxPC130591627,0,0,0.03159
distilgpt2_logistic,DistilGPT2 Embeddings + Logistic Regression,MHxPC130545997,0,0,0.00736
distilgpt2_logistic,DistilGPT2 Embeddings + Logistic Regression,MHxPC130337746,0,0,0.006797
distilgpt2_logistic,DistilGPT2 Embeddings + Logistic Regression,MHxPC130111838,0,0,0.004512
distilgpt2_logistic,DistilGPT2 Embeddings + Logistic Regression,MHxPC130085902,0,0,0.00694
distilgpt2_logistic,DistilGPT2 Embeddings + Logistic Regression,MHxPC130526336,0,0,0.320376
distilgpt2_logistic,DistilGPT2 Embeddings + Logistic Regression,MHxPC130486519,0,0,0.034146
distilgpt2_logistic,DistilGPT2 Embeddings + Logistic Regression,MHxPC130285235,0,0,0.04894
distilgpt2_logistic,DistilGPT2 Embeddings + Logistic Regression,MHxPC130411664,0,0,0.006306
distilgpt2_logistic,DistilGPT2 Embeddings + Logistic Regression,MHxPC130436683,0,0,0.019115
distilgpt2_logistic,DistilGPT2 Embeddings + Logistic Regression,MHxPC130380789,0,0,0.004406
distilgpt2_logistic,DistilGPT2 Embeddings + Logistic Regression,MHxPC130169370,0,0,0.00736
distilgpt2_logistic,DistilGPT2 Embeddings + Logistic Regression,MHxPC130285555,0,0,0.034959
distilgpt2_logistic,DistilGPT2 Embeddings + Logistic Regression,MHxPC130001565,0,0,0.010994
distilgpt2_logistic,DistilGPT2 Embeddings + Logistic Regression,MHxPC130001892,0,0,0.007131
distilgpt2_logistic,DistilGPT2 Embeddings + Logistic Regression,MHxPC130169397,0,0,0.396424
distilgpt2_logistic,DistilGPT2 Embeddings + Logistic Regression,MHxPC130155244,0,0,0.004406
distilgpt2_logistic,DistilGPT2 Embeddings + Logistic Regression,MHxPC130533719,0,0,0.326954
distilgpt2_logistic,DistilGPT2 Embeddings + Logistic Regression,MHxPC130122957,0,0,0.565518
distilgpt2_logistic,DistilGPT2 Embeddings + Logistic Regression,MHxPC130296647,0,0,0.076301
distilgpt2_logistic,DistilGPT2 Embeddings + Logistic Regression,MHxPC130582162,0,0,0.259268
distilgpt2_logistic,DistilGPT2 Embeddings + Logistic Regression,MHxPC130152682,0,0,0.004406
distilgpt2_logistic,DistilGPT2 Embeddings + Logistic Regression,MHxPC130139312,0,0,0.107292
distilgpt2_logistic,DistilGPT2 Embeddings + Logistic Regression,MHxPC130102506,0,0,0.006947
distilgpt2_logistic,DistilGPT2 Embeddings + Logistic Regression,MHxPC130460438,0,0,0.006335
distilgpt2_logistic,DistilGPT2 Embeddings + Logistic Regression,MHxPC130195218,0,0,0.00736
distilgpt2_logistic,DistilGPT2 Embeddings + Logistic Regression,MHxPC130576263,0,0,0.021831
distilgpt2_logistic,DistilGPT2 Embeddings + Logistic Regression,MHxPC130528844,0,0,0.079465
distilgpt2_logistic,DistilGPT2 Embeddings + Logistic Regression,MHxPC130589507,0,0,0.004406
distilgpt2_logistic,DistilGPT2 Embeddings + Logistic Regression,MHxPC130296936,0,0,0.004406
distilgpt2_logistic,DistilGPT2 Embeddings + Logistic Regression,MHxPC130318426,1,1,0.920529
distilgpt2_logistic,DistilGPT2 Embeddings + Logistic Regression,MHxPC130039658,0,0,0.025572
distilgpt2_logistic,DistilGPT2 Embeddings + Logistic Regression,MHxPC130524942,1,0,0.130071
distilgpt2_logistic,DistilGPT2 Embeddings + Logistic Regression,MHxPC130440815,0,0,0.025877
distilgpt2_logistic,DistilGPT2 Embeddings + Logistic Regression,MHxPC130497376,0,0,0.006906
distilgpt2_logistic,DistilGPT2 Embeddings + Logistic Regression,MHxPC130419112,0,0,0.020757
distilgpt2_logistic,DistilGPT2 Embeddings + Logistic Regression,MHxPC130477921,0,0,0.015813
distilgpt2_logistic,DistilGPT2 Embeddings + Logistic Regression,MHxPC130399017,0,0,0.030999
distilgpt2_logistic,DistilGPT2 Embeddings + Logistic Regression,MHxPC130448050,0,0,0.004607
distilgpt2_logistic,DistilGPT2 Embeddings + Logistic Regression,MHxPC130184163,0,0,0.053786
distilgpt2_logistic,DistilGPT2 Embeddings + Logistic Regression,MHxPC130009380,0,0,0.004512
distilgpt2_logistic,DistilGPT2 Embeddings + Logistic Regression,MHxPC130167655,0,0,0.093867
distilgpt2_logistic,DistilGPT2 Embeddings + Logistic Regression,MHxPC130000457,0,0,0.085479
distilgpt2_logistic,DistilGPT2 Embeddings + Logistic Regression,MHxPC130162621,0,0,0.00736
distilgpt2_logistic,DistilGPT2 Embeddings + Logistic Regression,MHxPC130077465,0,0,0.005678
distilgpt2_logistic,DistilGPT2 Embeddings + Logistic Regression,MHxPC130433986,0,0,0.006797
distilgpt2_logistic,DistilGPT2 Embeddings + Logistic Regression,MHxPC130511814,0,0,0.00736
distilgpt2_logistic,DistilGPT2 Embeddings + Logistic Regression,MHxPC130474416,0,0,0.01752
distilgpt2_logistic,DistilGPT2 Embeddings + Logistic Regression,MHxPC130556569,0,0,0.004512
distilgpt2_logistic,DistilGPT2 Embeddings + Logistic Regression,MHxPC130504522,0,0,0.032303
distilgpt2_logistic,DistilGPT2 Embeddings + Logistic Regression,MHxPC130089907,0,0,0.012107
distilgpt2_logistic,DistilGPT2 Embeddings + Logistic Regression,MHxPC130415822,0,0,0.004406
distilgpt2_logistic,DistilGPT2 Embeddings + Logistic Regression,MHxPC130382287,1,0,0.848609
distilgpt2_logistic,DistilGPT2 Embeddings + Logistic Regression,MHxPC130277929,0,0,0.006797
distilgpt2_logistic,DistilGPT2 Embeddings + Logistic Regression,MHxPC130059426,0,0,0.004406
distilgpt2_logistic,DistilGPT2 Embeddings + Logistic Regression,MHxPC130078781,0,0,0.00736
distilgpt2_logistic,DistilGPT2 Embeddings + Logistic Regression,MHxPC130108075,0,0,0.004406
distilgpt2_logistic,DistilGPT2 Embeddings + Logistic Regression,MHxPC130467400,0,0,0.006947
distilgpt2_logistic,DistilGPT2 Embeddings + Logistic Regression,MHxPC130236453,0,0,0.797286
distilgpt2_logistic,DistilGPT2 Embeddings + Logistic Regression,MHxPC130131621,0,0,0.250689
distilgpt2_logistic,DistilGPT2 Embeddings + Logistic Regression,MHxPC130415742,0,0,0.006335
distilgpt2_logistic,DistilGPT2 Embeddings + Logistic Regression,MHxPC130283383,0,0,0.012924
distilgpt2_logistic,DistilGPT2 Embeddings + Logistic Regression,MHxPC130199684,0,0,0.002646
distilgpt2_logistic,DistilGPT2 Embeddings + Logistic Regression,MHxPC130551822,0,0,0.005196
distilgpt2_logistic,DistilGPT2 Embeddings + Logistic Regression,MHxPC130231841,0,0,0.008925
distilgpt2_logistic,DistilGPT2 Embeddings + Logistic Regression,MHxPC130048410,0,0,0.066168
distilgpt2_logistic,DistilGPT2 Embeddings + Logistic Regression,MHxPC130113435,0,0,0.020089
distilgpt2_logistic,DistilGPT2 Embeddings + Logistic Regression,MHxPC130067965,0,0,0.715553
distilgpt2_logistic,DistilGPT2 Embeddings + Logistic Regression,MHxPC130284597,0,0,0.05121
distilgpt2_logistic,DistilGPT2 Embeddings + Logistic Regression,MHxPC130016097,0,0,0.084312
distilgpt2_logistic,DistilGPT2 Embeddings + Logistic Regression,MHxPC130454747,0,0,0.004406
distilgpt2_logistic,DistilGPT2 Embeddings + Logistic Regression,MHxPC130067230,0,0,0.025229
distilgpt2_logistic,DistilGPT2 Embeddings + Logistic Regression,MHxPC130452549,0,0,0.003764
distilgpt2_logistic,DistilGPT2 Embeddings + Logistic Regression,MHxPC130167844,0,0,0.004512
distilgpt2_logistic,DistilGPT2 Embeddings + Logistic Regression,MHxPC130263528,0,0,0.023943
distilgpt2_logistic,DistilGPT2 Embeddings + Logistic Regression,MHxPC130048225,0,0,0.09925
distilgpt2_logistic,DistilGPT2 Embeddings + Logistic Regression,MHxPC130405024,0,0,0.020356
distilgpt2_logistic,DistilGPT2 Embeddings + Logistic Regression,MHxPC130589259,1,1,0.908104
distilgpt2_logistic,DistilGPT2 Embeddings + Logistic Regression,MHxPC130097754,0,0,0.373
distilgpt2_logistic,DistilGPT2 Embeddings + Logistic Regression,MHxPC130473609,0,0,0.006906
distilgpt2_logistic,DistilGPT2 Embeddings + Logistic Regression,MHxPC130387006,0,0,0.004406
distilgpt2_logistic,DistilGPT2 Embeddings + Logistic Regression,MHxPC130292094,0,0,0.617117
distilgpt2_logistic,DistilGPT2 Embeddings + Logistic Regression,MHxPC130111058,0,0,0.043227
distilgpt2_logistic,DistilGPT2 Embeddings + Logistic Regression,MHxPC130335524,0,0,0.00736
distilgpt2_logistic,DistilGPT2 Embeddings + Logistic Regression,MHxPC130370193,0,0,0.041119
distilgpt2_logistic,DistilGPT2 Embeddings + Logistic Regression,MHxPC130321975,0,0,0.008925
distilgpt2_logistic,DistilGPT2 Embeddings + Logistic Regression,MHxPC130228368,0,0,0.006657
distilgpt2_logistic,DistilGPT2 Embeddings + Logistic Regression,MHxPC130224653,0,0,0.004862
distilgpt2_logistic,DistilGPT2 Embeddings + Logistic Regression,MHxPC130548357,0,0,0.018233
distilgpt2_logistic,DistilGPT2 Embeddings + Logistic Regression,MHxPC130180813,0,0,0.01545
distilgpt2_logistic,DistilGPT2 Embeddings + Logistic Regression,MHxPC130064463,0,0,0.004512
distilgpt2_logistic,DistilGPT2 Embeddings + Logistic Regression,MHxPC130198649,0,0,0.004406
distilgpt2_logistic,DistilGPT2 Embeddings + Logistic Regression,MHxPC130104911,0,0,0.016319
distilgpt2_logistic,DistilGPT2 Embeddings + Logistic Regression,MHxPC130071941,1,1,0.922597
distilgpt2_logistic,DistilGPT2 Embeddings + Logistic Regression,MHxPC130071683,0,0,0.044662
distilgpt2_logistic,DistilGPT2 Embeddings + Logistic Regression,MHxPC130554942,0,0,0.370592
distilgpt2_logistic,DistilGPT2 Embeddings + Logistic Regression,MHxPC130264174,0,0,0.005678
distilgpt2_logistic,DistilGPT2 Embeddings + Logistic Regression,MHxPC130120453,0,0,0.005196
distilgpt2_logistic,DistilGPT2 Embeddings + Logistic Regression,MHxPC130141442,0,0,0.015549
distilgpt2_logistic,DistilGPT2 Embeddings + Logistic Regression,MHxPC130253939,0,0,0.00736
distilgpt2_logistic,DistilGPT2 Embeddings + Logistic Regression,MHxPC130073170,0,0,0.024991
distilgpt2_logistic,DistilGPT2 Embeddings + Logistic Regression,MHxPC130091932,0,0,0.007131
distilgpt2_logistic,DistilGPT2 Embeddings + Logistic Regression,MHxPC130231699,0,0,0.008603
distilgpt2_logistic,DistilGPT2 Embeddings + Logistic Regression,MHxPC130503158,0,0,0.061079
distilgpt2_logistic,DistilGPT2 Embeddings + Logistic Regression,MHxPC130436119,0,0,0.403051
distilgpt2_logistic,DistilGPT2 Embeddings + Logistic Regression,MHxPC130112417,0,0,0.004406
distilgpt2_logistic,DistilGPT2 Embeddings + Logistic Regression,MHxPC130227752,1,1,0.955339
distilgpt2_logistic,DistilGPT2 Embeddings + Logistic Regression,MHxPC130026382,0,0,0.787314
distilgpt2_logistic,DistilGPT2 Embeddings + Logistic Regression,MHxPC130428704,0,0,0.010937
distilgpt2_logistic,DistilGPT2 Embeddings + Logistic Regression,MHxPC130476570,0,0,0.014082
distilgpt2_logistic,DistilGPT2 Embeddings + Logistic Regression,MHxPC130428315,0,0,0.007189
distilgpt2_logistic,DistilGPT2 Embeddings + Logistic Regression,MHxPC130491824,0,0,0.00736
distilgpt2_logistic,DistilGPT2 Embeddings + Logistic Regression,MHxPC130307733,0,0,0.006947
distilgpt2_logistic,DistilGPT2 Embeddings + Logistic Regression,MHxPC130285620,0,0,0.004406
distilgpt2_logistic,DistilGPT2 Embeddings + Logistic Regression,MHxPC130149485,0,0,0.017282
distilgpt2_logistic,DistilGPT2 Embeddings + Logistic Regression,MHxPC130025426,0,0,0.00445
distilgpt2_logistic,DistilGPT2 Embeddings + Logistic Regression,MHxPC130229327,0,0,0.014361
distilgpt2_logistic,DistilGPT2 Embeddings + Logistic Regression,MHxPC130338131,0,0,0.392866
distilgpt2_logistic,DistilGPT2 Embeddings + Logistic Regression,MHxPC130298904,1,1,0.917294
distilgpt2_logistic,DistilGPT2 Embeddings + Logistic Regression,MHxPC130355725,0,0,0.060669
distilgpt2_logistic,DistilGPT2 Embeddings + Logistic Regression,MHxPC130244175,0,0,0.20712
distilgpt2_logistic,DistilGPT2 Embeddings + Logistic Regression,MHxPC130347551,0,0,0.008046
distilgpt2_logistic,DistilGPT2 Embeddings + Logistic Regression,MHxPC130528109,0,1,0.981479
distilgpt2_logistic,DistilGPT2 Embeddings + Logistic Regression,MHxPC130058355,0,0,0.004406
distilgpt2_logistic,DistilGPT2 Embeddings + Logistic Regression,MHxPC130067252,0,0,0.020994
distilgpt2_logistic,DistilGPT2 Embeddings + Logistic Regression,MHxPC130309055,0,0,0.006797
distilgpt2_logistic,DistilGPT2 Embeddings + Logistic Regression,MHxPC130241827,0,0,0.016885
distilgpt2_logistic,DistilGPT2 Embeddings + Logistic Regression,MHxPC130264902,0,0,0.013741
distilgpt2_logistic,DistilGPT2 Embeddings + Logistic Regression,MHxPC130261355,0,0,0.078852
distilgpt2_logistic,DistilGPT2 Embeddings + Logistic Regression,MHxPC130347354,0,0,0.006906
distilgpt2_logistic,DistilGPT2 Embeddings + Logistic Regression,MHxPC130017954,1,1,0.977238
distilgpt2_logistic,DistilGPT2 Embeddings + Logistic Regression,MHxPC130549592,0,0,0.006797
distilgpt2_logistic,DistilGPT2 Embeddings + Logistic Regression,MHxPC130537543,0,0,0.053085
distilgpt2_logistic,DistilGPT2 Embeddings + Logistic Regression,MHxPC130309252,0,0,0.006335
distilgpt2_logistic,DistilGPT2 Embeddings + Logistic Regression,MHxPC130456637,0,0,0.004406
distilgpt2_logistic,DistilGPT2 Embeddings + Logistic Regression,MHxPC130108672,0,0,0.069378
distilgpt2_logistic,DistilGPT2 Embeddings + Logistic Regression,MHxPC130423759,0,0,0.008464
distilgpt2_logistic,DistilGPT2 Embeddings + Logistic Regression,MHxPC130138486,0,0,0.018452
distilgpt2_logistic,DistilGPT2 Embeddings + Logistic Regression,MHxPC130091807,1,1,0.992133
distilgpt2_logistic,DistilGPT2 Embeddings + Logistic Regression,MHxPC130377976,0,0,0.00736
distilgpt2_logistic,DistilGPT2 Embeddings + Logistic Regression,MHxPC130449808,0,0,0.049002
distilgpt2_logistic,DistilGPT2 Embeddings + Logistic Regression,MHxPC130504772,0,0,0.006947
distilgpt2_logistic,DistilGPT2 Embeddings + Logistic Regression,MHxPC130313988,0,0,0.004406
distilgpt2_logistic,DistilGPT2 Embeddings + Logistic Regression,MHxPC130444647,0,0,0.041891
distilgpt2_logistic,DistilGPT2 Embeddings + Logistic Regression,MHxPC130538474,0,0,0.016661
distilgpt2_logistic,DistilGPT2 Embeddings + Logistic Regression,MHxPC130097500,0,0,0.006797
distilgpt2_logistic,DistilGPT2 Embeddings + Logistic Regression,MHxPC130168553,0,0,0.004406
distilgpt2_logistic,DistilGPT2 Embeddings + Logistic Regression,MHxPC130252278,0,0,0.004406
distilgpt2_logistic,DistilGPT2 Embeddings + Logistic Regression,MHxPC130127500,0,0,0.004512
distilgpt2_logistic,DistilGPT2 Embeddings + Logistic Regression,MHxPC130375716,0,0,0.005678
distilgpt2_logistic,DistilGPT2 Embeddings + Logistic Regression,MHxPC130597425,0,0,0.004512
distilgpt2_logistic,DistilGPT2 Embeddings + Logistic Regression,MHxPC130012704,0,0,0.004406
distilgpt2_logistic,DistilGPT2 Embeddings + Logistic Regression,MHxPC130582173,0,0,0.150448
distilgpt2_logistic,DistilGPT2 Embeddings + Logistic Regression,MHxPC130430850,0,0,0.790767
distilgpt2_logistic,DistilGPT2 Embeddings + Logistic Regression,MHxPC130191538,0,0,0.00736
distilgpt2_logistic,DistilGPT2 Embeddings + Logistic Regression,MHxPC130329207,0,0,0.101106
distilgpt2_logistic,DistilGPT2 Embeddings + Logistic Regression,MHxPC130434264,0,0,0.004512
distilgpt2_logistic,DistilGPT2 Embeddings + Logistic Regression,MHxPC130081483,0,0,0.00736
distilgpt2_logistic,DistilGPT2 Embeddings + Logistic Regression,MHxPC130398826,0,0,0.006906
distilgpt2_logistic,DistilGPT2 Embeddings + Logistic Regression,MHxPC130012062,0,0,0.004406
distilgpt2_logistic,DistilGPT2 Embeddings + Logistic Regression,MHxPC130338999,0,0,0.026183
distilgpt2_logistic,DistilGPT2 Embeddings + Logistic Regression,MHxPC130329146,0,0,0.006318
distilgpt2_logistic,DistilGPT2 Embeddings + Logistic Regression,MHxPC130271534,0,0,0.004512
distilgpt2_logistic,DistilGPT2 Embeddings + Logistic Regression,MHxPC130352909,0,0,0.004512
distilgpt2_logistic,DistilGPT2 Embeddings + Logistic Regression,MHxPC130558021,0,0,0.009863
distilgpt2_logistic,DistilGPT2 Embeddings + Logistic Regression,MHxPC130292715,0,0,0.161195
distilgpt2_logistic,DistilGPT2 Embeddings + Logistic Regression,MHxPC130143785,1,1,0.95745
distilgpt2_logistic,DistilGPT2 Embeddings + Logistic Regression,MHxPC130376677,0,0,0.00456
distilgpt2_logistic,DistilGPT2 Embeddings + Logistic Regression,MHxPC130101129,0,0,0.004406
distilgpt2_logistic,DistilGPT2 Embeddings + Logistic Regression,MHxPC130453853,0,1,0.914338
distilgpt2_logistic,DistilGPT2 Embeddings + Logistic Regression,MHxPC130028946,0,0,0.046033
distilgpt2_logistic,DistilGPT2 Embeddings + Logistic Regression,MHxPC130554727,0,0,0.022612
distilgpt2_logistic,DistilGPT2 Embeddings + Logistic Regression,MHxPC130176507,0,0,0.065598
distilgpt2_logistic,DistilGPT2 Embeddings + Logistic Regression,MHxPC130176527,0,0,0.083457
distilgpt2_logistic,DistilGPT2 Embeddings + Logistic Regression,MHxPC130553369,1,1,0.95536
distilgpt2_logistic,DistilGPT2 Embeddings + Logistic Regression,MHxPC130253951,0,0,0.265382
distilgpt2_logistic,DistilGPT2 Embeddings + Logistic Regression,MHxPC130135320,0,0,0.023721
distilgpt2_logistic,DistilGPT2 Embeddings + Logistic Regression,MHxPC130026240,0,0,0.099613
distilgpt2_logistic,DistilGPT2 Embeddings + Logistic Regression,MHxPC130374056,0,0,0.123627
distilgpt2_logistic,DistilGPT2 Embeddings + Logistic Regression,MHxPC130331722,0,0,0.004406
distilgpt2_logistic,DistilGPT2 Embeddings + Logistic Regression,MHxPC130367672,0,0,0.006318
distilgpt2_logistic,DistilGPT2 Embeddings + Logistic Regression,MHxPC130392239,0,0,0.032357
distilgpt2_logistic,DistilGPT2 Embeddings + Logistic Regression,MHxPC130483787,0,0,0.004406
distilgpt2_logistic,DistilGPT2 Embeddings + Logistic Regression,MHxPC130189756,0,0,0.005289
distilgpt2_logistic,DistilGPT2 Embeddings + Logistic Regression,MHxPC130489979,0,0,0.004406
distilgpt2_logistic,DistilGPT2 Embeddings + Logistic Regression,MHxPC130574651,0,0,0.004512
distilgpt2_logistic,DistilGPT2 Embeddings + Logistic Regression,MHxPC130055963,0,0,0.016301
distilgpt2_logistic,DistilGPT2 Embeddings + Logistic Regression,MHxPC130515217,0,0,0.004406
distilgpt2_logistic,DistilGPT2 Embeddings + Logistic Regression,MHxPC130420347,0,0,0.004406
distilgpt2_logistic,DistilGPT2 Embeddings + Logistic Regression,MHxPC130010583,0,0,0.00878
distilgpt2_logistic,DistilGPT2 Embeddings + Logistic Regression,MHxPC130146083,0,0,0.065048
distilgpt2_logistic,DistilGPT2 Embeddings + Logistic Regression,MHxPC130355883,0,0,0.013119
distilgpt2_logistic,DistilGPT2 Embeddings + Logistic Regression,MHxPC130593341,0,0,0.768265
distilgpt2_logistic,DistilGPT2 Embeddings + Logistic Regression,MHxPC130317240,0,0,0.063745
distilgpt2_logistic,DistilGPT2 Embeddings + Logistic Regression,MHxPC130434430,0,0,0.093726
distilgpt2_logistic,DistilGPT2 Embeddings + Logistic Regression,MHxPC130472439,0,0,0.00736
distilgpt2_logistic,DistilGPT2 Embeddings + Logistic Regression,MHxPC130238703,0,0,0.006797
distilgpt2_logistic,DistilGPT2 Embeddings + Logistic Regression,MHxPC130091580,0,0,0.068362
distilgpt2_logistic,DistilGPT2 Embeddings + Logistic Regression,MHxPC130447502,0,0,0.004406
distilgpt2_logistic,DistilGPT2 Embeddings + Logistic Regression,MHxPC130590165,0,0,0.006797
distilgpt2_logistic,DistilGPT2 Embeddings + Logistic Regression,MHxPC130217413,0,0,0.025572
distilgpt2_logistic,DistilGPT2 Embeddings + Logistic Regression,MHxPC130337220,0,0,0.338138
distilgpt2_logistic,DistilGPT2 Embeddings + Logistic Regression,MHxPC130262895,0,0,0.012027
distilgpt2_logistic,DistilGPT2 Embeddings + Logistic Regression,MHxPC130358124,0,0,0.006797
distilgpt2_logistic,DistilGPT2 Embeddings + Logistic Regression,MHxPC130387128,0,0,0.004406
distilgpt2_logistic,DistilGPT2 Embeddings + Logistic Regression,MHxPC130368129,0,0,0.004406
distilgpt2_logistic,DistilGPT2 Embeddings + Logistic Regression,MHxPC130281991,0,0,0.004406
distilgpt2_logistic,DistilGPT2 Embeddings + Logistic Regression,MHxPC130177216,0,0,0.006599
distilgpt2_logistic,DistilGPT2 Embeddings + Logistic Regression,MHxPC130508311,0,0,0.016878
distilgpt2_logistic,DistilGPT2 Embeddings + Logistic Regression,MHxPC130210216,1,1,0.986897
distilgpt2_logistic,DistilGPT2 Embeddings + Logistic Regression,MHxPC130570019,0,0,0.00417
distilgpt2_logistic,DistilGPT2 Embeddings + Logistic Regression,MHxPC130381974,0,0,0.010578
distilgpt2_logistic,DistilGPT2 Embeddings + Logistic Regression,MHxPC130569284,0,0,0.004406
distilgpt2_logistic,DistilGPT2 Embeddings + Logistic Regression,MHxPC130505831,0,0,0.004406
distilgpt2_logistic,DistilGPT2 Embeddings + Logistic Regression,MHxPC130523383,0,0,0.042912
distilgpt2_logistic,DistilGPT2 Embeddings + Logistic Regression,MHxPC130481250,1,1,0.980324
distilgpt2_logistic,DistilGPT2 Embeddings + Logistic Regression,MHxPC130309811,0,0,0.076432
distilgpt2_logistic,DistilGPT2 Embeddings + Logistic Regression,MHxPC130462083,0,0,0.007131
distilgpt2_logistic,DistilGPT2 Embeddings + Logistic Regression,MHxPC130287237,0,0,0.006306
distilgpt2_logistic,DistilGPT2 Embeddings + Logistic Regression,MHxPC130204683,0,0,0.004596
distilgpt2_logistic,DistilGPT2 Embeddings + Logistic Regression,MHxPC130467599,0,0,0.009075
distilgpt2_logistic,DistilGPT2 Embeddings + Logistic Regression,MHxPC130158389,0,0,0.073547
distilgpt2_logistic,DistilGPT2 Embeddings + Logistic Regression,MHxPC130446424,0,0,0.004539
distilgpt2_logistic,DistilGPT2 Embeddings + Logistic Regression,MHxPC130120210,0,0,0.033899
distilgpt2_logistic,DistilGPT2 Embeddings + Logistic Regression,MHxPC130047375,0,0,0.004406
distilgpt2_logistic,DistilGPT2 Embeddings + Logistic Regression,MHxPC130548304,0,0,0.017613
distilgpt2_logistic,DistilGPT2 Embeddings + Logistic Regression,MHxPC130192248,0,0,0.00736
distilgpt2_logistic,DistilGPT2 Embeddings + Logistic Regression,MHxPC130030247,0,0,0.043385
distilgpt2_logistic,DistilGPT2 Embeddings + Logistic Regression,MHxPC130151288,0,0,0.004512
distilgpt2_logistic,DistilGPT2 Embeddings + Logistic Regression,MHxPC130099039,0,0,0.004406
distilgpt2_logistic,DistilGPT2 Embeddings + Logistic Regression,MHxPC130363060,0,0,0.005678
distilgpt2_logistic,DistilGPT2 Embeddings + Logistic Regression,MHxPC130481147,0,0,0.004406
distilgpt2_logistic,DistilGPT2 Embeddings + Logistic Regression,MHxPC130340906,0,0,0.004406
distilgpt2_logistic,DistilGPT2 Embeddings + Logistic Regression,MHxPC130035619,0,0,0.042695
distilgpt2_logistic,DistilGPT2 Embeddings + Logistic Regression,MHxPC130128929,0,0,0.004862
distilgpt2_logistic,DistilGPT2 Embeddings + Logistic Regression,MHxPC130587252,0,0,0.712341
distilgpt2_logistic,DistilGPT2 Embeddings + Logistic Regression,MHxPC130463376,0,0,0.012161
distilgpt2_logistic,DistilGPT2 Embeddings + Logistic Regression,MHxPC130349286,0,0,0.005678
distilgpt2_logistic,DistilGPT2 Embeddings + Logistic Regression,MHxPC130587025,0,0,0.289109
distilgpt2_logistic,DistilGPT2 Embeddings + Logistic Regression,MHxPC130564419,0,0,0.008537
distilgpt2_logistic,DistilGPT2 Embeddings + Logistic Regression,MHxPC130405743,0,0,0.004959
distilgpt2_logistic,DistilGPT2 Embeddings + Logistic Regression,MHxPC130590304,0,0,0.013989
distilgpt2_logistic,DistilGPT2 Embeddings + Logistic Regression,MHxPC130499870,0,0,0.020673
distilgpt2_logistic,DistilGPT2 Embeddings + Logistic Regression,MHxPC130354966,0,0,0.004512
distilgpt2_logistic,DistilGPT2 Embeddings + Logistic Regression,MHxPC130589996,0,0,0.002669
distilgpt2_logistic,DistilGPT2 Embeddings + Logistic Regression,MHxPC130314952,0,0,0.006318
distilgpt2_logistic,DistilGPT2 Embeddings + Logistic Regression,MHxPC130513483,0,0,0.010101
distilgpt2_logistic,DistilGPT2 Embeddings + Logistic Regression,MHxPC130576029,0,0,0.793875
distilgpt2_logistic,DistilGPT2 Embeddings + Logistic Regression,MHxPC130597503,0,0,0.012655
distilgpt2_logistic,DistilGPT2 Embeddings + Logistic Regression,MHxPC130225032,0,0,0.004406
distilgpt2_logistic,DistilGPT2 Embeddings + Logistic Regression,MHxPC130143105,0,0,0.196754
distilgpt2_logistic,DistilGPT2 Embeddings + Logistic Regression,MHxPC130593261,0,0,0.049201
distilgpt2_logistic,DistilGPT2 Embeddings + Logistic Regression,MHxPC130254299,0,0,0.051142
distilgpt2_logistic,DistilGPT2 Embeddings + Logistic Regression,MHxPC130531852,0,0,0.086965
distilgpt2_logistic,DistilGPT2 Embeddings + Logistic Regression,MHxPC130438273,0,0,0.00736
distilgpt2_logistic,DistilGPT2 Embeddings + Logistic Regression,MHxPC130232493,0,0,0.004406
distilgpt2_logistic,DistilGPT2 Embeddings + Logistic Regression,MHxPC130547369,0,0,0.004512
distilgpt2_logistic,DistilGPT2 Embeddings + Logistic Regression,MHxPC130317559,0,0,0.004406
distilgpt2_logistic,DistilGPT2 Embeddings + Logistic Regression,MHxPC130023849,0,0,0.00736
distilgpt2_logistic,DistilGPT2 Embeddings + Logistic Regression,MHxPC130174433,0,0,0.004512
distilgpt2_logistic,DistilGPT2 Embeddings + Logistic Regression,MHxPC130128869,0,0,0.004512
distilgpt2_logistic,DistilGPT2 Embeddings + Logistic Regression,MHxPC130416486,0,0,0.007077
distilgpt2_logistic,DistilGPT2 Embeddings + Logistic Regression,MHxPC130292591,0,0,0.027092
distilgpt2_logistic,DistilGPT2 Embeddings + Logistic Regression,MHxPC130094816,0,0,0.028777
distilgpt2_logistic,DistilGPT2 Embeddings + Logistic Regression,MHxPC130114802,1,1,0.996664
distilgpt2_logistic,DistilGPT2 Embeddings + Logistic Regression,MHxPC130295804,0,0,0.070055
distilgpt2_logistic,DistilGPT2 Embeddings + Logistic Regression,MHxPC130406337,0,0,0.001676
distilgpt2_logistic,DistilGPT2 Embeddings + Logistic Regression,MHxPC130371218,0,0,0.241459
distilgpt2_logistic,DistilGPT2 Embeddings + Logistic Regression,MHxPC130570973,0,0,0.004862
distilgpt2_logistic,DistilGPT2 Embeddings + Logistic Regression,MHxPC130138971,0,0,0.004512
distilgpt2_logistic,DistilGPT2 Embeddings + Logistic Regression,MHxPC130222445,0,0,0.006599
distilgpt2_logistic,DistilGPT2 Embeddings + Logistic Regression,MHxPC130311820,0,0,0.324352
distilgpt2_logistic,DistilGPT2 Embeddings + Logistic Regression,MHxPC130507719,0,0,0.004406
distilgpt2_logistic,DistilGPT2 Embeddings + Logistic Regression,MHxPC130391804,0,0,0.107269
distilgpt2_logistic,DistilGPT2 Embeddings + Logistic Regression,MHxPC130311349,0,0,0.062184
distilgpt2_logistic,DistilGPT2 Embeddings + Logistic Regression,MHxPC130317495,0,0,0.004406
distilgpt2_logistic,DistilGPT2 Embeddings + Logistic Regression,MHxPC130575673,0,0,0.03606
distilgpt2_logistic,DistilGPT2 Embeddings + Logistic Regression,MHxPC130003409,0,0,0.004406
distilgpt2_logistic,DistilGPT2 Embeddings + Logistic Regression,MHxPC130565293,0,0,0.004325
distilgpt2_logistic,DistilGPT2 Embeddings + Logistic Regression,MHxPC130551195,0,0,0.009539
distilgpt2_logistic,DistilGPT2 Embeddings + Logistic Regression,MHxPC130260648,0,0,0.097415
distilgpt2_logistic,DistilGPT2 Embeddings + Logistic Regression,MHxPC130443551,0,0,0.004406
distilgpt2_logistic,DistilGPT2 Embeddings + Logistic Regression,MHxPC130140327,0,0,0.00736
distilgpt2_logistic,DistilGPT2 Embeddings + Logistic Regression,MHxPC130583696,0,0,0.00694
distilgpt2_logistic,DistilGPT2 Embeddings + Logistic Regression,MHxPC130340584,0,0,0.004512
distilgpt2_logistic,DistilGPT2 Embeddings + Logistic Regression,MHxPC130232864,0,0,0.006318
distilgpt2_logistic,DistilGPT2 Embeddings + Logistic Regression,MHxPC130157254,0,0,0.012619
distilgpt2_logistic,DistilGPT2 Embeddings + Logistic Regression,MHxPC130031054,0,0,0.004406
distilgpt2_logistic,DistilGPT2 Embeddings + Logistic Regression,MHxPC130486176,0,0,0.005196
distilgpt2_logistic,DistilGPT2 Embeddings + Logistic Regression,MHxPC130281896,0,0,0.05413
distilgpt2_logistic,DistilGPT2 Embeddings + Logistic Regression,MHxPC130028725,0,0,0.007498
distilgpt2_logistic,DistilGPT2 Embeddings + Logistic Regression,MHxPC130017212,0,0,0.011751
distilgpt2_logistic,DistilGPT2 Embeddings + Logistic Regression,MHxPC130254228,0,0,0.004512
distilgpt2_logistic,DistilGPT2 Embeddings + Logistic Regression,MHxPC130244405,0,0,0.004512
distilgpt2_logistic,DistilGPT2 Embeddings + Logistic Regression,MHxPC130252485,0,0,0.421303
distilgpt2_logistic,DistilGPT2 Embeddings + Logistic Regression,MHxPC130512893,0,0,0.004406
distilgpt2_logistic,DistilGPT2 Embeddings + Logistic Regression,MHxPC130031702,0,0,0.012712
distilgpt2_logistic,DistilGPT2 Embeddings + Logistic Regression,MHxPC130357897,0,0,0.059223
distilgpt2_logistic,DistilGPT2 Embeddings + Logistic Regression,MHxPC130493912,0,0,0.005223
distilgpt2_logistic,DistilGPT2 Embeddings + Logistic Regression,MHxPC130340765,0,0,0.028199
distilgpt2_logistic,DistilGPT2 Embeddings + Logistic Regression,MHxPC130133510,0,0,0.02834
distilgpt2_logistic,DistilGPT2 Embeddings + Logistic Regression,MHxPC130367413,1,1,0.977519
distilgpt2_logistic,DistilGPT2 Embeddings + Logistic Regression,MHxPC130284770,0,0,0.006318
distilgpt2_logistic,DistilGPT2 Embeddings + Logistic Regression,MHxPC130103580,0,0,0.007414
distilgpt2_logistic,DistilGPT2 Embeddings + Logistic Regression,MHxPC130374462,0,0,0.024036
distilgpt2_logistic,DistilGPT2 Embeddings + Logistic Regression,MHxPC130126220,1,1,0.975268
distilgpt2_logistic,DistilGPT2 Embeddings + Logistic Regression,MHxPC130008594,0,0,0.255777
distilgpt2_logistic,DistilGPT2 Embeddings + Logistic Regression,MHxPC130096044,0,0,0.00736
distilgpt2_logistic,DistilGPT2 Embeddings + Logistic Regression,MHxPC130560324,0,0,0.004512
distilgpt2_logistic,DistilGPT2 Embeddings + Logistic Regression,MHxPC130356963,0,0,0.00736
distilgpt2_logistic,DistilGPT2 Embeddings + Logistic Regression,MHxPC130410305,0,0,0.004406
distilgpt2_logistic,DistilGPT2 Embeddings + Logistic Regression,MHxPC130541184,0,0,0.633745
distilgpt2_logistic,DistilGPT2 Embeddings + Logistic Regression,MHxPC130405176,0,0,0.03695
distilgpt2_logistic,DistilGPT2 Embeddings + Logistic Regression,MHxPC130194893,0,0,0.008899
distilgpt2_logistic,DistilGPT2 Embeddings + Logistic Regression,MHxPC130295536,0,0,0.306119
distilgpt2_logistic,DistilGPT2 Embeddings + Logistic Regression,MHxPC130216570,0,0,0.104584
distilgpt2_logistic,DistilGPT2 Embeddings + Logistic Regression,MHxPC130250173,0,0,0.104833
distilgpt2_logistic,DistilGPT2 Embeddings + Logistic Regression,MHxPC130597462,0,0,0.639303
distilgpt2_logistic,DistilGPT2 Embeddings + Logistic Regression,MHxPC130021341,0,0,0.007951
distilgpt2_logistic,DistilGPT2 Embeddings + Logistic Regression,MHxPC130175841,0,0,0.006797
distilgpt2_logistic,DistilGPT2 Embeddings + Logistic Regression,MHxPC130308536,0,0,0.083204
distilgpt2_logistic,DistilGPT2 Embeddings + Logistic Regression,MHxPC130202287,1,1,0.982992
distilgpt2_logistic,DistilGPT2 Embeddings + Logistic Regression,MHxPC130078178,0,0,0.024391
distilgpt2_logistic,DistilGPT2 Embeddings + Logistic Regression,MHxPC130441917,0,0,0.09103
distilgpt2_logistic,DistilGPT2 Embeddings + Logistic Regression,MHxPC130402524,0,0,0.004406
distilgpt2_logistic,DistilGPT2 Embeddings + Logistic Regression,MHxPC130512785,0,0,0.004406
distilgpt2_logistic,DistilGPT2 Embeddings + Logistic Regression,MHxPC130548242,0,0,0.038142
distilgpt2_logistic,DistilGPT2 Embeddings + Logistic Regression,MHxPC130381097,0,1,0.970173
distilgpt2_logistic,DistilGPT2 Embeddings + Logistic Regression,MHxPC130527208,0,0,0.00769
distilgpt2_logistic,DistilGPT2 Embeddings + Logistic Regression,MHxPC130249225,0,0,0.223043
distilgpt2_logistic,DistilGPT2 Embeddings + Logistic Regression,MHxPC130227648,0,0,0.021904
distilgpt2_logistic,DistilGPT2 Embeddings + Logistic Regression,MHxPC130429912,0,0,0.004406
distilgpt2_logistic,DistilGPT2 Embeddings + Logistic Regression,MHxPC130049023,0,0,0.00736
distilgpt2_logistic,DistilGPT2 Embeddings + Logistic Regression,MHxPC130041924,0,0,0.23086
distilgpt2_logistic,DistilGPT2 Embeddings + Logistic Regression,MHxPC130198013,0,0,0.104557
distilgpt2_logistic,DistilGPT2 Embeddings + Logistic Regression,MHxPC130351669,0,0,0.193727
distilgpt2_logistic,DistilGPT2 Embeddings + Logistic Regression,MHxPC130082373,0,0,0.021725
distilgpt2_logistic,DistilGPT2 Embeddings + Logistic Regression,MHxPC130169152,0,0,0.004406
distilgpt2_logistic,DistilGPT2 Embeddings + Logistic Regression,MHxPC130172153,0,0,0.005669
distilgpt2_logistic,DistilGPT2 Embeddings + Logistic Regression,MHxPC130534514,0,0,0.00736
distilgpt2_logistic,DistilGPT2 Embeddings + Logistic Regression,MHxPC130200256,0,0,0.009362
distilgpt2_logistic,DistilGPT2 Embeddings + Logistic Regression,MHxPC130401443,0,0,0.004406
distilgpt2_logistic,DistilGPT2 Embeddings + Logistic Regression,MHxPC130417248,0,0,0.00736
distilgpt2_logistic,DistilGPT2 Embeddings + Logistic Regression,MHxPC130200090,0,0,0.023808
distilgpt2_logistic,DistilGPT2 Embeddings + Logistic Regression,MHxPC130310426,1,1,0.947645
distilgpt2_logistic,DistilGPT2 Embeddings + Logistic Regression,MHxPC130480802,0,0,0.006318
distilgpt2_logistic,DistilGPT2 Embeddings + Logistic Regression,MHxPC130019525,0,0,0.082904
distilgpt2_logistic,DistilGPT2 Embeddings + Logistic Regression,MHxPC130572182,0,0,0.004406
distilgpt2_logistic,DistilGPT2 Embeddings + Logistic Regression,MHxPC130269170,0,0,0.285378
distilgpt2_logistic,DistilGPT2 Embeddings + Logistic Regression,MHxPC130460164,0,0,0.044238
distilgpt2_logistic,DistilGPT2 Embeddings + Logistic Regression,MHxPC130100309,0,0,0.117701
distilgpt2_logistic,DistilGPT2 Embeddings + Logistic Regression,MHxPC130033285,0,0,0.006797
distilgpt2_logistic,DistilGPT2 Embeddings + Logistic Regression,MHxPC130216792,1,1,0.988704
distilgpt2_logistic,DistilGPT2 Embeddings + Logistic Regression,MHxPC130486664,0,0,0.004406
distilgpt2_logistic,DistilGPT2 Embeddings + Logistic Regression,MHxPC130099677,0,0,0.065622
distilgpt2_logistic,DistilGPT2 Embeddings + Logistic Regression,MHxPC130037177,0,0,0.004512
distilgpt2_logistic,DistilGPT2 Embeddings + Logistic Regression,MHxPC130354542,0,0,0.023552
distilgpt2_logistic,DistilGPT2 Embeddings + Logistic Regression,MHxPC130584040,0,0,0.011962
distilgpt2_logistic,DistilGPT2 Embeddings + Logistic Regression,MHxPC130022349,0,0,0.008934
distilgpt2_logistic,DistilGPT2 Embeddings + Logistic Regression,MHxPC130162950,0,0,0.030345
distilgpt2_logistic,DistilGPT2 Embeddings + Logistic Regression,MHxPC130268079,0,0,0.030409
distilgpt2_logistic,DistilGPT2 Embeddings + Logistic Regression,MHxPC130138538,0,0,0.145206
distilgpt2_logistic,DistilGPT2 Embeddings + Logistic Regression,MHxPC130230493,0,0,0.006257
distilgpt2_logistic,DistilGPT2 Embeddings + Logistic Regression,MHxPC130010159,0,0,0.006318
distilgpt2_logistic,DistilGPT2 Embeddings + Logistic Regression,MHxPC130444907,0,0,0.006039
distilgpt2_logistic,DistilGPT2 Embeddings + Logistic Regression,MHxPC130394734,0,0,0.009362
distilgpt2_logistic,DistilGPT2 Embeddings + Logistic Regression,MHxPC130554810,0,0,0.006599
distilgpt2_logistic,DistilGPT2 Embeddings + Logistic Regression,MHxPC130327199,0,0,0.004406
distilgpt2_logistic,DistilGPT2 Embeddings + Logistic Regression,MHxPC130430181,0,0,0.047382
distilgpt2_logistic,DistilGPT2 Embeddings + Logistic Regression,MHxPC130543861,0,0,0.305847
distilgpt2_logistic,DistilGPT2 Embeddings + Logistic Regression,MHxPC130187508,0,0,0.004406
distilgpt2_logistic,DistilGPT2 Embeddings + Logistic Regression,MHxPC130174993,0,0,0.041829
distilgpt2_logistic,DistilGPT2 Embeddings + Logistic Regression,MHxPC130375351,0,0,0.008754
distilgpt2_logistic,DistilGPT2 Embeddings + Logistic Regression,MHxPC130298871,0,0,0.138937
distilgpt2_logistic,DistilGPT2 Embeddings + Logistic Regression,MHxPC130261404,0,0,0.007951
distilgpt2_logistic,DistilGPT2 Embeddings + Logistic Regression,MHxPC130043832,0,0,0.005353
distilgpt2_logistic,DistilGPT2 Embeddings + Logistic Regression,MHxPC130062616,0,0,0.062431
distilgpt2_logistic,DistilGPT2 Embeddings + Logistic Regression,MHxPC130146917,0,0,0.024012
distilgpt2_logistic,DistilGPT2 Embeddings + Logistic Regression,MHxPC130137483,0,0,0.086738
distilgpt2_logistic,DistilGPT2 Embeddings + Logistic Regression,MHxPC130539176,0,0,0.012445
distilgpt2_logistic,DistilGPT2 Embeddings + Logistic Regression,MHxPC130034106,0,0,0.033917
distilgpt2_logistic,DistilGPT2 Embeddings + Logistic Regression,MHxPC130387629,0,0,0.316058
distilgpt2_logistic,DistilGPT2 Embeddings + Logistic Regression,MHxPC130357412,0,0,0.022736
distilgpt2_logistic,DistilGPT2 Embeddings + Logistic Regression,MHxPC130286306,0,0,0.005948
distilgpt2_logistic,DistilGPT2 Embeddings + Logistic Regression,MHxPC130352294,0,0,0.434539
distilgpt2_logistic,DistilGPT2 Embeddings + Logistic Regression,MHxPC130413575,0,0,0.004512
distilgpt2_logistic,DistilGPT2 Embeddings + Logistic Regression,MHxPC130173069,0,0,0.608358
distilgpt2_logistic,DistilGPT2 Embeddings + Logistic Regression,MHxPC130010876,0,0,0.004512
distilgpt2_logistic,DistilGPT2 Embeddings + Logistic Regression,MHxPC130213227,0,0,0.003764
distilgpt2_logistic,DistilGPT2 Embeddings + Logistic Regression,MHxPC130225630,0,0,0.006504
distilgpt2_logistic,DistilGPT2 Embeddings + Logistic Regression,MHxPC130304794,0,0,0.053545
distilgpt2_logistic,DistilGPT2 Embeddings + Logistic Regression,MHxPC130313161,0,0,0.644086
distilgpt2_logistic,DistilGPT2 Embeddings + Logistic Regression,MHxPC130195839,0,0,0.047684
distilgpt2_logistic,DistilGPT2 Embeddings + Logistic Regression,MHxPC130020818,0,0,0.004406
distilgpt2_logistic,DistilGPT2 Embeddings + Logistic Regression,MHxPC130280254,0,0,0.006906
distilgpt2_logistic,DistilGPT2 Embeddings + Logistic Regression,MHxPC130434391,0,0,0.510285
distilgpt2_logistic,DistilGPT2 Embeddings + Logistic Regression,MHxPC130297737,0,0,0.015601
distilgpt2_logistic,DistilGPT2 Embeddings + Logistic Regression,MHxPC130328075,0,0,0.004862
distilgpt2_logistic,DistilGPT2 Embeddings + Logistic Regression,MHxPC130429951,0,0,0.025472
distilgpt2_logistic,DistilGPT2 Embeddings + Logistic Regression,MHxPC130363388,0,0,0.060203
distilgpt2_logistic,DistilGPT2 Embeddings + Logistic Regression,MHxPC130066571,0,0,0.042443
distilgpt2_logistic,DistilGPT2 Embeddings + Logistic Regression,MHxPC130423534,0,0,0.011447
distilgpt2_logistic,DistilGPT2 Embeddings + Logistic Regression,MHxPC130503589,0,0,0.004406
distilgpt2_logistic,DistilGPT2 Embeddings + Logistic Regression,MHxPC130496837,0,0,0.071279
distilgpt2_logistic,DistilGPT2 Embeddings + Logistic Regression,MHxPC130070755,0,0,0.006524
distilgpt2_logistic,DistilGPT2 Embeddings + Logistic Regression,MHxPC130241855,0,0,0.006797
distilgpt2_logistic,DistilGPT2 Embeddings + Logistic Regression,MHxPC130418031,0,0,0.004406
distilgpt2_logistic,DistilGPT2 Embeddings + Logistic Regression,MHxPC130176370,0,0,0.005196
distilgpt2_logistic,DistilGPT2 Embeddings + Logistic Regression,MHxPC130523015,0,0,0.723988
distilgpt2_logistic,DistilGPT2 Embeddings + Logistic Regression,MHxPC130108689,0,0,0.169174
distilgpt2_logistic,DistilGPT2 Embeddings + Logistic Regression,MHxPC130490550,0,0,0.009242
distilgpt2_logistic,DistilGPT2 Embeddings + Logistic Regression,MHxPC130097300,0,0,0.004512
distilgpt2_logistic,DistilGPT2 Embeddings + Logistic Regression,MHxPC130256206,0,0,0.016488
distilgpt2_logistic,DistilGPT2 Embeddings + Logistic Regression,MHxPC130484101,0,0,0.006947
distilgpt2_logistic,DistilGPT2 Embeddings + Logistic Regression,MHxPC130543121,0,0,0.049526
distilgpt2_logistic,DistilGPT2 Embeddings + Logistic Regression,MHxPC130474761,0,0,0.023581
distilgpt2_logistic,DistilGPT2 Embeddings + Logistic Regression,MHxPC130317070,0,0,0.004406
distilgpt2_logistic,DistilGPT2 Embeddings + Logistic Regression,MHxPC130489050,0,0,0.00736
distilgpt2_logistic,DistilGPT2 Embeddings + Logistic Regression,MHxPC130366531,0,0,0.004406
distilgpt2_logistic,DistilGPT2 Embeddings + Logistic Regression,MHxPC130269455,0,0,0.172164
distilgpt2_logistic,DistilGPT2 Embeddings + Logistic Regression,MHxPC130407412,0,0,0.303486
distilgpt2_logistic,DistilGPT2 Embeddings + Logistic Regression,MHxPC130193167,0,0,0.004231
distilgpt2_logistic,DistilGPT2 Embeddings + Logistic Regression,MHxPC130149518,0,0,0.024517
distilgpt2_logistic,DistilGPT2 Embeddings + Logistic Regression,MHxPC130103316,0,0,0.005196
distilgpt2_logistic,DistilGPT2 Embeddings + Logistic Regression,MHxPC130512259,0,0,0.016637
distilgpt2_logistic,DistilGPT2 Embeddings + Logistic Regression,MHxPC130236860,0,0,0.016143
distilgpt2_logistic,DistilGPT2 Embeddings + Logistic Regression,MHxPC130091339,0,0,0.005678
distilgpt2_logistic,DistilGPT2 Embeddings + Logistic Regression,MHxPC130286265,0,0,0.065281
distilgpt2_logistic,DistilGPT2 Embeddings + Logistic Regression,MHxPC130578947,0,0,0.003492
distilgpt2_logistic,DistilGPT2 Embeddings + Logistic Regression,MHxPC130288369,0,0,0.011206
distilgpt2_logistic,DistilGPT2 Embeddings + Logistic Regression,MHxPC130552344,0,0,0.009362
distilgpt2_logistic,DistilGPT2 Embeddings + Logistic Regression,MHxPC130537036,0,0,0.009814
distilgpt2_logistic,DistilGPT2 Embeddings + Logistic Regression,MHxPC130312885,0,0,0.006335
distilgpt2_logistic,DistilGPT2 Embeddings + Logistic Regression,MHxPC130287374,0,0,0.151932
distilgpt2_logistic,DistilGPT2 Embeddings + Logistic Regression,MHxPC130565059,0,0,0.015597
distilgpt2_logistic,DistilGPT2 Embeddings + Logistic Regression,MHxPC130464331,0,0,0.010651
distilgpt2_logistic,DistilGPT2 Embeddings + Logistic Regression,MHxPC130258041,0,0,0.059749
distilgpt2_logistic,DistilGPT2 Embeddings + Logistic Regression,MHxPC130456982,0,0,0.002031
distilgpt2_logistic,DistilGPT2 Embeddings + Logistic Regression,MHxPC130025829,0,0,0.097763
distilgpt2_logistic,DistilGPT2 Embeddings + Logistic Regression,MHxPC130021223,1,1,0.967647
distilgpt2_logistic,DistilGPT2 Embeddings + Logistic Regression,MHxPC130593231,0,0,0.875461
distilgpt2_logistic,DistilGPT2 Embeddings + Logistic Regression,MHxPC130492947,0,0,0.019252
distilgpt2_logistic,DistilGPT2 Embeddings + Logistic Regression,MHxPC130577505,0,0,0.093726
distilgpt2_logistic,DistilGPT2 Embeddings + Logistic Regression,MHxPC130118313,0,0,0.006797
distilgpt2_logistic,DistilGPT2 Embeddings + Logistic Regression,MHxPC130001686,0,0,0.563089
distilgpt2_logistic,DistilGPT2 Embeddings + Logistic Regression,MHxPC130536504,0,0,0.01883
distilgpt2_logistic,DistilGPT2 Embeddings + Logistic Regression,MHxPC130012634,0,0,0.004512
distilgpt2_logistic,DistilGPT2 Embeddings + Logistic Regression,MHxPC130147553,0,0,0.004536
distilgpt2_logistic,DistilGPT2 Embeddings + Logistic Regression,MHxPC130554757,0,0,0.09049
distilgpt2_logistic,DistilGPT2 Embeddings + Logistic Regression,MHxPC130452433,0,0,0.043544
distilgpt2_logistic,DistilGPT2 Embeddings + Logistic Regression,MHxPC130293585,0,0,0.004406
distilgpt2_logistic,DistilGPT2 Embeddings + Logistic Regression,MHxPC130305525,0,0,0.521677
distilgpt2_logistic,DistilGPT2 Embeddings + Logistic Regression,MHxPC130060764,0,0,0.020674
distilgpt2_logistic,DistilGPT2 Embeddings + Logistic Regression,MHxPC130117995,0,0,0.017148
distilgpt2_logistic,DistilGPT2 Embeddings + Logistic Regression,MHxPC130491361,0,0,0.005678
distilgpt2_logistic,DistilGPT2 Embeddings + Logistic Regression,MHxPC130303068,0,0,0.00736
distilgpt2_logistic,DistilGPT2 Embeddings + Logistic Regression,MHxPC130554825,0,0,0.012895
distilgpt2_logistic,DistilGPT2 Embeddings + Logistic Regression,MHxPC130512927,0,0,0.004512
distilgpt2_logistic,DistilGPT2 Embeddings + Logistic Regression,MHxPC130289389,0,0,0.015753
distilgpt2_logistic,DistilGPT2 Embeddings + Logistic Regression,MHxPC130235568,0,0,0.00736
distilgpt2_logistic,DistilGPT2 Embeddings + Logistic Regression,MHxPC130353904,0,0,0.023829
distilgpt2_logistic,DistilGPT2 Embeddings + Logistic Regression,MHxPC130497273,0,0,0.113035
distilgpt2_logistic,DistilGPT2 Embeddings + Logistic Regression,MHxPC130226209,0,0,0.00736
distilgpt2_logistic,DistilGPT2 Embeddings + Logistic Regression,MHxPC130511657,0,0,0.004406
distilgpt2_logistic,DistilGPT2 Embeddings + Logistic Regression,MHxPC130512370,0,0,0.006906
distilgpt2_logistic,DistilGPT2 Embeddings + Logistic Regression,MHxPC130554246,0,0,0.00736
distilgpt2_logistic,DistilGPT2 Embeddings + Logistic Regression,MHxPC130338158,0,0,0.065996
distilgpt2_logistic,DistilGPT2 Embeddings + Logistic Regression,MHxPC130088820,0,0,0.018784
distilgpt2_logistic,DistilGPT2 Embeddings + Logistic Regression,MHxPC130479728,0,0,0.004406
distilgpt2_logistic,DistilGPT2 Embeddings + Logistic Regression,MHxPC130074980,0,0,0.774198
distilgpt2_logistic,DistilGPT2 Embeddings + Logistic Regression,MHxPC130147379,0,0,0.004406
distilgpt2_logistic,DistilGPT2 Embeddings + Logistic Regression,MHxPC130539444,0,1,0.934355
distilgpt2_logistic,DistilGPT2 Embeddings + Logistic Regression,MHxPC130115469,0,0,0.010149
distilgpt2_logistic,DistilGPT2 Embeddings + Logistic Regression,MHxPC130189358,0,0,0.00736
distilgpt2_logistic,DistilGPT2 Embeddings + Logistic Regression,MHxPC130493722,0,0,0.003764
distilgpt2_logistic,DistilGPT2 Embeddings + Logistic Regression,MHxPC130110511,0,0,0.004512
distilgpt2_logistic,DistilGPT2 Embeddings + Logistic Regression,MHxPC130060683,0,0,0.01744
distilgpt2_logistic,DistilGPT2 Embeddings + Logistic Regression,MHxPC130593657,0,0,0.013567
distilgpt2_logistic,DistilGPT2 Embeddings + Logistic Regression,MHxPC130113531,0,0,0.052644
distilgpt2_logistic,DistilGPT2 Embeddings + Logistic Regression,MHxPC130449231,0,0,0.003505
distilgpt2_logistic,DistilGPT2 Embeddings + Logistic Regression,MHxPC130473175,0,0,0.011088
distilgpt2_logistic,DistilGPT2 Embeddings + Logistic Regression,MHxPC130162359,0,0,0.006525
distilgpt2_logistic,DistilGPT2 Embeddings + Logistic Regression,MHxPC130548265,0,0,0.004406
distilgpt2_logistic,DistilGPT2 Embeddings + Logistic Regression,MHxPC130226350,0,0,0.004512
distilgpt2_logistic,DistilGPT2 Embeddings + Logistic Regression,MHxPC130133460,0,0,0.006599
distilgpt2_logistic,DistilGPT2 Embeddings + Logistic Regression,MHxPC130584707,0,0,0.019029
distilgpt2_logistic,DistilGPT2 Embeddings + Logistic Regression,MHxPC130512338,0,0,0.006021
distilgpt2_logistic,DistilGPT2 Embeddings + Logistic Regression,MHxPC130357058,0,0,0.004406
distilgpt2_logistic,DistilGPT2 Embeddings + Logistic Regression,MHxPC130089733,0,0,0.010572
distilgpt2_logistic,DistilGPT2 Embeddings + Logistic Regression,MHxPC130567024,0,0,0.00736
distilgpt2_logistic,DistilGPT2 Embeddings + Logistic Regression,MHxPC130212874,0,0,0.256401
distilgpt2_logistic,DistilGPT2 Embeddings + Logistic Regression,MHxPC130184417,0,0,0.09357
distilgpt2_logistic,DistilGPT2 Embeddings + Logistic Regression,MHxPC130329063,0,0,0.275129
distilgpt2_logistic,DistilGPT2 Embeddings + Logistic Regression,MHxPC130490249,0,0,0.068384
distilgpt2_logistic,DistilGPT2 Embeddings + Logistic Regression,MHxPC130354504,0,0,0.004512
distilgpt2_logistic,DistilGPT2 Embeddings + Logistic Regression,MHxPC130545216,0,0,0.004406
distilgpt2_logistic,DistilGPT2 Embeddings + Logistic Regression,MHxPC130581758,0,0,0.021649
distilgpt2_logistic,DistilGPT2 Embeddings + Logistic Regression,MHxPC130020766,0,0,0.004512
distilgpt2_logistic,DistilGPT2 Embeddings + Logistic Regression,MHxPC130061700,0,0,0.003974
distilgpt2_logistic,DistilGPT2 Embeddings + Logistic Regression,MHxPC130524786,0,0,0.004406
distilgpt2_logistic,DistilGPT2 Embeddings + Logistic Regression,MHxPC130007504,1,0,0.822215
distilgpt2_logistic,DistilGPT2 Embeddings + Logistic Regression,MHxPC130221040,0,0,0.017028
distilgpt2_logistic,DistilGPT2 Embeddings + Logistic Regression,MHxPC130584019,0,0,0.004406
distilgpt2_logistic,DistilGPT2 Embeddings + Logistic Regression,MHxPC130411394,0,0,0.007039
distilgpt2_logistic,DistilGPT2 Embeddings + Logistic Regression,MHxPC130588776,1,1,0.953186
distilgpt2_logistic,DistilGPT2 Embeddings + Logistic Regression,MHxPC130118133,0,0,0.007154
distilgpt2_logistic,DistilGPT2 Embeddings + Logistic Regression,MHxPC130334498,0,0,0.030961
distilgpt2_logistic,DistilGPT2 Embeddings + Logistic Regression,MHxPC130246574,0,0,0.005196
distilgpt2_logistic,DistilGPT2 Embeddings + Logistic Regression,MHxPC130352958,1,1,0.924045
distilgpt2_logistic,DistilGPT2 Embeddings + Logistic Regression,MHxPC130464515,0,0,0.012755
distilgpt2_logistic,DistilGPT2 Embeddings + Logistic Regression,MHxPC130577076,0,0,0.007951
distilgpt2_logistic,DistilGPT2 Embeddings + Logistic Regression,MHxPC130293032,0,0,0.00736
distilgpt2_logistic,DistilGPT2 Embeddings + Logistic Regression,MHxPC130117820,0,0,0.015454
distilgpt2_logistic,DistilGPT2 Embeddings + Logistic Regression,MHxPC130225911,0,0,0.015366
distilgpt2_logistic,DistilGPT2 Embeddings + Logistic Regression,MHxPC130498974,0,0,0.163783
distilgpt2_logistic,DistilGPT2 Embeddings + Logistic Regression,MHxPC130165102,0,0,0.004406
distilgpt2_logistic,DistilGPT2 Embeddings + Logistic Regression,MHxPC130595042,0,0,0.346441
distilgpt2_logistic,DistilGPT2 Embeddings + Logistic Regression,MHxPC130090152,0,0,0.00736
distilgpt2_logistic,DistilGPT2 Embeddings + Logistic Regression,MHxPC130158623,0,0,0.20598
distilgpt2_logistic,DistilGPT2 Embeddings + Logistic Regression,MHxPC130065837,1,0,0.713689
distilgpt2_logistic,DistilGPT2 Embeddings + Logistic Regression,MHxPC130441666,0,0,0.016721
distilgpt2_logistic,DistilGPT2 Embeddings + Logistic Regression,MHxPC130054266,0,0,0.010034
distilgpt2_logistic,DistilGPT2 Embeddings + Logistic Regression,MHxPC130589538,0,0,0.006797
distilgpt2_logistic,DistilGPT2 Embeddings + Logistic Regression,MHxPC130271909,0,0,0.006598
distilgpt2_logistic,DistilGPT2 Embeddings + Logistic Regression,MHxPC130107444,0,0,0.093592
distilgpt2_logistic,DistilGPT2 Embeddings + Logistic Regression,MHxPC130107320,0,0,0.004406
distilgpt2_logistic,DistilGPT2 Embeddings + Logistic Regression,MHxPC130405966,0,0,0.828524
distilgpt2_logistic,DistilGPT2 Embeddings + Logistic Regression,MHxPC130388965,0,0,0.376877
distilgpt2_logistic,DistilGPT2 Embeddings + Logistic Regression,MHxPC130511776,0,0,0.00736
distilgpt2_logistic,DistilGPT2 Embeddings + Logistic Regression,MHxPC130395283,0,0,0.062423
distilgpt2_logistic,DistilGPT2 Embeddings + Logistic Regression,MHxPC130578952,0,0,0.006797
distilgpt2_logistic,DistilGPT2 Embeddings + Logistic Regression,MHxPC130174290,0,0,0.006797
distilgpt2_logistic,DistilGPT2 Embeddings + Logistic Regression,MHxPC130417497,0,1,0.982148
distilgpt2_logistic,DistilGPT2 Embeddings + Logistic Regression,MHxPC130323698,0,1,0.880699
distilgpt2_logistic,DistilGPT2 Embeddings + Logistic Regression,MHxPC130030800,0,0,0.094121
distilgpt2_logistic,DistilGPT2 Embeddings + Logistic Regression,MHxPC130333094,0,0,0.05934
distilgpt2_logistic,DistilGPT2 Embeddings + Logistic Regression,MHxPC130034635,0,0,0.296024
distilgpt2_logistic,DistilGPT2 Embeddings + Logistic Regression,MHxPC130010052,0,0,0.016252
distilgpt2_logistic,DistilGPT2 Embeddings + Logistic Regression,MHxPC130008389,0,0,0.044378
distilgpt2_logistic,DistilGPT2 Embeddings + Logistic Regression,MHxPC130091190,0,1,0.919155
distilgpt2_logistic,DistilGPT2 Embeddings + Logistic Regression,MHxPC130237451,0,0,0.006318
distilgpt2_logistic,DistilGPT2 Embeddings + Logistic Regression,MHxPC130463118,0,0,0.004478
distilgpt2_logistic,DistilGPT2 Embeddings + Logistic Regression,MHxPC130440385,0,0,0.004733
distilgpt2_logistic,DistilGPT2 Embeddings + Logistic Regression,MHxPC130184968,0,0,0.017282
distilgpt2_logistic,DistilGPT2 Embeddings + Logistic Regression,MHxPC130548391,0,0,0.004406
distilgpt2_logistic,DistilGPT2 Embeddings + Logistic Regression,MHxPC130324727,0,0,0.004406
distilgpt2_logistic,DistilGPT2 Embeddings + Logistic Regression,MHxPC130152159,0,0,0.075438
distilgpt2_logistic,DistilGPT2 Embeddings + Logistic Regression,MHxPC130038300,0,0,0.007039
distilgpt2_logistic,DistilGPT2 Embeddings + Logistic Regression,MHxPC130029721,0,0,0.021639
distilgpt2_logistic,DistilGPT2 Embeddings + Logistic Regression,MHxPC130474503,0,0,0.06232
distilgpt2_logistic,DistilGPT2 Embeddings + Logistic Regression,MHxPC130569912,0,0,0.408553
distilgpt2_logistic,DistilGPT2 Embeddings + Logistic Regression,MHxPC130254835,0,0,0.023393
distilgpt2_logistic,DistilGPT2 Embeddings + Logistic Regression,MHxPC130280202,0,0,0.059332
distilgpt2_logistic,DistilGPT2 Embeddings + Logistic Regression,MHxPC130273857,0,0,0.104933
distilgpt2_logistic,DistilGPT2 Embeddings + Logistic Regression,MHxPC130119361,0,0,0.004406
distilgpt2_logistic,DistilGPT2 Embeddings + Logistic Regression,MHxPC130442177,0,0,0.052425
distilgpt2_logistic,DistilGPT2 Embeddings + Logistic Regression,MHxPC130262947,0,0,0.005678
distilgpt2_logistic,DistilGPT2 Embeddings + Logistic Regression,MHxPC130553989,0,0,0.053919
distilgpt2_logistic,DistilGPT2 Embeddings + Logistic Regression,MHxPC130356410,0,0,0.012537
distilgpt2_logistic,DistilGPT2 Embeddings + Logistic Regression,MHxPC130477635,0,0,0.004512
distilgpt2_logistic,DistilGPT2 Embeddings + Logistic Regression,MHxPC130283550,0,0,0.035889
distilgpt2_logistic,DistilGPT2 Embeddings + Logistic Regression,MHxPC130241406,0,0,0.004512
distilgpt2_logistic,DistilGPT2 Embeddings + Logistic Regression,MHxPC130216444,1,1,0.976667
distilgpt2_logistic,DistilGPT2 Embeddings + Logistic Regression,MHxPC130511653,0,0,0.147679
distilgpt2_logistic,DistilGPT2 Embeddings + Logistic Regression,MHxPC130586759,0,0,0.004406
distilgpt2_logistic,DistilGPT2 Embeddings + Logistic Regression,MHxPC130479257,0,0,0.004325
distilgpt2_logistic,DistilGPT2 Embeddings + Logistic Regression,MHxPC130589065,0,1,0.991592
distilgpt2_logistic,DistilGPT2 Embeddings + Logistic Regression,MHxPC130419594,0,0,0.014315
distilgpt2_logistic,DistilGPT2 Embeddings + Logistic Regression,MHxPC130362231,0,0,0.00736
