model_id,model_name,userid_DI,actual_certified,predicted_certified,predicted_probability
distilbert_logistic,DistilBERT Embeddings + Logistic Regression,MHxPC130364859,0,0,0.780327
distilbert_logistic,DistilBERT Embeddings + Logistic Regression,MHxPC130402267,0,0,0.008195
distilbert_logistic,DistilBERT Embeddings + Logistic Regression,MHxPC130153646,1,0,0.876213
distilbert_logistic,DistilBERT Embeddings + Logistic Regression,MHxPC130357648,0,0,0.005958
distilbert_logistic,DistilBERT Embeddings + Logistic Regression,MHxPC130255925,0,0,0.01542
distilbert_logistic,DistilBERT Embeddings + Logistic Regression,MHxPC130312722,0,0,0.012942
distilbert_logistic,DistilBERT Embeddings + Logistic Regression,MHxPC130340572,0,0,0.006344
distilbert_logistic,DistilBERT Embeddings + Logistic Regression,MHxPC130109670,0,1,0.91244
distilbert_logistic,DistilBERT Embeddings + Logistic Regression,MHxPC130037925,0,0,0.008195
distilbert_logistic,DistilBERT Embeddings + Logistic Regression,MHxPC130203384,0,0,0.004764
distilbert_logistic,DistilBERT Embeddings + Logistic Regression,MHxPC130344182,1,1,0.964836
distilbert_logistic,DistilBERT Embeddings + Logistic Regression,MHxPC130474721,0,0,0.049368
distilbert_logistic,DistilBERT Embeddings + Logistic Regression,MHxPC130550852,0,0,0.000691
distilbert_logistic,DistilBERT Embeddings + Logistic Regression,MHxPC130466960,0,0,0.017238
distilbert_logistic,DistilBERT Embeddings + Logistic Regression,MHxPC130176380,0,0,0.008195
distilbert_logistic,DistilBERT Embeddings + Logistic Regression,MHxPC130300804,0,0,0.008195
distilbert_logistic,DistilBERT Embeddings + Logistic Regression,MHxPC130005060,0,0,0.001269
distilbert_logistic,DistilBERT Embeddings + Logistic Regression,MHxPC130084873,0,0,0.006344
distilbert_logistic,DistilBERT Embeddings + Logistic Regression,MHxPC130185763,0,0,0.001065
distilbert_logistic,DistilBERT Embeddings + Logistic Regression,MHxPC130056898,0,0,0.003214
distilbert_logistic,DistilBERT Embeddings + Logistic Regression,MHxPC130019742,0,0,0.008195
distilbert_logistic,DistilBERT Embeddings + Logistic Regression,MHxPC130045257,0,0,0.006344
distilbert_logistic,DistilBERT Embeddings + Logistic Regression,MHxPC130012192,0,0,0.008195
distilbert_logistic,DistilBERT Embeddings + Logistic Regression,MHxPC130506928,0,0,0.00079
distilbert_logistic,DistilBERT Embeddings + Logistic Regression,MHxPC130244691,0,0,0.0155
distilbert_logistic,DistilBERT Embeddings + Logistic Regression,MHxPC130183493,0,0,0.001269
distilbert_logistic,DistilBERT Embeddings + Logistic Regression,MHxPC130095354,0,0,0.00296
distilbert_logistic,DistilBERT Embeddings + Logistic Regression,MHxPC130236588,0,0,0.518255
distilbert_logistic,DistilBERT Embeddings + Logistic Regression,MHxPC130267661,0,0,0.004342
distilbert_logistic,DistilBERT Embeddings + Logistic Regression,MHxPC130420227,0,0,0.002761
distilbert_logistic,DistilBERT Embeddings + Logistic Regression,MHxPC130478273,0,0,0.001269
distilbert_logistic,DistilBERT Embeddings + Logistic Regression,MHxPC130211699,0,0,0.084978
distilbert_logistic,DistilBERT Embeddings + Logistic Regression,MHxPC130343975,0,0,0.229509
distilbert_logistic,DistilBERT Embeddings + Logistic Regression,MHxPC130022810,0,0,0.004066
distilbert_logistic,DistilBERT Embeddings + Logistic Regression,MHxPC130335700,0,0,0.002715
distilbert_logistic,DistilBERT Embeddings + Logistic Regression,MHxPC130567575,0,0,0.006344
distilbert_logistic,DistilBERT Embeddings + Logistic Regression,MHxPC130596903,0,0,0.002576
distilbert_logistic,DistilBERT Embeddings + Logistic Regression,MHxPC130205446,0,0,0.000544
distilbert_logistic,DistilBERT Embeddings + Logistic Regression,MHxPC130007324,0,0,0.003214
distilbert_logistic,DistilBERT Embeddings + Logistic Regression,MHxPC130566350,0,0,0.002715
distilbert_logistic,DistilBERT Embeddings + Logistic Regression,MHxPC130161848,0,0,0.006344
distilbert_logistic,DistilBERT Embeddings + Logistic Regression,MHxPC130548617,0,0,0.020502
distilbert_logistic,DistilBERT Embeddings + Logistic Regression,MHxPC130547058,0,0,0.008195
distilbert_logistic,DistilBERT Embeddings + Logistic Regression,MHxPC130241956,0,0,0.178963
distilbert_logistic,DistilBERT Embeddings + Logistic Regression,MHxPC130393068,0,0,0.10289
distilbert_logistic,DistilBERT Embeddings + Logistic Regression,MHxPC130059851,0,0,0.039628
distilbert_logistic,DistilBERT Embeddings + Logistic Regression,MHxPC130041466,0,0,0.008195
distilbert_logistic,DistilBERT Embeddings + Logistic Regression,MHxPC130522869,0,0,0.09866
distilbert_logistic,DistilBERT Embeddings + Logistic Regression,MHxPC130357041,0,0,0.007603
distilbert_logistic,DistilBERT Embeddings + Logistic Regression,MHxPC130153511,0,0,0.003559
distilbert_logistic,DistilBERT Embeddings + Logistic Regression,MHxPC130500820,0,0,0.009904
distilbert_logistic,DistilBERT Embeddings + Logistic Regression,MHxPC130490217,0,0,0.00768
distilbert_logistic,DistilBERT Embeddings + Logistic Regression,MHxPC130576830,0,0,0.005043
distilbert_logistic,DistilBERT Embeddings + Logistic Regression,MHxPC130109338,0,0,0.005115
distilbert_logistic,DistilBERT Embeddings + Logistic Regression,MHxPC130555869,0,0,0.005583
distilbert_logistic,DistilBERT Embeddings + Logistic Regression,MHxPC130088930,0,0,0.006293
distilbert_logistic,DistilBERT Embeddings + Logistic Regression,MHxPC130558867,0,0,0.005478
distilbert_logistic,DistilBERT Embeddings + Logistic Regression,MHxPC130081815,0,0,0.029284
distilbert_logistic,DistilBERT Embeddings + Logistic Regression,MHxPC130020572,0,0,0.006742
distilbert_logistic,DistilBERT Embeddings + Logistic Regression,MHxPC130041737,0,0,0.254914
distilbert_logistic,DistilBERT Embeddings + Logistic Regression,MHxPC130523364,0,0,0.013259
distilbert_logistic,DistilBERT Embeddings + Logistic Regression,MHxPC130177930,0,0,0.008195
distilbert_logistic,DistilBERT Embeddings + Logistic Regression,MHxPC130086741,0,0,0.001625
distilbert_logistic,DistilBERT Embeddings + Logistic Regression,MHxPC130224679,0,0,0.050528
distilbert_logistic,DistilBERT Embeddings + Logistic Regression,MHxPC130070199,0,0,0.003299
distilbert_logistic,DistilBERT Embeddings + Logistic Regression,MHxPC130337474,0,0,0.002715
distilbert_logistic,DistilBERT Embeddings + Logistic Regression,MHxPC130533102,0,0,0.000862
distilbert_logistic,DistilBERT Embeddings + Logistic Regression,MHxPC130413856,0,0,0.00222
distilbert_logistic,DistilBERT Embeddings + Logistic Regression,MHxPC130507193,0,0,0.000902
distilbert_logistic,DistilBERT Embeddings + Logistic Regression,MHxPC130133281,0,0,0.008195
distilbert_logistic,DistilBERT Embeddings + Logistic Regression,MHxPC130188557,0,0,0.075458
distilbert_logistic,DistilBERT Embeddings + Logistic Regression,MHxPC130418846,0,0,0.588063
distilbert_logistic,DistilBERT Embeddings + Logistic Regression,MHxPC130140721,0,0,0.001051
distilbert_logistic,DistilBERT Embeddings + Logistic Regression,MHxPC130182875,0,0,0.006344
distilbert_logistic,DistilBERT Embeddings + Logistic Regression,MHxPC130356908,0,0,0.051067
distilbert_logistic,DistilBERT Embeddings + Logistic Regression,MHxPC130308595,0,0,0.002715
distilbert_logistic,DistilBERT Embeddings + Logistic Regression,MHxPC130292804,0,0,0.00496
distilbert_logistic,DistilBERT Embeddings + Logistic Regression,MHxPC130204946,0,0,0.007688
distilbert_logistic,DistilBERT Embeddings + Logistic Regression,MHxPC130501906,0,0,0.005043
distilbert_logistic,DistilBERT Embeddings + Logistic Regression,MHxPC130115227,0,0,0.005602
distilbert_logistic,DistilBERT Embeddings + Logistic Regression,MHxPC130596509,0,0,0.006858
distilbert_logistic,DistilBERT Embeddings + Logistic Regression,MHxPC130117832,0,0,0.008195
distilbert_logistic,DistilBERT Embeddings + Logistic Regression,MHxPC130165316,0,0,0.005725
distilbert_logistic,DistilBERT Embeddings + Logistic Regression,MHxPC130022798,0,0,0.007393
distilbert_logistic,DistilBERT Embeddings + Logistic Regression,MHxPC130199943,0,0,0.005002
distilbert_logistic,DistilBERT Embeddings + Logistic Regression,MHxPC130538973,0,0,0.003072
distilbert_logistic,DistilBERT Embeddings + Logistic Regression,MHxPC130206602,0,0,0.008673
distilbert_logistic,DistilBERT Embeddings + Logistic Regression,MHxPC130019735,0,0,0.061115
distilbert_logistic,DistilBERT Embeddings + Logistic Regression,MHxPC130049019,0,0,0.003664
distilbert_logistic,DistilBERT Embeddings + Logistic Regression,MHxPC130458988,0,0,0.001417
distilbert_logistic,DistilBERT Embeddings + Logistic Regression,MHxPC130130683,0,0,0.012532
distilbert_logistic,DistilBERT Embeddings + Logistic Regression,MHxPC130360258,0,0,0.008195
distilbert_logistic,DistilBERT Embeddings + Logistic Regression,MHxPC130275432,0,0,0.002715
distilbert_logistic,DistilBERT Embeddings + Logistic Regression,MHxPC130208326,0,0,0.398482
distilbert_logistic,DistilBERT Embeddings + Logistic Regression,MHxPC130224819,0,0,0.001516
distilbert_logistic,DistilBERT Embeddings + Logistic Regression,MHxPC130029226,0,0,0.010032
distilbert_logistic,DistilBERT Embeddings + Logistic Regression,MHxPC130110641,0,0,0.009248
distilbert_logistic,DistilBERT Embeddings + Logistic Regression,MHxPC130526768,0,0,0.001323
distilbert_logistic,DistilBERT Embeddings + Logistic Regression,MHxPC130262159,0,0,0.057787
distilbert_logistic,DistilBERT Embeddings + Logistic Regression,MHxPC130588792,0,0,0.003214
distilbert_logistic,DistilBERT Embeddings + Logistic Regression,MHxPC130345954,1,1,0.957946
distilbert_logistic,DistilBERT Embeddings + Logistic Regression,MHxPC130594021,0,0,0.002715
distilbert_logistic,DistilBERT Embeddings + Logistic Regression,MHxPC130125776,0,0,0.00222
distilbert_logistic,DistilBERT Embeddings + Logistic Regression,MHxPC130553479,0,0,0.002572
distilbert_logistic,DistilBERT Embeddings + Logistic Regression,MHxPC130525502,0,0,0.008902
distilbert_logistic,DistilBERT Embeddings + Logistic Regression,MHxPC130366074,0,0,0.008195
distilbert_logistic,DistilBERT Embeddings + Logistic Regression,MHxPC130042543,0,0,0.004734
distilbert_logistic,DistilBERT Embeddings + Logistic Regression,MHxPC130206552,0,0,0.003214
distilbert_logistic,DistilBERT Embeddings + Logistic Regression,MHxPC130141294,0,0,0.001284
distilbert_logistic,DistilBERT Embeddings + Logistic Regression,MHxPC130309810,0,0,0.008195
distilbert_logistic,DistilBERT Embeddings + Logistic Regression,MHxPC130375935,1,1,0.991819
distilbert_logistic,DistilBERT Embeddings + Logistic Regression,MHxPC130291020,0,0,0.000655
distilbert_logistic,DistilBERT Embeddings + Logistic Regression,MHxPC130569393,0,0,0.001964
distilbert_logistic,DistilBERT Embeddings + Logistic Regression,MHxPC130473599,0,0,0.009427
distilbert_logistic,DistilBERT Embeddings + Logistic Regression,MHxPC130132044,0,0,0.010426
distilbert_logistic,DistilBERT Embeddings + Logistic Regression,MHxPC130176069,0,0,0.008195
distilbert_logistic,DistilBERT Embeddings + Logistic Regression,MHxPC130461128,0,0,0.101686
distilbert_logistic,DistilBERT Embeddings + Logistic Regression,MHxPC130027636,0,0,0.001672
distilbert_logistic,DistilBERT Embeddings + Logistic Regression,MHxPC130144456,0,0,0.873735
distilbert_logistic,DistilBERT Embeddings + Logistic Regression,MHxPC130249963,0,0,0.001516
distilbert_logistic,DistilBERT Embeddings + Logistic Regression,MHxPC130385630,0,0,0.009098
distilbert_logistic,DistilBERT Embeddings + Logistic Regression,MHxPC130334237,0,0,0.002715
distilbert_logistic,DistilBERT Embeddings + Logistic Regression,MHxPC130321246,0,0,0.005224
distilbert_logistic,DistilBERT Embeddings + Logistic Regression,MHxPC130558049,0,0,0.003895
distilbert_logistic,DistilBERT Embeddings + Logistic Regression,MHxPC130401940,0,0,0.002804
distilbert_logistic,DistilBERT Embeddings + Logistic Regression,MHxPC130153100,0,0,0.009207
distilbert_logistic,DistilBERT Embeddings + Logistic Regression,MHxPC130166768,0,0,0.003439
distilbert_logistic,DistilBERT Embeddings + Logistic Regression,MHxPC130168035,0,0,0.001116
distilbert_logistic,DistilBERT Embeddings + Logistic Regression,MHxPC130521782,0,0,0.013236
distilbert_logistic,DistilBERT Embeddings + Logistic Regression,MHxPC130291498,0,0,0.008195
distilbert_logistic,DistilBERT Embeddings + Logistic Regression,MHxPC130327974,0,0,0.026373
distilbert_logistic,DistilBERT Embeddings + Logistic Regression,MHxPC130053134,0,0,0.008388
distilbert_logistic,DistilBERT Embeddings + Logistic Regression,MHxPC130198608,0,0,0.002715
distilbert_logistic,DistilBERT Embeddings + Logistic Regression,MHxPC130001392,0,0,0.002715
distilbert_logistic,DistilBERT Embeddings + Logistic Regression,MHxPC130029259,0,0,0.080221
distilbert_logistic,DistilBERT Embeddings + Logistic Regression,MHxPC130164626,0,0,0.008195
distilbert_logistic,DistilBERT Embeddings + Logistic Regression,MHxPC130139939,0,0,0.002955
distilbert_logistic,DistilBERT Embeddings + Logistic Regression,MHxPC130516120,0,0,0.001516
distilbert_logistic,DistilBERT Embeddings + Logistic Regression,MHxPC130116884,0,0,0.008195
distilbert_logistic,DistilBERT Embeddings + Logistic Regression,MHxPC130460289,0,0,0.004073
distilbert_logistic,DistilBERT Embeddings + Logistic Regression,MHxPC130491532,0,0,0.831939
distilbert_logistic,DistilBERT Embeddings + Logistic Regression,MHxPC130024756,0,0,0.250652
distilbert_logistic,DistilBERT Embeddings + Logistic Regression,MHxPC130196601,0,0,0.002715
distilbert_logistic,DistilBERT Embeddings + Logistic Regression,MHxPC130305675,0,1,0.932731
distilbert_logistic,DistilBERT Embeddings + Logistic Regression,MHxPC130210736,0,0,0.008195
distilbert_logistic,DistilBERT Embeddings + Logistic Regression,MHxPC130324067,0,0,0.008195
distilbert_logistic,DistilBERT Embeddings + Logistic Regression,MHxPC130513854,0,0,0.008195
distilbert_logistic,DistilBERT Embeddings + Logistic Regression,MHxPC130548834,0,0,0.015378
distilbert_logistic,DistilBERT Embeddings + Logistic Regression,MHxPC130559273,0,0,0.003445
distilbert_logistic,DistilBERT Embeddings + Logistic Regression,MHxPC130099053,0,0,0.011992
distilbert_logistic,DistilBERT Embeddings + Logistic Regression,MHxPC130583472,0,1,0.928911
distilbert_logistic,DistilBERT Embeddings + Logistic Regression,MHxPC130226915,0,0,0.00222
distilbert_logistic,DistilBERT Embeddings + Logistic Regression,MHxPC130063818,0,0,0.003214
distilbert_logistic,DistilBERT Embeddings + Logistic Regression,MHxPC130385158,0,0,0.00222
distilbert_logistic,DistilBERT Embeddings + Logistic Regression,MHxPC130005160,0,0,0.003223
distilbert_logistic,DistilBERT Embeddings + Logistic Regression,MHxPC130540155,0,0,0.052669
distilbert_logistic,DistilBERT Embeddings + Logistic Regression,MHxPC130034087,0,0,0.00222
distilbert_logistic,DistilBERT Embeddings + Logistic Regression,MHxPC130093174,0,0,0.005043
distilbert_logistic,DistilBERT Embeddings + Logistic Regression,MHxPC130583642,0,0,0.002386
distilbert_logistic,DistilBERT Embeddings + Logistic Regression,MHxPC130177800,0,0,0.005043
distilbert_logistic,DistilBERT Embeddings + Logistic Regression,MHxPC130064613,0,0,0.004049
distilbert_logistic,DistilBERT Embeddings + Logistic Regression,MHxPC130513916,0,0,0.001065
distilbert_logistic,DistilBERT Embeddings + Logistic Regression,MHxPC130373989,0,0,0.002761
distilbert_logistic,DistilBERT Embeddings + Logistic Regression,MHxPC130191916,0,0,0.006344
distilbert_logistic,DistilBERT Embeddings + Logistic Regression,MHxPC130321750,0,0,0.008195
distilbert_logistic,DistilBERT Embeddings + Logistic Regression,MHxPC130562840,0,0,0.002743
distilbert_logistic,DistilBERT Embeddings + Logistic Regression,MHxPC130329631,0,0,0.006344
distilbert_logistic,DistilBERT Embeddings + Logistic Regression,MHxPC130501310,0,0,0.001218
distilbert_logistic,DistilBERT Embeddings + Logistic Regression,MHxPC130335813,0,0,0.13107
distilbert_logistic,DistilBERT Embeddings + Logistic Regression,MHxPC130191182,0,0,0.002499
distilbert_logistic,DistilBERT Embeddings + Logistic Regression,MHxPC130072300,0,0,0.008195
distilbert_logistic,DistilBERT Embeddings + Logistic Regression,MHxPC130288609,0,0,0.04137
distilbert_logistic,DistilBERT Embeddings + Logistic Regression,MHxPC130186040,0,0,0.029331
distilbert_logistic,DistilBERT Embeddings + Logistic Regression,MHxPC130096626,0,0,0.524647
distilbert_logistic,DistilBERT Embeddings + Logistic Regression,MHxPC130503928,0,0,0.003338
distilbert_logistic,DistilBERT Embeddings + Logistic Regression,MHxPC130216980,0,0,0.01527
distilbert_logistic,DistilBERT Embeddings + Logistic Regression,MHxPC130271942,0,0,0.0071
distilbert_logistic,DistilBERT Embeddings + Logistic Regression,MHxPC130236155,0,0,0.901616
distilbert_logistic,DistilBERT Embeddings + Logistic Regression,MHxPC130413897,0,0,0.669787
distilbert_logistic,DistilBERT Embeddings + Logistic Regression,MHxPC130534007,0,0,0.002151
distilbert_logistic,DistilBERT Embeddings + Logistic Regression,MHxPC130378343,0,0,0.008195
distilbert_logistic,DistilBERT Embeddings + Logistic Regression,MHxPC130293350,0,0,0.068055
distilbert_logistic,DistilBERT Embeddings + Logistic Regression,MHxPC130373313,0,0,0.092301
distilbert_logistic,DistilBERT Embeddings + Logistic Regression,MHxPC130240053,0,0,0.043198
distilbert_logistic,DistilBERT Embeddings + Logistic Regression,MHxPC130301083,0,0,0.006344
distilbert_logistic,DistilBERT Embeddings + Logistic Regression,MHxPC130339202,0,0,0.001417
distilbert_logistic,DistilBERT Embeddings + Logistic Regression,MHxPC130322384,0,0,0.002761
distilbert_logistic,DistilBERT Embeddings + Logistic Regression,MHxPC130384626,0,0,0.802671
distilbert_logistic,DistilBERT Embeddings + Logistic Regression,MHxPC130139418,0,0,0.529346
distilbert_logistic,DistilBERT Embeddings + Logistic Regression,MHxPC130202747,0,0,0.002625
distilbert_logistic,DistilBERT Embeddings + Logistic Regression,MHxPC130578872,0,0,0.00222
distilbert_logistic,DistilBERT Embeddings + Logistic Regression,MHxPC130051440,0,0,0.480164
distilbert_logistic,DistilBERT Embeddings + Logistic Regression,MHxPC130104033,0,0,0.039469
distilbert_logistic,DistilBERT Embeddings + Logistic Regression,MHxPC130559077,0,0,0.01002
distilbert_logistic,DistilBERT Embeddings + Logistic Regression,MHxPC130418427,0,0,0.006475
distilbert_logistic,DistilBERT Embeddings + Logistic Regression,MHxPC130110341,0,0,0.009546
distilbert_logistic,DistilBERT Embeddings + Logistic Regression,MHxPC130163031,0,0,0.14483
distilbert_logistic,DistilBERT Embeddings + Logistic Regression,MHxPC130418539,0,0,0.003166
distilbert_logistic,DistilBERT Embeddings + Logistic Regression,MHxPC130474912,0,0,0.008195
distilbert_logistic,DistilBERT Embeddings + Logistic Regression,MHxPC130527644,0,0,0.001516
distilbert_logistic,DistilBERT Embeddings + Logistic Regression,MHxPC130057985,0,0,0.006344
distilbert_logistic,DistilBERT Embeddings + Logistic Regression,MHxPC130356499,0,0,0.01694
distilbert_logistic,DistilBERT Embeddings + Logistic Regression,MHxPC130269449,0,0,0.00139
distilbert_logistic,DistilBERT Embeddings + Logistic Regression,MHxPC130165933,0,0,0.841862
distilbert_logistic,DistilBERT Embeddings + Logistic Regression,MHxPC130351503,0,0,0.015123
distilbert_logistic,DistilBERT Embeddings + Logistic Regression,MHxPC130557911,0,0,0.008195
distilbert_logistic,DistilBERT Embeddings + Logistic Regression,MHxPC130067522,0,0,0.000346
distilbert_logistic,DistilBERT Embeddings + Logistic Regression,MHxPC130089627,0,0,0.00222
distilbert_logistic,DistilBERT Embeddings + Logistic Regression,MHxPC130208992,0,0,0.036534
distilbert_logistic,DistilBERT Embeddings + Logistic Regression,MHxPC130206420,1,1,0.987825
distilbert_logistic,DistilBERT Embeddings + Logistic Regression,MHxPC130292611,0,0,0.012354
distilbert_logistic,DistilBERT Embeddings + Logistic Regression,MHxPC130392939,0,0,0.001391
distilbert_logistic,DistilBERT Embeddings + Logistic Regression,MHxPC130035020,0,0,0.000544
distilbert_logistic,DistilBERT Embeddings + Logistic Regression,MHxPC130449961,0,0,0.002715
distilbert_logistic,DistilBERT Embeddings + Logistic Regression,MHxPC130285175,0,0,0.008195
distilbert_logistic,DistilBERT Embeddings + Logistic Regression,MHxPC130214411,0,0,0.0078
distilbert_logistic,DistilBERT Embeddings + Logistic Regression,MHxPC130448615,0,0,0.008195
distilbert_logistic,DistilBERT Embeddings + Logistic Regression,MHxPC130287306,0,0,0.79939
distilbert_logistic,DistilBERT Embeddings + Logistic Regression,MHxPC130080570,0,0,0.8755
distilbert_logistic,DistilBERT Embeddings + Logistic Regression,MHxPC130208498,0,0,0.003616
distilbert_logistic,DistilBERT Embeddings + Logistic Regression,MHxPC130000399,0,0,0.006279
distilbert_logistic,DistilBERT Embeddings + Logistic Regression,MHxPC130478164,0,0,0.678127
distilbert_logistic,DistilBERT Embeddings + Logistic Regression,MHxPC130551619,0,0,0.089126
distilbert_logistic,DistilBERT Embeddings + Logistic Regression,MHxPC130011133,0,0,0.000619
distilbert_logistic,DistilBERT Embeddings + Logistic Regression,MHxPC130555480,0,0,0.003214
distilbert_logistic,DistilBERT Embeddings + Logistic Regression,MHxPC130060825,0,0,0.004368
distilbert_logistic,DistilBERT Embeddings + Logistic Regression,MHxPC130098609,0,0,0.006386
distilbert_logistic,DistilBERT Embeddings + Logistic Regression,MHxPC130524481,0,0,0.006344
distilbert_logistic,DistilBERT Embeddings + Logistic Regression,MHxPC130561945,0,0,0.023895
distilbert_logistic,DistilBERT Embeddings + Logistic Regression,MHxPC130106047,0,0,0.016638
distilbert_logistic,DistilBERT Embeddings + Logistic Regression,MHxPC130043712,0,0,0.003214
distilbert_logistic,DistilBERT Embeddings + Logistic Regression,MHxPC130150732,0,0,0.002715
distilbert_logistic,DistilBERT Embeddings + Logistic Regression,MHxPC130575734,0,0,0.018428
distilbert_logistic,DistilBERT Embeddings + Logistic Regression,MHxPC130475165,0,0,0.001076
distilbert_logistic,DistilBERT Embeddings + Logistic Regression,MHxPC130319798,0,0,0.0042
distilbert_logistic,DistilBERT Embeddings + Logistic Regression,MHxPC130310126,0,0,0.693655
distilbert_logistic,DistilBERT Embeddings + Logistic Regression,MHxPC130441385,0,0,0.211146
distilbert_logistic,DistilBERT Embeddings + Logistic Regression,MHxPC130461767,0,0,0.002013
distilbert_logistic,DistilBERT Embeddings + Logistic Regression,MHxPC130163391,0,0,0.008195
distilbert_logistic,DistilBERT Embeddings + Logistic Regression,MHxPC130059669,0,0,0.001964
distilbert_logistic,DistilBERT Embeddings + Logistic Regression,MHxPC130413238,1,1,0.974517
distilbert_logistic,DistilBERT Embeddings + Logistic Regression,MHxPC130250707,0,0,0.002761
distilbert_logistic,DistilBERT Embeddings + Logistic Regression,MHxPC130048418,0,0,0.003439
distilbert_logistic,DistilBERT Embeddings + Logistic Regression,MHxPC130149431,0,0,0.008195
distilbert_logistic,DistilBERT Embeddings + Logistic Regression,MHxPC130100245,0,0,0.006344
distilbert_logistic,DistilBERT Embeddings + Logistic Regression,MHxPC130587730,0,0,0.006629
distilbert_logistic,DistilBERT Embeddings + Logistic Regression,MHxPC130353504,0,0,0.002715
distilbert_logistic,DistilBERT Embeddings + Logistic Regression,MHxPC130020221,0,0,0.019337
distilbert_logistic,DistilBERT Embeddings + Logistic Regression,MHxPC130353966,0,0,0.001088
distilbert_logistic,DistilBERT Embeddings + Logistic Regression,MHxPC130281050,0,0,0.015537
distilbert_logistic,DistilBERT Embeddings + Logistic Regression,MHxPC130335620,0,0,0.006344
distilbert_logistic,DistilBERT Embeddings + Logistic Regression,MHxPC130047406,0,0,0.00153
distilbert_logistic,DistilBERT Embeddings + Logistic Regression,MHxPC130134585,0,0,0.010818
distilbert_logistic,DistilBERT Embeddings + Logistic Regression,MHxPC130044054,0,0,0.484862
distilbert_logistic,DistilBERT Embeddings + Logistic Regression,MHxPC130035202,0,0,0.004975
distilbert_logistic,DistilBERT Embeddings + Logistic Regression,MHxPC130497028,0,0,0.359827
distilbert_logistic,DistilBERT Embeddings + Logistic Regression,MHxPC130211642,0,0,0.00139
distilbert_logistic,DistilBERT Embeddings + Logistic Regression,MHxPC130347101,0,1,0.943834
distilbert_logistic,DistilBERT Embeddings + Logistic Regression,MHxPC130547452,0,0,0.073244
distilbert_logistic,DistilBERT Embeddings + Logistic Regression,MHxPC130488689,0,0,0.021033
distilbert_logistic,DistilBERT Embeddings + Logistic Regression,MHxPC130497894,0,0,0.06674
distilbert_logistic,DistilBERT Embeddings + Logistic Regression,MHxPC130577459,0,1,0.944532
distilbert_logistic,DistilBERT Embeddings + Logistic Regression,MHxPC130010506,0,0,0.005043
distilbert_logistic,DistilBERT Embeddings + Logistic Regression,MHxPC130381835,0,0,0.002761
distilbert_logistic,DistilBERT Embeddings + Logistic Regression,MHxPC130457731,0,0,0.754186
distilbert_logistic,DistilBERT Embeddings + Logistic Regression,MHxPC130278997,0,0,0.002761
distilbert_logistic,DistilBERT Embeddings + Logistic Regression,MHxPC130502357,0,0,0.400295
distilbert_logistic,DistilBERT Embeddings + Logistic Regression,MHxPC130408457,0,0,0.242952
distilbert_logistic,DistilBERT Embeddings + Logistic Regression,MHxPC130465349,0,0,0.002715
distilbert_logistic,DistilBERT Embeddings + Logistic Regression,MHxPC130536428,0,0,0.010139
distilbert_logistic,DistilBERT Embeddings + Logistic Regression,MHxPC130105423,0,0,0.009669
distilbert_logistic,DistilBERT Embeddings + Logistic Regression,MHxPC130159478,0,0,0.021165
distilbert_logistic,DistilBERT Embeddings + Logistic Regression,MHxPC130123605,1,1,0.993237
distilbert_logistic,DistilBERT Embeddings + Logistic Regression,MHxPC130313977,0,0,0.005393
distilbert_logistic,DistilBERT Embeddings + Logistic Regression,MHxPC130143554,0,0,0.464738
distilbert_logistic,DistilBERT Embeddings + Logistic Regression,MHxPC130178271,0,0,0.05317
distilbert_logistic,DistilBERT Embeddings + Logistic Regression,MHxPC130432985,0,0,0.002045
distilbert_logistic,DistilBERT Embeddings + Logistic Regression,MHxPC130348299,0,0,0.202554
distilbert_logistic,DistilBERT Embeddings + Logistic Regression,MHxPC130582661,0,0,0.009319
distilbert_logistic,DistilBERT Embeddings + Logistic Regression,MHxPC130330683,0,0,0.002715
distilbert_logistic,DistilBERT Embeddings + Logistic Regression,MHxPC130549277,0,0,0.042946
distilbert_logistic,DistilBERT Embeddings + Logistic Regression,MHxPC130414612,0,0,0.022934
distilbert_logistic,DistilBERT Embeddings + Logistic Regression,MHxPC130169212,0,0,0.011236
distilbert_logistic,DistilBERT Embeddings + Logistic Regression,MHxPC130083909,0,0,0.203668
distilbert_logistic,DistilBERT Embeddings + Logistic Regression,MHxPC130238252,0,0,0.004207
distilbert_logistic,DistilBERT Embeddings + Logistic Regression,MHxPC130346423,0,0,0.008195
distilbert_logistic,DistilBERT Embeddings + Logistic Regression,MHxPC130271585,0,0,0.00026
distilbert_logistic,DistilBERT Embeddings + Logistic Regression,MHxPC130026122,0,0,0.008195
distilbert_logistic,DistilBERT Embeddings + Logistic Regression,MHxPC130187522,0,0,0.006344
distilbert_logistic,DistilBERT Embeddings + Logistic Regression,MHxPC130452759,0,0,0.002715
distilbert_logistic,DistilBERT Embeddings + Logistic Regression,MHxPC130015131,0,0,0.03734
distilbert_logistic,DistilBERT Embeddings + Logistic Regression,MHxPC130511992,0,0,0.003214
distilbert_logistic,DistilBERT Embeddings + Logistic Regression,MHxPC130050984,0,0,0.002715
distilbert_logistic,DistilBERT Embeddings + Logistic Regression,MHxPC130371689,0,0,0.047524
distilbert_logistic,DistilBERT Embeddings + Logistic Regression,MHxPC130214573,0,0,0.00375
distilbert_logistic,DistilBERT Embeddings + Logistic Regression,MHxPC130354606,0,0,0.008456
distilbert_logistic,DistilBERT Embeddings + Logistic Regression,MHxPC130114769,0,0,0.008195
distilbert_logistic,DistilBERT Embeddings + Logistic Regression,MHxPC130183339,0,0,0.002715
distilbert_logistic,DistilBERT Embeddings + Logistic Regression,MHxPC130539056,0,0,0.006344
distilbert_logistic,DistilBERT Embeddings + Logistic Regression,MHxPC130076880,0,0,0.0007
distilbert_logistic,DistilBERT Embeddings + Logistic Regression,MHxPC130506756,0,0,0.006344
distilbert_logistic,DistilBERT Embeddings + Logistic Regression,MHxPC130586363,0,0,0.018672
distilbert_logistic,DistilBERT Embeddings + Logistic Regression,MHxPC130237522,0,0,0.864509
distilbert_logistic,DistilBERT Embeddings + Logistic Regression,MHxPC130335862,1,1,0.94563
distilbert_logistic,DistilBERT Embeddings + Logistic Regression,MHxPC130414008,0,0,0.005205
distilbert_logistic,DistilBERT Embeddings + Logistic Regression,MHxPC130024730,0,0,0.000862
distilbert_logistic,DistilBERT Embeddings + Logistic Regression,MHxPC130452486,0,0,0.029652
distilbert_logistic,DistilBERT Embeddings + Logistic Regression,MHxPC130356355,0,0,0.003214
distilbert_logistic,DistilBERT Embeddings + Logistic Regression,MHxPC130582214,0,0,0.002715
distilbert_logistic,DistilBERT Embeddings + Logistic Regression,MHxPC130263064,0,0,0.002715
distilbert_logistic,DistilBERT Embeddings + Logistic Regression,MHxPC130354472,0,0,0.008195
distilbert_logistic,DistilBERT Embeddings + Logistic Regression,MHxPC130012365,0,0,0.28497
distilbert_logistic,DistilBERT Embeddings + Logistic Regression,MHxPC130044589,0,0,0.02867
distilbert_logistic,DistilBERT Embeddings + Logistic Regression,MHxPC130233044,0,0,0.002715
distilbert_logistic,DistilBERT Embeddings + Logistic Regression,MHxPC130497802,0,0,0.002499
distilbert_logistic,DistilBERT Embeddings + Logistic Regression,MHxPC130301035,0,0,0.006655
distilbert_logistic,DistilBERT Embeddings + Logistic Regression,MHxPC130010956,0,0,0.006344
distilbert_logistic,DistilBERT Embeddings + Logistic Regression,MHxPC130573883,0,0,0.008195
distilbert_logistic,DistilBERT Embeddings + Logistic Regression,MHxPC130156976,0,0,0.006344
distilbert_logistic,DistilBERT Embeddings + Logistic Regression,MHxPC130407360,0,0,0.006344
distilbert_logistic,DistilBERT Embeddings + Logistic Regression,MHxPC130183307,0,0,0.002761
distilbert_logistic,DistilBERT Embeddings + Logistic Regression,MHxPC130345985,1,1,0.983349
distilbert_logistic,DistilBERT Embeddings + Logistic Regression,MHxPC130564075,0,0,0.013223
distilbert_logistic,DistilBERT Embeddings + Logistic Regression,MHxPC130574341,0,0,0.018554
distilbert_logistic,DistilBERT Embeddings + Logistic Regression,MHxPC130379239,0,0,0.004083
distilbert_logistic,DistilBERT Embeddings + Logistic Regression,MHxPC130279479,0,0,0.039883
distilbert_logistic,DistilBERT Embeddings + Logistic Regression,MHxPC130541099,0,0,0.001456
distilbert_logistic,DistilBERT Embeddings + Logistic Regression,MHxPC130193281,0,0,0.006344
distilbert_logistic,DistilBERT Embeddings + Logistic Regression,MHxPC130434554,0,0,0.001456
distilbert_logistic,DistilBERT Embeddings + Logistic Regression,MHxPC130067632,0,0,0.011478
distilbert_logistic,DistilBERT Embeddings + Logistic Regression,MHxPC130082544,0,0,0.002715
distilbert_logistic,DistilBERT Embeddings + Logistic Regression,MHxPC130354505,0,0,0.001858
distilbert_logistic,DistilBERT Embeddings + Logistic Regression,MHxPC130154988,0,0,0.005315
distilbert_logistic,DistilBERT Embeddings + Logistic Regression,MHxPC130507797,0,0,0.002728
distilbert_logistic,DistilBERT Embeddings + Logistic Regression,MHxPC130066889,0,1,0.981072
distilbert_logistic,DistilBERT Embeddings + Logistic Regression,MHxPC130110910,0,0,0.003239
distilbert_logistic,DistilBERT Embeddings + Logistic Regression,MHxPC130063722,0,0,0.01684
distilbert_logistic,DistilBERT Embeddings + Logistic Regression,MHxPC130477597,0,0,0.02475
distilbert_logistic,DistilBERT Embeddings + Logistic Regression,MHxPC130531728,0,0,0.003206
distilbert_logistic,DistilBERT Embeddings + Logistic Regression,MHxPC130016500,0,0,0.006344
distilbert_logistic,DistilBERT Embeddings + Logistic Regression,MHxPC130557951,0,0,0.003214
distilbert_logistic,DistilBERT Embeddings + Logistic Regression,MHxPC130523490,0,1,0.917175
distilbert_logistic,DistilBERT Embeddings + Logistic Regression,MHxPC130177084,0,0,0.107814
distilbert_logistic,DistilBERT Embeddings + Logistic Regression,MHxPC130398316,0,0,0.008195
distilbert_logistic,DistilBERT Embeddings + Logistic Regression,MHxPC130352420,0,0,0.006009
distilbert_logistic,DistilBERT Embeddings + Logistic Regression,MHxPC130249564,0,0,0.006344
distilbert_logistic,DistilBERT Embeddings + Logistic Regression,MHxPC130026468,0,0,0.065098
distilbert_logistic,DistilBERT Embeddings + Logistic Regression,MHxPC130252707,0,0,0.002728
distilbert_logistic,DistilBERT Embeddings + Logistic Regression,MHxPC130077349,0,0,0.003214
distilbert_logistic,DistilBERT Embeddings + Logistic Regression,MHxPC130179973,0,0,0.015997
distilbert_logistic,DistilBERT Embeddings + Logistic Regression,MHxPC130539268,0,0,0.002223
distilbert_logistic,DistilBERT Embeddings + Logistic Regression,MHxPC130463753,0,0,0.004143
distilbert_logistic,DistilBERT Embeddings + Logistic Regression,MHxPC130518004,0,0,0.008195
distilbert_logistic,DistilBERT Embeddings + Logistic Regression,MHxPC130260199,0,0,0.023196
distilbert_logistic,DistilBERT Embeddings + Logistic Regression,MHxPC130349769,0,0,0.003214
distilbert_logistic,DistilBERT Embeddings + Logistic Regression,MHxPC130272931,0,0,0.08546
distilbert_logistic,DistilBERT Embeddings + Logistic Regression,MHxPC130447059,0,0,0.001908
distilbert_logistic,DistilBERT Embeddings + Logistic Regression,MHxPC130572441,0,0,0.354628
distilbert_logistic,DistilBERT Embeddings + Logistic Regression,MHxPC130513473,0,0,0.051814
distilbert_logistic,DistilBERT Embeddings + Logistic Regression,MHxPC130187936,0,0,0.002112
distilbert_logistic,DistilBERT Embeddings + Logistic Regression,MHxPC130245215,0,0,0.007986
distilbert_logistic,DistilBERT Embeddings + Logistic Regression,MHxPC130332447,0,0,0.022519
distilbert_logistic,DistilBERT Embeddings + Logistic Regression,MHxPC130207964,0,0,0.008195
distilbert_logistic,DistilBERT Embeddings + Logistic Regression,MHxPC130422128,0,0,0.275494
distilbert_logistic,DistilBERT Embeddings + Logistic Regression,MHxPC130484122,0,0,0.013619
distilbert_logistic,DistilBERT Embeddings + Logistic Regression,MHxPC130406989,0,0,0.002715
distilbert_logistic,DistilBERT Embeddings + Logistic Regression,MHxPC130149291,0,0,0.002715
distilbert_logistic,DistilBERT Embeddings + Logistic Regression,MHxPC130202348,0,0,0.028551
distilbert_logistic,DistilBERT Embeddings + Logistic Regression,MHxPC130307352,0,0,0.011768
distilbert_logistic,DistilBERT Embeddings + Logistic Regression,MHxPC130177925,0,0,0.017755
distilbert_logistic,DistilBERT Embeddings + Logistic Regression,MHxPC130105920,0,0,0.008195
distilbert_logistic,DistilBERT Embeddings + Logistic Regression,MHxPC130183066,0,0,0.001507
distilbert_logistic,DistilBERT Embeddings + Logistic Regression,MHxPC130511517,0,0,0.001379
distilbert_logistic,DistilBERT Embeddings + Logistic Regression,MHxPC130227437,0,0,0.002715
distilbert_logistic,DistilBERT Embeddings + Logistic Regression,MHxPC130292307,0,0,0.82308
distilbert_logistic,DistilBERT Embeddings + Logistic Regression,MHxPC130397978,0,0,0.008195
distilbert_logistic,DistilBERT Embeddings + Logistic Regression,MHxPC130427507,0,0,0.002761
distilbert_logistic,DistilBERT Embeddings + Logistic Regression,MHxPC130107863,0,0,0.015759
distilbert_logistic,DistilBERT Embeddings + Logistic Regression,MHxPC130540693,0,1,0.962375
distilbert_logistic,DistilBERT Embeddings + Logistic Regression,MHxPC130226071,0,0,0.013591
distilbert_logistic,DistilBERT Embeddings + Logistic Regression,MHxPC130291357,0,0,0.00222
distilbert_logistic,DistilBERT Embeddings + Logistic Regression,MHxPC130254818,0,0,0.006741
distilbert_logistic,DistilBERT Embeddings + Logistic Regression,MHxPC130592191,0,0,0.008195
distilbert_logistic,DistilBERT Embeddings + Logistic Regression,MHxPC130207038,0,0,0.339845
distilbert_logistic,DistilBERT Embeddings + Logistic Regression,MHxPC130164298,0,0,0.011985
distilbert_logistic,DistilBERT Embeddings + Logistic Regression,MHxPC130004721,0,0,0.001936
distilbert_logistic,DistilBERT Embeddings + Logistic Regression,MHxPC130157500,0,0,0.003118
distilbert_logistic,DistilBERT Embeddings + Logistic Regression,MHxPC130377258,0,0,0.002286
distilbert_logistic,DistilBERT Embeddings + Logistic Regression,MHxPC130128571,0,0,0.006344
distilbert_logistic,DistilBERT Embeddings + Logistic Regression,MHxPC130173184,0,0,0.002757
distilbert_logistic,DistilBERT Embeddings + Logistic Regression,MHxPC130002605,0,0,0.005969
distilbert_logistic,DistilBERT Embeddings + Logistic Regression,MHxPC130141914,0,0,0.009482
distilbert_logistic,DistilBERT Embeddings + Logistic Regression,MHxPC130348192,0,0,0.006344
distilbert_logistic,DistilBERT Embeddings + Logistic Regression,MHxPC130233947,0,0,0.011387
distilbert_logistic,DistilBERT Embeddings + Logistic Regression,MHxPC130454514,0,0,0.002632
distilbert_logistic,DistilBERT Embeddings + Logistic Regression,MHxPC130551343,0,0,0.008195
distilbert_logistic,DistilBERT Embeddings + Logistic Regression,MHxPC130376895,0,0,0.008195
distilbert_logistic,DistilBERT Embeddings + Logistic Regression,MHxPC130510023,0,0,0.000938
distilbert_logistic,DistilBERT Embeddings + Logistic Regression,MHxPC130013373,0,0,0.017011
distilbert_logistic,DistilBERT Embeddings + Logistic Regression,MHxPC130475551,0,0,0.039883
distilbert_logistic,DistilBERT Embeddings + Logistic Regression,MHxPC130384679,0,0,0.002715
distilbert_logistic,DistilBERT Embeddings + Logistic Regression,MHxPC130532678,0,0,0.74885
distilbert_logistic,DistilBERT Embeddings + Logistic Regression,MHxPC130237365,0,0,0.002214
distilbert_logistic,DistilBERT Embeddings + Logistic Regression,MHxPC130096335,0,0,0.002761
distilbert_logistic,DistilBERT Embeddings + Logistic Regression,MHxPC130556951,0,0,0.001456
distilbert_logistic,DistilBERT Embeddings + Logistic Regression,MHxPC130423208,0,0,0.008195
distilbert_logistic,DistilBERT Embeddings + Logistic Regression,MHxPC130055400,0,0,0.611475
distilbert_logistic,DistilBERT Embeddings + Logistic Regression,MHxPC130119109,0,0,0.002488
distilbert_logistic,DistilBERT Embeddings + Logistic Regression,MHxPC130429472,0,0,0.002715
distilbert_logistic,DistilBERT Embeddings + Logistic Regression,MHxPC130365354,0,0,0.008195
distilbert_logistic,DistilBERT Embeddings + Logistic Regression,MHxPC130075942,0,0,0.00207
distilbert_logistic,DistilBERT Embeddings + Logistic Regression,MHxPC130377232,0,0,0.002499
distilbert_logistic,DistilBERT Embeddings + Logistic Regression,MHxPC130506984,0,0,0.010918
distilbert_logistic,DistilBERT Embeddings + Logistic Regression,MHxPC130470574,0,0,0.000758
distilbert_logistic,DistilBERT Embeddings + Logistic Regression,MHxPC130317773,0,0,0.002715
distilbert_logistic,DistilBERT Embeddings + Logistic Regression,MHxPC130395356,0,0,0.003299
distilbert_logistic,DistilBERT Embeddings + Logistic Regression,MHxPC130057695,0,0,0.01057
distilbert_logistic,DistilBERT Embeddings + Logistic Regression,MHxPC130173351,0,0,0.005217
distilbert_logistic,DistilBERT Embeddings + Logistic Regression,MHxPC130158668,0,0,0.004512
distilbert_logistic,DistilBERT Embeddings + Logistic Regression,MHxPC130007951,0,0,0.008195
distilbert_logistic,DistilBERT Embeddings + Logistic Regression,MHxPC130075036,0,0,0.046365
distilbert_logistic,DistilBERT Embeddings + Logistic Regression,MHxPC130221751,0,0,0.479975
distilbert_logistic,DistilBERT Embeddings + Logistic Regression,MHxPC130032999,0,0,0.003214
distilbert_logistic,DistilBERT Embeddings + Logistic Regression,MHxPC130594312,0,0,0.027297
distilbert_logistic,DistilBERT Embeddings + Logistic Regression,MHxPC130248075,0,0,0.008195
distilbert_logistic,DistilBERT Embeddings + Logistic Regression,MHxPC130368443,0,0,0.008195
distilbert_logistic,DistilBERT Embeddings + Logistic Regression,MHxPC130098868,0,0,0.002715
distilbert_logistic,DistilBERT Embeddings + Logistic Regression,MHxPC130249217,0,1,0.950872
distilbert_logistic,DistilBERT Embeddings + Logistic Regression,MHxPC130223029,0,0,0.009165
distilbert_logistic,DistilBERT Embeddings + Logistic Regression,MHxPC130588966,0,0,0.008195
distilbert_logistic,DistilBERT Embeddings + Logistic Regression,MHxPC130360409,0,0,0.002987
distilbert_logistic,DistilBERT Embeddings + Logistic Regression,MHxPC130012269,0,0,0.003988
distilbert_logistic,DistilBERT Embeddings + Logistic Regression,MHxPC130344206,1,1,0.954893
distilbert_logistic,DistilBERT Embeddings + Logistic Regression,MHxPC130573631,0,0,0.090899
distilbert_logistic,DistilBERT Embeddings + Logistic Regression,MHxPC130136259,0,0,0.004318
distilbert_logistic,DistilBERT Embeddings + Logistic Regression,MHxPC130196922,0,0,0.002715
distilbert_logistic,DistilBERT Embeddings + Logistic Regression,MHxPC130097877,0,0,0.002815
distilbert_logistic,DistilBERT Embeddings + Logistic Regression,MHxPC130393128,0,0,0.510741
distilbert_logistic,DistilBERT Embeddings + Logistic Regression,MHxPC130497416,0,0,0.002677
distilbert_logistic,DistilBERT Embeddings + Logistic Regression,MHxPC130081786,0,0,0.008195
distilbert_logistic,DistilBERT Embeddings + Logistic Regression,MHxPC130533212,0,0,0.005043
distilbert_logistic,DistilBERT Embeddings + Logistic Regression,MHxPC130368165,0,0,0.002715
distilbert_logistic,DistilBERT Embeddings + Logistic Regression,MHxPC130345986,0,0,0.012929
distilbert_logistic,DistilBERT Embeddings + Logistic Regression,MHxPC130514381,0,0,0.003439
distilbert_logistic,DistilBERT Embeddings + Logistic Regression,MHxPC130165483,0,0,0.115079
distilbert_logistic,DistilBERT Embeddings + Logistic Regression,MHxPC130086440,0,0,0.008195
distilbert_logistic,DistilBERT Embeddings + Logistic Regression,MHxPC130054811,0,0,0.008195
distilbert_logistic,DistilBERT Embeddings + Logistic Regression,MHxPC130418179,0,0,0.002151
distilbert_logistic,DistilBERT Embeddings + Logistic Regression,MHxPC130385005,0,0,0.003174
distilbert_logistic,DistilBERT Embeddings + Logistic Regression,MHxPC130204536,0,0,0.091852
distilbert_logistic,DistilBERT Embeddings + Logistic Regression,MHxPC130151940,0,0,0.001516
distilbert_logistic,DistilBERT Embeddings + Logistic Regression,MHxPC130468946,0,0,0.003211
distilbert_logistic,DistilBERT Embeddings + Logistic Regression,MHxPC130345551,0,0,0.002856
distilbert_logistic,DistilBERT Embeddings + Logistic Regression,MHxPC130095940,0,0,0.004375
distilbert_logistic,DistilBERT Embeddings + Logistic Regression,MHxPC130515923,0,0,0.008195
distilbert_logistic,DistilBERT Embeddings + Logistic Regression,MHxPC130458245,0,0,0.002715
distilbert_logistic,DistilBERT Embeddings + Logistic Regression,MHxPC130429139,0,0,0.010319
distilbert_logistic,DistilBERT Embeddings + Logistic Regression,MHxPC130391671,0,0,0.003259
distilbert_logistic,DistilBERT Embeddings + Logistic Regression,MHxPC130369621,0,0,0.803572
distilbert_logistic,DistilBERT Embeddings + Logistic Regression,MHxPC130106806,0,0,0.024607
distilbert_logistic,DistilBERT Embeddings + Logistic Regression,MHxPC130186500,0,0,0.008195
distilbert_logistic,DistilBERT Embeddings + Logistic Regression,MHxPC130233766,0,0,0.008195
distilbert_logistic,DistilBERT Embeddings + Logistic Regression,MHxPC130594548,0,0,0.012757
distilbert_logistic,DistilBERT Embeddings + Logistic Regression,MHxPC130548744,0,0,0.006344
distilbert_logistic,DistilBERT Embeddings + Logistic Regression,MHxPC130492056,0,0,0.03349
distilbert_logistic,DistilBERT Embeddings + Logistic Regression,MHxPC130467902,0,0,0.001195
distilbert_logistic,DistilBERT Embeddings + Logistic Regression,MHxPC130384719,0,0,0.008195
distilbert_logistic,DistilBERT Embeddings + Logistic Regression,MHxPC130298283,0,0,0.001456
distilbert_logistic,DistilBERT Embeddings + Logistic Regression,MHxPC130557065,0,0,0.047595
distilbert_logistic,DistilBERT Embeddings + Logistic Regression,MHxPC130242042,0,0,0.002715
distilbert_logistic,DistilBERT Embeddings + Logistic Regression,MHxPC130538895,0,0,0.000862
distilbert_logistic,DistilBERT Embeddings + Logistic Regression,MHxPC130589652,0,0,0.002715
distilbert_logistic,DistilBERT Embeddings + Logistic Regression,MHxPC130400792,0,0,0.013527
distilbert_logistic,DistilBERT Embeddings + Logistic Regression,MHxPC130467282,0,0,0.416572
distilbert_logistic,DistilBERT Embeddings + Logistic Regression,MHxPC130251346,0,0,0.010918
distilbert_logistic,DistilBERT Embeddings + Logistic Regression,MHxPC130325266,0,0,0.010818
distilbert_logistic,DistilBERT Embeddings + Logistic Regression,MHxPC130244076,0,0,0.008195
distilbert_logistic,DistilBERT Embeddings + Logistic Regression,MHxPC130193163,0,0,0.002715
distilbert_logistic,DistilBERT Embeddings + Logistic Regression,MHxPC130550143,0,0,0.001144
distilbert_logistic,DistilBERT Embeddings + Logistic Regression,MHxPC130110142,0,0,0.005951
distilbert_logistic,DistilBERT Embeddings + Logistic Regression,MHxPC130098219,0,0,0.011568
distilbert_logistic,DistilBERT Embeddings + Logistic Regression,MHxPC130562073,0,0,0.002728
distilbert_logistic,DistilBERT Embeddings + Logistic Regression,MHxPC130437223,0,0,0.066869
distilbert_logistic,DistilBERT Embeddings + Logistic Regression,MHxPC130240707,0,0,0.877353
distilbert_logistic,DistilBERT Embeddings + Logistic Regression,MHxPC130335809,0,0,0.005835
distilbert_logistic,DistilBERT Embeddings + Logistic Regression,MHxPC130491047,0,0,0.001065
distilbert_logistic,DistilBERT Embeddings + Logistic Regression,MHxPC130296900,0,0,0.846826
distilbert_logistic,DistilBERT Embeddings + Logistic Regression,MHxPC130353739,0,0,0.007995
distilbert_logistic,DistilBERT Embeddings + Logistic Regression,MHxPC130294681,0,0,0.008387
distilbert_logistic,DistilBERT Embeddings + Logistic Regression,MHxPC130216908,0,0,0.312331
distilbert_logistic,DistilBERT Embeddings + Logistic Regression,MHxPC130215484,0,0,0.006237
distilbert_logistic,DistilBERT Embeddings + Logistic Regression,MHxPC130447471,0,0,0.015649
distilbert_logistic,DistilBERT Embeddings + Logistic Regression,MHxPC130371980,0,0,0.005846
distilbert_logistic,DistilBERT Embeddings + Logistic Regression,MHxPC130332153,0,0,0.022813
distilbert_logistic,DistilBERT Embeddings + Logistic Regression,MHxPC130056349,0,0,0.000346
distilbert_logistic,DistilBERT Embeddings + Logistic Regression,MHxPC130576079,0,0,0.015996
distilbert_logistic,DistilBERT Embeddings + Logistic Regression,MHxPC130161299,0,0,0.004308
distilbert_logistic,DistilBERT Embeddings + Logistic Regression,MHxPC130206283,0,0,0.011204
distilbert_logistic,DistilBERT Embeddings + Logistic Regression,MHxPC130559350,0,0,0.006344
distilbert_logistic,DistilBERT Embeddings + Logistic Regression,MHxPC130282701,0,0,0.539961
distilbert_logistic,DistilBERT Embeddings + Logistic Regression,MHxPC130544483,0,0,0.004823
distilbert_logistic,DistilBERT Embeddings + Logistic Regression,MHxPC130361016,0,0,0.004949
distilbert_logistic,DistilBERT Embeddings + Logistic Regression,MHxPC130379143,0,0,0.003559
distilbert_logistic,DistilBERT Embeddings + Logistic Regression,MHxPC130326223,0,0,0.137311
distilbert_logistic,DistilBERT Embeddings + Logistic Regression,MHxPC130273675,0,0,0.002715
distilbert_logistic,DistilBERT Embeddings + Logistic Regression,MHxPC130440698,0,0,0.728035
distilbert_logistic,DistilBERT Embeddings + Logistic Regression,MHxPC130175062,0,1,0.98597
distilbert_logistic,DistilBERT Embeddings + Logistic Regression,MHxPC130164470,0,0,0.040446
distilbert_logistic,DistilBERT Embeddings + Logistic Regression,MHxPC130176471,0,0,0.013679
distilbert_logistic,DistilBERT Embeddings + Logistic Regression,MHxPC130197020,0,0,0.008308
distilbert_logistic,DistilBERT Embeddings + Logistic Regression,MHxPC130230177,0,0,0.010312
distilbert_logistic,DistilBERT Embeddings + Logistic Regression,MHxPC130504461,0,0,0.006812
distilbert_logistic,DistilBERT Embeddings + Logistic Regression,MHxPC130204399,0,0,0.001456
distilbert_logistic,DistilBERT Embeddings + Logistic Regression,MHxPC130404152,0,0,0.003214
distilbert_logistic,DistilBERT Embeddings + Logistic Regression,MHxPC130297579,0,0,0.006344
distilbert_logistic,DistilBERT Embeddings + Logistic Regression,MHxPC130353004,0,0,0.014264
distilbert_logistic,DistilBERT Embeddings + Logistic Regression,MHxPC130397485,1,1,0.963624
distilbert_logistic,DistilBERT Embeddings + Logistic Regression,MHxPC130411885,0,0,0.008195
distilbert_logistic,DistilBERT Embeddings + Logistic Regression,MHxPC130145216,0,0,0.582651
distilbert_logistic,DistilBERT Embeddings + Logistic Regression,MHxPC130257038,0,0,0.088649
distilbert_logistic,DistilBERT Embeddings + Logistic Regression,MHxPC130266134,0,0,0.006344
distilbert_logistic,DistilBERT Embeddings + Logistic Regression,MHxPC130118969,1,1,0.982504
distilbert_logistic,DistilBERT Embeddings + Logistic Regression,MHxPC130055336,0,0,0.006895
distilbert_logistic,DistilBERT Embeddings + Logistic Regression,MHxPC130386720,0,0,0.027414
distilbert_logistic,DistilBERT Embeddings + Logistic Regression,MHxPC130396377,0,0,0.002715
distilbert_logistic,DistilBERT Embeddings + Logistic Regression,MHxPC130095011,0,0,0.008195
distilbert_logistic,DistilBERT Embeddings + Logistic Regression,MHxPC130201714,0,0,0.010606
distilbert_logistic,DistilBERT Embeddings + Logistic Regression,MHxPC130421562,0,0,0.001403
distilbert_logistic,DistilBERT Embeddings + Logistic Regression,MHxPC130001534,1,1,0.990425
distilbert_logistic,DistilBERT Embeddings + Logistic Regression,MHxPC130392605,0,0,0.003214
distilbert_logistic,DistilBERT Embeddings + Logistic Regression,MHxPC130491483,0,0,0.002715
distilbert_logistic,DistilBERT Embeddings + Logistic Regression,MHxPC130213111,0,0,0.03277
distilbert_logistic,DistilBERT Embeddings + Logistic Regression,MHxPC130514623,0,0,0.001908
distilbert_logistic,DistilBERT Embeddings + Logistic Regression,MHxPC130582937,0,0,0.003559
distilbert_logistic,DistilBERT Embeddings + Logistic Regression,MHxPC130139360,0,0,0.008195
distilbert_logistic,DistilBERT Embeddings + Logistic Regression,MHxPC130314623,0,0,0.000383
distilbert_logistic,DistilBERT Embeddings + Logistic Regression,MHxPC130285595,0,0,0.001964
distilbert_logistic,DistilBERT Embeddings + Logistic Regression,MHxPC130225748,0,0,0.037346
distilbert_logistic,DistilBERT Embeddings + Logistic Regression,MHxPC130224263,0,0,0.006344
distilbert_logistic,DistilBERT Embeddings + Logistic Regression,MHxPC130597402,0,0,0.002463
distilbert_logistic,DistilBERT Embeddings + Logistic Regression,MHxPC130265300,0,0,0.001053
distilbert_logistic,DistilBERT Embeddings + Logistic Regression,MHxPC130307447,0,0,0.008195
distilbert_logistic,DistilBERT Embeddings + Logistic Regression,MHxPC130357352,0,0,0.004046
distilbert_logistic,DistilBERT Embeddings + Logistic Regression,MHxPC130313738,0,0,0.034749
distilbert_logistic,DistilBERT Embeddings + Logistic Regression,MHxPC130259711,0,0,0.006344
distilbert_logistic,DistilBERT Embeddings + Logistic Regression,MHxPC130003152,0,0,0.002715
distilbert_logistic,DistilBERT Embeddings + Logistic Regression,MHxPC130374067,0,0,0.009397
distilbert_logistic,DistilBERT Embeddings + Logistic Regression,MHxPC130500620,0,0,0.002677
distilbert_logistic,DistilBERT Embeddings + Logistic Regression,MHxPC130319970,0,0,0.002715
distilbert_logistic,DistilBERT Embeddings + Logistic Regression,MHxPC130347972,0,0,0.010433
distilbert_logistic,DistilBERT Embeddings + Logistic Regression,MHxPC130480136,0,0,0.008195
distilbert_logistic,DistilBERT Embeddings + Logistic Regression,MHxPC130292127,0,0,0.022203
distilbert_logistic,DistilBERT Embeddings + Logistic Regression,MHxPC130422731,0,0,0.006344
distilbert_logistic,DistilBERT Embeddings + Logistic Regression,MHxPC130125644,0,0,0.021075
distilbert_logistic,DistilBERT Embeddings + Logistic Regression,MHxPC130351019,0,0,0.013611
distilbert_logistic,DistilBERT Embeddings + Logistic Regression,MHxPC130154419,0,0,0.027558
distilbert_logistic,DistilBERT Embeddings + Logistic Regression,MHxPC130272577,0,0,0.010848
distilbert_logistic,DistilBERT Embeddings + Logistic Regression,MHxPC130265114,0,1,0.939364
distilbert_logistic,DistilBERT Embeddings + Logistic Regression,MHxPC130590348,0,0,0.002715
distilbert_logistic,DistilBERT Embeddings + Logistic Regression,MHxPC130462445,0,0,0.009967
distilbert_logistic,DistilBERT Embeddings + Logistic Regression,MHxPC130281635,0,0,0.003214
distilbert_logistic,DistilBERT Embeddings + Logistic Regression,MHxPC130361552,0,0,0.357195
distilbert_logistic,DistilBERT Embeddings + Logistic Regression,MHxPC130100884,0,0,0.005881
distilbert_logistic,DistilBERT Embeddings + Logistic Regression,MHxPC130561201,0,0,0.003559
distilbert_logistic,DistilBERT Embeddings + Logistic Regression,MHxPC130444862,0,0,0.025959
distilbert_logistic,DistilBERT Embeddings + Logistic Regression,MHxPC130272298,0,0,0.047295
distilbert_logistic,DistilBERT Embeddings + Logistic Regression,MHxPC130392583,0,0,0.005826
distilbert_logistic,DistilBERT Embeddings + Logistic Regression,MHxPC130164961,0,0,0.002223
distilbert_logistic,DistilBERT Embeddings + Logistic Regression,MHxPC130093238,0,0,0.002621
distilbert_logistic,DistilBERT Embeddings + Logistic Regression,MHxPC130565538,0,0,0.036566
distilbert_logistic,DistilBERT Embeddings + Logistic Regression,MHxPC130074406,0,0,0.729334
distilbert_logistic,DistilBERT Embeddings + Logistic Regression,MHxPC130166670,0,0,0.008342
distilbert_logistic,DistilBERT Embeddings + Logistic Regression,MHxPC130287785,0,0,0.00477
distilbert_logistic,DistilBERT Embeddings + Logistic Regression,MHxPC130347821,0,0,0.097694
distilbert_logistic,DistilBERT Embeddings + Logistic Regression,MHxPC130548759,0,0,0.001814
distilbert_logistic,DistilBERT Embeddings + Logistic Regression,MHxPC130437235,0,0,0.003547
distilbert_logistic,DistilBERT Embeddings + Logistic Regression,MHxPC130470000,0,0,0.000467
distilbert_logistic,DistilBERT Embeddings + Logistic Regression,MHxPC130123324,0,0,0.004508
distilbert_logistic,DistilBERT Embeddings + Logistic Regression,MHxPC130096269,0,0,0.003014
distilbert_logistic,DistilBERT Embeddings + Logistic Regression,MHxPC130373110,0,0,0.001891
distilbert_logistic,DistilBERT Embeddings + Logistic Regression,MHxPC130064916,0,0,0.008195
distilbert_logistic,DistilBERT Embeddings + Logistic Regression,MHxPC130349839,0,0,0.641739
distilbert_logistic,DistilBERT Embeddings + Logistic Regression,MHxPC130089747,0,0,0.002715
distilbert_logistic,DistilBERT Embeddings + Logistic Regression,MHxPC130104015,0,0,0.000616
distilbert_logistic,DistilBERT Embeddings + Logistic Regression,MHxPC130145492,0,0,0.867397
distilbert_logistic,DistilBERT Embeddings + Logistic Regression,MHxPC130513283,0,0,0.003439
distilbert_logistic,DistilBERT Embeddings + Logistic Regression,MHxPC130257111,0,0,0.299914
distilbert_logistic,DistilBERT Embeddings + Logistic Regression,MHxPC130453466,0,0,0.002715
distilbert_logistic,DistilBERT Embeddings + Logistic Regression,MHxPC130468539,0,0,0.006459
distilbert_logistic,DistilBERT Embeddings + Logistic Regression,MHxPC130053503,0,0,0.004732
distilbert_logistic,DistilBERT Embeddings + Logistic Regression,MHxPC130350429,0,0,0.008195
distilbert_logistic,DistilBERT Embeddings + Logistic Regression,MHxPC130585551,0,0,0.002715
distilbert_logistic,DistilBERT Embeddings + Logistic Regression,MHxPC130433008,0,0,0.001298
distilbert_logistic,DistilBERT Embeddings + Logistic Regression,MHxPC130346228,0,0,0.004259
distilbert_logistic,DistilBERT Embeddings + Logistic Regression,MHxPC130591403,0,0,0.006344
distilbert_logistic,DistilBERT Embeddings + Logistic Regression,MHxPC130130195,0,0,0.009804
distilbert_logistic,DistilBERT Embeddings + Logistic Regression,MHxPC130141176,0,0,0.019517
distilbert_logistic,DistilBERT Embeddings + Logistic Regression,MHxPC130012450,0,0,0.003322
distilbert_logistic,DistilBERT Embeddings + Logistic Regression,MHxPC130117496,0,0,0.001538
distilbert_logistic,DistilBERT Embeddings + Logistic Regression,MHxPC130130142,0,0,0.008195
distilbert_logistic,DistilBERT Embeddings + Logistic Regression,MHxPC130412631,0,0,0.086551
distilbert_logistic,DistilBERT Embeddings + Logistic Regression,MHxPC130102662,0,0,0.011434
distilbert_logistic,DistilBERT Embeddings + Logistic Regression,MHxPC130195861,0,0,0.002414
distilbert_logistic,DistilBERT Embeddings + Logistic Regression,MHxPC130008862,0,0,0.003616
distilbert_logistic,DistilBERT Embeddings + Logistic Regression,MHxPC130420166,0,0,0.38818
distilbert_logistic,DistilBERT Embeddings + Logistic Regression,MHxPC130272637,0,0,0.003214
distilbert_logistic,DistilBERT Embeddings + Logistic Regression,MHxPC130556843,1,0,0.900533
distilbert_logistic,DistilBERT Embeddings + Logistic Regression,MHxPC130287750,0,0,0.003214
distilbert_logistic,DistilBERT Embeddings + Logistic Regression,MHxPC130272387,0,0,0.007261
distilbert_logistic,DistilBERT Embeddings + Logistic Regression,MHxPC130066109,0,0,0.013358
distilbert_logistic,DistilBERT Embeddings + Logistic Regression,MHxPC130302275,0,0,0.008195
distilbert_logistic,DistilBERT Embeddings + Logistic Regression,MHxPC130331284,0,0,0.000467
distilbert_logistic,DistilBERT Embeddings + Logistic Regression,MHxPC130352098,1,0,0.310637
distilbert_logistic,DistilBERT Embeddings + Logistic Regression,MHxPC130352883,0,0,0.001672
distilbert_logistic,DistilBERT Embeddings + Logistic Regression,MHxPC130412407,0,0,0.000346
distilbert_logistic,DistilBERT Embeddings + Logistic Regression,MHxPC130260815,0,0,0.001456
distilbert_logistic,DistilBERT Embeddings + Logistic Regression,MHxPC130375536,0,0,0.001629
distilbert_logistic,DistilBERT Embeddings + Logistic Regression,MHxPC130022871,0,0,0.008195
distilbert_logistic,DistilBERT Embeddings + Logistic Regression,MHxPC130321761,0,0,0.028334
distilbert_logistic,DistilBERT Embeddings + Logistic Regression,MHxPC130094683,0,0,0.00222
distilbert_logistic,DistilBERT Embeddings + Logistic Regression,MHxPC130052666,0,0,0.002576
distilbert_logistic,DistilBERT Embeddings + Logistic Regression,MHxPC130057116,0,0,0.000234
distilbert_logistic,DistilBERT Embeddings + Logistic Regression,MHxPC130376186,0,0,0.022397
distilbert_logistic,DistilBERT Embeddings + Logistic Regression,MHxPC130067755,0,0,0.002715
distilbert_logistic,DistilBERT Embeddings + Logistic Regression,MHxPC130191456,0,0,0.004912
distilbert_logistic,DistilBERT Embeddings + Logistic Regression,MHxPC130059236,0,0,0.002715
distilbert_logistic,DistilBERT Embeddings + Logistic Regression,MHxPC130377510,0,0,0.001891
distilbert_logistic,DistilBERT Embeddings + Logistic Regression,MHxPC130290177,0,0,0.008195
distilbert_logistic,DistilBERT Embeddings + Logistic Regression,MHxPC130358978,0,1,0.965061
distilbert_logistic,DistilBERT Embeddings + Logistic Regression,MHxPC130235643,0,0,0.010818
distilbert_logistic,DistilBERT Embeddings + Logistic Regression,MHxPC130525996,0,0,0.008195
distilbert_logistic,DistilBERT Embeddings + Logistic Regression,MHxPC130485477,0,0,0.001864
distilbert_logistic,DistilBERT Embeddings + Logistic Regression,MHxPC130565686,0,0,0.002422
distilbert_logistic,DistilBERT Embeddings + Logistic Regression,MHxPC130003940,0,0,0.006344
distilbert_logistic,DistilBERT Embeddings + Logistic Regression,MHxPC130260842,0,0,0.008195
distilbert_logistic,DistilBERT Embeddings + Logistic Regression,MHxPC130306308,0,0,0.125679
distilbert_logistic,DistilBERT Embeddings + Logistic Regression,MHxPC130092700,0,0,0.001812
distilbert_logistic,DistilBERT Embeddings + Logistic Regression,MHxPC130186896,0,0,0.00071
distilbert_logistic,DistilBERT Embeddings + Logistic Regression,MHxPC130486836,0,0,0.006344
distilbert_logistic,DistilBERT Embeddings + Logistic Regression,MHxPC130493849,0,0,0.0007
distilbert_logistic,DistilBERT Embeddings + Logistic Regression,MHxPC130336234,0,0,0.008195
distilbert_logistic,DistilBERT Embeddings + Logistic Regression,MHxPC130262306,0,0,0.008195
distilbert_logistic,DistilBERT Embeddings + Logistic Regression,MHxPC130468803,0,0,0.003214
distilbert_logistic,DistilBERT Embeddings + Logistic Regression,MHxPC130276560,0,0,0.00222
distilbert_logistic,DistilBERT Embeddings + Logistic Regression,MHxPC130114586,0,0,0.176405
distilbert_logistic,DistilBERT Embeddings + Logistic Regression,MHxPC130163655,0,0,0.002715
distilbert_logistic,DistilBERT Embeddings + Logistic Regression,MHxPC130195975,0,0,0.008195
distilbert_logistic,DistilBERT Embeddings + Logistic Regression,MHxPC130011230,0,0,0.010277
distilbert_logistic,DistilBERT Embeddings + Logistic Regression,MHxPC130495850,0,0,0.004196
distilbert_logistic,DistilBERT Embeddings + Logistic Regression,MHxPC130262761,0,0,0.004358
distilbert_logistic,DistilBERT Embeddings + Logistic Regression,MHxPC130413451,0,0,0.010184
distilbert_logistic,DistilBERT Embeddings + Logistic Regression,MHxPC130264450,0,0,0.002353
distilbert_logistic,DistilBERT Embeddings + Logistic Regression,MHxPC130311654,0,0,0.002877
distilbert_logistic,DistilBERT Embeddings + Logistic Regression,MHxPC130441179,0,0,0.025392
distilbert_logistic,DistilBERT Embeddings + Logistic Regression,MHxPC130361806,0,0,0.0101
distilbert_logistic,DistilBERT Embeddings + Logistic Regression,MHxPC130324221,0,0,0.008195
distilbert_logistic,DistilBERT Embeddings + Logistic Regression,MHxPC130438178,0,0,0.03522
distilbert_logistic,DistilBERT Embeddings + Logistic Regression,MHxPC130268609,0,0,0.003214
distilbert_logistic,DistilBERT Embeddings + Logistic Regression,MHxPC130215049,0,0,0.002715
distilbert_logistic,DistilBERT Embeddings + Logistic Regression,MHxPC130434489,0,0,0.020906
distilbert_logistic,DistilBERT Embeddings + Logistic Regression,MHxPC130052558,0,0,0.002576
distilbert_logistic,DistilBERT Embeddings + Logistic Regression,MHxPC130029443,0,0,0.177918
distilbert_logistic,DistilBERT Embeddings + Logistic Regression,MHxPC130401865,0,0,0.683881
distilbert_logistic,DistilBERT Embeddings + Logistic Regression,MHxPC130438051,0,0,0.008756
distilbert_logistic,DistilBERT Embeddings + Logistic Regression,MHxPC130317727,0,0,0.040691
distilbert_logistic,DistilBERT Embeddings + Logistic Regression,MHxPC130209993,0,0,0.005043
distilbert_logistic,DistilBERT Embeddings + Logistic Regression,MHxPC130574982,0,1,0.950203
distilbert_logistic,DistilBERT Embeddings + Logistic Regression,MHxPC130166137,0,0,0.03376
distilbert_logistic,DistilBERT Embeddings + Logistic Regression,MHxPC130540802,0,0,0.005043
distilbert_logistic,DistilBERT Embeddings + Logistic Regression,MHxPC130368840,0,0,0.003856
distilbert_logistic,DistilBERT Embeddings + Logistic Regression,MHxPC130314443,1,1,0.983946
distilbert_logistic,DistilBERT Embeddings + Logistic Regression,MHxPC130278785,0,0,0.002924
distilbert_logistic,DistilBERT Embeddings + Logistic Regression,MHxPC130070487,1,1,0.958339
distilbert_logistic,DistilBERT Embeddings + Logistic Regression,MHxPC130532304,1,1,0.980848
distilbert_logistic,DistilBERT Embeddings + Logistic Regression,MHxPC130090727,0,0,0.002715
distilbert_logistic,DistilBERT Embeddings + Logistic Regression,MHxPC130030273,0,0,0.00077
distilbert_logistic,DistilBERT Embeddings + Logistic Regression,MHxPC130367523,0,0,0.006904
distilbert_logistic,DistilBERT Embeddings + Logistic Regression,MHxPC130581729,0,0,0.009817
distilbert_logistic,DistilBERT Embeddings + Logistic Regression,MHxPC130563411,0,0,0.016366
distilbert_logistic,DistilBERT Embeddings + Logistic Regression,MHxPC130283838,0,0,0.263679
distilbert_logistic,DistilBERT Embeddings + Logistic Regression,MHxPC130452444,0,0,0.008195
distilbert_logistic,DistilBERT Embeddings + Logistic Regression,MHxPC130552575,0,0,0.718038
distilbert_logistic,DistilBERT Embeddings + Logistic Regression,MHxPC130038715,0,0,0.01015
distilbert_logistic,DistilBERT Embeddings + Logistic Regression,MHxPC130469684,0,0,0.00222
distilbert_logistic,DistilBERT Embeddings + Logistic Regression,MHxPC130575856,0,0,0.087253
distilbert_logistic,DistilBERT Embeddings + Logistic Regression,MHxPC130589448,0,0,0.008195
distilbert_logistic,DistilBERT Embeddings + Logistic Regression,MHxPC130460185,0,0,0.049404
distilbert_logistic,DistilBERT Embeddings + Logistic Regression,MHxPC130560150,0,0,0.003214
distilbert_logistic,DistilBERT Embeddings + Logistic Regression,MHxPC130540400,0,0,0.003214
distilbert_logistic,DistilBERT Embeddings + Logistic Regression,MHxPC130446384,0,0,0.002715
distilbert_logistic,DistilBERT Embeddings + Logistic Regression,MHxPC130086849,0,0,0.008195
distilbert_logistic,DistilBERT Embeddings + Logistic Regression,MHxPC130147548,0,0,0.001456
distilbert_logistic,DistilBERT Embeddings + Logistic Regression,MHxPC130226478,0,0,0.006344
distilbert_logistic,DistilBERT Embeddings + Logistic Regression,MHxPC130592915,0,0,0.227592
distilbert_logistic,DistilBERT Embeddings + Logistic Regression,MHxPC130243659,0,0,0.006369
distilbert_logistic,DistilBERT Embeddings + Logistic Regression,MHxPC130550819,0,0,0.008195
distilbert_logistic,DistilBERT Embeddings + Logistic Regression,MHxPC130334061,0,0,0.003338
distilbert_logistic,DistilBERT Embeddings + Logistic Regression,MHxPC130353279,0,0,0.005315
distilbert_logistic,DistilBERT Embeddings + Logistic Regression,MHxPC130439634,0,0,0.003549
distilbert_logistic,DistilBERT Embeddings + Logistic Regression,MHxPC130141190,0,0,0.000568
distilbert_logistic,DistilBERT Embeddings + Logistic Regression,MHxPC130404736,0,0,0.002912
distilbert_logistic,DistilBERT Embeddings + Logistic Regression,MHxPC130564793,1,1,0.982856
distilbert_logistic,DistilBERT Embeddings + Logistic Regression,MHxPC130532047,0,0,0.003214
distilbert_logistic,DistilBERT Embeddings + Logistic Regression,MHxPC130046154,0,0,0.010967
distilbert_logistic,DistilBERT Embeddings + Logistic Regression,MHxPC130193549,0,0,0.00222
distilbert_logistic,DistilBERT Embeddings + Logistic Regression,MHxPC130020641,0,0,0.008195
distilbert_logistic,DistilBERT Embeddings + Logistic Regression,MHxPC130373445,0,0,0.00222
distilbert_logistic,DistilBERT Embeddings + Logistic Regression,MHxPC130561815,0,0,0.004967
distilbert_logistic,DistilBERT Embeddings + Logistic Regression,MHxPC130282865,0,0,0.002596
distilbert_logistic,DistilBERT Embeddings + Logistic Regression,MHxPC130198070,0,0,0.690022
distilbert_logistic,DistilBERT Embeddings + Logistic Regression,MHxPC130076251,0,0,0.00417
distilbert_logistic,DistilBERT Embeddings + Logistic Regression,MHxPC130330262,0,0,0.108878
distilbert_logistic,DistilBERT Embeddings + Logistic Regression,MHxPC130587554,0,0,0.865671
distilbert_logistic,DistilBERT Embeddings + Logistic Regression,MHxPC130374132,0,0,0.013948
distilbert_logistic,DistilBERT Embeddings + Logistic Regression,MHxPC130363806,0,0,0.056047
distilbert_logistic,DistilBERT Embeddings + Logistic Regression,MHxPC130134548,0,0,0.00529
distilbert_logistic,DistilBERT Embeddings + Logistic Regression,MHxPC130423682,0,0,0.008195
distilbert_logistic,DistilBERT Embeddings + Logistic Regression,MHxPC130416415,0,0,0.003214
distilbert_logistic,DistilBERT Embeddings + Logistic Regression,MHxPC130367914,0,0,0.000881
distilbert_logistic,DistilBERT Embeddings + Logistic Regression,MHxPC130435525,0,0,0.008195
distilbert_logistic,DistilBERT Embeddings + Logistic Regression,MHxPC130385887,0,0,0.002761
distilbert_logistic,DistilBERT Embeddings + Logistic Regression,MHxPC130543988,0,0,0.008195
distilbert_logistic,DistilBERT Embeddings + Logistic Regression,MHxPC130317530,0,0,0.137445
distilbert_logistic,DistilBERT Embeddings + Logistic Regression,MHxPC130449720,0,0,0.000807
distilbert_logistic,DistilBERT Embeddings + Logistic Regression,MHxPC130014411,0,0,0.191632
distilbert_logistic,DistilBERT Embeddings + Logistic Regression,MHxPC130071824,0,0,0.221978
distilbert_logistic,DistilBERT Embeddings + Logistic Regression,MHxPC130090681,0,0,0.005043
distilbert_logistic,DistilBERT Embeddings + Logistic Regression,MHxPC130507437,0,0,0.001672
distilbert_logistic,DistilBERT Embeddings + Logistic Regression,MHxPC130026440,0,0,0.003559
distilbert_logistic,DistilBERT Embeddings + Logistic Regression,MHxPC130083472,0,0,0.006344
distilbert_logistic,DistilBERT Embeddings + Logistic Regression,MHxPC130519923,0,0,0.027042
distilbert_logistic,DistilBERT Embeddings + Logistic Regression,MHxPC130127439,0,0,0.000314
distilbert_logistic,DistilBERT Embeddings + Logistic Regression,MHxPC130358938,0,0,0.304202
distilbert_logistic,DistilBERT Embeddings + Logistic Regression,MHxPC130393029,0,0,0.008195
distilbert_logistic,DistilBERT Embeddings + Logistic Regression,MHxPC130227666,0,0,0.00148
distilbert_logistic,DistilBERT Embeddings + Logistic Regression,MHxPC130060588,0,0,0.01835
distilbert_logistic,DistilBERT Embeddings + Logistic Regression,MHxPC130134019,0,0,0.003214
distilbert_logistic,DistilBERT Embeddings + Logistic Regression,MHxPC130461364,0,0,0.008195
distilbert_logistic,DistilBERT Embeddings + Logistic Regression,MHxPC130251248,0,0,0.026017
distilbert_logistic,DistilBERT Embeddings + Logistic Regression,MHxPC130028347,0,0,0.009994
distilbert_logistic,DistilBERT Embeddings + Logistic Regression,MHxPC130230866,0,0,0.00222
distilbert_logistic,DistilBERT Embeddings + Logistic Regression,MHxPC130501731,1,0,0.892531
distilbert_logistic,DistilBERT Embeddings + Logistic Regression,MHxPC130555802,0,0,0.00222
distilbert_logistic,DistilBERT Embeddings + Logistic Regression,MHxPC130469316,0,0,0.054245
distilbert_logistic,DistilBERT Embeddings + Logistic Regression,MHxPC130035106,0,0,0.002286
distilbert_logistic,DistilBERT Embeddings + Logistic Regression,MHxPC130548612,0,0,0.002715
distilbert_logistic,DistilBERT Embeddings + Logistic Regression,MHxPC130035465,0,0,0.008195
distilbert_logistic,DistilBERT Embeddings + Logistic Regression,MHxPC130535837,0,0,0.002382
distilbert_logistic,DistilBERT Embeddings + Logistic Regression,MHxPC130151318,0,0,0.011176
distilbert_logistic,DistilBERT Embeddings + Logistic Regression,MHxPC130363619,0,0,0.000544
distilbert_logistic,DistilBERT Embeddings + Logistic Regression,MHxPC130106736,0,0,0.007159
distilbert_logistic,DistilBERT Embeddings + Logistic Regression,MHxPC130425837,0,0,0.009464
distilbert_logistic,DistilBERT Embeddings + Logistic Regression,MHxPC130260387,0,0,0.001456
distilbert_logistic,DistilBERT Embeddings + Logistic Regression,MHxPC130073513,0,0,0.078754
distilbert_logistic,DistilBERT Embeddings + Logistic Regression,MHxPC130262036,0,0,0.008195
distilbert_logistic,DistilBERT Embeddings + Logistic Regression,MHxPC130091631,0,0,0.002837
distilbert_logistic,DistilBERT Embeddings + Logistic Regression,MHxPC130198330,0,0,0.008195
distilbert_logistic,DistilBERT Embeddings + Logistic Regression,MHxPC130113615,0,0,0.07889
distilbert_logistic,DistilBERT Embeddings + Logistic Regression,MHxPC130294990,0,0,0.002715
distilbert_logistic,DistilBERT Embeddings + Logistic Regression,MHxPC130207658,0,0,0.09025
distilbert_logistic,DistilBERT Embeddings + Logistic Regression,MHxPC130445599,1,1,0.925787
distilbert_logistic,DistilBERT Embeddings + Logistic Regression,MHxPC130072436,0,0,0.002715
distilbert_logistic,DistilBERT Embeddings + Logistic Regression,MHxPC130106564,0,0,0.016866
distilbert_logistic,DistilBERT Embeddings + Logistic Regression,MHxPC130414405,0,0,0.00222
distilbert_logistic,DistilBERT Embeddings + Logistic Regression,MHxPC130022976,0,0,0.003214
distilbert_logistic,DistilBERT Embeddings + Logistic Regression,MHxPC130300584,0,0,0.006344
distilbert_logistic,DistilBERT Embeddings + Logistic Regression,MHxPC130160655,0,0,0.826402
distilbert_logistic,DistilBERT Embeddings + Logistic Regression,MHxPC130426890,0,0,0.006344
distilbert_logistic,DistilBERT Embeddings + Logistic Regression,MHxPC130233901,0,0,0.077917
distilbert_logistic,DistilBERT Embeddings + Logistic Regression,MHxPC130141052,1,1,0.977599
distilbert_logistic,DistilBERT Embeddings + Logistic Regression,MHxPC130596056,0,0,0.003496
distilbert_logistic,DistilBERT Embeddings + Logistic Regression,MHxPC130345265,0,0,0.005989
distilbert_logistic,DistilBERT Embeddings + Logistic Regression,MHxPC130127842,0,0,0.002715
distilbert_logistic,DistilBERT Embeddings + Logistic Regression,MHxPC130506324,0,0,0.334053
distilbert_logistic,DistilBERT Embeddings + Logistic Regression,MHxPC130149224,0,0,0.012693
distilbert_logistic,DistilBERT Embeddings + Logistic Regression,MHxPC130085542,0,0,0.118954
distilbert_logistic,DistilBERT Embeddings + Logistic Regression,MHxPC130202995,0,0,0.836611
distilbert_logistic,DistilBERT Embeddings + Logistic Regression,MHxPC130379771,0,0,0.013223
distilbert_logistic,DistilBERT Embeddings + Logistic Regression,MHxPC130186026,0,0,0.104419
distilbert_logistic,DistilBERT Embeddings + Logistic Regression,MHxPC130205104,0,0,0.069029
distilbert_logistic,DistilBERT Embeddings + Logistic Regression,MHxPC130108070,0,0,0.031924
distilbert_logistic,DistilBERT Embeddings + Logistic Regression,MHxPC130318290,0,0,0.006069
distilbert_logistic,DistilBERT Embeddings + Logistic Regression,MHxPC130318371,0,0,0.001391
distilbert_logistic,DistilBERT Embeddings + Logistic Regression,MHxPC130222732,0,0,0.001663
distilbert_logistic,DistilBERT Embeddings + Logistic Regression,MHxPC130491591,0,0,0.002411
distilbert_logistic,DistilBERT Embeddings + Logistic Regression,MHxPC130287938,0,0,0.358792
distilbert_logistic,DistilBERT Embeddings + Logistic Regression,MHxPC130570931,0,0,0.005043
distilbert_logistic,DistilBERT Embeddings + Logistic Regression,MHxPC130515438,0,0,0.319869
distilbert_logistic,DistilBERT Embeddings + Logistic Regression,MHxPC130259024,0,0,0.008195
distilbert_logistic,DistilBERT Embeddings + Logistic Regression,MHxPC130344213,0,0,0.001664
distilbert_logistic,DistilBERT Embeddings + Logistic Regression,MHxPC130506180,0,0,0.016151
distilbert_logistic,DistilBERT Embeddings + Logistic Regression,MHxPC130449829,0,0,0.002576
distilbert_logistic,DistilBERT Embeddings + Logistic Regression,MHxPC130139501,0,0,0.000991
distilbert_logistic,DistilBERT Embeddings + Logistic Regression,MHxPC130070771,0,0,0.002715
distilbert_logistic,DistilBERT Embeddings + Logistic Regression,MHxPC130012782,0,0,0.001088
distilbert_logistic,DistilBERT Embeddings + Logistic Regression,MHxPC130505105,0,0,0.003223
distilbert_logistic,DistilBERT Embeddings + Logistic Regression,MHxPC130471315,0,0,0.001456
distilbert_logistic,DistilBERT Embeddings + Logistic Regression,MHxPC130224959,0,0,0.510415
distilbert_logistic,DistilBERT Embeddings + Logistic Regression,MHxPC130532517,0,0,0.008195
distilbert_logistic,DistilBERT Embeddings + Logistic Regression,MHxPC130149050,0,0,0.002715
distilbert_logistic,DistilBERT Embeddings + Logistic Regression,MHxPC130477776,0,0,0.080678
distilbert_logistic,DistilBERT Embeddings + Logistic Regression,MHxPC130292523,0,0,0.138924
distilbert_logistic,DistilBERT Embeddings + Logistic Regression,MHxPC130029220,0,0,0.008195
distilbert_logistic,DistilBERT Embeddings + Logistic Regression,MHxPC130125440,0,0,0.037608
distilbert_logistic,DistilBERT Embeddings + Logistic Regression,MHxPC130143328,0,0,0.001672
distilbert_logistic,DistilBERT Embeddings + Logistic Regression,MHxPC130078133,0,0,0.140638
distilbert_logistic,DistilBERT Embeddings + Logistic Regression,MHxPC130395291,0,0,0.008195
distilbert_logistic,DistilBERT Embeddings + Logistic Regression,MHxPC130126206,0,0,0.102175
distilbert_logistic,DistilBERT Embeddings + Logistic Regression,MHxPC130158792,0,0,0.003214
distilbert_logistic,DistilBERT Embeddings + Logistic Regression,MHxPC130301614,0,0,0.006077
distilbert_logistic,DistilBERT Embeddings + Logistic Regression,MHxPC130251411,0,0,0.005043
distilbert_logistic,DistilBERT Embeddings + Logistic Regression,MHxPC130268038,0,0,0.002187
distilbert_logistic,DistilBERT Embeddings + Logistic Regression,MHxPC130334705,0,0,0.008195
distilbert_logistic,DistilBERT Embeddings + Logistic Regression,MHxPC130238275,1,1,0.979956
distilbert_logistic,DistilBERT Embeddings + Logistic Regression,MHxPC130582468,0,0,0.008195
distilbert_logistic,DistilBERT Embeddings + Logistic Regression,MHxPC130406202,0,0,0.011314
distilbert_logistic,DistilBERT Embeddings + Logistic Regression,MHxPC130578761,0,0,0.009889
distilbert_logistic,DistilBERT Embeddings + Logistic Regression,MHxPC130522550,0,0,0.006344
distilbert_logistic,DistilBERT Embeddings + Logistic Regression,MHxPC130468575,0,0,0.002151
distilbert_logistic,DistilBERT Embeddings + Logistic Regression,MHxPC130476288,0,0,0.007799
distilbert_logistic,DistilBERT Embeddings + Logistic Regression,MHxPC130263865,0,0,0.020381
distilbert_logistic,DistilBERT Embeddings + Logistic Regression,MHxPC130264004,0,0,0.001908
distilbert_logistic,DistilBERT Embeddings + Logistic Regression,MHxPC130371079,0,0,0.347977
distilbert_logistic,DistilBERT Embeddings + Logistic Regression,MHxPC130461481,0,0,0.002789
distilbert_logistic,DistilBERT Embeddings + Logistic Regression,MHxPC130083741,0,0,0.01495
distilbert_logistic,DistilBERT Embeddings + Logistic Regression,MHxPC130301219,0,0,0.128429
distilbert_logistic,DistilBERT Embeddings + Logistic Regression,MHxPC130236713,0,0,0.001153
distilbert_logistic,DistilBERT Embeddings + Logistic Regression,MHxPC130037839,0,0,0.006344
distilbert_logistic,DistilBERT Embeddings + Logistic Regression,MHxPC130548423,0,0,0.00222
distilbert_logistic,DistilBERT Embeddings + Logistic Regression,MHxPC130152490,0,0,0.006344
distilbert_logistic,DistilBERT Embeddings + Logistic Regression,MHxPC130490849,0,0,0.86342
distilbert_logistic,DistilBERT Embeddings + Logistic Regression,MHxPC130296407,0,0,0.071863
distilbert_logistic,DistilBERT Embeddings + Logistic Regression,MHxPC130050866,0,0,0.019804
distilbert_logistic,DistilBERT Embeddings + Logistic Regression,MHxPC130148551,0,0,0.008195
distilbert_logistic,DistilBERT Embeddings + Logistic Regression,MHxPC130337424,0,0,0.000346
distilbert_logistic,DistilBERT Embeddings + Logistic Regression,MHxPC130261868,0,0,0.046574
distilbert_logistic,DistilBERT Embeddings + Logistic Regression,MHxPC130021222,0,0,0.218823
distilbert_logistic,DistilBERT Embeddings + Logistic Regression,MHxPC130588185,0,0,0.006344
distilbert_logistic,DistilBERT Embeddings + Logistic Regression,MHxPC130045935,0,0,0.000544
distilbert_logistic,DistilBERT Embeddings + Logistic Regression,MHxPC130365937,0,0,0.002715
distilbert_logistic,DistilBERT Embeddings + Logistic Regression,MHxPC130191643,0,0,0.003534
distilbert_logistic,DistilBERT Embeddings + Logistic Regression,MHxPC130395192,0,0,0.742798
distilbert_logistic,DistilBERT Embeddings + Logistic Regression,MHxPC130337262,0,0,0.008195
distilbert_logistic,DistilBERT Embeddings + Logistic Regression,MHxPC130038063,0,0,0.008195
distilbert_logistic,DistilBERT Embeddings + Logistic Regression,MHxPC130447659,0,0,0.008195
distilbert_logistic,DistilBERT Embeddings + Logistic Regression,MHxPC130573372,0,1,0.955603
distilbert_logistic,DistilBERT Embeddings + Logistic Regression,MHxPC130427662,0,0,0.003461
distilbert_logistic,DistilBERT Embeddings + Logistic Regression,MHxPC130208799,0,0,0.002715
distilbert_logistic,DistilBERT Embeddings + Logistic Regression,MHxPC130193540,0,0,0.003607
distilbert_logistic,DistilBERT Embeddings + Logistic Regression,MHxPC130185376,0,0,0.008195
distilbert_logistic,DistilBERT Embeddings + Logistic Regression,MHxPC130199071,0,0,0.057162
distilbert_logistic,DistilBERT Embeddings + Logistic Regression,MHxPC130093923,0,0,0.003214
distilbert_logistic,DistilBERT Embeddings + Logistic Regression,MHxPC130367894,1,1,0.986171
distilbert_logistic,DistilBERT Embeddings + Logistic Regression,MHxPC130421624,0,0,0.001964
distilbert_logistic,DistilBERT Embeddings + Logistic Regression,MHxPC130372531,0,0,0.008195
distilbert_logistic,DistilBERT Embeddings + Logistic Regression,MHxPC130229506,0,0,0.018287
distilbert_logistic,DistilBERT Embeddings + Logistic Regression,MHxPC130055927,0,0,0.008195
distilbert_logistic,DistilBERT Embeddings + Logistic Regression,MHxPC130409686,0,0,0.006344
distilbert_logistic,DistilBERT Embeddings + Logistic Regression,MHxPC130464791,0,0,0.083219
distilbert_logistic,DistilBERT Embeddings + Logistic Regression,MHxPC130515201,0,0,0.010125
distilbert_logistic,DistilBERT Embeddings + Logistic Regression,MHxPC130418042,0,0,0.001456
distilbert_logistic,DistilBERT Embeddings + Logistic Regression,MHxPC130563779,0,0,0.006344
distilbert_logistic,DistilBERT Embeddings + Logistic Regression,MHxPC130175390,0,0,0.003214
distilbert_logistic,DistilBERT Embeddings + Logistic Regression,MHxPC130345314,0,0,0.008195
distilbert_logistic,DistilBERT Embeddings + Logistic Regression,MHxPC130354678,0,0,0.00119
distilbert_logistic,DistilBERT Embeddings + Logistic Regression,MHxPC130223044,0,0,0.003206
distilbert_logistic,DistilBERT Embeddings + Logistic Regression,MHxPC130420007,0,0,0.015809
distilbert_logistic,DistilBERT Embeddings + Logistic Regression,MHxPC130286232,0,0,0.001964
distilbert_logistic,DistilBERT Embeddings + Logistic Regression,MHxPC130234439,0,0,0.215439
distilbert_logistic,DistilBERT Embeddings + Logistic Regression,MHxPC130314117,0,0,0.00126
distilbert_logistic,DistilBERT Embeddings + Logistic Regression,MHxPC130010409,0,0,0.008707
distilbert_logistic,DistilBERT Embeddings + Logistic Regression,MHxPC130021353,0,0,0.005066
distilbert_logistic,DistilBERT Embeddings + Logistic Regression,MHxPC130144417,0,0,0.675477
distilbert_logistic,DistilBERT Embeddings + Logistic Regression,MHxPC130185766,0,0,0.002164
distilbert_logistic,DistilBERT Embeddings + Logistic Regression,MHxPC130064562,0,0,0.001516
distilbert_logistic,DistilBERT Embeddings + Logistic Regression,MHxPC130151046,0,0,0.008195
distilbert_logistic,DistilBERT Embeddings + Logistic Regression,MHxPC130152126,0,0,0.008195
distilbert_logistic,DistilBERT Embeddings + Logistic Regression,MHxPC130048308,0,0,0.006344
distilbert_logistic,DistilBERT Embeddings + Logistic Regression,MHxPC130270076,0,0,0.021635
distilbert_logistic,DistilBERT Embeddings + Logistic Regression,MHxPC130291973,0,0,0.002715
distilbert_logistic,DistilBERT Embeddings + Logistic Regression,MHxPC130288187,1,1,0.947028
distilbert_logistic,DistilBERT Embeddings + Logistic Regression,MHxPC130303398,0,0,0.008195
distilbert_logistic,DistilBERT Embeddings + Logistic Regression,MHxPC130300124,0,0,0.023554
distilbert_logistic,DistilBERT Embeddings + Logistic Regression,MHxPC130576260,0,0,0.587141
distilbert_logistic,DistilBERT Embeddings + Logistic Regression,MHxPC130511908,0,0,0.03177
distilbert_logistic,DistilBERT Embeddings + Logistic Regression,MHxPC130565675,0,0,0.035046
distilbert_logistic,DistilBERT Embeddings + Logistic Regression,MHxPC130054155,0,0,0.006344
distilbert_logistic,DistilBERT Embeddings + Logistic Regression,MHxPC130543612,0,0,0.276723
distilbert_logistic,DistilBERT Embeddings + Logistic Regression,MHxPC130454657,0,0,0.002099
distilbert_logistic,DistilBERT Embeddings + Logistic Regression,MHxPC130299649,0,0,0.000789
distilbert_logistic,DistilBERT Embeddings + Logistic Regression,MHxPC130154103,0,0,0.008195
distilbert_logistic,DistilBERT Embeddings + Logistic Regression,MHxPC130381986,0,1,0.934432
distilbert_logistic,DistilBERT Embeddings + Logistic Regression,MHxPC130233512,0,0,0.309048
distilbert_logistic,DistilBERT Embeddings + Logistic Regression,MHxPC130554880,0,0,0.000568
distilbert_logistic,DistilBERT Embeddings + Logistic Regression,MHxPC130588167,0,0,0.012617
distilbert_logistic,DistilBERT Embeddings + Logistic Regression,MHxPC130584193,0,1,0.960945
distilbert_logistic,DistilBERT Embeddings + Logistic Regression,MHxPC130031280,0,0,0.048902
distilbert_logistic,DistilBERT Embeddings + Logistic Regression,MHxPC130592269,0,0,0.001516
distilbert_logistic,DistilBERT Embeddings + Logistic Regression,MHxPC130522771,0,0,0.013115
distilbert_logistic,DistilBERT Embeddings + Logistic Regression,MHxPC130319157,0,0,0.266339
distilbert_logistic,DistilBERT Embeddings + Logistic Regression,MHxPC130083240,0,0,0.006344
distilbert_logistic,DistilBERT Embeddings + Logistic Regression,MHxPC130596570,0,0,0.035972
distilbert_logistic,DistilBERT Embeddings + Logistic Regression,MHxPC130247680,0,0,0.884968
distilbert_logistic,DistilBERT Embeddings + Logistic Regression,MHxPC130356876,0,0,0.008195
distilbert_logistic,DistilBERT Embeddings + Logistic Regression,MHxPC130463392,0,0,0.003616
distilbert_logistic,DistilBERT Embeddings + Logistic Regression,MHxPC130379133,0,0,0.001391
distilbert_logistic,DistilBERT Embeddings + Logistic Regression,MHxPC130447998,0,0,0.024233
distilbert_logistic,DistilBERT Embeddings + Logistic Regression,MHxPC130176987,0,0,0.000986
distilbert_logistic,DistilBERT Embeddings + Logistic Regression,MHxPC130240067,0,0,0.004375
distilbert_logistic,DistilBERT Embeddings + Logistic Regression,MHxPC130311074,0,0,0.000862
distilbert_logistic,DistilBERT Embeddings + Logistic Regression,MHxPC130541755,0,0,0.464115
distilbert_logistic,DistilBERT Embeddings + Logistic Regression,MHxPC130528376,0,0,0.231362
distilbert_logistic,DistilBERT Embeddings + Logistic Regression,MHxPC130576956,0,0,0.001691
distilbert_logistic,DistilBERT Embeddings + Logistic Regression,MHxPC130291309,0,0,0.012254
distilbert_logistic,DistilBERT Embeddings + Logistic Regression,MHxPC130197242,0,0,0.005043
distilbert_logistic,DistilBERT Embeddings + Logistic Regression,MHxPC130186822,0,0,0.002715
distilbert_logistic,DistilBERT Embeddings + Logistic Regression,MHxPC130186415,0,0,0.011887
distilbert_logistic,DistilBERT Embeddings + Logistic Regression,MHxPC130446468,0,0,0.00222
distilbert_logistic,DistilBERT Embeddings + Logistic Regression,MHxPC130540174,0,0,0.041482
distilbert_logistic,DistilBERT Embeddings + Logistic Regression,MHxPC130226535,1,1,0.931967
distilbert_logistic,DistilBERT Embeddings + Logistic Regression,MHxPC130046957,0,0,0.001435
distilbert_logistic,DistilBERT Embeddings + Logistic Regression,MHxPC130480091,0,0,0.002959
distilbert_logistic,DistilBERT Embeddings + Logistic Regression,MHxPC130251958,0,0,0.008195
distilbert_logistic,DistilBERT Embeddings + Logistic Regression,MHxPC130224835,0,0,0.001964
distilbert_logistic,DistilBERT Embeddings + Logistic Regression,MHxPC130097572,0,0,0.000986
distilbert_logistic,DistilBERT Embeddings + Logistic Regression,MHxPC130006666,0,0,0.013042
distilbert_logistic,DistilBERT Embeddings + Logistic Regression,MHxPC130463290,0,0,0.005043
distilbert_logistic,DistilBERT Embeddings + Logistic Regression,MHxPC130595172,0,0,0.001323
distilbert_logistic,DistilBERT Embeddings + Logistic Regression,MHxPC130203772,0,0,0.581651
distilbert_logistic,DistilBERT Embeddings + Logistic Regression,MHxPC130386880,0,0,0.00222
distilbert_logistic,DistilBERT Embeddings + Logistic Regression,MHxPC130178281,0,0,0.002715
distilbert_logistic,DistilBERT Embeddings + Logistic Regression,MHxPC130205116,0,0,0.003214
distilbert_logistic,DistilBERT Embeddings + Logistic Regression,MHxPC130569640,1,1,0.940294
distilbert_logistic,DistilBERT Embeddings + Logistic Regression,MHxPC130290906,0,0,0.019479
distilbert_logistic,DistilBERT Embeddings + Logistic Regression,MHxPC130243406,0,0,0.051071
distilbert_logistic,DistilBERT Embeddings + Logistic Regression,MHxPC130122015,0,0,0.006344
distilbert_logistic,DistilBERT Embeddings + Logistic Regression,MHxPC130410488,0,0,0.001324
distilbert_logistic,DistilBERT Embeddings + Logistic Regression,MHxPC130456297,0,0,0.006453
distilbert_logistic,DistilBERT Embeddings + Logistic Regression,MHxPC130456664,0,0,0.014856
distilbert_logistic,DistilBERT Embeddings + Logistic Regression,MHxPC130175307,0,0,0.909741
distilbert_logistic,DistilBERT Embeddings + Logistic Regression,MHxPC130142274,0,0,0.083519
distilbert_logistic,DistilBERT Embeddings + Logistic Regression,MHxPC130252055,0,0,0.002761
distilbert_logistic,DistilBERT Embeddings + Logistic Regression,MHxPC130556112,0,0,0.000234
distilbert_logistic,DistilBERT Embeddings + Logistic Regression,MHxPC130541308,0,0,0.008195
distilbert_logistic,DistilBERT Embeddings + Logistic Regression,MHxPC130454279,0,0,0.010514
distilbert_logistic,DistilBERT Embeddings + Logistic Regression,MHxPC130013911,0,0,0.00222
distilbert_logistic,DistilBERT Embeddings + Logistic Regression,MHxPC130400646,0,0,0.002182
distilbert_logistic,DistilBERT Embeddings + Logistic Regression,MHxPC130430380,0,0,0.001269
distilbert_logistic,DistilBERT Embeddings + Logistic Regression,MHxPC130197763,0,0,0.023492
distilbert_logistic,DistilBERT Embeddings + Logistic Regression,MHxPC130062610,0,0,0.004
distilbert_logistic,DistilBERT Embeddings + Logistic Regression,MHxPC130279875,0,0,0.002715
distilbert_logistic,DistilBERT Embeddings + Logistic Regression,MHxPC130218391,0,0,0.008195
distilbert_logistic,DistilBERT Embeddings + Logistic Regression,MHxPC130517976,0,0,0.375278
distilbert_logistic,DistilBERT Embeddings + Logistic Regression,MHxPC130438439,0,0,0.004431
distilbert_logistic,DistilBERT Embeddings + Logistic Regression,MHxPC130228715,0,0,0.015638
distilbert_logistic,DistilBERT Embeddings + Logistic Regression,MHxPC130586262,0,0,0.000862
distilbert_logistic,DistilBERT Embeddings + Logistic Regression,MHxPC130355009,0,0,0.006763
distilbert_logistic,DistilBERT Embeddings + Logistic Regression,MHxPC130313702,0,0,0.008195
distilbert_logistic,DistilBERT Embeddings + Logistic Regression,MHxPC130168163,0,0,0.002761
distilbert_logistic,DistilBERT Embeddings + Logistic Regression,MHxPC130594438,0,0,0.003831
distilbert_logistic,DistilBERT Embeddings + Logistic Regression,MHxPC130065676,0,0,0.003604
distilbert_logistic,DistilBERT Embeddings + Logistic Regression,MHxPC130431854,0,0,0.002076
distilbert_logistic,DistilBERT Embeddings + Logistic Regression,MHxPC130175528,0,0,0.00222
distilbert_logistic,DistilBERT Embeddings + Logistic Regression,MHxPC130439984,0,0,0.008195
distilbert_logistic,DistilBERT Embeddings + Logistic Regression,MHxPC130217578,0,0,0.001516
distilbert_logistic,DistilBERT Embeddings + Logistic Regression,MHxPC130292228,0,0,0.00222
distilbert_logistic,DistilBERT Embeddings + Logistic Regression,MHxPC130404404,0,0,0.008195
distilbert_logistic,DistilBERT Embeddings + Logistic Regression,MHxPC130123726,0,0,0.006344
distilbert_logistic,DistilBERT Embeddings + Logistic Regression,MHxPC130255791,0,0,0.01015
distilbert_logistic,DistilBERT Embeddings + Logistic Regression,MHxPC130068864,0,0,0.002499
distilbert_logistic,DistilBERT Embeddings + Logistic Regression,MHxPC130119395,0,0,0.008195
distilbert_logistic,DistilBERT Embeddings + Logistic Regression,MHxPC130419278,0,0,0.003553
distilbert_logistic,DistilBERT Embeddings + Logistic Regression,MHxPC130233948,0,0,0.001456
distilbert_logistic,DistilBERT Embeddings + Logistic Regression,MHxPC130393579,0,0,0.004073
distilbert_logistic,DistilBERT Embeddings + Logistic Regression,MHxPC130464227,0,0,0.001672
distilbert_logistic,DistilBERT Embeddings + Logistic Regression,MHxPC130258969,0,0,0.008195
distilbert_logistic,DistilBERT Embeddings + Logistic Regression,MHxPC130227221,0,0,0.008195
distilbert_logistic,DistilBERT Embeddings + Logistic Regression,MHxPC130506377,0,0,0.151766
distilbert_logistic,DistilBERT Embeddings + Logistic Regression,MHxPC130448722,0,0,0.002715
distilbert_logistic,DistilBERT Embeddings + Logistic Regression,MHxPC130302807,0,0,0.002715
distilbert_logistic,DistilBERT Embeddings + Logistic Regression,MHxPC130359398,0,0,0.009708
distilbert_logistic,DistilBERT Embeddings + Logistic Regression,MHxPC130551116,0,0,0.008195
distilbert_logistic,DistilBERT Embeddings + Logistic Regression,MHxPC130107670,0,0,0.002761
distilbert_logistic,DistilBERT Embeddings + Logistic Regression,MHxPC130089241,0,0,0.008195
distilbert_logistic,DistilBERT Embeddings + Logistic Regression,MHxPC130196999,0,0,0.01969
distilbert_logistic,DistilBERT Embeddings + Logistic Regression,MHxPC130256168,0,0,0.003214
distilbert_logistic,DistilBERT Embeddings + Logistic Regression,MHxPC130567635,0,0,0.006344
distilbert_logistic,DistilBERT Embeddings + Logistic Regression,MHxPC130210312,0,0,0.008195
distilbert_logistic,DistilBERT Embeddings + Logistic Regression,MHxPC130498994,0,0,0.008195
distilbert_logistic,DistilBERT Embeddings + Logistic Regression,MHxPC130084299,0,0,0.003126
distilbert_logistic,DistilBERT Embeddings + Logistic Regression,MHxPC130071628,0,0,0.006056
distilbert_logistic,DistilBERT Embeddings + Logistic Regression,MHxPC130501748,0,0,0.289291
distilbert_logistic,DistilBERT Embeddings + Logistic Regression,MHxPC130130777,0,0,0.006344
distilbert_logistic,DistilBERT Embeddings + Logistic Regression,MHxPC130045512,0,0,0.002965
distilbert_logistic,DistilBERT Embeddings + Logistic Regression,MHxPC130456938,0,0,0.003223
distilbert_logistic,DistilBERT Embeddings + Logistic Regression,MHxPC130374741,0,0,0.002781
distilbert_logistic,DistilBERT Embeddings + Logistic Regression,MHxPC130562576,0,0,0.006356
distilbert_logistic,DistilBERT Embeddings + Logistic Regression,MHxPC130021492,0,0,0.002715
distilbert_logistic,DistilBERT Embeddings + Logistic Regression,MHxPC130020004,0,0,0.000234
distilbert_logistic,DistilBERT Embeddings + Logistic Regression,MHxPC130237913,0,0,0.008195
distilbert_logistic,DistilBERT Embeddings + Logistic Regression,MHxPC130349561,0,0,0.013527
distilbert_logistic,DistilBERT Embeddings + Logistic Regression,MHxPC130426848,0,0,0.769944
distilbert_logistic,DistilBERT Embeddings + Logistic Regression,MHxPC130392820,0,0,0.007188
distilbert_logistic,DistilBERT Embeddings + Logistic Regression,MHxPC130560262,0,1,0.977482
distilbert_logistic,DistilBERT Embeddings + Logistic Regression,MHxPC130138480,0,0,0.085063
distilbert_logistic,DistilBERT Embeddings + Logistic Regression,MHxPC130375875,0,0,0.006344
distilbert_logistic,DistilBERT Embeddings + Logistic Regression,MHxPC130279823,0,0,0.003206
distilbert_logistic,DistilBERT Embeddings + Logistic Regression,MHxPC130246293,0,0,0.004632
distilbert_logistic,DistilBERT Embeddings + Logistic Regression,MHxPC130359272,0,0,0.010918
distilbert_logistic,DistilBERT Embeddings + Logistic Regression,MHxPC130300988,0,0,0.001161
distilbert_logistic,DistilBERT Embeddings + Logistic Regression,MHxPC130230792,0,0,0.011635
distilbert_logistic,DistilBERT Embeddings + Logistic Regression,MHxPC130264574,0,0,0.006344
distilbert_logistic,DistilBERT Embeddings + Logistic Regression,MHxPC130290282,0,0,0.003214
distilbert_logistic,DistilBERT Embeddings + Logistic Regression,MHxPC130497676,0,0,0.00128
distilbert_logistic,DistilBERT Embeddings + Logistic Regression,MHxPC130040523,0,0,0.002815
distilbert_logistic,DistilBERT Embeddings + Logistic Regression,MHxPC130112696,0,0,0.844706
distilbert_logistic,DistilBERT Embeddings + Logistic Regression,MHxPC130536833,0,0,0.009284
distilbert_logistic,DistilBERT Embeddings + Logistic Regression,MHxPC130525427,0,0,0.012579
distilbert_logistic,DistilBERT Embeddings + Logistic Regression,MHxPC130382695,0,0,0.008195
distilbert_logistic,DistilBERT Embeddings + Logistic Regression,MHxPC130479519,0,0,0.001181
distilbert_logistic,DistilBERT Embeddings + Logistic Regression,MHxPC130564143,0,0,0.006344
distilbert_logistic,DistilBERT Embeddings + Logistic Regression,MHxPC130332759,0,0,0.011841
distilbert_logistic,DistilBERT Embeddings + Logistic Regression,MHxPC130423649,0,0,0.002787
distilbert_logistic,DistilBERT Embeddings + Logistic Regression,MHxPC130489563,0,0,0.006344
distilbert_logistic,DistilBERT Embeddings + Logistic Regression,MHxPC130152260,0,0,0.006344
distilbert_logistic,DistilBERT Embeddings + Logistic Regression,MHxPC130456997,0,0,0.002659
distilbert_logistic,DistilBERT Embeddings + Logistic Regression,MHxPC130235531,0,0,0.002317
distilbert_logistic,DistilBERT Embeddings + Logistic Regression,MHxPC130396543,0,0,0.186693
distilbert_logistic,DistilBERT Embeddings + Logistic Regression,MHxPC130485096,0,0,0.014399
distilbert_logistic,DistilBERT Embeddings + Logistic Regression,MHxPC130249472,1,1,0.943228
distilbert_logistic,DistilBERT Embeddings + Logistic Regression,MHxPC130329417,0,0,0.014907
distilbert_logistic,DistilBERT Embeddings + Logistic Regression,MHxPC130574493,0,0,0.008195
distilbert_logistic,DistilBERT Embeddings + Logistic Regression,MHxPC130167815,1,1,0.957802
distilbert_logistic,DistilBERT Embeddings + Logistic Regression,MHxPC130015501,0,0,0.002715
distilbert_logistic,DistilBERT Embeddings + Logistic Regression,MHxPC130266008,0,0,0.064048
distilbert_logistic,DistilBERT Embeddings + Logistic Regression,MHxPC130332177,0,0,0.006344
distilbert_logistic,DistilBERT Embeddings + Logistic Regression,MHxPC130085560,0,0,0.008195
distilbert_logistic,DistilBERT Embeddings + Logistic Regression,MHxPC130013946,0,0,0.571207
distilbert_logistic,DistilBERT Embeddings + Logistic Regression,MHxPC130037094,0,0,0.006344
distilbert_logistic,DistilBERT Embeddings + Logistic Regression,MHxPC130303617,0,0,0.000349
distilbert_logistic,DistilBERT Embeddings + Logistic Regression,MHxPC130392121,0,0,0.008195
distilbert_logistic,DistilBERT Embeddings + Logistic Regression,MHxPC130004625,0,0,0.006344
distilbert_logistic,DistilBERT Embeddings + Logistic Regression,MHxPC130335023,0,0,0.002715
distilbert_logistic,DistilBERT Embeddings + Logistic Regression,MHxPC130159246,0,0,0.003223
distilbert_logistic,DistilBERT Embeddings + Logistic Regression,MHxPC130074170,1,1,0.944792
distilbert_logistic,DistilBERT Embeddings + Logistic Regression,MHxPC130534684,0,0,0.001571
distilbert_logistic,DistilBERT Embeddings + Logistic Regression,MHxPC130571659,0,0,0.008195
distilbert_logistic,DistilBERT Embeddings + Logistic Regression,MHxPC130177286,0,0,0.013973
distilbert_logistic,DistilBERT Embeddings + Logistic Regression,MHxPC130000968,0,0,0.031532
distilbert_logistic,DistilBERT Embeddings + Logistic Regression,MHxPC130181617,0,0,0.001235
distilbert_logistic,DistilBERT Embeddings + Logistic Regression,MHxPC130501064,0,0,0.010818
distilbert_logistic,DistilBERT Embeddings + Logistic Regression,MHxPC130548960,0,0,0.002715
distilbert_logistic,DistilBERT Embeddings + Logistic Regression,MHxPC130204436,0,0,0.002761
distilbert_logistic,DistilBERT Embeddings + Logistic Regression,MHxPC130225077,0,0,0.006344
distilbert_logistic,DistilBERT Embeddings + Logistic Regression,MHxPC130316696,0,0,0.003206
distilbert_logistic,DistilBERT Embeddings + Logistic Regression,MHxPC130168965,0,0,0.002715
distilbert_logistic,DistilBERT Embeddings + Logistic Regression,MHxPC130590391,0,0,0.027025
distilbert_logistic,DistilBERT Embeddings + Logistic Regression,MHxPC130259791,0,0,0.006344
distilbert_logistic,DistilBERT Embeddings + Logistic Regression,MHxPC130253483,0,0,0.618549
distilbert_logistic,DistilBERT Embeddings + Logistic Regression,MHxPC130081276,0,0,0.059537
distilbert_logistic,DistilBERT Embeddings + Logistic Regression,MHxPC130101320,0,0,0.046634
distilbert_logistic,DistilBERT Embeddings + Logistic Regression,MHxPC130474663,0,0,0.002677
distilbert_logistic,DistilBERT Embeddings + Logistic Regression,MHxPC130570969,0,0,0.002715
distilbert_logistic,DistilBERT Embeddings + Logistic Regression,MHxPC130349871,0,0,0.001672
distilbert_logistic,DistilBERT Embeddings + Logistic Regression,MHxPC130548581,0,0,0.008195
distilbert_logistic,DistilBERT Embeddings + Logistic Regression,MHxPC130463621,0,0,0.006344
distilbert_logistic,DistilBERT Embeddings + Logistic Regression,MHxPC130315893,0,0,0.005043
distilbert_logistic,DistilBERT Embeddings + Logistic Regression,MHxPC130333253,1,0,0.776002
distilbert_logistic,DistilBERT Embeddings + Logistic Regression,MHxPC130502988,0,0,0.020316
distilbert_logistic,DistilBERT Embeddings + Logistic Regression,MHxPC130466127,0,0,0.002715
distilbert_logistic,DistilBERT Embeddings + Logistic Regression,MHxPC130209821,0,0,0.006344
distilbert_logistic,DistilBERT Embeddings + Logistic Regression,MHxPC130105330,0,0,0.00222
distilbert_logistic,DistilBERT Embeddings + Logistic Regression,MHxPC130557414,0,0,0.008145
distilbert_logistic,DistilBERT Embeddings + Logistic Regression,MHxPC130269632,0,0,0.48667
distilbert_logistic,DistilBERT Embeddings + Logistic Regression,MHxPC130233710,0,0,0.002262
distilbert_logistic,DistilBERT Embeddings + Logistic Regression,MHxPC130253445,0,0,0.008685
distilbert_logistic,DistilBERT Embeddings + Logistic Regression,MHxPC130184392,0,0,0.002715
distilbert_logistic,DistilBERT Embeddings + Logistic Regression,MHxPC130200172,0,0,0.003326
distilbert_logistic,DistilBERT Embeddings + Logistic Regression,MHxPC130377502,0,0,0.008195
distilbert_logistic,DistilBERT Embeddings + Logistic Regression,MHxPC130002794,0,0,0.010746
distilbert_logistic,DistilBERT Embeddings + Logistic Regression,MHxPC130554140,0,0,0.006344
distilbert_logistic,DistilBERT Embeddings + Logistic Regression,MHxPC130235282,0,0,0.010555
distilbert_logistic,DistilBERT Embeddings + Logistic Regression,MHxPC130160451,0,0,0.005339
distilbert_logistic,DistilBERT Embeddings + Logistic Regression,MHxPC130233985,0,0,0.005043
distilbert_logistic,DistilBERT Embeddings + Logistic Regression,MHxPC130053716,0,0,0.039627
distilbert_logistic,DistilBERT Embeddings + Logistic Regression,MHxPC130222673,0,0,0.007975
distilbert_logistic,DistilBERT Embeddings + Logistic Regression,MHxPC130172315,0,0,0.002787
distilbert_logistic,DistilBERT Embeddings + Logistic Regression,MHxPC130256767,0,0,0.008195
distilbert_logistic,DistilBERT Embeddings + Logistic Regression,MHxPC130214939,0,0,0.190803
distilbert_logistic,DistilBERT Embeddings + Logistic Regression,MHxPC130506228,0,0,0.001456
distilbert_logistic,DistilBERT Embeddings + Logistic Regression,MHxPC130513733,0,0,0.003952
distilbert_logistic,DistilBERT Embeddings + Logistic Regression,MHxPC130060367,0,0,0.008342
distilbert_logistic,DistilBERT Embeddings + Logistic Regression,MHxPC130213819,0,0,0.012451
distilbert_logistic,DistilBERT Embeddings + Logistic Regression,MHxPC130267570,0,0,0.00071
distilbert_logistic,DistilBERT Embeddings + Logistic Regression,MHxPC130555519,0,0,0.001548
distilbert_logistic,DistilBERT Embeddings + Logistic Regression,MHxPC130372217,0,0,0.003239
distilbert_logistic,DistilBERT Embeddings + Logistic Regression,MHxPC130026099,0,0,0.003383
distilbert_logistic,DistilBERT Embeddings + Logistic Regression,MHxPC130571119,0,0,0.006344
distilbert_logistic,DistilBERT Embeddings + Logistic Regression,MHxPC130193997,0,0,0.051282
distilbert_logistic,DistilBERT Embeddings + Logistic Regression,MHxPC130098444,0,0,0.162885
distilbert_logistic,DistilBERT Embeddings + Logistic Regression,MHxPC130434985,0,0,0.006344
distilbert_logistic,DistilBERT Embeddings + Logistic Regression,MHxPC130487939,0,0,0.005644
distilbert_logistic,DistilBERT Embeddings + Logistic Regression,MHxPC130154580,0,0,0.0098
distilbert_logistic,DistilBERT Embeddings + Logistic Regression,MHxPC130263899,0,0,0.016938
distilbert_logistic,DistilBERT Embeddings + Logistic Regression,MHxPC130060518,0,0,0.008195
distilbert_logistic,DistilBERT Embeddings + Logistic Regression,MHxPC130135208,0,0,0.078254
distilbert_logistic,DistilBERT Embeddings + Logistic Regression,MHxPC130102271,0,0,0.002212
distilbert_logistic,DistilBERT Embeddings + Logistic Regression,MHxPC130088590,0,0,0.006344
distilbert_logistic,DistilBERT Embeddings + Logistic Regression,MHxPC130426210,0,0,0.001556
distilbert_logistic,DistilBERT Embeddings + Logistic Regression,MHxPC130349429,0,0,0.001962
distilbert_logistic,DistilBERT Embeddings + Logistic Regression,MHxPC130335025,0,0,0.007597
distilbert_logistic,DistilBERT Embeddings + Logistic Regression,MHxPC130301688,0,0,0.002715
distilbert_logistic,DistilBERT Embeddings + Logistic Regression,MHxPC130120773,0,0,0.010672
distilbert_logistic,DistilBERT Embeddings + Logistic Regression,MHxPC130156412,0,0,0.000655
distilbert_logistic,DistilBERT Embeddings + Logistic Regression,MHxPC130261329,0,0,0.002715
distilbert_logistic,DistilBERT Embeddings + Logistic Regression,MHxPC130361954,0,0,0.003018
distilbert_logistic,DistilBERT Embeddings + Logistic Regression,MHxPC130450998,0,0,0.002223
distilbert_logistic,DistilBERT Embeddings + Logistic Regression,MHxPC130183842,0,0,0.006344
distilbert_logistic,DistilBERT Embeddings + Logistic Regression,MHxPC130565742,0,0,0.574672
distilbert_logistic,DistilBERT Embeddings + Logistic Regression,MHxPC130483428,0,0,0.002715
distilbert_logistic,DistilBERT Embeddings + Logistic Regression,MHxPC130117435,0,0,0.088503
distilbert_logistic,DistilBERT Embeddings + Logistic Regression,MHxPC130038394,0,0,0.016351
distilbert_logistic,DistilBERT Embeddings + Logistic Regression,MHxPC130431016,0,1,0.925888
distilbert_logistic,DistilBERT Embeddings + Logistic Regression,MHxPC130184011,0,0,0.014334
distilbert_logistic,DistilBERT Embeddings + Logistic Regression,MHxPC130039051,0,0,0.001609
distilbert_logistic,DistilBERT Embeddings + Logistic Regression,MHxPC130493252,0,0,0.008195
distilbert_logistic,DistilBERT Embeddings + Logistic Regression,MHxPC130116726,0,0,0.010136
distilbert_logistic,DistilBERT Embeddings + Logistic Regression,MHxPC130348638,0,0,0.003214
distilbert_logistic,DistilBERT Embeddings + Logistic Regression,MHxPC130131555,0,0,0.008779
distilbert_logistic,DistilBERT Embeddings + Logistic Regression,MHxPC130509019,0,0,0.008195
distilbert_logistic,DistilBERT Embeddings + Logistic Regression,MHxPC130524248,0,0,0.000568
distilbert_logistic,DistilBERT Embeddings + Logistic Regression,MHxPC130125404,0,0,0.010351
distilbert_logistic,DistilBERT Embeddings + Logistic Regression,MHxPC130087874,0,0,0.006344
distilbert_logistic,DistilBERT Embeddings + Logistic Regression,MHxPC130427196,0,0,0.015653
distilbert_logistic,DistilBERT Embeddings + Logistic Regression,MHxPC130266559,0,0,0.012194
distilbert_logistic,DistilBERT Embeddings + Logistic Regression,MHxPC130199722,0,0,0.002715
distilbert_logistic,DistilBERT Embeddings + Logistic Regression,MHxPC130434745,0,0,0.001088
distilbert_logistic,DistilBERT Embeddings + Logistic Regression,MHxPC130394934,0,0,0.00969
distilbert_logistic,DistilBERT Embeddings + Logistic Regression,MHxPC130044133,0,0,0.592082
distilbert_logistic,DistilBERT Embeddings + Logistic Regression,MHxPC130359714,0,0,0.000346
distilbert_logistic,DistilBERT Embeddings + Logistic Regression,MHxPC130560569,0,0,0.023629
distilbert_logistic,DistilBERT Embeddings + Logistic Regression,MHxPC130499847,0,0,0.008195
distilbert_logistic,DistilBERT Embeddings + Logistic Regression,MHxPC130371864,0,0,0.00222
distilbert_logistic,DistilBERT Embeddings + Logistic Regression,MHxPC130020920,0,0,0.014713
distilbert_logistic,DistilBERT Embeddings + Logistic Regression,MHxPC130152633,0,0,0.009796
distilbert_logistic,DistilBERT Embeddings + Logistic Regression,MHxPC130057445,0,0,0.012457
distilbert_logistic,DistilBERT Embeddings + Logistic Regression,MHxPC130272019,0,0,0.006886
distilbert_logistic,DistilBERT Embeddings + Logistic Regression,MHxPC130299163,0,0,0.002715
distilbert_logistic,DistilBERT Embeddings + Logistic Regression,MHxPC130541622,0,0,0.537116
distilbert_logistic,DistilBERT Embeddings + Logistic Regression,MHxPC130310092,0,0,0.002715
distilbert_logistic,DistilBERT Embeddings + Logistic Regression,MHxPC130229272,0,0,0.002761
distilbert_logistic,DistilBERT Embeddings + Logistic Regression,MHxPC130078020,1,0,0.756084
distilbert_logistic,DistilBERT Embeddings + Logistic Regression,MHxPC130403848,0,0,0.003214
distilbert_logistic,DistilBERT Embeddings + Logistic Regression,MHxPC130459467,0,0,0.073743
distilbert_logistic,DistilBERT Embeddings + Logistic Regression,MHxPC130392461,0,0,0.00222
distilbert_logistic,DistilBERT Embeddings + Logistic Regression,MHxPC130132423,0,0,0.041504
distilbert_logistic,DistilBERT Embeddings + Logistic Regression,MHxPC130567945,0,0,0.002672
distilbert_logistic,DistilBERT Embeddings + Logistic Regression,MHxPC130086720,0,0,0.002761
distilbert_logistic,DistilBERT Embeddings + Logistic Regression,MHxPC130084325,0,0,0.002563
distilbert_logistic,DistilBERT Embeddings + Logistic Regression,MHxPC130440171,0,0,0.092401
distilbert_logistic,DistilBERT Embeddings + Logistic Regression,MHxPC130136501,0,0,0.002715
distilbert_logistic,DistilBERT Embeddings + Logistic Regression,MHxPC130469216,0,0,0.041597
distilbert_logistic,DistilBERT Embeddings + Logistic Regression,MHxPC130182893,0,1,0.921094
distilbert_logistic,DistilBERT Embeddings + Logistic Regression,MHxPC130326238,0,0,0.005043
distilbert_logistic,DistilBERT Embeddings + Logistic Regression,MHxPC130035030,0,0,0.00077
distilbert_logistic,DistilBERT Embeddings + Logistic Regression,MHxPC130156516,0,0,0.009413
distilbert_logistic,DistilBERT Embeddings + Logistic Regression,MHxPC130231007,0,0,0.007283
distilbert_logistic,DistilBERT Embeddings + Logistic Regression,MHxPC130119029,0,0,0.002787
distilbert_logistic,DistilBERT Embeddings + Logistic Regression,MHxPC130045168,0,0,0.006105
distilbert_logistic,DistilBERT Embeddings + Logistic Regression,MHxPC130442583,0,0,0.019045
distilbert_logistic,DistilBERT Embeddings + Logistic Regression,MHxPC130388995,0,0,0.000986
distilbert_logistic,DistilBERT Embeddings + Logistic Regression,MHxPC130209242,0,0,0.008195
distilbert_logistic,DistilBERT Embeddings + Logistic Regression,MHxPC130222823,0,1,0.935222
distilbert_logistic,DistilBERT Embeddings + Logistic Regression,MHxPC130233488,0,0,0.000986
distilbert_logistic,DistilBERT Embeddings + Logistic Regression,MHxPC130082003,0,0,0.008195
distilbert_logistic,DistilBERT Embeddings + Logistic Regression,MHxPC130298737,1,1,0.979427
distilbert_logistic,DistilBERT Embeddings + Logistic Regression,MHxPC130395989,0,0,0.008195
distilbert_logistic,DistilBERT Embeddings + Logistic Regression,MHxPC130567710,0,0,0.000544
distilbert_logistic,DistilBERT Embeddings + Logistic Regression,MHxPC130091783,0,0,0.002715
distilbert_logistic,DistilBERT Embeddings + Logistic Regression,MHxPC130314877,0,0,0.001082
distilbert_logistic,DistilBERT Embeddings + Logistic Regression,MHxPC130147508,0,0,0.031992
distilbert_logistic,DistilBERT Embeddings + Logistic Regression,MHxPC130374731,0,0,0.004
distilbert_logistic,DistilBERT Embeddings + Logistic Regression,MHxPC130579602,0,0,0.003214
distilbert_logistic,DistilBERT Embeddings + Logistic Regression,MHxPC130361338,0,0,0.001516
distilbert_logistic,DistilBERT Embeddings + Logistic Regression,MHxPC130440096,0,0,0.002715
distilbert_logistic,DistilBERT Embeddings + Logistic Regression,MHxPC130475341,0,0,0.003206
distilbert_logistic,DistilBERT Embeddings + Logistic Regression,MHxPC130410989,0,0,0.006565
distilbert_logistic,DistilBERT Embeddings + Logistic Regression,MHxPC130156541,0,0,0.000638
distilbert_logistic,DistilBERT Embeddings + Logistic Regression,MHxPC130110306,0,0,0.009178
distilbert_logistic,DistilBERT Embeddings + Logistic Regression,MHxPC130454961,0,0,0.008195
distilbert_logistic,DistilBERT Embeddings + Logistic Regression,MHxPC130000160,0,0,0.00222
distilbert_logistic,DistilBERT Embeddings + Logistic Regression,MHxPC130090389,0,0,0.014713
distilbert_logistic,DistilBERT Embeddings + Logistic Regression,MHxPC130123365,0,0,0.009251
distilbert_logistic,DistilBERT Embeddings + Logistic Regression,MHxPC130171705,0,0,0.001672
distilbert_logistic,DistilBERT Embeddings + Logistic Regression,MHxPC130360405,0,0,0.003516
distilbert_logistic,DistilBERT Embeddings + Logistic Regression,MHxPC130504554,0,0,0.010122
distilbert_logistic,DistilBERT Embeddings + Logistic Regression,MHxPC130402630,0,0,0.008195
distilbert_logistic,DistilBERT Embeddings + Logistic Regression,MHxPC130084775,0,0,0.008307
distilbert_logistic,DistilBERT Embeddings + Logistic Regression,MHxPC130587954,0,0,0.002382
distilbert_logistic,DistilBERT Embeddings + Logistic Regression,MHxPC130168189,0,0,0.006344
distilbert_logistic,DistilBERT Embeddings + Logistic Regression,MHxPC130595533,0,0,0.051863
distilbert_logistic,DistilBERT Embeddings + Logistic Regression,MHxPC130144680,0,0,0.352965
distilbert_logistic,DistilBERT Embeddings + Logistic Regression,MHxPC130408825,0,0,0.048851
distilbert_logistic,DistilBERT Embeddings + Logistic Regression,MHxPC130297912,0,0,0.00783
distilbert_logistic,DistilBERT Embeddings + Logistic Regression,MHxPC130351600,0,0,0.003214
distilbert_logistic,DistilBERT Embeddings + Logistic Regression,MHxPC130180808,0,0,0.020483
distilbert_logistic,DistilBERT Embeddings + Logistic Regression,MHxPC130130289,0,0,0.014311
distilbert_logistic,DistilBERT Embeddings + Logistic Regression,MHxPC130424901,0,0,0.86421
distilbert_logistic,DistilBERT Embeddings + Logistic Regression,MHxPC130140504,0,0,0.005011
distilbert_logistic,DistilBERT Embeddings + Logistic Regression,MHxPC130328127,0,0,0.134094
distilbert_logistic,DistilBERT Embeddings + Logistic Regression,MHxPC130517048,0,0,0.001456
distilbert_logistic,DistilBERT Embeddings + Logistic Regression,MHxPC130471619,0,0,0.006615
distilbert_logistic,DistilBERT Embeddings + Logistic Regression,MHxPC130091756,0,0,0.000346
distilbert_logistic,DistilBERT Embeddings + Logistic Regression,MHxPC130352157,0,0,0.009146
distilbert_logistic,DistilBERT Embeddings + Logistic Regression,MHxPC130148323,0,0,0.004378
distilbert_logistic,DistilBERT Embeddings + Logistic Regression,MHxPC130300970,0,0,0.010341
distilbert_logistic,DistilBERT Embeddings + Logistic Regression,MHxPC130571040,0,0,0.006541
distilbert_logistic,DistilBERT Embeddings + Logistic Regression,MHxPC130315864,0,0,0.030761
distilbert_logistic,DistilBERT Embeddings + Logistic Regression,MHxPC130460571,0,0,0.008195
distilbert_logistic,DistilBERT Embeddings + Logistic Regression,MHxPC130467513,0,0,0.005945
distilbert_logistic,DistilBERT Embeddings + Logistic Regression,MHxPC130159836,0,0,0.008195
distilbert_logistic,DistilBERT Embeddings + Logistic Regression,MHxPC130319725,0,0,0.002761
distilbert_logistic,DistilBERT Embeddings + Logistic Regression,MHxPC130149576,0,0,0.003214
distilbert_logistic,DistilBERT Embeddings + Logistic Regression,MHxPC130499885,0,0,0.008195
distilbert_logistic,DistilBERT Embeddings + Logistic Regression,MHxPC130212966,0,0,0.012993
distilbert_logistic,DistilBERT Embeddings + Logistic Regression,MHxPC130525123,0,0,0.008195
distilbert_logistic,DistilBERT Embeddings + Logistic Regression,MHxPC130339172,0,0,0.010284
distilbert_logistic,DistilBERT Embeddings + Logistic Regression,MHxPC130325557,0,0,0.005002
distilbert_logistic,DistilBERT Embeddings + Logistic Regression,MHxPC130088148,0,0,0.00043
distilbert_logistic,DistilBERT Embeddings + Logistic Regression,MHxPC130453436,0,0,0.084873
distilbert_logistic,DistilBERT Embeddings + Logistic Regression,MHxPC130174686,0,0,0.00222
distilbert_logistic,DistilBERT Embeddings + Logistic Regression,MHxPC130591627,0,0,0.007164
distilbert_logistic,DistilBERT Embeddings + Logistic Regression,MHxPC130545997,0,0,0.002715
distilbert_logistic,DistilBERT Embeddings + Logistic Regression,MHxPC130337746,0,0,0.00222
distilbert_logistic,DistilBERT Embeddings + Logistic Regression,MHxPC130111838,0,0,0.006344
distilbert_logistic,DistilBERT Embeddings + Logistic Regression,MHxPC130085902,0,0,0.001417
distilbert_logistic,DistilBERT Embeddings + Logistic Regression,MHxPC130526336,0,0,0.196382
distilbert_logistic,DistilBERT Embeddings + Logistic Regression,MHxPC130486519,0,0,0.010353
distilbert_logistic,DistilBERT Embeddings + Logistic Regression,MHxPC130285235,0,0,0.013675
distilbert_logistic,DistilBERT Embeddings + Logistic Regression,MHxPC130411664,0,0,0.001269
distilbert_logistic,DistilBERT Embeddings + Logistic Regression,MHxPC130436683,0,0,0.001812
distilbert_logistic,DistilBERT Embeddings + Logistic Regression,MHxPC130380789,0,0,0.008195
distilbert_logistic,DistilBERT Embeddings + Logistic Regression,MHxPC130169370,0,0,0.002715
distilbert_logistic,DistilBERT Embeddings + Logistic Regression,MHxPC130285555,0,0,0.001438
distilbert_logistic,DistilBERT Embeddings + Logistic Regression,MHxPC130001565,0,0,0.004794
distilbert_logistic,DistilBERT Embeddings + Logistic Regression,MHxPC130001892,0,0,0.003616
distilbert_logistic,DistilBERT Embeddings + Logistic Regression,MHxPC130169397,0,0,0.744503
distilbert_logistic,DistilBERT Embeddings + Logistic Regression,MHxPC130155244,0,0,0.008195
distilbert_logistic,DistilBERT Embeddings + Logistic Regression,MHxPC130533719,0,0,0.106855
distilbert_logistic,DistilBERT Embeddings + Logistic Regression,MHxPC130122957,0,0,0.217946
distilbert_logistic,DistilBERT Embeddings + Logistic Regression,MHxPC130296647,0,0,0.021417
distilbert_logistic,DistilBERT Embeddings + Logistic Regression,MHxPC130582162,0,0,0.157523
distilbert_logistic,DistilBERT Embeddings + Logistic Regression,MHxPC130152682,0,0,0.008195
distilbert_logistic,DistilBERT Embeddings + Logistic Regression,MHxPC130139312,0,0,0.098428
distilbert_logistic,DistilBERT Embeddings + Logistic Regression,MHxPC130102506,0,0,0.000544
distilbert_logistic,DistilBERT Embeddings + Logistic Regression,MHxPC130460438,0,0,0.001964
distilbert_logistic,DistilBERT Embeddings + Logistic Regression,MHxPC130195218,0,0,0.002715
distilbert_logistic,DistilBERT Embeddings + Logistic Regression,MHxPC130576263,0,0,0.010765
distilbert_logistic,DistilBERT Embeddings + Logistic Regression,MHxPC130528844,0,0,0.019754
distilbert_logistic,DistilBERT Embeddings + Logistic Regression,MHxPC130589507,0,0,0.008195
distilbert_logistic,DistilBERT Embeddings + Logistic Regression,MHxPC130296936,0,0,0.008195
distilbert_logistic,DistilBERT Embeddings + Logistic Regression,MHxPC130318426,1,1,0.981297
distilbert_logistic,DistilBERT Embeddings + Logistic Regression,MHxPC130039658,0,0,0.004822
distilbert_logistic,DistilBERT Embeddings + Logistic Regression,MHxPC130524942,1,0,0.023114
distilbert_logistic,DistilBERT Embeddings + Logistic Regression,MHxPC130440815,0,0,0.001477
distilbert_logistic,DistilBERT Embeddings + Logistic Regression,MHxPC130497376,0,0,0.003214
distilbert_logistic,DistilBERT Embeddings + Logistic Regression,MHxPC130419112,0,0,0.006629
distilbert_logistic,DistilBERT Embeddings + Logistic Regression,MHxPC130477921,0,0,0.001739
distilbert_logistic,DistilBERT Embeddings + Logistic Regression,MHxPC130399017,0,0,0.009076
distilbert_logistic,DistilBERT Embeddings + Logistic Regression,MHxPC130448050,0,0,0.001733
distilbert_logistic,DistilBERT Embeddings + Logistic Regression,MHxPC130184163,0,0,0.0169
distilbert_logistic,DistilBERT Embeddings + Logistic Regression,MHxPC130009380,0,0,0.006344
distilbert_logistic,DistilBERT Embeddings + Logistic Regression,MHxPC130167655,0,0,0.582352
distilbert_logistic,DistilBERT Embeddings + Logistic Regression,MHxPC130000457,0,0,0.010153
distilbert_logistic,DistilBERT Embeddings + Logistic Regression,MHxPC130162621,0,0,0.002715
distilbert_logistic,DistilBERT Embeddings + Logistic Regression,MHxPC130077465,0,0,0.002761
distilbert_logistic,DistilBERT Embeddings + Logistic Regression,MHxPC130433986,0,0,0.00222
distilbert_logistic,DistilBERT Embeddings + Logistic Regression,MHxPC130511814,0,0,0.002715
distilbert_logistic,DistilBERT Embeddings + Logistic Regression,MHxPC130474416,0,0,0.004378
distilbert_logistic,DistilBERT Embeddings + Logistic Regression,MHxPC130556569,0,0,0.006344
distilbert_logistic,DistilBERT Embeddings + Logistic Regression,MHxPC130504522,0,0,0.012315
distilbert_logistic,DistilBERT Embeddings + Logistic Regression,MHxPC130089907,0,0,0.006405
distilbert_logistic,DistilBERT Embeddings + Logistic Regression,MHxPC130415822,0,0,0.008195
distilbert_logistic,DistilBERT Embeddings + Logistic Regression,MHxPC130382287,1,1,0.911174
distilbert_logistic,DistilBERT Embeddings + Logistic Regression,MHxPC130277929,0,0,0.00222
distilbert_logistic,DistilBERT Embeddings + Logistic Regression,MHxPC130059426,0,0,0.008195
distilbert_logistic,DistilBERT Embeddings + Logistic Regression,MHxPC130078781,0,0,0.002715
distilbert_logistic,DistilBERT Embeddings + Logistic Regression,MHxPC130108075,0,0,0.008195
distilbert_logistic,DistilBERT Embeddings + Logistic Regression,MHxPC130467400,0,0,0.000544
distilbert_logistic,DistilBERT Embeddings + Logistic Regression,MHxPC130236453,0,0,0.826662
distilbert_logistic,DistilBERT Embeddings + Logistic Regression,MHxPC130131621,0,0,0.131147
distilbert_logistic,DistilBERT Embeddings + Logistic Regression,MHxPC130415742,0,0,0.001964
distilbert_logistic,DistilBERT Embeddings + Logistic Regression,MHxPC130283383,0,0,0.010769
distilbert_logistic,DistilBERT Embeddings + Logistic Regression,MHxPC130199684,0,0,0.000989
distilbert_logistic,DistilBERT Embeddings + Logistic Regression,MHxPC130551822,0,0,0.005043
distilbert_logistic,DistilBERT Embeddings + Logistic Regression,MHxPC130231841,0,0,0.002112
distilbert_logistic,DistilBERT Embeddings + Logistic Regression,MHxPC130048410,0,0,0.023024
distilbert_logistic,DistilBERT Embeddings + Logistic Regression,MHxPC130113435,0,0,0.004907
distilbert_logistic,DistilBERT Embeddings + Logistic Regression,MHxPC130067965,0,1,0.928507
distilbert_logistic,DistilBERT Embeddings + Logistic Regression,MHxPC130284597,0,0,0.009351
distilbert_logistic,DistilBERT Embeddings + Logistic Regression,MHxPC130016097,0,0,0.082413
distilbert_logistic,DistilBERT Embeddings + Logistic Regression,MHxPC130454747,0,0,0.008195
distilbert_logistic,DistilBERT Embeddings + Logistic Regression,MHxPC130067230,0,0,0.012346
distilbert_logistic,DistilBERT Embeddings + Logistic Regression,MHxPC130452549,0,0,0.003439
distilbert_logistic,DistilBERT Embeddings + Logistic Regression,MHxPC130167844,0,0,0.006344
distilbert_logistic,DistilBERT Embeddings + Logistic Regression,MHxPC130263528,0,0,0.048935
distilbert_logistic,DistilBERT Embeddings + Logistic Regression,MHxPC130048225,0,0,0.020372
distilbert_logistic,DistilBERT Embeddings + Logistic Regression,MHxPC130405024,0,0,0.007593
distilbert_logistic,DistilBERT Embeddings + Logistic Regression,MHxPC130589259,1,0,0.90798
distilbert_logistic,DistilBERT Embeddings + Logistic Regression,MHxPC130097754,0,0,0.460311
distilbert_logistic,DistilBERT Embeddings + Logistic Regression,MHxPC130473609,0,0,0.003214
distilbert_logistic,DistilBERT Embeddings + Logistic Regression,MHxPC130387006,0,0,0.008195
distilbert_logistic,DistilBERT Embeddings + Logistic Regression,MHxPC130292094,0,0,0.526448
distilbert_logistic,DistilBERT Embeddings + Logistic Regression,MHxPC130111058,0,0,0.023296
distilbert_logistic,DistilBERT Embeddings + Logistic Regression,MHxPC130335524,0,0,0.002715
distilbert_logistic,DistilBERT Embeddings + Logistic Regression,MHxPC130370193,0,0,0.001936
distilbert_logistic,DistilBERT Embeddings + Logistic Regression,MHxPC130321975,0,0,0.002112
distilbert_logistic,DistilBERT Embeddings + Logistic Regression,MHxPC130228368,0,0,0.004049
distilbert_logistic,DistilBERT Embeddings + Logistic Regression,MHxPC130224653,0,0,0.00071
distilbert_logistic,DistilBERT Embeddings + Logistic Regression,MHxPC130548357,0,0,0.009714
distilbert_logistic,DistilBERT Embeddings + Logistic Regression,MHxPC130180813,0,0,0.016795
distilbert_logistic,DistilBERT Embeddings + Logistic Regression,MHxPC130064463,0,0,0.006344
distilbert_logistic,DistilBERT Embeddings + Logistic Regression,MHxPC130198649,0,0,0.008195
distilbert_logistic,DistilBERT Embeddings + Logistic Regression,MHxPC130104911,0,0,0.005882
distilbert_logistic,DistilBERT Embeddings + Logistic Regression,MHxPC130071941,1,0,0.900946
distilbert_logistic,DistilBERT Embeddings + Logistic Regression,MHxPC130071683,0,0,0.055758
distilbert_logistic,DistilBERT Embeddings + Logistic Regression,MHxPC130554942,0,0,0.097808
distilbert_logistic,DistilBERT Embeddings + Logistic Regression,MHxPC130264174,0,0,0.002761
distilbert_logistic,DistilBERT Embeddings + Logistic Regression,MHxPC130120453,0,0,0.005043
distilbert_logistic,DistilBERT Embeddings + Logistic Regression,MHxPC130141442,0,0,0.012422
distilbert_logistic,DistilBERT Embeddings + Logistic Regression,MHxPC130253939,0,0,0.002715
distilbert_logistic,DistilBERT Embeddings + Logistic Regression,MHxPC130073170,0,0,0.004813
distilbert_logistic,DistilBERT Embeddings + Logistic Regression,MHxPC130091932,0,0,0.003616
distilbert_logistic,DistilBERT Embeddings + Logistic Regression,MHxPC130231699,0,0,0.001922
distilbert_logistic,DistilBERT Embeddings + Logistic Regression,MHxPC130503158,0,0,0.026859
distilbert_logistic,DistilBERT Embeddings + Logistic Regression,MHxPC130436119,0,0,0.061581
distilbert_logistic,DistilBERT Embeddings + Logistic Regression,MHxPC130112417,0,0,0.008195
distilbert_logistic,DistilBERT Embeddings + Logistic Regression,MHxPC130227752,1,1,0.977292
distilbert_logistic,DistilBERT Embeddings + Logistic Regression,MHxPC130026382,0,0,0.895968
distilbert_logistic,DistilBERT Embeddings + Logistic Regression,MHxPC130428704,0,0,0.011226
distilbert_logistic,DistilBERT Embeddings + Logistic Regression,MHxPC130476570,0,0,0.027791
distilbert_logistic,DistilBERT Embeddings + Logistic Regression,MHxPC130428315,0,0,0.00068
distilbert_logistic,DistilBERT Embeddings + Logistic Regression,MHxPC130491824,0,0,0.002715
distilbert_logistic,DistilBERT Embeddings + Logistic Regression,MHxPC130307733,0,0,0.000544
distilbert_logistic,DistilBERT Embeddings + Logistic Regression,MHxPC130285620,0,0,0.008195
distilbert_logistic,DistilBERT Embeddings + Logistic Regression,MHxPC130149485,0,0,0.002728
distilbert_logistic,DistilBERT Embeddings + Logistic Regression,MHxPC130025426,0,0,0.007293
distilbert_logistic,DistilBERT Embeddings + Logistic Regression,MHxPC130229327,0,0,0.011848
distilbert_logistic,DistilBERT Embeddings + Logistic Regression,MHxPC130338131,0,0,0.779805
distilbert_logistic,DistilBERT Embeddings + Logistic Regression,MHxPC130298904,1,1,0.927099
distilbert_logistic,DistilBERT Embeddings + Logistic Regression,MHxPC130355725,0,0,0.009772
distilbert_logistic,DistilBERT Embeddings + Logistic Regression,MHxPC130244175,0,0,0.178207
distilbert_logistic,DistilBERT Embeddings + Logistic Regression,MHxPC130347551,0,0,0.001812
distilbert_logistic,DistilBERT Embeddings + Logistic Regression,MHxPC130528109,0,0,0.903358
distilbert_logistic,DistilBERT Embeddings + Logistic Regression,MHxPC130058355,0,0,0.008195
distilbert_logistic,DistilBERT Embeddings + Logistic Regression,MHxPC130067252,0,0,0.00884
distilbert_logistic,DistilBERT Embeddings + Logistic Regression,MHxPC130309055,0,0,0.00222
distilbert_logistic,DistilBERT Embeddings + Logistic Regression,MHxPC130241827,0,0,0.008342
distilbert_logistic,DistilBERT Embeddings + Logistic Regression,MHxPC130264902,0,0,0.011812
distilbert_logistic,DistilBERT Embeddings + Logistic Regression,MHxPC130261355,0,0,0.030472
distilbert_logistic,DistilBERT Embeddings + Logistic Regression,MHxPC130347354,0,0,0.003214
distilbert_logistic,DistilBERT Embeddings + Logistic Regression,MHxPC130017954,1,1,0.986723
distilbert_logistic,DistilBERT Embeddings + Logistic Regression,MHxPC130549592,0,0,0.00222
distilbert_logistic,DistilBERT Embeddings + Logistic Regression,MHxPC130537543,0,0,0.024498
distilbert_logistic,DistilBERT Embeddings + Logistic Regression,MHxPC130309252,0,0,0.001964
distilbert_logistic,DistilBERT Embeddings + Logistic Regression,MHxPC130456637,0,0,0.008195
distilbert_logistic,DistilBERT Embeddings + Logistic Regression,MHxPC130108672,0,0,0.023553
distilbert_logistic,DistilBERT Embeddings + Logistic Regression,MHxPC130423759,0,0,0.000678
distilbert_logistic,DistilBERT Embeddings + Logistic Regression,MHxPC130138486,0,0,0.002621
distilbert_logistic,DistilBERT Embeddings + Logistic Regression,MHxPC130091807,1,1,0.977438
distilbert_logistic,DistilBERT Embeddings + Logistic Regression,MHxPC130377976,0,0,0.002715
distilbert_logistic,DistilBERT Embeddings + Logistic Regression,MHxPC130449808,0,0,0.008121
distilbert_logistic,DistilBERT Embeddings + Logistic Regression,MHxPC130504772,0,0,0.000544
distilbert_logistic,DistilBERT Embeddings + Logistic Regression,MHxPC130313988,0,0,0.008195
distilbert_logistic,DistilBERT Embeddings + Logistic Regression,MHxPC130444647,0,0,0.008708
distilbert_logistic,DistilBERT Embeddings + Logistic Regression,MHxPC130538474,0,0,0.000568
distilbert_logistic,DistilBERT Embeddings + Logistic Regression,MHxPC130097500,0,0,0.00222
distilbert_logistic,DistilBERT Embeddings + Logistic Regression,MHxPC130168553,0,0,0.008195
distilbert_logistic,DistilBERT Embeddings + Logistic Regression,MHxPC130252278,0,0,0.008195
distilbert_logistic,DistilBERT Embeddings + Logistic Regression,MHxPC130127500,0,0,0.006344
distilbert_logistic,DistilBERT Embeddings + Logistic Regression,MHxPC130375716,0,0,0.002761
distilbert_logistic,DistilBERT Embeddings + Logistic Regression,MHxPC130597425,0,0,0.006344
distilbert_logistic,DistilBERT Embeddings + Logistic Regression,MHxPC130012704,0,0,0.008195
distilbert_logistic,DistilBERT Embeddings + Logistic Regression,MHxPC130582173,0,0,0.100459
distilbert_logistic,DistilBERT Embeddings + Logistic Regression,MHxPC130430850,0,0,0.7897
distilbert_logistic,DistilBERT Embeddings + Logistic Regression,MHxPC130191538,0,0,0.002715
distilbert_logistic,DistilBERT Embeddings + Logistic Regression,MHxPC130329207,0,0,0.044658
distilbert_logistic,DistilBERT Embeddings + Logistic Regression,MHxPC130434264,0,0,0.006344
distilbert_logistic,DistilBERT Embeddings + Logistic Regression,MHxPC130081483,0,0,0.002715
distilbert_logistic,DistilBERT Embeddings + Logistic Regression,MHxPC130398826,0,0,0.003214
distilbert_logistic,DistilBERT Embeddings + Logistic Regression,MHxPC130012062,0,0,0.008195
distilbert_logistic,DistilBERT Embeddings + Logistic Regression,MHxPC130338999,0,0,0.003381
distilbert_logistic,DistilBERT Embeddings + Logistic Regression,MHxPC130329146,0,0,0.001516
distilbert_logistic,DistilBERT Embeddings + Logistic Regression,MHxPC130271534,0,0,0.006344
distilbert_logistic,DistilBERT Embeddings + Logistic Regression,MHxPC130352909,0,0,0.006344
distilbert_logistic,DistilBERT Embeddings + Logistic Regression,MHxPC130558021,0,0,0.004892
distilbert_logistic,DistilBERT Embeddings + Logistic Regression,MHxPC130292715,0,0,0.027224
distilbert_logistic,DistilBERT Embeddings + Logistic Regression,MHxPC130143785,1,1,0.93318
distilbert_logistic,DistilBERT Embeddings + Logistic Regression,MHxPC130376677,0,0,0.002626
distilbert_logistic,DistilBERT Embeddings + Logistic Regression,MHxPC130101129,0,0,0.008195
distilbert_logistic,DistilBERT Embeddings + Logistic Regression,MHxPC130453853,0,0,0.740902
distilbert_logistic,DistilBERT Embeddings + Logistic Regression,MHxPC130028946,0,0,0.033441
distilbert_logistic,DistilBERT Embeddings + Logistic Regression,MHxPC130554727,0,0,0.010869
distilbert_logistic,DistilBERT Embeddings + Logistic Regression,MHxPC130176507,0,0,0.008388
distilbert_logistic,DistilBERT Embeddings + Logistic Regression,MHxPC130176527,0,0,0.137637
distilbert_logistic,DistilBERT Embeddings + Logistic Regression,MHxPC130553369,1,1,0.972846
distilbert_logistic,DistilBERT Embeddings + Logistic Regression,MHxPC130253951,0,0,0.677218
distilbert_logistic,DistilBERT Embeddings + Logistic Regression,MHxPC130135320,0,0,0.006366
distilbert_logistic,DistilBERT Embeddings + Logistic Regression,MHxPC130026240,0,0,0.076702
distilbert_logistic,DistilBERT Embeddings + Logistic Regression,MHxPC130374056,0,0,0.462676
distilbert_logistic,DistilBERT Embeddings + Logistic Regression,MHxPC130331722,0,0,0.008195
distilbert_logistic,DistilBERT Embeddings + Logistic Regression,MHxPC130367672,0,0,0.001516
distilbert_logistic,DistilBERT Embeddings + Logistic Regression,MHxPC130392239,0,0,0.005971
distilbert_logistic,DistilBERT Embeddings + Logistic Regression,MHxPC130483787,0,0,0.008195
distilbert_logistic,DistilBERT Embeddings + Logistic Regression,MHxPC130189756,0,0,0.002295
distilbert_logistic,DistilBERT Embeddings + Logistic Regression,MHxPC130489979,0,0,0.008195
distilbert_logistic,DistilBERT Embeddings + Logistic Regression,MHxPC130574651,0,0,0.006344
distilbert_logistic,DistilBERT Embeddings + Logistic Regression,MHxPC130055963,0,0,0.004573
distilbert_logistic,DistilBERT Embeddings + Logistic Regression,MHxPC130515217,0,0,0.008195
distilbert_logistic,DistilBERT Embeddings + Logistic Regression,MHxPC130420347,0,0,0.008195
distilbert_logistic,DistilBERT Embeddings + Logistic Regression,MHxPC130010583,0,0,0.006168
distilbert_logistic,DistilBERT Embeddings + Logistic Regression,MHxPC130146083,0,0,0.008186
distilbert_logistic,DistilBERT Embeddings + Logistic Regression,MHxPC130355883,0,0,0.01136
distilbert_logistic,DistilBERT Embeddings + Logistic Regression,MHxPC130593341,0,1,0.939889
distilbert_logistic,DistilBERT Embeddings + Logistic Regression,MHxPC130317240,0,0,0.027064
distilbert_logistic,DistilBERT Embeddings + Logistic Regression,MHxPC130434430,0,0,0.011491
distilbert_logistic,DistilBERT Embeddings + Logistic Regression,MHxPC130472439,0,0,0.002715
distilbert_logistic,DistilBERT Embeddings + Logistic Regression,MHxPC130238703,0,0,0.00222
distilbert_logistic,DistilBERT Embeddings + Logistic Regression,MHxPC130091580,0,0,0.021752
distilbert_logistic,DistilBERT Embeddings + Logistic Regression,MHxPC130447502,0,0,0.008195
distilbert_logistic,DistilBERT Embeddings + Logistic Regression,MHxPC130590165,0,0,0.00222
distilbert_logistic,DistilBERT Embeddings + Logistic Regression,MHxPC130217413,0,0,0.004822
distilbert_logistic,DistilBERT Embeddings + Logistic Regression,MHxPC130337220,0,0,0.364766
distilbert_logistic,DistilBERT Embeddings + Logistic Regression,MHxPC130262895,0,0,0.002099
distilbert_logistic,DistilBERT Embeddings + Logistic Regression,MHxPC130358124,0,0,0.00222
distilbert_logistic,DistilBERT Embeddings + Logistic Regression,MHxPC130387128,0,0,0.008195
distilbert_logistic,DistilBERT Embeddings + Logistic Regression,MHxPC130368129,0,0,0.008195
distilbert_logistic,DistilBERT Embeddings + Logistic Regression,MHxPC130281991,0,0,0.008195
distilbert_logistic,DistilBERT Embeddings + Logistic Regression,MHxPC130177216,0,0,0.001456
distilbert_logistic,DistilBERT Embeddings + Logistic Regression,MHxPC130508311,0,0,0.014835
distilbert_logistic,DistilBERT Embeddings + Logistic Regression,MHxPC130210216,1,1,0.914785
distilbert_logistic,DistilBERT Embeddings + Logistic Regression,MHxPC130570019,0,0,0.002353
distilbert_logistic,DistilBERT Embeddings + Logistic Regression,MHxPC130381974,0,0,0.000563
distilbert_logistic,DistilBERT Embeddings + Logistic Regression,MHxPC130569284,0,0,0.008195
distilbert_logistic,DistilBERT Embeddings + Logistic Regression,MHxPC130505831,0,0,0.008195
distilbert_logistic,DistilBERT Embeddings + Logistic Regression,MHxPC130523383,0,0,0.054818
distilbert_logistic,DistilBERT Embeddings + Logistic Regression,MHxPC130481250,1,1,0.963151
distilbert_logistic,DistilBERT Embeddings + Logistic Regression,MHxPC130309811,0,0,0.047215
distilbert_logistic,DistilBERT Embeddings + Logistic Regression,MHxPC130462083,0,0,0.003616
distilbert_logistic,DistilBERT Embeddings + Logistic Regression,MHxPC130287237,0,0,0.001269
distilbert_logistic,DistilBERT Embeddings + Logistic Regression,MHxPC130204683,0,0,0.003338
distilbert_logistic,DistilBERT Embeddings + Logistic Regression,MHxPC130467599,0,0,0.0007
distilbert_logistic,DistilBERT Embeddings + Logistic Regression,MHxPC130158389,0,0,0.057406
distilbert_logistic,DistilBERT Embeddings + Logistic Regression,MHxPC130446424,0,0,0.001554
distilbert_logistic,DistilBERT Embeddings + Logistic Regression,MHxPC130120210,0,0,0.021412
distilbert_logistic,DistilBERT Embeddings + Logistic Regression,MHxPC130047375,0,0,0.008195
distilbert_logistic,DistilBERT Embeddings + Logistic Regression,MHxPC130548304,0,0,0.004954
distilbert_logistic,DistilBERT Embeddings + Logistic Regression,MHxPC130192248,0,0,0.002715
distilbert_logistic,DistilBERT Embeddings + Logistic Regression,MHxPC130030247,0,0,0.011708
distilbert_logistic,DistilBERT Embeddings + Logistic Regression,MHxPC130151288,0,0,0.006344
distilbert_logistic,DistilBERT Embeddings + Logistic Regression,MHxPC130099039,0,0,0.008195
distilbert_logistic,DistilBERT Embeddings + Logistic Regression,MHxPC130363060,0,0,0.002761
distilbert_logistic,DistilBERT Embeddings + Logistic Regression,MHxPC130481147,0,0,0.008195
distilbert_logistic,DistilBERT Embeddings + Logistic Regression,MHxPC130340906,0,0,0.008195
distilbert_logistic,DistilBERT Embeddings + Logistic Regression,MHxPC130035619,0,0,0.006713
distilbert_logistic,DistilBERT Embeddings + Logistic Regression,MHxPC130128929,0,0,0.00071
distilbert_logistic,DistilBERT Embeddings + Logistic Regression,MHxPC130587252,0,0,0.671636
distilbert_logistic,DistilBERT Embeddings + Logistic Regression,MHxPC130463376,0,0,0.004375
distilbert_logistic,DistilBERT Embeddings + Logistic Regression,MHxPC130349286,0,0,0.002761
distilbert_logistic,DistilBERT Embeddings + Logistic Regression,MHxPC130587025,0,0,0.289049
distilbert_logistic,DistilBERT Embeddings + Logistic Regression,MHxPC130564419,0,0,0.006105
distilbert_logistic,DistilBERT Embeddings + Logistic Regression,MHxPC130405743,0,0,0.002664
distilbert_logistic,DistilBERT Embeddings + Logistic Regression,MHxPC130590304,0,0,0.001077
distilbert_logistic,DistilBERT Embeddings + Logistic Regression,MHxPC130499870,0,0,0.00669
distilbert_logistic,DistilBERT Embeddings + Logistic Regression,MHxPC130354966,0,0,0.006344
distilbert_logistic,DistilBERT Embeddings + Logistic Regression,MHxPC130589996,0,0,0.003013
distilbert_logistic,DistilBERT Embeddings + Logistic Regression,MHxPC130314952,0,0,0.001516
distilbert_logistic,DistilBERT Embeddings + Logistic Regression,MHxPC130513483,0,0,0.001021
distilbert_logistic,DistilBERT Embeddings + Logistic Regression,MHxPC130576029,0,1,0.915139
distilbert_logistic,DistilBERT Embeddings + Logistic Regression,MHxPC130597503,0,0,0.010818
distilbert_logistic,DistilBERT Embeddings + Logistic Regression,MHxPC130225032,0,0,0.008195
distilbert_logistic,DistilBERT Embeddings + Logistic Regression,MHxPC130143105,0,0,0.210861
distilbert_logistic,DistilBERT Embeddings + Logistic Regression,MHxPC130593261,0,0,0.011314
distilbert_logistic,DistilBERT Embeddings + Logistic Regression,MHxPC130254299,0,0,0.017153
distilbert_logistic,DistilBERT Embeddings + Logistic Regression,MHxPC130531852,0,0,0.104526
distilbert_logistic,DistilBERT Embeddings + Logistic Regression,MHxPC130438273,0,0,0.002715
distilbert_logistic,DistilBERT Embeddings + Logistic Regression,MHxPC130232493,0,0,0.008195
distilbert_logistic,DistilBERT Embeddings + Logistic Regression,MHxPC130547369,0,0,0.006344
distilbert_logistic,DistilBERT Embeddings + Logistic Regression,MHxPC130317559,0,0,0.008195
distilbert_logistic,DistilBERT Embeddings + Logistic Regression,MHxPC130023849,0,0,0.002715
distilbert_logistic,DistilBERT Embeddings + Logistic Regression,MHxPC130174433,0,0,0.006344
distilbert_logistic,DistilBERT Embeddings + Logistic Regression,MHxPC130128869,0,0,0.006344
distilbert_logistic,DistilBERT Embeddings + Logistic Regression,MHxPC130416486,0,0,0.007316
distilbert_logistic,DistilBERT Embeddings + Logistic Regression,MHxPC130292591,0,0,0.016032
distilbert_logistic,DistilBERT Embeddings + Logistic Regression,MHxPC130094816,0,0,0.006005
distilbert_logistic,DistilBERT Embeddings + Logistic Regression,MHxPC130114802,1,1,0.994859
distilbert_logistic,DistilBERT Embeddings + Logistic Regression,MHxPC130295804,0,0,0.143683
distilbert_logistic,DistilBERT Embeddings + Logistic Regression,MHxPC130406337,0,0,0.000864
distilbert_logistic,DistilBERT Embeddings + Logistic Regression,MHxPC130371218,0,0,0.268073
distilbert_logistic,DistilBERT Embeddings + Logistic Regression,MHxPC130570973,0,0,0.00071
distilbert_logistic,DistilBERT Embeddings + Logistic Regression,MHxPC130138971,0,0,0.006344
distilbert_logistic,DistilBERT Embeddings + Logistic Regression,MHxPC130222445,0,0,0.001456
distilbert_logistic,DistilBERT Embeddings + Logistic Regression,MHxPC130311820,0,0,0.481062
distilbert_logistic,DistilBERT Embeddings + Logistic Regression,MHxPC130507719,0,0,0.008195
distilbert_logistic,DistilBERT Embeddings + Logistic Regression,MHxPC130391804,0,0,0.017182
distilbert_logistic,DistilBERT Embeddings + Logistic Regression,MHxPC130311349,0,0,0.027947
distilbert_logistic,DistilBERT Embeddings + Logistic Regression,MHxPC130317495,0,0,0.008195
distilbert_logistic,DistilBERT Embeddings + Logistic Regression,MHxPC130575673,0,0,0.012833
distilbert_logistic,DistilBERT Embeddings + Logistic Regression,MHxPC130003409,0,0,0.008195
distilbert_logistic,DistilBERT Embeddings + Logistic Regression,MHxPC130565293,0,0,0.00293
distilbert_logistic,DistilBERT Embeddings + Logistic Regression,MHxPC130551195,0,0,0.003285
distilbert_logistic,DistilBERT Embeddings + Logistic Regression,MHxPC130260648,0,0,0.01903
distilbert_logistic,DistilBERT Embeddings + Logistic Regression,MHxPC130443551,0,0,0.008195
distilbert_logistic,DistilBERT Embeddings + Logistic Regression,MHxPC130140327,0,0,0.002715
distilbert_logistic,DistilBERT Embeddings + Logistic Regression,MHxPC130583696,0,0,0.001417
distilbert_logistic,DistilBERT Embeddings + Logistic Regression,MHxPC130340584,0,0,0.006344
distilbert_logistic,DistilBERT Embeddings + Logistic Regression,MHxPC130232864,0,0,0.001516
distilbert_logistic,DistilBERT Embeddings + Logistic Regression,MHxPC130157254,0,0,0.001858
distilbert_logistic,DistilBERT Embeddings + Logistic Regression,MHxPC130031054,0,0,0.008195
distilbert_logistic,DistilBERT Embeddings + Logistic Regression,MHxPC130486176,0,0,0.005043
distilbert_logistic,DistilBERT Embeddings + Logistic Regression,MHxPC130281896,0,0,0.00984
distilbert_logistic,DistilBERT Embeddings + Logistic Regression,MHxPC130028725,0,0,0.002557
distilbert_logistic,DistilBERT Embeddings + Logistic Regression,MHxPC130017212,0,0,0.002275
distilbert_logistic,DistilBERT Embeddings + Logistic Regression,MHxPC130254228,0,0,0.006344
distilbert_logistic,DistilBERT Embeddings + Logistic Regression,MHxPC130244405,0,0,0.006344
distilbert_logistic,DistilBERT Embeddings + Logistic Regression,MHxPC130252485,0,0,0.484619
distilbert_logistic,DistilBERT Embeddings + Logistic Regression,MHxPC130512893,0,0,0.008195
distilbert_logistic,DistilBERT Embeddings + Logistic Regression,MHxPC130031702,0,0,0.012272
distilbert_logistic,DistilBERT Embeddings + Logistic Regression,MHxPC130357897,0,0,0.003068
distilbert_logistic,DistilBERT Embeddings + Logistic Regression,MHxPC130493912,0,0,0.004947
distilbert_logistic,DistilBERT Embeddings + Logistic Regression,MHxPC130340765,0,0,0.005858
distilbert_logistic,DistilBERT Embeddings + Logistic Regression,MHxPC130133510,0,0,0.013558
distilbert_logistic,DistilBERT Embeddings + Logistic Regression,MHxPC130367413,1,1,0.979655
distilbert_logistic,DistilBERT Embeddings + Logistic Regression,MHxPC130284770,0,0,0.001516
distilbert_logistic,DistilBERT Embeddings + Logistic Regression,MHxPC130103580,0,0,0.001691
distilbert_logistic,DistilBERT Embeddings + Logistic Regression,MHxPC130374462,0,0,0.0045
distilbert_logistic,DistilBERT Embeddings + Logistic Regression,MHxPC130126220,1,1,0.970917
distilbert_logistic,DistilBERT Embeddings + Logistic Regression,MHxPC130008594,0,0,0.0385
distilbert_logistic,DistilBERT Embeddings + Logistic Regression,MHxPC130096044,0,0,0.002715
distilbert_logistic,DistilBERT Embeddings + Logistic Regression,MHxPC130560324,0,0,0.006344
distilbert_logistic,DistilBERT Embeddings + Logistic Regression,MHxPC130356963,0,0,0.002715
distilbert_logistic,DistilBERT Embeddings + Logistic Regression,MHxPC130410305,0,0,0.008195
distilbert_logistic,DistilBERT Embeddings + Logistic Regression,MHxPC130541184,0,0,0.43161
distilbert_logistic,DistilBERT Embeddings + Logistic Regression,MHxPC130405176,0,0,0.047227
distilbert_logistic,DistilBERT Embeddings + Logistic Regression,MHxPC130194893,0,0,0.00026
distilbert_logistic,DistilBERT Embeddings + Logistic Regression,MHxPC130295536,0,0,0.185272
distilbert_logistic,DistilBERT Embeddings + Logistic Regression,MHxPC130216570,0,0,0.039683
distilbert_logistic,DistilBERT Embeddings + Logistic Regression,MHxPC130250173,0,0,0.033091
distilbert_logistic,DistilBERT Embeddings + Logistic Regression,MHxPC130597462,0,0,0.228672
distilbert_logistic,DistilBERT Embeddings + Logistic Regression,MHxPC130021341,0,0,0.001672
distilbert_logistic,DistilBERT Embeddings + Logistic Regression,MHxPC130175841,0,0,0.00222
distilbert_logistic,DistilBERT Embeddings + Logistic Regression,MHxPC130308536,0,0,0.027137
distilbert_logistic,DistilBERT Embeddings + Logistic Regression,MHxPC130202287,1,1,0.970921
distilbert_logistic,DistilBERT Embeddings + Logistic Regression,MHxPC130078178,0,0,0.061754
distilbert_logistic,DistilBERT Embeddings + Logistic Regression,MHxPC130441917,0,0,0.022336
distilbert_logistic,DistilBERT Embeddings + Logistic Regression,MHxPC130402524,0,0,0.008195
distilbert_logistic,DistilBERT Embeddings + Logistic Regression,MHxPC130512785,0,0,0.008195
distilbert_logistic,DistilBERT Embeddings + Logistic Regression,MHxPC130548242,0,0,0.013452
distilbert_logistic,DistilBERT Embeddings + Logistic Regression,MHxPC130381097,0,1,0.940048
distilbert_logistic,DistilBERT Embeddings + Logistic Regression,MHxPC130527208,0,0,0.003259
distilbert_logistic,DistilBERT Embeddings + Logistic Regression,MHxPC130249225,0,0,0.284732
distilbert_logistic,DistilBERT Embeddings + Logistic Regression,MHxPC130227648,0,0,0.00706
distilbert_logistic,DistilBERT Embeddings + Logistic Regression,MHxPC130429912,0,0,0.008195
distilbert_logistic,DistilBERT Embeddings + Logistic Regression,MHxPC130049023,0,0,0.002715
distilbert_logistic,DistilBERT Embeddings + Logistic Regression,MHxPC130041924,0,0,0.134189
distilbert_logistic,DistilBERT Embeddings + Logistic Regression,MHxPC130198013,0,0,0.021527
distilbert_logistic,DistilBERT Embeddings + Logistic Regression,MHxPC130351669,0,0,0.116646
distilbert_logistic,DistilBERT Embeddings + Logistic Regression,MHxPC130082373,0,0,0.0037
distilbert_logistic,DistilBERT Embeddings + Logistic Regression,MHxPC130169152,0,0,0.008195
distilbert_logistic,DistilBERT Embeddings + Logistic Regression,MHxPC130172153,0,0,0.004
distilbert_logistic,DistilBERT Embeddings + Logistic Regression,MHxPC130534514,0,0,0.002715
distilbert_logistic,DistilBERT Embeddings + Logistic Regression,MHxPC130200256,0,0,0.003559
distilbert_logistic,DistilBERT Embeddings + Logistic Regression,MHxPC130401443,0,0,0.008195
distilbert_logistic,DistilBERT Embeddings + Logistic Regression,MHxPC130417248,0,0,0.002715
distilbert_logistic,DistilBERT Embeddings + Logistic Regression,MHxPC130200090,0,0,0.02858
distilbert_logistic,DistilBERT Embeddings + Logistic Regression,MHxPC130310426,1,1,0.9484
distilbert_logistic,DistilBERT Embeddings + Logistic Regression,MHxPC130480802,0,0,0.001516
distilbert_logistic,DistilBERT Embeddings + Logistic Regression,MHxPC130019525,0,0,0.013688
distilbert_logistic,DistilBERT Embeddings + Logistic Regression,MHxPC130572182,0,0,0.008195
distilbert_logistic,DistilBERT Embeddings + Logistic Regression,MHxPC130269170,0,0,0.158034
distilbert_logistic,DistilBERT Embeddings + Logistic Regression,MHxPC130460164,0,0,0.008421
distilbert_logistic,DistilBERT Embeddings + Logistic Regression,MHxPC130100309,0,0,0.005589
distilbert_logistic,DistilBERT Embeddings + Logistic Regression,MHxPC130033285,0,0,0.00222
distilbert_logistic,DistilBERT Embeddings + Logistic Regression,MHxPC130216792,1,1,0.969011
distilbert_logistic,DistilBERT Embeddings + Logistic Regression,MHxPC130486664,0,0,0.008195
distilbert_logistic,DistilBERT Embeddings + Logistic Regression,MHxPC130099677,0,0,0.011562
distilbert_logistic,DistilBERT Embeddings + Logistic Regression,MHxPC130037177,0,0,0.006344
distilbert_logistic,DistilBERT Embeddings + Logistic Regression,MHxPC130354542,0,0,0.025756
distilbert_logistic,DistilBERT Embeddings + Logistic Regression,MHxPC130584040,0,0,0.003567
distilbert_logistic,DistilBERT Embeddings + Logistic Regression,MHxPC130022349,0,0,0.007379
distilbert_logistic,DistilBERT Embeddings + Logistic Regression,MHxPC130162950,0,0,0.013928
distilbert_logistic,DistilBERT Embeddings + Logistic Regression,MHxPC130268079,0,0,0.005784
distilbert_logistic,DistilBERT Embeddings + Logistic Regression,MHxPC130138538,0,0,0.172219
distilbert_logistic,DistilBERT Embeddings + Logistic Regression,MHxPC130230493,0,0,0.003808
distilbert_logistic,DistilBERT Embeddings + Logistic Regression,MHxPC130010159,0,0,0.001516
distilbert_logistic,DistilBERT Embeddings + Logistic Regression,MHxPC130444907,0,0,0.003018
distilbert_logistic,DistilBERT Embeddings + Logistic Regression,MHxPC130394734,0,0,0.003559
distilbert_logistic,DistilBERT Embeddings + Logistic Regression,MHxPC130554810,0,0,0.001456
distilbert_logistic,DistilBERT Embeddings + Logistic Regression,MHxPC130327199,0,0,0.008195
distilbert_logistic,DistilBERT Embeddings + Logistic Regression,MHxPC130430181,0,0,0.004204
distilbert_logistic,DistilBERT Embeddings + Logistic Regression,MHxPC130543861,0,0,0.438856
distilbert_logistic,DistilBERT Embeddings + Logistic Regression,MHxPC130187508,0,0,0.008195
distilbert_logistic,DistilBERT Embeddings + Logistic Regression,MHxPC130174993,0,0,0.043993
distilbert_logistic,DistilBERT Embeddings + Logistic Regression,MHxPC130375351,0,0,0.003223
distilbert_logistic,DistilBERT Embeddings + Logistic Regression,MHxPC130298871,0,0,0.018372
distilbert_logistic,DistilBERT Embeddings + Logistic Regression,MHxPC130261404,0,0,0.001672
distilbert_logistic,DistilBERT Embeddings + Logistic Regression,MHxPC130043832,0,0,0.001135
distilbert_logistic,DistilBERT Embeddings + Logistic Regression,MHxPC130062616,0,0,0.012808
distilbert_logistic,DistilBERT Embeddings + Logistic Regression,MHxPC130146917,0,0,0.001493
distilbert_logistic,DistilBERT Embeddings + Logistic Regression,MHxPC130137483,0,0,0.085305
distilbert_logistic,DistilBERT Embeddings + Logistic Regression,MHxPC130539176,0,0,0.011229
distilbert_logistic,DistilBERT Embeddings + Logistic Regression,MHxPC130034106,0,0,0.006179
distilbert_logistic,DistilBERT Embeddings + Logistic Regression,MHxPC130387629,0,0,0.089579
distilbert_logistic,DistilBERT Embeddings + Logistic Regression,MHxPC130357412,0,0,0.003268
distilbert_logistic,DistilBERT Embeddings + Logistic Regression,MHxPC130286306,0,0,0.000346
distilbert_logistic,DistilBERT Embeddings + Logistic Regression,MHxPC130352294,0,0,0.388434
distilbert_logistic,DistilBERT Embeddings + Logistic Regression,MHxPC130413575,0,0,0.006344
distilbert_logistic,DistilBERT Embeddings + Logistic Regression,MHxPC130173069,0,0,0.755399
distilbert_logistic,DistilBERT Embeddings + Logistic Regression,MHxPC130010876,0,0,0.006344
distilbert_logistic,DistilBERT Embeddings + Logistic Regression,MHxPC130213227,0,0,0.003439
distilbert_logistic,DistilBERT Embeddings + Logistic Regression,MHxPC130225630,0,0,0.002286
distilbert_logistic,DistilBERT Embeddings + Logistic Regression,MHxPC130304794,0,0,0.013177
distilbert_logistic,DistilBERT Embeddings + Logistic Regression,MHxPC130313161,0,0,0.650173
distilbert_logistic,DistilBERT Embeddings + Logistic Regression,MHxPC130195839,0,0,0.009318
distilbert_logistic,DistilBERT Embeddings + Logistic Regression,MHxPC130020818,0,0,0.008195
distilbert_logistic,DistilBERT Embeddings + Logistic Regression,MHxPC130280254,0,0,0.003214
distilbert_logistic,DistilBERT Embeddings + Logistic Regression,MHxPC130434391,0,0,0.724625
distilbert_logistic,DistilBERT Embeddings + Logistic Regression,MHxPC130297737,0,0,0.012978
distilbert_logistic,DistilBERT Embeddings + Logistic Regression,MHxPC130328075,0,0,0.00071
distilbert_logistic,DistilBERT Embeddings + Logistic Regression,MHxPC130429951,0,0,0.002924
distilbert_logistic,DistilBERT Embeddings + Logistic Regression,MHxPC130363388,0,0,0.01829
distilbert_logistic,DistilBERT Embeddings + Logistic Regression,MHxPC130066571,0,0,0.00887
distilbert_logistic,DistilBERT Embeddings + Logistic Regression,MHxPC130423534,0,0,0.001088
distilbert_logistic,DistilBERT Embeddings + Logistic Regression,MHxPC130503589,0,0,0.008195
distilbert_logistic,DistilBERT Embeddings + Logistic Regression,MHxPC130496837,0,0,0.080823
distilbert_logistic,DistilBERT Embeddings + Logistic Regression,MHxPC130070755,0,0,0.003481
distilbert_logistic,DistilBERT Embeddings + Logistic Regression,MHxPC130241855,0,0,0.00222
distilbert_logistic,DistilBERT Embeddings + Logistic Regression,MHxPC130418031,0,0,0.008195
distilbert_logistic,DistilBERT Embeddings + Logistic Regression,MHxPC130176370,0,0,0.005043
distilbert_logistic,DistilBERT Embeddings + Logistic Regression,MHxPC130523015,0,0,0.875486
distilbert_logistic,DistilBERT Embeddings + Logistic Regression,MHxPC130108689,0,0,0.045487
distilbert_logistic,DistilBERT Embeddings + Logistic Regression,MHxPC130490550,0,0,0.012128
distilbert_logistic,DistilBERT Embeddings + Logistic Regression,MHxPC130097300,0,0,0.006344
distilbert_logistic,DistilBERT Embeddings + Logistic Regression,MHxPC130256206,0,0,0.005814
distilbert_logistic,DistilBERT Embeddings + Logistic Regression,MHxPC130484101,0,0,0.000544
distilbert_logistic,DistilBERT Embeddings + Logistic Regression,MHxPC130543121,0,0,0.012867
distilbert_logistic,DistilBERT Embeddings + Logistic Regression,MHxPC130474761,0,0,0.005225
distilbert_logistic,DistilBERT Embeddings + Logistic Regression,MHxPC130317070,0,0,0.008195
distilbert_logistic,DistilBERT Embeddings + Logistic Regression,MHxPC130489050,0,0,0.002715
distilbert_logistic,DistilBERT Embeddings + Logistic Regression,MHxPC130366531,0,0,0.008195
distilbert_logistic,DistilBERT Embeddings + Logistic Regression,MHxPC130269455,0,0,0.296493
distilbert_logistic,DistilBERT Embeddings + Logistic Regression,MHxPC130407412,0,0,0.292788
distilbert_logistic,DistilBERT Embeddings + Logistic Regression,MHxPC130193167,0,0,0.002414
distilbert_logistic,DistilBERT Embeddings + Logistic Regression,MHxPC130149518,0,0,0.0028
distilbert_logistic,DistilBERT Embeddings + Logistic Regression,MHxPC130103316,0,0,0.005043
distilbert_logistic,DistilBERT Embeddings + Logistic Regression,MHxPC130512259,0,0,0.006292
distilbert_logistic,DistilBERT Embeddings + Logistic Regression,MHxPC130236860,0,0,0.005086
distilbert_logistic,DistilBERT Embeddings + Logistic Regression,MHxPC130091339,0,0,0.002761
distilbert_logistic,DistilBERT Embeddings + Logistic Regression,MHxPC130286265,0,0,0.013638
distilbert_logistic,DistilBERT Embeddings + Logistic Regression,MHxPC130578947,0,0,0.004051
distilbert_logistic,DistilBERT Embeddings + Logistic Regression,MHxPC130288369,0,0,0.001418
distilbert_logistic,DistilBERT Embeddings + Logistic Regression,MHxPC130552344,0,0,0.003559
distilbert_logistic,DistilBERT Embeddings + Logistic Regression,MHxPC130537036,0,0,0.006024
distilbert_logistic,DistilBERT Embeddings + Logistic Regression,MHxPC130312885,0,0,0.001964
distilbert_logistic,DistilBERT Embeddings + Logistic Regression,MHxPC130287374,0,0,0.094969
distilbert_logistic,DistilBERT Embeddings + Logistic Regression,MHxPC130565059,0,0,0.006681
distilbert_logistic,DistilBERT Embeddings + Logistic Regression,MHxPC130464331,0,0,0.002499
distilbert_logistic,DistilBERT Embeddings + Logistic Regression,MHxPC130258041,0,0,0.015809
distilbert_logistic,DistilBERT Embeddings + Logistic Regression,MHxPC130456982,0,0,0.000619
distilbert_logistic,DistilBERT Embeddings + Logistic Regression,MHxPC130025829,0,0,0.020869
distilbert_logistic,DistilBERT Embeddings + Logistic Regression,MHxPC130021223,1,1,0.972073
distilbert_logistic,DistilBERT Embeddings + Logistic Regression,MHxPC130593231,0,1,0.931383
distilbert_logistic,DistilBERT Embeddings + Logistic Regression,MHxPC130492947,0,0,0.000862
distilbert_logistic,DistilBERT Embeddings + Logistic Regression,MHxPC130577505,0,0,0.011491
distilbert_logistic,DistilBERT Embeddings + Logistic Regression,MHxPC130118313,0,0,0.00222
distilbert_logistic,DistilBERT Embeddings + Logistic Regression,MHxPC130001686,0,0,0.291263
distilbert_logistic,DistilBERT Embeddings + Logistic Regression,MHxPC130536504,0,0,0.002587
distilbert_logistic,DistilBERT Embeddings + Logistic Regression,MHxPC130012634,0,0,0.006344
distilbert_logistic,DistilBERT Embeddings + Logistic Regression,MHxPC130147553,0,0,0.00342
distilbert_logistic,DistilBERT Embeddings + Logistic Regression,MHxPC130554757,0,0,0.107882
distilbert_logistic,DistilBERT Embeddings + Logistic Regression,MHxPC130452433,0,0,0.020221
distilbert_logistic,DistilBERT Embeddings + Logistic Regression,MHxPC130293585,0,0,0.008195
distilbert_logistic,DistilBERT Embeddings + Logistic Regression,MHxPC130305525,0,0,0.750153
distilbert_logistic,DistilBERT Embeddings + Logistic Regression,MHxPC130060764,0,0,0.00635
distilbert_logistic,DistilBERT Embeddings + Logistic Regression,MHxPC130117995,0,0,0.006137
distilbert_logistic,DistilBERT Embeddings + Logistic Regression,MHxPC130491361,0,0,0.002761
distilbert_logistic,DistilBERT Embeddings + Logistic Regression,MHxPC130303068,0,0,0.002715
distilbert_logistic,DistilBERT Embeddings + Logistic Regression,MHxPC130554825,0,0,0.00634
distilbert_logistic,DistilBERT Embeddings + Logistic Regression,MHxPC130512927,0,0,0.006344
distilbert_logistic,DistilBERT Embeddings + Logistic Regression,MHxPC130289389,0,0,0.005617
distilbert_logistic,DistilBERT Embeddings + Logistic Regression,MHxPC130235568,0,0,0.002715
distilbert_logistic,DistilBERT Embeddings + Logistic Regression,MHxPC130353904,0,0,0.009568
distilbert_logistic,DistilBERT Embeddings + Logistic Regression,MHxPC130497273,0,0,0.022827
distilbert_logistic,DistilBERT Embeddings + Logistic Regression,MHxPC130226209,0,0,0.002715
distilbert_logistic,DistilBERT Embeddings + Logistic Regression,MHxPC130511657,0,0,0.008195
distilbert_logistic,DistilBERT Embeddings + Logistic Regression,MHxPC130512370,0,0,0.003214
distilbert_logistic,DistilBERT Embeddings + Logistic Regression,MHxPC130554246,0,0,0.002715
distilbert_logistic,DistilBERT Embeddings + Logistic Regression,MHxPC130338158,0,0,0.019186
distilbert_logistic,DistilBERT Embeddings + Logistic Regression,MHxPC130088820,0,0,0.001391
distilbert_logistic,DistilBERT Embeddings + Logistic Regression,MHxPC130479728,0,0,0.008195
distilbert_logistic,DistilBERT Embeddings + Logistic Regression,MHxPC130074980,0,0,0.542417
distilbert_logistic,DistilBERT Embeddings + Logistic Regression,MHxPC130147379,0,0,0.008195
distilbert_logistic,DistilBERT Embeddings + Logistic Regression,MHxPC130539444,0,0,0.796444
distilbert_logistic,DistilBERT Embeddings + Logistic Regression,MHxPC130115469,0,0,0.014005
distilbert_logistic,DistilBERT Embeddings + Logistic Regression,MHxPC130189358,0,0,0.002715
distilbert_logistic,DistilBERT Embeddings + Logistic Regression,MHxPC130493722,0,0,0.003439
distilbert_logistic,DistilBERT Embeddings + Logistic Regression,MHxPC130110511,0,0,0.006344
distilbert_logistic,DistilBERT Embeddings + Logistic Regression,MHxPC130060683,0,0,0.002842
distilbert_logistic,DistilBERT Embeddings + Logistic Regression,MHxPC130593657,0,0,0.017413
distilbert_logistic,DistilBERT Embeddings + Logistic Regression,MHxPC130113531,0,0,0.006453
distilbert_logistic,DistilBERT Embeddings + Logistic Regression,MHxPC130449231,0,0,0.000705
distilbert_logistic,DistilBERT Embeddings + Logistic Regression,MHxPC130473175,0,0,0.002853
distilbert_logistic,DistilBERT Embeddings + Logistic Regression,MHxPC130162359,0,0,0.006614
distilbert_logistic,DistilBERT Embeddings + Logistic Regression,MHxPC130548265,0,0,0.008195
distilbert_logistic,DistilBERT Embeddings + Logistic Regression,MHxPC130226350,0,0,0.006344
distilbert_logistic,DistilBERT Embeddings + Logistic Regression,MHxPC130133460,0,0,0.001456
distilbert_logistic,DistilBERT Embeddings + Logistic Regression,MHxPC130584707,0,0,0.010795
distilbert_logistic,DistilBERT Embeddings + Logistic Regression,MHxPC130512338,0,0,0.002576
distilbert_logistic,DistilBERT Embeddings + Logistic Regression,MHxPC130357058,0,0,0.008195
distilbert_logistic,DistilBERT Embeddings + Logistic Regression,MHxPC130089733,0,0,0.003437
distilbert_logistic,DistilBERT Embeddings + Logistic Regression,MHxPC130567024,0,0,0.002715
distilbert_logistic,DistilBERT Embeddings + Logistic Regression,MHxPC130212874,0,0,0.416678
distilbert_logistic,DistilBERT Embeddings + Logistic Regression,MHxPC130184417,0,0,0.025795
distilbert_logistic,DistilBERT Embeddings + Logistic Regression,MHxPC130329063,0,0,0.188828
distilbert_logistic,DistilBERT Embeddings + Logistic Regression,MHxPC130490249,0,0,0.029111
distilbert_logistic,DistilBERT Embeddings + Logistic Regression,MHxPC130354504,0,0,0.006344
distilbert_logistic,DistilBERT Embeddings + Logistic Regression,MHxPC130545216,0,0,0.008195
distilbert_logistic,DistilBERT Embeddings + Logistic Regression,MHxPC130581758,0,0,0.005374
distilbert_logistic,DistilBERT Embeddings + Logistic Regression,MHxPC130020766,0,0,0.006344
distilbert_logistic,DistilBERT Embeddings + Logistic Regression,MHxPC130061700,0,0,0.00148
distilbert_logistic,DistilBERT Embeddings + Logistic Regression,MHxPC130524786,0,0,0.008195
distilbert_logistic,DistilBERT Embeddings + Logistic Regression,MHxPC130007504,1,0,0.73016
distilbert_logistic,DistilBERT Embeddings + Logistic Regression,MHxPC130221040,0,0,0.001464
distilbert_logistic,DistilBERT Embeddings + Logistic Regression,MHxPC130584019,0,0,0.008195
distilbert_logistic,DistilBERT Embeddings + Logistic Regression,MHxPC130411394,0,0,0.003206
distilbert_logistic,DistilBERT Embeddings + Logistic Regression,MHxPC130588776,1,0,0.889692
distilbert_logistic,DistilBERT Embeddings + Logistic Regression,MHxPC130118133,0,0,0.003076
distilbert_logistic,DistilBERT Embeddings + Logistic Regression,MHxPC130334498,0,0,0.005887
distilbert_logistic,DistilBERT Embeddings + Logistic Regression,MHxPC130246574,0,0,0.005043
distilbert_logistic,DistilBERT Embeddings + Logistic Regression,MHxPC130352958,1,1,0.953601
distilbert_logistic,DistilBERT Embeddings + Logistic Regression,MHxPC130464515,0,0,0.000902
distilbert_logistic,DistilBERT Embeddings + Logistic Regression,MHxPC130577076,0,0,0.001672
distilbert_logistic,DistilBERT Embeddings + Logistic Regression,MHxPC130293032,0,0,0.002715
distilbert_logistic,DistilBERT Embeddings + Logistic Regression,MHxPC130117820,0,0,0.010108
distilbert_logistic,DistilBERT Embeddings + Logistic Regression,MHxPC130225911,0,0,0.000889
distilbert_logistic,DistilBERT Embeddings + Logistic Regression,MHxPC130498974,0,0,0.604063
distilbert_logistic,DistilBERT Embeddings + Logistic Regression,MHxPC130165102,0,0,0.008195
distilbert_logistic,DistilBERT Embeddings + Logistic Regression,MHxPC130595042,0,0,0.391871
distilbert_logistic,DistilBERT Embeddings + Logistic Regression,MHxPC130090152,0,0,0.002715
distilbert_logistic,DistilBERT Embeddings + Logistic Regression,MHxPC130158623,0,0,0.061943
distilbert_logistic,DistilBERT Embeddings + Logistic Regression,MHxPC130065837,1,0,0.903848
distilbert_logistic,DistilBERT Embeddings + Logistic Regression,MHxPC130441666,0,0,0.002643
distilbert_logistic,DistilBERT Embeddings + Logistic Regression,MHxPC130054266,0,0,0.004309
distilbert_logistic,DistilBERT Embeddings + Logistic Regression,MHxPC130589538,0,0,0.00222
distilbert_logistic,DistilBERT Embeddings + Logistic Regression,MHxPC130271909,0,0,0.001456
distilbert_logistic,DistilBERT Embeddings + Logistic Regression,MHxPC130107444,0,0,0.017944
distilbert_logistic,DistilBERT Embeddings + Logistic Regression,MHxPC130107320,0,0,0.008195
distilbert_logistic,DistilBERT Embeddings + Logistic Regression,MHxPC130405966,0,0,0.815676
distilbert_logistic,DistilBERT Embeddings + Logistic Regression,MHxPC130388965,0,0,0.336675
distilbert_logistic,DistilBERT Embeddings + Logistic Regression,MHxPC130511776,0,0,0.002715
distilbert_logistic,DistilBERT Embeddings + Logistic Regression,MHxPC130395283,0,0,0.013951
distilbert_logistic,DistilBERT Embeddings + Logistic Regression,MHxPC130578952,0,0,0.00222
distilbert_logistic,DistilBERT Embeddings + Logistic Regression,MHxPC130174290,0,0,0.00222
distilbert_logistic,DistilBERT Embeddings + Logistic Regression,MHxPC130417497,0,1,0.988587
distilbert_logistic,DistilBERT Embeddings + Logistic Regression,MHxPC130323698,0,0,0.762989
distilbert_logistic,DistilBERT Embeddings + Logistic Regression,MHxPC130030800,0,0,0.026758
distilbert_logistic,DistilBERT Embeddings + Logistic Regression,MHxPC130333094,0,0,0.007158
distilbert_logistic,DistilBERT Embeddings + Logistic Regression,MHxPC130034635,0,0,0.551044
distilbert_logistic,DistilBERT Embeddings + Logistic Regression,MHxPC130010052,0,0,0.005583
distilbert_logistic,DistilBERT Embeddings + Logistic Regression,MHxPC130008389,0,0,0.032392
distilbert_logistic,DistilBERT Embeddings + Logistic Regression,MHxPC130091190,0,1,0.941625
distilbert_logistic,DistilBERT Embeddings + Logistic Regression,MHxPC130237451,0,0,0.001516
distilbert_logistic,DistilBERT Embeddings + Logistic Regression,MHxPC130463118,0,0,0.004563
distilbert_logistic,DistilBERT Embeddings + Logistic Regression,MHxPC130440385,0,0,0.002925
distilbert_logistic,DistilBERT Embeddings + Logistic Regression,MHxPC130184968,0,0,0.002728
distilbert_logistic,DistilBERT Embeddings + Logistic Regression,MHxPC130548391,0,0,0.008195
distilbert_logistic,DistilBERT Embeddings + Logistic Regression,MHxPC130324727,0,0,0.008195
distilbert_logistic,DistilBERT Embeddings + Logistic Regression,MHxPC130152159,0,0,0.091423
distilbert_logistic,DistilBERT Embeddings + Logistic Regression,MHxPC130038300,0,0,0.003206
distilbert_logistic,DistilBERT Embeddings + Logistic Regression,MHxPC130029721,0,0,0.008711
distilbert_logistic,DistilBERT Embeddings + Logistic Regression,MHxPC130474503,0,0,0.006272
distilbert_logistic,DistilBERT Embeddings + Logistic Regression,MHxPC130569912,0,0,0.651777
distilbert_logistic,DistilBERT Embeddings + Logistic Regression,MHxPC130254835,0,0,0.010931
distilbert_logistic,DistilBERT Embeddings + Logistic Regression,MHxPC130280202,0,0,0.05069
distilbert_logistic,DistilBERT Embeddings + Logistic Regression,MHxPC130273857,0,0,0.637239
distilbert_logistic,DistilBERT Embeddings + Logistic Regression,MHxPC130119361,0,0,0.008195
distilbert_logistic,DistilBERT Embeddings + Logistic Regression,MHxPC130442177,0,0,0.015691
distilbert_logistic,DistilBERT Embeddings + Logistic Regression,MHxPC130262947,0,0,0.002761
distilbert_logistic,DistilBERT Embeddings + Logistic Regression,MHxPC130553989,0,0,0.004223
distilbert_logistic,DistilBERT Embeddings + Logistic Regression,MHxPC130356410,0,0,0.00369
distilbert_logistic,DistilBERT Embeddings + Logistic Regression,MHxPC130477635,0,0,0.006344
distilbert_logistic,DistilBERT Embeddings + Logistic Regression,MHxPC130283550,0,0,0.011197
distilbert_logistic,DistilBERT Embeddings + Logistic Regression,MHxPC130241406,0,0,0.006344
distilbert_logistic,DistilBERT Embeddings + Logistic Regression,MHxPC130216444,1,1,0.982131
distilbert_logistic,DistilBERT Embeddings + Logistic Regression,MHxPC130511653,0,0,0.090645
distilbert_logistic,DistilBERT Embeddings + Logistic Regression,MHxPC130586759,0,0,0.008195
distilbert_logistic,DistilBERT Embeddings + Logistic Regression,MHxPC130479257,0,0,0.004431
distilbert_logistic,DistilBERT Embeddings + Logistic Regression,MHxPC130589065,0,1,0.993161
distilbert_logistic,DistilBERT Embeddings + Logistic Regression,MHxPC130419594,0,0,0.012228
distilbert_logistic,DistilBERT Embeddings + Logistic Regression,MHxPC130362231,0,0,0.002715
